No,Wavelet transform,period,label,easting,northing,lat,long,Aquifer,Top Soil,Sub Soil,P,PET,TAS,DTR,HUSS,WIND,PSURF,RLDS,RSDS,train,record_start,record_end,record_span,max_gap,day_amount,month_amount,season_amount,year_amount,day_dst,month_dst,season_dst,mean,std,test,record_start,record_end,record_span,max_gap,day_amount,month_amount,season_amount,year_amount,day_dst,month_dst,season_dst,mean,std
2,Annual,1,Willow Tree Farm,420565,199295,51.692029,-1.703877,Oolites,sandy loam,sandy loam,1.822618217,1.405443142,283.1737634,7.673734289,0.006548313,3.765302436,100541.3844,321.3805886,116.7450139,,2004,2014,11,0.082191781,3835,128,43,11,348.6363636,11.63636364,3.909090909,0.753516967,0.314541846,,2015,2019,5,0,1826,60,20,5,365.2,12,4,0.824677974,0.349094542
10,Multiannual,7.1,Tollgate,564245,171712,51.420622,0.360804,Chalk,sandy loam,sandy loam,1.605095363,1.380898458,283.4087298,8.253918987,0.006636811,3.763375276,100933.1081,320.1450853,114.6818553,,1981,2014,34,0.454794521,360,355,133,34,10.58823529,10.44117647,3.911764706,19.83535061,1.350872402,,2015,2019,5,0.528767123,54,54,19,5,10.8,10.8,3.8,19.87946173,1.183524893
16,Annual,1,Grange Farm West Wratting,559541,251790,52.141359,0.329989,Chalk,clay,clay,1.702417744,1.453338526,282.881676,7.940990308,0.006403426,4.72550903,100299.7686,318.5321965,113.8890912,,1999,2014,16,0.17260274,184,183,63,16,11.5,11.4375,3.9375,30.87519775,1.671412853,,2015,2019,5,0.273972603,50,50,20,5,10,10,4,30.72049775,1.346459119
19,Annual,1,Thames Head,398635,198815,51.688083,-2.021137,Oolites,clay,clay,2.196565964,1.408868523,282.9890079,7.367098251,0.006515125,3.829409989,100113.001,320.7570129,118.2691754,,1971,2014,44,1.857534247,528,405,164,43,12.27906977,9.418604651,3.813953488,8.658148548,1.582885436,,2015,2019,5,0.347945205,53,53,20,5,10.6,10.6,4,8.375276908,1.294153846
20,Decadal,42.7,Moss Edge Farm,343971,449275,53.936531,-2.854924,Triassic Sandstone,silty clay loam,sandy clay loam,2.641797761,1.395752803,282.8580256,6.361278949,0.006336199,4.519472753,101263.0686,322.1310868,109.8721872,,1971,2014,44,1.183561644,6963,433,165,43,161.9302326,10.06976744,3.837209302,1.382122794,0.640462681,,2015,2019,5,0.21369863,1742,58,20,5,348.4,11.6,4,1.153395219,0.262547762
25,Annual,0.2,North Plantation,578560,259851,52.207941,0.611861,Lower Greensand,clay,clay,1.708213836,1.460099927,282.7968478,7.966193337,0.006387228,4.834172502,100221.3097,317.9290398,115.2028766,,1999,2014,16,0.326027397,168,166,62,16,10.5,10.375,3.875,41.13337802,0.205504054,,2015,2019,5,0.41369863,39,39,19,5,7.8,7.8,3.8,41.01495312,0.158208661
27,Annual,1,Kemps Drift,448933,465244,54.080785,-1.253548,Triassic Sandstone,sandy loam,sandy clay loam,1.702134669,1.411919269,282.6161845,7.343361654,0.006255619,4.626458817,100971.3692,319.9809089,111.6275827,,1992,2014,23,0.909589041,256,238,87,23,11.13043478,10.34782609,3.782608696,0.280410497,0.251353244,,2015,2019,5,0.57260274,50,45,18,5,10,9,3.6,0.15541831,0.10222035
28,Multiannual,7.1,Hungerdowns Farm,607216,229729,51.927485,1.012393,Chalk,sandy loam,sandy loam,1.577985055,1.500417098,283.3697101,6.800259882,0.006584577,4.899136822,101108.8595,320.0151098,117.3032722,,1974,2013,40,1.4,411,398,147,40,10.275,9.95,3.675,4.641834993,0.602481162,,2015,2019,5,0.191780822,48,48,18,5,9.6,9.6,3.6,4.524000443,0.552073113
30,Annual,1,Jackaments Bottom,396769,197268,51.674166,-2.048116,Oolites,clay,clay,2.230664994,1.457921872,282.8830381,7.367098251,0.006487685,4.590275433,99892.34722,320.2633907,119.396498,,1974,2014,41,0.095890411,8855,492,164,41,215.9756098,12,4,5.287955367,2.775497568,,2015,2019,5,0.052054795,1786,60,20,5,357.2,12,4,6.124304854,2.579950309
39,Annual,1,Mill Road,565789,308887,52.652362,0.44945,Oolites,loam,clay loam,1.688913638,1.474349986,283.1047525,7.57460208,0.006465787,4.927993785,101140.5664,320.0423034,114.5586053,,1999,2014,16,0.238356164,184,182,63,16,11.5,11.375,3.9375,7.624430819,0.313744836,,2015,2019,5,0.249315068,49,49,20,5,9.8,9.8,4,7.743219639,0.16940472
40,Annual,1,Water Acre,425845,177785,51.498413,-1.62907,Chalk,loam,loam,2.172903614,1.383016853,282.7147842,7.947018429,0.006431045,3.711906415,99585.69117,318.7789549,117.7998726,,1976,2014,39,0.205479452,5952,463,156,39,152.6153846,11.87179487,4,11.18691058,5.433272216,,2015,2019,5,0,1826,60,20,5,365.2,12,4,13.11928205,4.712032914
41,Annual,1,Upavon Deep,413670,155000,51.293964,-1.805328,Chalk,loam,clay loam,2.080917907,1.378912702,283.1288194,7.947018429,0.006572275,3.700374921,100314.2546,320.4804,116.9130138,,2002,2014,13,0.6,131,124,47,13,10.07692308,9.538461538,3.615384615,0.921815017,0.569071769,,2015,2019,5,0.18630137,54,51,20,5,10.8,10.2,4,1.014532009,0.558249272
43,Annual,1,Sherburn Quarry 3,448976,432699,53.7883,-1.258096,Magnesian Limestone,loam,loam,1.715309295,1.423464998,282.6571221,7.197851421,0.006274808,4.633708116,101020.3079,320.2256005,112.5243916,,1982,2014,33,0.542465753,380,374,130,33,11.51515152,11.33333333,3.939393939,15.50528125,0.230422981,,2015,2019,5,0.224657534,58,56,20,5,11.6,11.2,4,15.47319504,0.260646149
44,Annual,1,Berwick Bassett,410831,173495,51.460324,-1.845486,Chalk,loam,,2.1674138,1.368839162,282.6687601,7.947018429,0.006431505,3.748711652,99463.05536,318.6890358,117.2055523,,1975,2014,40,0.553424658,5763,456,154,40,144.075,11.4,3.85,11.88752761,4.17250027,,2015,2019,5,0.745205479,1488,52,19,5,297.6,10.4,3.8,12.54594757,4.143276379
47,Multiannual,3.6,Moreton Lodge,353845,323455,52.806649,-2.686111,Permian Sandstone,sandy loam,sandy clay loam,1.898515011,1.428335315,282.657828,7.456531633,0.006376208,4.726412761,99995.14315,320.7650794,115.299557,,1999,2014,16,0.131506849,5651,187,63,16,353.1875,11.6875,3.9375,41.28800841,0.469501832,,2015,2019,5,0.534246575,1575,53,19,5,315,10.6,3.8,41.2316181,0.186709023
56,Annual,1,Marlston Farm,453385,171915,51.443713,-1.233251,Chalk,clay,clay,1.938577194,1.396407407,283.1730277,8.220511404,0.006549736,3.638131028,100541.389,320.4332672,117.2503317,,1973,2014,42,1.032876712,5891,449,158,42,140.2619048,10.69047619,3.761904762,5.443207236,0.882710312,,2015,2019,5,0.002739726,1825,60,20,5,365,12,4,5.627995523,0.491951055
58,Multiannual,7.1,Wested Farm,551843,166864,51.380518,0.180509,Lower Greensand,loam,loam,1.89399508,1.420399696,283.1052407,8.253918987,0.006548959,4.455798583,100310.4456,318.7651863,115.2026161,,1971,2014,44,0.493150685,1286,491,172,44,29.22727273,11.15909091,3.909090909,57.12620935,0.689259415,,2015,2019,5,0.17260274,58,58,20,5,11.6,11.6,4,57.11783374,0.713095382
63,Annual,1,Winchester Guildhall,448505,129295,51.060948,-1.309225,Chalk,loam,,2.256907511,1.43327355,283.5054693,8.220511404,0.006683967,3.531366722,101053.1733,321.1977349,122.1298842,,2000,2014,15,0.21369863,175,162,57,15,11.66666667,10.8,3.8,2.63995283,0.364013249,,2015,2019,5,0.189041096,61,59,20,5,12.2,11.8,4,2.790792174,0.235178205
67,Annual,1,Cundall Sandstone,442090,472497,54.14657,-1.357128,Triassic Sandstone,sandy loam,sandy clay loam,1.731931874,1.41072672,282.6119642,7.343361654,0.00624748,4.595833571,100999.2463,320.031213,111.4884863,,1986,2014,29,0.561643836,8406,331,111,29,289.862069,11.4137931,3.827586207,2.183004202,0.297064865,,2015,2019,5,0.095890411,1753,60,20,5,350.6,12,4,1.998048707,0.21498076
75,Multiannual,7.1,Pipstile Farm Uphampton,383541,264701,52.280196,-2.242666,Triassic Sandstone,loam,loam,1.808998096,1.464712925,283.0481139,7.636595673,0.006499797,4.674115067,100513.8806,321.9962005,116.9087185,,1973,2014,42,1.052054795,610,458,160,42,14.52380952,10.9047619,3.80952381,5.139458582,1.138229102,,2015,2019,5,0.257534247,53,44,20,5,10.6,8.8,4,5.461416207,0.894373895
79,Annual,1.9,Hornsea,518302,448799,53.921812,-0.200043,Chalk,loam,clay loam,1.766513526,1.409101661,282.6063979,6.690779161,0.006344146,5.003186336,100914.8517,319.0676107,114.3907332,,1978,2014,37,0.657534247,412,393,142,37,11.13513514,10.62162162,3.837837838,2.68533343,1.010664634,,2015,2019,5,0.556164384,48,48,19,5,9.6,9.6,3.8,2.10527275,1.056453629
82,Annual,1,Black Hall Farm,427625,287725,52.48674,-1.594605,Unallocated to aquifers,loam,clay loam,1.928205484,1.433411571,282.5955308,7.986667603,0.006325021,4.597716115,99825.81953,319.630489,114.2002282,,2004,2014,11,0.189041096,120,118,43,11,10.90909091,10.72727273,3.909090909,12.37746893,0.824978989,,2015,2019,5,0.243835616,52,47,20,5,10.4,9.4,4,12.58804906,0.530251245
85,Annual,1,West Cowick,464601,421302,53.684177,-1.023343,Triassic Sandstone,loam,clay loam,1.645904681,1.428342082,282.8352244,7.197851421,0.006333835,4.689595481,101333.746,320.8586813,112.067857,,1993,2014,22,0.189041096,249,249,85,22,11.31818182,11.31818182,3.863636364,0.968264831,0.833826859,,2015,2019,5,0.178082192,58,58,20,5,11.6,11.6,4,1.059464111,0.848281329
89,Annual,1,Sproxton,462352,481645,54.22672,-1.045082,Corallian Limestone,clay,clay,2.042540255,1.372932447,282.2210401,7.343361654,0.00616231,3.933907738,100319.166,317.9024018,115.0248412,,1972,2014,43,1.931506849,9975,476,161,42,237.5,11.33333333,3.833333333,26.20335233,1.361817412,,2015,2019,5,0.065753425,1778,60,20,5,355.6,12,4,26.07573855,1.307753394
90,Annual,1,Mayhouse Farm,386475,262865,52.26377,-2.199586,Triassic Sandstone,loam,clay loam,1.818223582,1.477737541,283.2492747,7.636595673,0.006554502,4.665496538,100914.583,322.90434,116.9679982,,1984,2014,31,1.063013699,351,308,117,31,11.32258065,9.935483871,3.774193548,2.12337914,1.056868854,,2015,2019,5,0.17260274,51,43,19,5,10.2,8.6,3.8,2.08068767,0.908225685
94,Annual,1,Fox Hall,332235,325805,52.825485,-3.007123,Triassic Sandstone,sandy loam,sandy clay loam,2.018181817,1.381575583,282.860178,6.864875403,0.006452804,4.042274964,100208.9119,321.7485015,114.40282,,1979,2014,36,1.780821918,369,365,131,35,10.54285714,10.42857143,3.742857143,0.503681435,0.30934304,,2015,2019,5,0.323287671,53,48,19,5,10.6,9.6,3.8,0.633188006,0.297361603
99,Annual,1,Shawbury Park Wood,355825,319105,52.767714,-2.656152,Permian Sandstone,sand,sand,1.768560025,1.384683127,282.921352,7.456531633,0.006450165,3.969629939,100506.0214,321.9800215,114.0165584,,1999,2014,16,0.216438356,5640,188,63,16,352.5,11.75,3.9375,8.241946345,0.201031591,,2015,2019,5,0.260273973,1716,58,20,5,343.2,11.6,4,8.223402424,0.196932559
107,Annual,1,Ogbourne,419454,172560,51.451688,-1.721421,Chalk,loam,,2.174597428,1.38075297,282.7374794,7.947018429,0.006445066,4.473879459,99604.37418,318.8771182,113.2380395,,1975,2014,40,0.189041096,4828,474,160,40,120.7,11.85,4,8.400530769,2.452006667,,2015,2019,5,0.506849315,1627,55,19,5,325.4,11,3.8,8.978419921,2.425513884
111,Annual,1,Elm Place,576126,301843,52.585849,0.598347,Chalk,sand,loamy sand,1.744605317,1.444629927,283.2223444,7.663905529,0.006505199,4.207078906,101269.4966,320.3691268,115.8587352,,1999,2014,16,1.243835616,144,139,59,15,9.6,9.266666667,3.933333333,9.002000946,0.408812266,,2015,2019,5,0.169863014,56,56,20,5,11.2,11.2,4,9.076623961,0.402199271
116,Annual,1,Figheldean Deep,415687,146780,51.22,-1.776759,Chalk,loam,,2.014362615,1.424034381,283.2196501,7.947018429,0.006603266,3.671803328,100463.0575,320.6973682,121.2747054,,2002,2014,13,0.421917808,135,127,48,13,10.38461538,9.769230769,3.692307692,1.030272324,0.294389177,,2015,2019,5,0.167123288,53,50,20,5,10.6,10,4,1.201903352,0.226168734
117,Annual,1,Figheldean Shallow,415674,146792,51.220108,-1.776945,Chalk,loam,,2.014362615,1.424034381,283.2196501,7.947018429,0.006603266,3.671803328,100463.0575,320.6973682,121.2747054,,2002,2014,13,0.421917808,135,127,48,13,10.38461538,9.769230769,3.692307692,1.45767712,0.284057376,,2015,2019,5,0.128767123,54,51,20,5,10.8,10.2,4,1.59004749,0.232314944
118,Annual,1,High Road Ashton Keynes,404780,193710,51.642166,-1.932313,Oolites,loam,loam,2.04098566,1.39638082,283.1067338,7.673734289,0.006546518,3.802554318,100362.3019,321.166928,116.7559572,,2004,2014,11,0.24109589,3599,121,41,11,327.1818182,11,3.727272727,0.878067417,0.146735877,,2015,2019,5,0.054794521,1789,60,20,5,357.8,12,4,0.825236473,0.173091398
128,Annual,1,Crondall,479475,148665,51.231643,-0.863102,Chalk,loam,,2.077084781,1.371905761,283.1489469,8.204714845,0.006559543,3.546903494,100427.2467,319.5035779,116.6942234,,1971,2014,44,0.797260274,490,483,173,44,11.13636364,10.97727273,3.931818182,6.85239893,1.477062557,,2015,2019,5,0.249315068,56,56,20,5,11.2,11.2,4,6.89139893,1.0597557
131,Multiannual,6.1,Higham Mill,572288,171659,51.41776,0.47634,Chalk,sandy loam,sandy loam,1.675882871,1.406589683,283.4331977,8.253918987,0.006651182,3.798752779,100977.2621,320.205376,117.1574867,,1971,2014,44,0.512328767,399,391,173,44,9.068181818,8.886363636,3.931818182,52.59964645,0.253088584,,2015,2019,5,0.117808219,61,60,20,5,12.2,12,4,52.79588664,0.234137963
136,Multiannual,7.1,Alsa Wood Cottage,552259,226414,51.915438,0.212382,Chalk,sand,sand,1.718641235,1.401428256,282.9642699,7.991563422,0.006438308,3.871555756,100328.6101,318.762553,114.7201774,,1982,2014,33,1.068493151,362,360,126,32,11.3125,11.25,3.9375,34.01884694,1.291887286,,2015,2019,5,0.282191781,53,53,19,5,10.6,10.6,3.8,34.49390271,1.138729282
139,Annual,1,Kenninghall Place,607453,285624,52.42921,1.049995,Chalk,loam,clay loam,1.704617382,1.485919062,283.0498861,7.251334176,0.006482856,5.087388086,100921.7467,318.9897105,116.9533543,,1999,2014,16,0.243835616,182,180,63,16,11.375,11.25,3.9375,7.422413786,0.769611258,,2015,2019,5,0.443835616,36,36,18,5,7.2,7.2,3.6,7.027503834,0.446105295
143,Annual,1,Lullingstone Centre,552677,163876,51.353447,0.191201,Chalk,sandy loam,sandy loam,1.953705505,1.435471289,283.3169798,8.253918987,0.006614807,3.695808452,100730.082,319.7219877,120.8021918,,1993,2014,22,0.547945205,407,230,84,22,18.5,10.45454545,3.818181818,1.468970589,0.539479651,,2015,2019,5,0.263013699,57,57,20,5,11.4,11.4,4,1.242750062,0.276614987
146,Annual,1,Dowlands Tangley,433405,153605,51.280609,-1.522434,Chalk,loam,loam,2.377275046,1.469607151,282.5268553,7.947018429,0.006390855,5.145944961,99111.99364,317.3241098,120.1254007,,1987,2014,28,1.071232877,318,306,107,28,11.35714286,10.92857143,3.821428571,77.98762888,0.838428709,,2015,2019,5,0.17260274,59,59,20,5,11.8,11.8,4,78.32633851,0.471269533
151,Annual,1,Clap Gate Cottage,446155,152255,51.267583,-1.339817,Chalk,loam,,2.233166271,1.448084188,282.9510836,8.220511404,0.006506063,4.35742263,100011.8795,319.1176034,120.0696233,,1971,2014,44,0.668493151,474,456,169,44,10.77272727,10.36363636,3.840909091,16.19496456,3.625217177,,2015,2019,5,0.106849315,62,60,20,5,12.4,12,4,16.85045455,2.999041405
153,Annual,1,Perrotts Brook,401936,206076,51.753367,-1.973348,Oolites,loam,,2.313838229,1.428368229,282.7082877,7.673734289,0.006428007,3.82969871,99620.83849,319.5177208,120.9758078,,1982,2014,33,1.035616438,6131,363,125,33,185.7878788,11,3.787878788,2.346631409,1.759843076,,2015,2019,5,0.468493151,1621,55,19,5,324.2,11,3.8,3.151215878,1.928687534
157,Multiannual,7.1,School Lane,557690,167110,51.381135,0.264566,Chalk,sandy clay loam,clay loam,1.78925704,1.416302547,283.1354138,8.253918987,0.006560487,4.480187996,100371.1814,318.8691916,114.560897,,1981,2014,34,0.347945205,384,362,134,34,11.29411765,10.64705882,3.941176471,74.08408859,0.639867514,,2015,2019,5,0.273972603,56,56,20,5,11.2,11.2,4,73.50408487,0.354584722
164,Decadal,10.7,Vauxhall Road,334360,392220,53.422661,-2.989207,Triassic Sandstone,loam,clay loam,2.158383219,1.401491189,282.9778412,6.868870948,0.006425532,4.667024,101068.2031,322.6097277,110.6703108,,2002,2014,13,0.630136986,4016,138,47,13,308.9230769,10.61538462,3.615384615,23.46320183,0.705873263,,2015,2019,5,0.002739726,1825,60,20,5,365,12,4,24.1067128,0.28786725
170,Multiannual,7.1,Campdenhill Farm,414935,236635,52.027922,-1.783724,Triassic Sandstone,loam,,2.227565083,1.438305365,281.992744,7.986667603,0.006197718,5.337268529,98309.42395,316.3996612,115.7576488,,1994,2014,21,0.471232877,240,234,80,21,11.42857143,11.14285714,3.80952381,3.393494333,0.459823243,,2015,2019,5,0.123287671,59,50,20,5,11.8,10,4,3.571095322,0.35193298
183,Annual,1,Ainsdale High School,331455,412895,53.608095,-3.037443,Triassic Sandstone,loamy sand,loamy sand,2.2837069,1.411823623,282.9746857,6.852420073,0.00640996,4.631767736,101012.06,322.6507883,111.0971296,,1999,2014,16,0.64109589,4757,165,59,16,297.3125,10.3125,3.6875,0.999642612,0.279708862,,2015,2019,5,0.268493151,1707,58,20,5,341.4,11.6,4,1.244255671,0.290003422
198,Annual,1,Oxford,454968,202040,51.714399,-1.205771,Corallian Limestone,clay,clay,1.7210497,1.412398726,283.2315946,7.708993464,0.006540828,3.706314668,100750.094,321.2239135,116.618141,,2001,2014,14,0.526027397,4289,150,53,14,306.3571429,10.71428571,3.785714286,2.425050835,0.25758983,,2015,2019,5,0,1826,60,20,5,365.2,12,4,2.442337557,0.126431167
199,Multiannual,7.1,Wooton Lodge,409685,343975,52.993009,-1.857154,Triassic Sandstone,loam,loam,2.439658453,1.411357882,282.2071892,7.555826268,0.006195341,3.85420268,99361.98417,318.3880253,118.4509153,,1972,2014,43,0.326027397,833,494,171,43,19.37209302,11.48837209,3.976744186,2.719175561,1.110808094,,2015,2019,5,0.175342466,57,51,20,5,11.4,10.2,4,3.626326632,0.48253237
201,Annual,1,Spotted Cow,412835,196695,51.66888,-1.815801,Oolites,loam,loam,1.912979719,1.403504608,283.1594871,7.673734289,0.006552659,3.7825033,100491.2054,321.3671559,116.910008,,2002,2014,13,0.205479452,4379,145,49,13,336.8461538,11.15384615,3.769230769,1.603638623,0.360242204,,2015,2019,5,0.068493151,1801,60,20,5,360.2,12,4,1.555398054,0.273890233
208,Multiannual,7.1,Sharstead Farm,577589,163996,51.347292,0.548667,Chalk,loam,clay loam,1.898566057,1.405465379,283.1529889,7.311773177,0.006590674,4.561122501,100272.4445,318.80493,113.8894462,,1983,2014,32,0.515068493,380,350,126,32,11.875,10.9375,3.9375,65.49250856,2.280326212,,2015,2019,5,0.380821918,56,56,19,5,11.2,11.2,3.8,65.02005367,2.408310336
212,Annual,1,Wetwang,495770,459389,54.021611,-0.539688,Chalk,loam,,1.960165203,1.381704463,282.3758022,7.16409579,0.006246794,4.111521161,100454.7982,318.2670795,115.6072691,,1971,2014,44,1.032876712,8950,502,169,44,203.4090909,11.40909091,3.840909091,20.75688246,3.409785847,,2015,2019,5,0.093150685,1724,60,20,5,344.8,12,4,20.68195661,3.719867137
215,Annual,1,Houndean Bottom,539286,110151,50.874079,-0.021704,Chalk,loam,,2.47571581,1.443485199,283.240235,5.977641657,0.006689419,4.261705712,100466.8661,318.7452858,124.0007757,,1977,2014,38,0.265753425,5658,444,152,38,148.8947368,11.68421053,4,29.65287005,6.394053239,,2015,2019,5,0.032876712,1814,60,20,5,362.8,12,4,29.62754078,6.089974528
216,Annual,1,Northend stud,561311,266770,52.275407,0.362962,Chalk,sandy loam,sandy loam,1.525490741,1.451404563,283.3204449,7.940990308,0.0065208,4.023417982,101298.3783,320.725248,116.3185941,,1999,2014,16,0.257534247,182,177,63,16,11.375,11.0625,3.9375,19.4127575,0.319244486,,2015,2019,5,0.265753425,52,52,20,5,10.4,10.4,4,19.50533992,0.291823486
227,Annual,1,Cissbury Ring,513965,108505,50.864826,-0.381931,Chalk,loam,clay loam,2.317058795,1.398968679,283.0959498,5.977641657,0.006619295,4.946432316,100144.5514,318.0994615,115.5203302,,2002,2014,13,1.161643836,127,120,47,13,9.769230769,9.230769231,3.615384615,94.23012249,0.592365507,,2015,2019,5,0.205479452,53,51,20,5,10.6,10.2,4,94.61800542,0.713774208
230,Annual,1,Granham Farm,418175,167485,51.406099,-1.740086,Chalk,loam,clay loam,2.302259965,1.35042014,282.6096721,7.947018429,0.006413097,3.711029959,99324.95069,318.1957177,115.7668981,,1983,2014,32,0.238356164,741,346,125,32,23.15625,10.8125,3.90625,35.88103936,1.452398937,,2015,2019,5,0.169863014,58,58,20,5,11.6,11.6,4,36.34076922,1.128920451
232,Annual,1,East Preston,507065,102705,50.814006,-0.481634,Chalk,loam,clay loam,2.005536218,1.42941892,283.7219767,5.977641657,0.006803307,4.161818726,101398.7249,320.9558199,119.73562,,1980,2014,35,2.575342466,304,291,125,34,8.941176471,8.558823529,3.676470588,1.884982514,0.544306187,,2015,2019,5,0.15890411,59,59,20,5,11.8,11.8,4,1.878453187,0.415892004
233,Annual,1,Wickham Lane,621914,158529,51.282648,1.180793,Oolites,loam,clay loam,1.847844447,1.419358033,283.634441,6.381855311,0.006812317,4.08692385,101151.4336,321.0925337,119.5254414,,1999,2014,16,0.663013699,1971,175,62,16,123.1875,10.9375,3.875,0.539962587,0.176760723,,2015,2019,5,0.652054795,1588,54,19,5,317.6,10.8,3.8,0.661885175,0.171078392
234,Decadal,10.7,Smelting Mill,406085,343255,52.986589,-1.9108,Triassic Sandstone,loam,loam,2.456703325,1.428395677,282.2868867,7.555826268,0.006219718,3.856660341,99509.68725,318.7985634,119.1476438,,1995,2014,20,0.687671233,193,190,74,20,9.65,9.5,3.7,10.89683882,0.273730771,,2015,2019,5,0.161643836,58,51,20,5,11.6,10.2,4,11.25807341,0.215344482
246,Multiannual,3.6,Serlby Park,463335,389875,53.401896,-1.04886,Triassic Sandstone,sand,sand,1.640192119,1.385449973,282.932083,7.109643148,0.006365517,3.919381647,101279.6934,321.2940055,111.5868703,,1992,2014,23,0.257534247,273,269,91,23,11.86956522,11.69565217,3.956521739,5.832855717,0.275598164,,2015,2019,5,0.17260274,58,56,20,5,11.6,11.2,4,5.852066277,0.128167826
248,Annual,1,Kelleythorpe,501050,457019,53.999313,-0.459914,Chalk,loam,clay loam,1.834660539,1.382858687,282.5697037,6.532711498,0.006306074,4.14082188,100689.3225,319.1179563,114.5225951,,1989,2014,26,1.052054795,304,285,98,26,11.69230769,10.96153846,3.769230769,2.540304806,0.609260611,,2015,2019,5,0.128767123,60,60,20,5,12,12,4,2.484885947,0.621702948
253,Annual,1,Clement Street,554105,170672,51.414123,0.214639,Lower Greensand,sand,loamy sand,1.719806022,1.374889472,283.4253268,8.253918987,0.006634363,3.71834,100970.7894,320.3034212,114.027885,,1972,2014,43,1.449315068,444,432,164,42,10.57142857,10.28571429,3.904761905,8.451493206,0.650959103,,2015,2019,5,0.257534247,51,51,20,5,10.2,10.2,4,8.318978633,0.449319191
263,Annual,1,Gobions Wood,524940,203960,51.720449,-0.192679,Chalk,loam,clay loam,1.824655435,1.435251937,283.011265,7.768495066,0.006463667,4.490149185,100315.4095,319.1329572,113.9487722,,1988,2014,27,0.591780822,288,285,102,27,10.66666667,10.55555556,3.777777778,46.59378729,1.237582393,,2015,2019,5,0.260273973,50,50,20,5,10,10,4,47.2210734,1.088533766
275,Multiannual,7.1,Great Revel End Farm,508420,211120,51.788235,-0.429499,Chalk,sandy clay loam,clay loam,1.907424937,1.468679727,282.8496077,7.768495066,0.006411872,4.48301729,100033.6567,318.7106333,117.6425858,,1986,2014,29,0.6,309,304,111,29,10.65517241,10.48275862,3.827586207,29.54542431,1.737437183,,2015,2019,5,0.290410959,54,54,20,5,10.8,10.8,4,30.93645092,0.890753234
278,Annual,1,Bishopstone Deep,547208,101122,50.790978,0.08719,Chalk,loam,loam,2.082166225,1.36043458,283.5089877,5.778736839,0.006804235,4.267807888,100978.8134,319.8920601,116.6409447,,1991,2014,24,0.378082192,273,260,96,24,11.375,10.83333333,4,7.613153527,0.305614562,,2015,2019,5,0.210958904,58,57,20,5,11.6,11.4,4,7.553092266,0.254328813
284,Annual,1,Sandboils Chalk,455860,117070,50.950362,-1.20616,Chalk,loam,clay loam,2.308520116,1.410587728,283.5274972,6.127476916,0.006701723,3.478918063,101014.1324,320.9103421,121.1502577,,1997,2014,18,0.473972603,211,175,70,18,11.72222222,9.722222222,3.888888889,0.222869337,0.338587029,,2015,2019,5,0.257534247,52,52,19,5,10.4,10.4,3.8,0.143593908,0.292865548
295,Annual,1,Kingston Hill Barn,432275,186275,51.574418,-1.535669,Chalk,loam,clay loam,1.95848067,1.381579745,282.5004681,7.673734289,0.00635977,4.468007342,99130.86685,317.8281833,113.0929833,,1973,2014,42,1.164383562,4803,463,156,42,114.3571429,11.02380952,3.714285714,70.09103386,4.621283182,,2015,2019,5,0.019178082,1819,60,20,5,363.8,12,4,70.97361202,3.681446871
299,Multiannual,7.1,Melbourne House,629311,331030,52.827962,1.402414,Crag,sandy loam,sandy loam,1.78758643,1.470817692,283.0097813,7.174165862,0.006545091,5.435821548,101165.4555,319.0311234,119.03349,,1975,2014,40,1.331506849,1406,383,147,40,35.15,9.575,3.675,3.703053596,0.20469944,,2015,2019,5,0.353424658,1384,50,20,5,276.8,10,4,3.649679419,0.163607589
310,Annual,1,Little Wytherford,356005,320305,52.778515,-2.653646,Permian Sandstone,sandy loam,sandy loam,1.782050212,1.38421004,282.9049468,7.456531633,0.006444834,3.968481372,100479.1403,321.9087178,114.0288246,,1976,2010,35,0.575342466,376,362,132,35,10.74285714,10.34285714,3.771428571,3.245784526,0.185793584,,2015,2019,5,0.123287671,60,53,20,5,12,10.6,4,3.149218923,0.208423381
313,Multiannual,7.1,Wribbenhall,379555,275845,52.380246,-2.301773,Unallocated to aquifers,sandy loam,sandy loam,1.884375145,1.423981505,283.2230152,7.636595673,0.006544249,3.929105843,100927.9832,322.9563858,116.6545871,,1990,2014,25,0.865753425,265,252,95,25,10.6,10.08,3.8,4.834284985,0.55891768,,2015,2019,5,0.22739726,53,43,20,5,10.6,8.6,4,4.831379325,0.356228814
315,Annual,1,Ringmer Gote Farm House,544838,111828,50.887786,0.057817,Chalk,loam,loam,2.351816788,1.333683293,283.4957867,5.778736839,0.006768339,3.527036978,100942.9304,319.9634517,116.4368379,,1971,2014,44,1.202739726,442,418,168,44,10.04545455,9.5,3.818181818,0.724165016,0.543008861,,2015,2019,5,0.150684932,60,60,20,5,12,12,4,0.729677837,0.495626427
328,Multiannual,7.1,Rooks Farm,470625,399765,53.489853,-0.937017,Triassic Sandstone,sandy loam,sandy clay loam,1.595391895,1.440212324,282.9284097,7.688458873,0.006365644,4.702049378,101366.8277,321.1963691,112.3422808,,1974,2014,41,0.819178082,743,457,160,41,18.12195122,11.14634146,3.902439024,1.922891193,0.442563732,,2015,2019,5,0.24109589,56,54,20,5,11.2,10.8,4,2.200560392,0.227259348
334,Multiannual,7.1,Frilsham,453765,173045,51.453837,-1.227613,Chalk,clay,clay,1.958810152,1.417309157,283.1731094,8.220511404,0.006548068,3.6430255,100550.2367,320.4703987,119.0232835,,1992,2014,23,0.646575342,5380,250,86,23,233.9130435,10.86956522,3.739130435,1.184985291,0.52788492,,2015,2019,5,0.284931507,1547,58,20,5,309.4,11.6,4,1.272650982,0.266052766
341,Multiannual,7.1,Hensall,460046,422932,53.699368,-1.091986,Triassic Sandstone,loam,loam,1.647301498,1.429708198,282.8275812,7.197851421,0.006328573,4.671483116,101315.4851,320.8898048,112.1631458,,1981,2014,34,0.446575342,356,354,132,34,10.47058824,10.41176471,3.882352941,5.82609687,1.257631781,,2015,2019,5,0.243835616,57,57,20,5,11.4,11.4,4,4.923916701,0.221811285
343,Annual,1,Bradley Wood,443416,173940,51.46277,-1.376432,Chalk,sandy clay loam,clay loam,1.95808622,1.402698036,282.9552236,8.220511404,0.006491305,3.660940898,100105.8317,319.5876361,118.8733605,,1971,2014,44,1.073972603,4390,455,166,44,99.77272727,10.34090909,3.772727273,11.36327233,1.743398408,,2015,2019,5,0.550684932,1480,50,18,5,296,10,3.6,11.65235168,1.169848468
344,Annual,1,Flint Farm,598759,286938,52.444235,0.923082,Chalk,sand,loamy sand,1.72105898,1.455524844,283.2426857,7.966193337,0.006526973,4.279725733,101340.7347,320.0203436,117.4274756,,1999,2014,16,0.17260274,187,182,63,16,11.6875,11.375,3.9375,1.417810069,0.308053326,,2015,2019,5,0.706849315,40,40,18,5,8,8,3.6,1.39387424,0.257208087
352,Multiannual,7.1,Nor Hill,381095,299785,52.595518,-2.280517,Triassic Sandstone,sandy loam,sandy loam,1.85293517,1.378150481,282.9009097,7.724265635,0.006436186,3.917790313,100390.3127,321.6264789,113.0655322,,1973,2014,42,0.871232877,617,440,163,42,14.69047619,10.47619048,3.880952381,15.7045022,0.479626384,,2015,2019,5,0.309589041,47,38,18,5,9.4,7.6,3.6,15.68337044,0.403866554
357,Annual,1,Bishops Sutton,461048,132026,51.084309,-1.129802,Chalk,loam,,2.31859483,1.382612339,283.2259369,8.220511404,0.006599547,3.518471239,100504.2502,319.78325,118.8650375,,1981,2014,34,0.676712329,704,371,130,34,20.70588235,10.91176471,3.823529412,3.597710434,0.639056173,,2015,2019,5,0.02739726,1650,60,20,5,330,12,4,3.826574283,0.428336315
365,Annual,1,Kirkby Wetlands 1,522055,361935,53.140583,-0.176762,Oolites,loamy sand,sandy clay loam,1.638920598,1.459540492,282.9843992,6.992700368,0.006413583,4.858782585,101197.4135,320.5565064,113.954785,,1999,2014,16,0.361643836,212,170,64,16,13.25,10.625,4,0.947089373,0.132594826,,2015,2019,5,0.180821918,56,56,20,5,11.2,11.2,4,0.861058376,0.1483704
366,Annual,1,Kirkby Wetlands 2,522135,361785,53.139217,-0.175624,Oolites,loamy sand,sandy clay loam,1.650452455,1.46258179,282.9727628,6.992700368,0.006411263,4.863395106,101175.2188,320.4858569,114.3536224,,1999,2014,16,0.361643836,216,171,64,16,13.5,10.6875,4,1.032255671,0.142779872,,2015,2019,5,0.252054795,54,54,20,5,10.8,10.8,4,0.956653819,0.163127442
367,Annual,1,Kirkby Moor Farm,522355,362345,53.144198,-0.172123,Oolites,loamy sand,sandy clay loam,1.662480855,1.457442251,282.936894,6.992700368,0.006401805,4.865492196,101110.388,320.3220339,114.0958759,,1999,2014,16,0.361643836,217,172,64,16,13.5625,10.75,4,4.242939117,0.173598562,,2015,2019,5,0.180821918,62,57,20,5,12.4,11.4,4,4.38409119,0.202083837
369,Annual,1,Moor Farm 1,522305,363505,53.154631,-0.172428,Oolites,sandy loam,sandy clay loam,1.665701424,1.453534725,282.9289793,6.992700368,0.006399934,4.867585353,101102.6399,320.2900438,113.7366985,,1999,2014,16,0.361643836,212,169,64,16,13.25,10.5625,4,0.681902977,0.180942339,,2015,2019,5,0.180821918,57,57,20,5,11.4,11.4,4,0.817382951,0.206497563
372,Annual,1,Swaffham Prior,556267,263365,52.246275,0.287521,Chalk,loamy sand,sandy loam,1.505517655,1.432650439,283.356519,7.940990308,0.006529244,3.993963402,101352.3745,320.9446184,114.3938269,,1999,2014,16,0.257534247,175,174,63,16,10.9375,10.875,3.9375,12.52987838,0.427268557,,2015,2019,5,0.273972603,52,52,20,5,10.4,10.4,4,12.7039509,0.347158585
375,Annual,1,Littlecote Park Farm,430060,169400,51.422814,-1.569062,Chalk,loam,clay loam,2.142057635,1.441028941,282.7398999,7.947018429,0.006441385,4.439492755,99603.29292,318.696621,119.1414708,,1973,2014,42,0.753424658,467,450,164,42,11.11904762,10.71428571,3.904761905,58.33185423,0.396067464,,2015,2019,5,0.224657534,57,57,20,5,11.4,11.4,4,58.42969937,0.304918438
382,Decadal,10.7,Lyndhurst,430800,107988,50.870575,-1.563655,Chalk,sand,sand,2.449329434,1.458776085,283.5864936,7.384454044,0.006731169,4.26583014,101055.6376,321.291735,120.9300688,,1999,2014,16,0.37260274,2809,177,63,16,175.5625,11.0625,3.9375,3.389280313,0.582863434,,2015,2019,5,0.435616438,1424,53,19,5,284.8,10.6,3.8,3.483430832,0.440987063
385,Annual,1,Horseclose Copse,434544,172256,51.448238,-1.504298,Chalk,sandy clay loam,clay loam,2.066012343,1.443556356,282.7440001,7.947018429,0.00643736,4.433721043,99627.80128,318.7013278,119.2653596,,1980,2014,35,1.01369863,4348,393,135,35,124.2285714,11.22857143,3.857142857,32.93442901,2.310166712,,2015,2019,5,0.304109589,1637,56,19,5,327.4,11.2,3.8,33.56256392,1.564615962
394,Annual,1,Myton Roundhill,445373,466558,54.092919,-1.307761,Triassic Sandstone,sand,sand,1.711643231,1.408479622,282.6222265,7.343361654,0.006254707,4.614044982,100984.4751,320.0447645,111.1949644,,1980,2014,35,0.421917808,407,396,137,35,11.62857143,11.31428571,3.914285714,4.442869222,0.390590315,,2015,2019,5,0.57260274,49,44,18,5,9.8,8.8,3.6,4.248732432,0.305949611
395,Annual,1,Holly Farm Upton,638320,313500,52.66677,1.523146,Crag,silty clay loam,sandy clay loam,1.710970346,1.490315516,283.1852689,6.523908308,0.006586486,5.425812309,101350.1477,319.5962297,119.0156825,,1996,2014,19,0.684931507,203,201,72,19,10.68421053,10.57894737,3.789473684,0.381302494,0.137951441,,2015,2019,5,0.191780822,57,57,20,5,11.4,11.4,4,0.32073556,0.129349772
397,Annual,1,Knights Enham,436155,148055,51.230539,-1.483567,Chalk,loam,,2.143867464,1.408395988,283.180785,8.220511404,0.006578812,3.614442203,100454.1232,320.261146,120.0300017,,1971,2014,44,1.136986301,479,460,167,43,11.13953488,10.69767442,3.88372093,10.31642775,1.128171555,,2015,2019,5,0.109589041,60,60,20,5,12,12,4,10.72354292,0.786243159
404,Annual,1,Upton Green,639430,313860,52.669512,1.539789,Crag,clay,clay,1.713207108,1.457018189,283.1998984,6.523908308,0.006592378,4.678553659,101380.8707,319.6564789,119.5049679,,1996,2014,19,0.684931507,201,200,73,19,10.57894737,10.52631579,3.842105263,0.499238362,0.42749488,,2015,2019,5,0.191780822,52,52,20,5,10.4,10.4,4,0.302827149,0.391454342
408,Annual,1,Amwell 5,537980,212960,51.798266,-0.000452,Chalk,clay,clay,1.676365491,1.445782397,283.3579391,7.768495066,0.006554485,3.789411759,101055.3029,320.6931133,118.0477954,,2003,2014,12,0.939726027,131,130,45,12,10.91666667,10.83333333,3.75,13.20265688,0.175824645,,2015,2019,5,0.602739726,39,39,19,5,7.8,7.8,3.8,13.32959953,0.301500085
409,Annual,1,Stock Lane,423870,173807,51.462732,-1.657788,Chalk,loam,clay loam,2.252280846,1.427702763,282.4452299,7.947018429,0.006359068,4.464421766,99025.98375,317.4634783,119.4574099,,1971,2014,44,1.073972603,442,428,160,44,10.04545455,9.727272727,3.636363636,88.39353513,4.661549807,,2015,2019,5,0.131506849,60,60,20,5,12,12,4,89.2038745,3.77623247
421,Multiannual,7.1,Lowgate Balne,459149,418024,53.655362,-1.106504,Triassic Sandstone,clay,clay,1.638294119,1.432731037,282.8480396,7.197851421,0.006334865,4.670799377,101327.0053,320.9858861,112.2752254,,1977,2014,38,0.630136986,401,392,148,38,10.55263158,10.31578947,3.894736842,4.751110078,0.538532584,,2015,2019,5,0.243835616,58,58,20,5,11.6,11.6,4,4.271028386,0.237490847
425,Multiannual,7.1,Harcourt,355695,325825,52.828108,-2.658992,Permian Sandstone,sand,sand,1.894422013,1.396636555,282.8404549,7.456531633,0.006423043,3.962570014,100380.572,321.634294,115.5212876,,1994,2014,21,0.536986301,7161,240,81,21,341,11.42857143,3.857142857,11.3291704,0.276284131,,2015,2018,4,0.101369863,1322,45,15,4,330.5,11.25,3.75,11.20849186,0.128761302
445,Multiannual,7.1,Halstead,548828,161628,51.334268,0.135029,Chalk,loam,clay loam,2.166188685,1.397029745,282.7684871,8.253918987,0.006459727,4.432031513,99618.25474,317.1451292,115.0749921,,1993,2014,22,0.454794521,1174,216,83,22,53.36363636,9.818181818,3.772727273,51.24772051,1.007921208,,2015,2019,5,0.512328767,1639,55,19,5,327.8,11,3.8,50.91488399,0.788940615
447,Decadal,14.2,Compton House,373595,228665,51.955832,-2.385642,Triassic Sandstone,loam,loam,1.981289155,1.476165445,283.1577012,7.367098251,0.006566291,4.700272585,100576.4163,322.1927174,119.1640694,,1976,2014,39,1.153424658,531,412,144,39,13.61538462,10.56410256,3.692307692,23.17570704,0.612464991,,2015,2019,5,0.202739726,51,46,20,5,10.2,9.2,4,23.15288661,0.517854088
460,Annual,1,Thurlow Road,564223,251597,52.138255,0.398251,Chalk,clay,clay,1.723973269,1.45855311,282.806737,7.940990308,0.00638489,4.745861691,100144.4467,318.1024184,114.9276518,,1999,2014,16,1.432876712,164,162,58,15,10.93333333,10.8,3.866666667,46.07771697,0.291785795,,2015,2019,5,0.339726027,49,49,20,5,9.8,9.8,4,46.04694793,0.267053742
467,Annual,1,Rockley,416534,171759,51.444578,-1.76348,Chalk,loam,clay loam,2.227328412,1.386506289,282.6980661,7.947018429,0.006436732,3.725578798,99518.24659,318.7129449,118.624338,,1971,2014,44,1.167123288,7001,513,172,44,159.1136364,11.65909091,3.909090909,11.19883842,4.109168882,,2015,2019,5,0.008219178,1819,60,20,5,363.8,12,4,12.34612558,3.749027793
473,Decadal,42.7,Lingham Lane,439486,472957,54.15091,-1.39693,Triassic Sandstone,loamy sand,sandy loam,1.752559282,1.410062263,282.5941799,7.343361654,0.006241383,4.58811603,100958.6201,319.9723519,111.4775252,,1976,2014,39,0.895890411,433,429,150,39,11.1025641,11,3.846153846,3.191574345,0.383183984,,2015,2019,5,0.471232877,43,40,19,5,8.6,8,3.8,3.012646905,0.274389435
476,Multiannual,7.1,Wapseys Wood,497340,188104,51.583392,-0.596496,Chalk,loam,loam,1.928632418,1.389710662,283.1188433,8.020335061,0.006508282,3.658064032,100475.6437,319.8120231,115.4441182,,1988,2014,27,1.032876712,1056,276,100,27,39.11111111,10.22222222,3.703703704,33.91722196,1.772923445,,2015,2019,5,0.290410959,949,45,20,5,189.8,9,4,35.81115512,1.064619324
479,Annual,1,Cambridge Road,553847,248319,52.111791,0.245284,Chalk,sandy loam,sandy loam,1.541760637,1.424208269,283.277621,7.940990308,0.006512062,3.938520881,101087.7246,320.4642306,114.4323809,,1999,2014,16,0.17260274,1034,181,63,16,64.625,11.3125,3.9375,5.629680767,1.401939259,,2015,2019,5,0.279452055,998,53,20,5,199.6,10.6,4,6.3296883,1.125224795
480,Annual,1,Chidden Farm,465785,117755,50.955476,-1.064766,Chalk,loam,clay loam,2.451204232,1.396397204,283.1692756,6.127476916,0.006599999,3.462968048,100297.864,319.0929861,121.4365948,,1971,2014,44,0.265753425,572,508,176,44,13,11.54545455,4,28.45969962,6.436350136,,2015,2019,5,0.112328767,60,60,20,5,12,12,4,28.90375323,5.674127647
481,Annual,1.9,Brick House Farm,446427,441784,53.870182,-1.295414,Magnesian Limestone,loam,loam,1.816316301,1.405719176,282.5382854,7.197851421,0.006239665,4.625203357,100841.1638,319.6819569,111.5618668,,1979,2014,36,1.24109589,407,392,133,36,11.30555556,10.88888889,3.694444444,41.40773121,1.386880745,,2015,2019,5,0.276712329,54,54,20,5,10.8,10.8,4,41.17613735,1.46999096
490,Annual,1,Lower Wield Farm,463605,140495,51.160175,-1.091809,Chalk,loam,loam,2.339904404,1.395696957,282.8073233,8.220511404,0.006472113,4.293769985,99687.44474,317.9461368,116.2066572,,1971,2014,44,0.569863014,656,504,173,44,14.90909091,11.45454545,3.931818182,62.71783631,1.614169687,,2015,2017,3,0.178082192,32,32,11,3,10.66666667,10.66666667,3.666666667,61.4831793,1.177055674
494,Annual,1,Freckenham Road,567377,272459,52.324693,0.454611,Chalk,sand,loamy sand,1.526423498,1.443611197,283.3436111,7.940990308,0.00652933,4.068221543,101388.7886,320.8009019,115.3838117,,1999,2014,16,0.2,184,183,63,16,11.5,11.4375,3.9375,6.676467351,0.444085552,,2015,2019,5,0.347945205,48,48,20,5,9.6,9.6,4,7.12062496,0.431714876
498,Annual,1.8,Victoria road,328085,408245,53.565855,-3.087294,Triassic Sandstone,loamy sand,loamy sand,2.244196945,1.453368524,283.0166398,6.852420073,0.0064289,5.408254638,101060.7238,322.8392353,110.7818417,,1999,2014,16,0.106849315,5523,187,63,16,345.1875,11.6875,3.9375,7.334575256,0.277558232,,2015,2019,5,0.345205479,1640,56,19,5,328,11.2,3.8,7.804684392,0.255634497
503,Decadal,21.3,Thornwood common,546317,205512,51.72923,0.117229,Chalk,clay,clay,1.712473894,1.466390839,283.0794826,7.991563422,0.006487087,4.548002362,100453.0446,319.1538732,116.5708281,,1998,2014,17,0.287671233,194,189,67,17,11.41176471,11.11764706,3.941176471,69.72285583,0.405325991,,2015,2019,5,0.454794521,52,52,19,5,10.4,10.4,3.8,69.69063934,0.283165486
504,Annual,1,Sunnyside Over Wallop,428255,139755,51.156352,-1.597357,Chalk,loam,,2.165965936,1.403545673,283.2059504,7.947018429,0.006597175,3.611902123,100420.3073,320.2985429,119.896836,,1971,2014,44,0.542465753,518,492,174,44,11.77272727,11.18181818,3.954545455,16.10441525,2.89491948,,2015,2019,5,0.175342466,57,57,20,5,11.4,11.4,4,17.00648394,2.318789484
510,Multiannual,7.1,Ellerholme Farm,469875,403405,53.522665,-0.947509,Triassic Sandstone,sandy loam,sandy clay loam,1.616242052,1.444813013,282.929942,7.308882087,0.006364927,4.700671208,101328.6019,321.2236782,112.6601244,,1980,2014,35,0.630136986,383,375,134,35,10.94285714,10.71428571,3.828571429,2.77979634,0.536131668,,2015,2019,5,0.145205479,60,58,20,5,12,11.6,4,2.70198433,0.189720848
514,Annual,1,Hill Farm Cottage,397915,193005,51.635842,-2.031516,Oolites,clay,clay,2.165102787,1.45310631,283.04972,7.367098251,0.006536554,4.581419418,100209.7145,320.9777362,118.0796392,,1975,2014,40,1.424657534,486,423,151,39,12.46153846,10.84615385,3.871794872,6.171184606,2.390581521,,2015,2019,5,0.161643836,58,58,20,5,11.6,11.6,4,6.333509,2.568142827
522,Annual,1,Malthouse,447653,182373,51.538249,-1.314311,Chalk,loam,,2.034651259,1.45687525,282.7833876,7.708993464,0.006433862,4.429313637,99747.32747,318.8793245,119.5237568,,1975,2014,40,1.353424658,1615,403,146,39,41.41025641,10.33333333,3.743589744,14.17119959,4.579618536,,2015,2019,5,0.112328767,254,58,20,5,50.8,11.6,4,15.22189435,3.249138686
533,Annual,1,Chapel Farm,444535,175915,51.48044,-1.360078,Chalk,sandy clay loam,clay loam,1.976574316,1.455376722,282.8761908,8.220511404,0.006466942,4.418936118,99955.70425,319.2365784,119.3519209,,1973,2014,42,0.679452055,5962,436,157,42,141.952381,10.38095238,3.738095238,9.891854691,4.248624597,,2015,2019,5,0.019178082,1816,60,20,5,363.2,12,4,11.3393572,2.895292677
535,Annual,1,Northfield Farm,439205,176585,51.486858,-1.436751,Chalk,sandy clay loam,clay loam,2.011350874,1.380261529,282.7851887,8.220511404,0.006443155,4.43138839,99774.52753,318.8972929,112.4604192,,1973,2014,42,2.460273973,5849,454,154,41,142.6585366,11.07317073,3.756097561,3.442037667,1.692715163,,2015,2019,5,0.010958904,1787,60,20,5,357.4,12,4,3.96700269,1.224170198
540,Annual,1.1,Amwell 8,537310,213570,51.803912,-0.00992,Chalk,clay,clay,1.676365491,1.445782397,283.3579391,7.768495066,0.006554485,3.789411759,101055.3029,320.6931133,118.0477954,,2003,2014,12,0.939726027,130,129,45,12,10.83333333,10.75,3.75,14.96338692,0.182590174,,2015,2019,5,0.336986301,39,39,20,5,7.8,7.8,4,15.02954076,0.167406249
546,Multiannual,7.1,Alverstone,457443,85007,50.661909,-1.188635,Lower Greensand,sandy loam,sandy loam,2.266249014,1.393405434,283.7029039,6.127476916,0.006789662,3.360832343,101298.5846,320.8084331,121.7110709,,1978,2014,37,0.180821918,1416,435,148,37,38.27027027,11.75675676,4,16.65879691,1.050348101,,2015,2019,5,0,1826,60,20,5,365.2,12,4,17.2956701,0.685227378
548,Annual,1,Sneads Green House,386235,267845,52.308536,-2.203308,Triassic Sandstone,loam,clay loam,1.791317461,1.41537935,283.2099965,7.636595673,0.006539916,3.910413892,100864.1428,322.7679901,115.797054,,1978,2014,37,0.405479452,503,406,144,37,13.59459459,10.97297297,3.891891892,2.220740581,0.611264264,,2015,2019,5,0.156164384,57,48,20,5,11.4,9.6,4,2.718306763,0.557330068
564,Annual,1,Folly Barn,420365,178835,51.508077,-1.707952,Chalk,sandy clay loam,clay loam,2.149751727,1.413003985,282.5465681,7.673734289,0.006386257,4.483080207,99178.34848,318.0708677,117.1232953,,1973,2014,42,1.071232877,420,401,155,42,10,9.547619048,3.69047619,40.61346877,4.540398533,,2015,2019,5,0.131506849,60,60,20,5,12,12,4,42.90796877,5.487883469
569,Annual,1,Winterbourne Manor,444488,171762,51.443105,-1.361276,Chalk,sandy clay loam,clay loam,1.962578309,1.420346868,282.9386211,8.220511404,0.006487708,3.654251674,100064.0483,319.4579791,120.4601388,,1972,2014,43,0.635616438,1547,468,166,43,35.97674419,10.88372093,3.860465116,43.63850954,0.852699508,,2015,2019,5,0.257534247,55,55,20,5,11,11,4,43.63080655,0.585203052
581,Annual,1,West Acre,397799,105402,50.848131,-2.032626,Lower Greensand,sandy clay loam,clay loam,2.361056197,1.426882032,283.5973923,7.594616927,0.006752284,3.624802141,101013.9921,321.7446608,122.5608105,,1991,2014,24,0.219178082,282,273,95,24,11.75,11.375,3.958333333,5.203465054,0.597777742,,2015,2019,5,0.123287671,55,53,20,5,11,10.6,4,5.536514055,0.555944465
585,Annual,1,Stewarts Farm,551984,201580,51.692396,0.197508,Chalk,clay,clay,1.705963153,1.46652465,283.1856195,7.991563422,0.006523064,4.552673585,100644.0549,319.5430054,116.2617374,,1998,2014,17,0.22739726,184,182,65,17,10.82352941,10.70588235,3.823529412,47.15503075,1.487050435,,2015,2019,5,0.194520548,55,55,20,5,11,11,4,46.61560288,1.83020483
593,Annual,1,Ampney Knowle,407606,204211,51.736551,-1.891249,Oolites,loam,clay loam,2.15207666,1.446119554,282.8404068,7.673734289,0.006461427,4.564081446,99882.43207,320.0431267,117.8328354,,1999,2014,16,0.323287671,163,161,61,16,10.1875,10.0625,3.8125,22.87724114,2.419360022,,2015,2019,5,0.156164384,60,59,20,5,12,11.8,4,23.02616343,2.405703616
594,Decadal,42.7,Holmewood Grange,465405,405705,53.543909,-1.014441,Triassic Sandstone,clay,clay,1.591164321,1.439105105,282.8949454,7.197851421,0.006353099,4.687687544,101335.815,321.1167198,112.4844689,,1971,2014,44,1.547945205,442,431,160,44,10.04545455,9.795454545,3.636363636,2.781008605,0.860443677,,2015,2019,5,0.208219178,57,55,20,5,11.4,11,4,2.422639152,0.23377718
595,Multiannual,4.3,Marshalls Quarry,465815,407825,53.562911,-1.007809,Triassic Sandstone,sand,sand,1.615587729,1.437491322,282.8741181,7.197851421,0.006347159,4.688470783,101308.4548,321.0205348,112.489549,,1977,2014,38,0.690410959,404,392,143,38,10.63157895,10.31578947,3.763157895,12.81902394,0.623703911,,2015,2019,5,0.164383562,59,57,20,5,11.8,11.4,4,13.22457185,0.449908989
598,Multiannual,7.1,Tetchill,338865,332555,52.886949,-2.910011,Triassic Sandstone,sand,sand,2.015996099,1.37862789,282.7294928,7.456531633,0.006404345,4.008942252,100168.9788,321.1753802,114.7577787,,1994,2014,21,0.216438356,7320,246,83,21,348.5714286,11.71428571,3.952380952,8.584394079,0.501235926,,2015,2019,5,0.290410959,1527,53,19,5,305.4,10.6,3.8,8.902732723,0.262066037
608,Annual,1,Bailiffs Cottage,456404,154793,51.289482,-1.192528,Chalk,sandy clay loam,clay loam,2.23284607,1.404493465,282.7375139,8.220511404,0.006440485,4.344403152,99594.43443,318.0072747,116.6351839,,1971,2014,44,1.452054795,2554,423,152,41,62.29268293,10.31707317,3.707317073,75.40263142,3.147701213,,2015,2019,5,0.22739726,1545,55,20,5,309,11,4,76.61856435,2.257651715
609,Annual,1,Upper Up,404385,197035,51.672065,-1.937981,Oolites,loam,loam,2.075743653,1.40646863,283.0625532,7.673734289,0.006531302,3.808359806,100292.7305,321.0208765,117.7477967,,2003,2014,12,0.77260274,3371,127,45,12,280.9166667,10.58333333,3.75,1.384255101,0.124298537,,2015,2019,5,0.246575342,1734,58,20,5,346.8,11.6,4,1.385146089,0.12623394
610,Annual,1,Nafferton,504962,461228,54.036348,-0.398808,Chalk,sandy clay loam,clay loam,1.887071324,1.409013952,282.1866369,6.532711498,0.006212024,4.926687884,99956.17296,317.2651331,115.8075701,,1971,2014,44,2.18630137,9246,490,165,43,215.0232558,11.39534884,3.837209302,59.48173893,1.962304096,,2015,2019,5,0.02739726,1808,60,20,5,361.6,12,4,59.5152325,1.941537962
615,Annual,1,Bimbo Farm,441601,439799,53.85275,-1.369071,Magnesian Limestone,loam,clay loam,1.883177872,1.401522161,282.319906,7.197851421,0.006179696,4.609394355,100372.1364,318.7176359,112.2443533,,1971,2014,44,0.169863014,524,520,176,44,11.90909091,11.81818182,4,11.3602213,0.436322912,,2015,2019,5,0.506849315,52,51,19,5,10.4,10.2,3.8,11.04582024,0.411009005
618,Annual,1,Avebury,408913,169846,51.427547,-1.873183,Chalk,loam,,2.223072995,1.375287917,282.72113,7.947018429,0.006450572,3.747555999,99548.39217,318.8893241,117.7298971,,1973,2014,42,0.276712329,5023,478,163,42,119.5952381,11.38095238,3.880952381,6.329598685,3.053135673,,2015,2019,5,0.016438356,1806,60,20,5,361.2,12,4,5.743952451,2.831613112
625,Annual,1,Claverley Well,377335,293135,52.535592,-2.335567,Triassic Sandstone,sand,sand,1.890324376,1.442422399,282.8027476,7.724265635,0.006416116,4.683638002,100150.1654,321.1355134,115.4362574,,1973,2014,42,0.649315068,580,439,162,42,13.80952381,10.45238095,3.857142857,3.475139605,1.672172281,,2015,2019,5,0.15890411,56,48,20,5,11.2,9.6,4,3.657628521,1.62199061
627,Annual,1,Mile Oak South,525135,106825,50.847419,-0.223858,Chalk,loam,clay loam,2.152072021,1.390092589,283.4947637,5.977641657,0.006752153,3.453730142,100964.0791,319.8951691,122.0837729,,1977,2014,38,1.301369863,391,385,143,38,10.28947368,10.13157895,3.763157895,24.94387071,4.787170559,,2015,2019,5,0.191780822,58,58,20,5,11.6,11.6,4,25.35477202,4.795694276
631,Annual,1,Chruch Farm,572219,324437,52.79001,0.55255,Oolites,sand,sand,1.815480996,1.42375636,283.0202323,7.663905529,0.00645611,4.26271336,101063.2969,319.6802674,115.3336471,,1999,2014,16,0.243835616,180,176,63,16,11.25,11,3.9375,9.523984741,0.61057895,,2015,2019,5,0.397260274,51,51,19,5,10.2,10.2,3.8,9.465010885,0.676506279
639,Annual,1,Betterton,443885,186595,51.576513,-1.36811,Chalk,loam,clay loam,1.984486518,1.36884845,282.9097266,7.708993464,0.006468448,3.689875826,100018.6176,319.6027879,114.8067063,,1975,2014,40,0.791780822,5400,455,155,40,135,11.375,3.875,14.68826453,1.962022614,,2015,2019,5,0.202739726,1740,58,20,5,348,11.6,4,15.03741482,1.43151978
642,Annual,1,Crichel Chitterwood,396079,108528,50.876232,-2.057092,Chalk,loam,loam,2.419239871,1.456341228,283.284989,7.594616927,0.006661881,4.398592839,100387.559,320.3830573,122.524882,,1992,2014,23,1.123287671,255,250,89,23,11.08695652,10.86956522,3.869565217,46.29036781,3.129471266,,2015,2019,5,0.169863014,52,49,20,5,10.4,9.8,4,47.14970039,3.175001066
646,Annual,1,Sunderlandwick,501216,455163,53.982606,-0.457999,Chalk,loam,clay loam,1.794663325,1.37464037,282.5997351,6.690779161,0.006315112,4.144949061,100905.9003,319.2483501,114.0089815,,1979,2014,36,1.243835616,477,397,138,36,13.25,11.02777778,3.833333333,2.759416892,0.358472857,,2015,2019,5,0.169863014,59,59,20,5,11.8,11.8,4,2.70415697,0.335690878
648,Annual,1,Berwick House Farm,407199,139101,51.15112,-1.898446,Chalk,loam,,2.161381035,1.432566169,283.2615883,7.947018429,0.006625718,3.682653261,100511.7439,320.854552,122.6218858,,1991,2014,24,0.35890411,283,265,95,24,11.79166667,11.04166667,3.958333333,2.141609065,0.359064821,,2015,2019,5,0.136986301,54,52,20,5,10.8,10.4,4,2.175817938,0.335342095
657,Multiannual,7.1,Burcott Lane,396835,271615,52.342594,-2.047873,Triassic Sandstone,loam,loam,1.922729594,1.391005805,282.826404,7.636595673,0.006421547,3.885667452,100123.6898,320.9077144,114.9366301,,1978,2014,37,0.438356164,510,417,144,37,13.78378378,11.27027027,3.891891892,7.872190694,1.749395757,,2015,2019,5,0.594520548,854,50,19,5,170.8,10,3.8,7.204529885,0.488961444
661,Annual,1,Entrance Manor Farm,541872,244476,52.080462,0.068939,Chalk,sandy loam,sandy loam,1.498695994,1.424271763,283.295321,7.940990308,0.00651545,3.886694052,101105.5218,320.6954829,114.5886235,,1999,2014,16,0.435616438,169,167,61,16,10.5625,10.4375,3.8125,9.949451926,0.962224393,,2015,2019,5,0.249315068,50,50,20,5,10,10,4,10.43197737,0.73587238
663,Multiannual,7.1,Stafford Lodge,395145,324675,52.819578,-2.073476,Triassic Sandstone,sand,sand,1.978783236,1.414541382,282.6524693,7.724265635,0.006338091,4.631720545,100067.7913,320.5104165,112.2953048,,1980,2014,35,0.64109589,599,399,135,35,17.11428571,11.4,3.857142857,9.711621545,0.691372744,,2015,2019,5,0.246575342,57,54,20,5,11.4,10.8,4,10.20794378,0.22331521
664,Annual,1,Chalfield 2,386033,162933,51.365282,-2.202,Oolites,clay,clay,2.079799525,1.429816061,283.3740164,7.555482858,0.00666053,3.822723958,100788.1836,322.1200216,120.6031288,,1973,2014,42,1.493150685,600,445,159,42,14.28571429,10.5952381,3.785714286,5.733096868,3.93503074,,2015,2019,5,0.136986301,54,52,20,5,10.8,10.4,4,6.484742238,4.241442288
666,Multiannual,7.1,Crosshaw,517465,104575,50.828801,-0.333477,Chalk,loam,clay loam,2.040967097,1.425994547,283.6993791,5.977641657,0.006805178,4.185347681,101368.62,320.8437806,119.6995767,,1977,2014,38,1.665753425,378,357,137,38,9.947368421,9.394736842,3.605263158,3.826833159,0.54713515,,2015,2019,5,0.18630137,58,58,20,5,11.6,11.6,4,3.840245857,0.323088543
678,Annual,1,Furlyns,341442,104956,50.84115,-2.833027,Triassic Sandstone,sandy loam,sandy loam,2.953798317,1.40018543,283.2877619,6.825736699,0.006714898,3.919032567,100291.7064,321.0715249,121.7654779,,1971,2014,44,0.156164384,15102,527,176,44,343.2272727,11.97727273,4,0.952382166,0.557565514,,2015,2019,5,0.254794521,1718,58,20,5,343.6,11.6,4,0.991448157,0.638680473
679,Multiannual,7.1,Dry Pits,398515,318795,52.766741,-2.023441,Triassic Sandstone,sand,loamy sand,2.039199034,1.402904916,282.289228,7.724265635,0.006240373,4.630410137,99302.08993,318.7314533,112.9493939,,1987,2014,28,0.753424658,313,301,105,28,11.17857143,10.75,3.75,10.66579577,0.450460721,,2015,2019,5,0.183561644,58,56,20,5,11.6,11.2,4,10.9770258,0.325470482
680,Annual,1,Sandy Lane,430025,338395,52.942101,-1.554651,Triassic Sandstone,loam,clay loam,2.020205113,1.442802867,282.6018155,7.555826268,0.006297409,4.609937475,100142.6916,319.9982176,114.1816399,,1971,2014,44,0.501369863,845,480,173,44,19.20454545,10.90909091,3.931818182,13.13445898,0.581864832,,2015,2019,5,0.178082192,58,51,20,5,11.6,10.2,4,13.24651162,0.547298848
684,Annual,1,Ralph Nook,499801,433899,53.791831,-0.486486,Chalk,loam,clay loam,1.927077821,1.418428757,282.2874789,6.690779161,0.006222051,4.863052672,100092.8081,317.8094891,114.9960323,,1981,2014,34,1.071232877,5018,379,128,34,147.5882353,11.14705882,3.764705882,72.38195014,5.524555321,,2015,2019,5,0.095890411,1732,60,20,5,346.4,12,4,72.66507016,5.062613519
687,Decadal,42.7,Burn Claybridge Farm,459726,427307,53.738723,-1.095989,Triassic Sandstone,sandy loam,sandy clay loam,1.667330268,1.428294496,282.8203382,7.197851421,0.006325651,4.672231263,101338.5843,320.8549192,112.1748058,,1976,2014,39,2.257534247,414,412,147,38,10.89473684,10.84210526,3.868421053,5.655520566,1.302535395,,2015,2019,5,0.326027397,39,39,20,5,7.8,7.8,4,4.788733127,0.188357725
690,Annual,1,Brooks End,629363,167872,51.363571,1.293431,Chalk,sandy loam,sandy loam,1.632460902,1.451612018,283.6222794,6.381855311,0.006797427,4.920735467,101129.7401,321.0309053,117.2764788,,1988,2014,27,2.561643836,4870,246,93,25,194.8,9.84,3.72,2.646833579,0.301373692,,2015,2019,5,0,1826,60,20,5,365.2,12,4,2.688974461,0.221895644
702,Annual,1,Washpit Farm,581321,319657,52.744109,0.68473,Chalk,loam,clay loam,1.975460577,1.462219628,282.7461647,7.663905529,0.00638778,5.052879859,100466.3971,318.2180319,116.1688458,,1971,2014,44,2.926027397,1520,467,163,42,36.19047619,11.11904762,3.880952381,35.59740438,1.891266236,,2015,2019,5,0.202739726,1608,55,20,5,321.6,11,4,36.15125724,1.325934511
709,Multiannual,7.1,Studham,503140,215900,51.832194,-0.5046,Chalk,sandy clay loam,clay loam,1.983233558,1.439706224,282.582886,7.768495066,0.006334848,4.48729689,99520.07776,317.5865119,116.0536135,,1987,2014,28,1.128767123,1032,304,105,28,36.85714286,10.85714286,3.75,25.50960414,6.403564822,,2015,2019,5,0.309589041,51,51,20,5,10.2,10.2,4,30.77403015,3.13674209
710,Annual,1,Whelford,416545,199235,51.691621,-1.762037,Oolites,loam,loam,1.895679613,1.405520473,283.1418726,7.673734289,0.006542417,3.775889435,100473.7583,321.2810214,116.9576599,,2002,2014,13,0,4474,147,49,13,344.1538462,11.30769231,3.769230769,0.727864538,0.195957762,,2015,2019,5,0.002739726,1825,60,20,5,365,12,4,0.791792594,0.145935901
711,Annual,1,Martinstown,365161,88822,50.697988,-2.494645,Chalk,loam,,2.833365816,1.394773105,283.2647965,7.594616927,0.006691497,4.48291529,100229.6843,320.1884166,117.7189564,,1992,2014,23,0.342465753,278,263,91,23,12.08695652,11.43478261,3.956521739,4.504418722,2.665138834,,2015,2019,5,0.139726027,54,53,20,5,10.8,10.6,4,4.470136814,2.644027019
717,Annual,1,Castle Eaton,415095,196165,51.664059,-1.783145,Oolites,loam,loam,1.889846395,1.404443274,283.1680002,7.673734289,0.006553457,3.776756501,100510.1284,321.3825063,116.9197175,,2002,2014,13,0.284931507,4370,145,49,13,336.1538462,11.15384615,3.769230769,1.091603117,0.393163229,,2015,2019,5,0,1826,60,20,5,365.2,12,4,1.204498852,0.444501555
719,Multiannual,3,Syderstone,583440,331530,52.850006,0.722737,Chalk,loamy sand,sandy clay loam,1.938321963,1.474123542,282.8258656,7.663905529,0.006420403,5.108075742,100744.4854,318.6731998,117.7176689,,1996,2014,19,1.084931507,170,168,69,19,8.947368421,8.842105263,3.631578947,1.701985743,1.046083558,,2015,2017,3,0.17260274,30,30,11,3,10,10,3.666666667,1.92910339,0.658911982
725,Multiannual,5.3,Harlow,544949,212362,51.791132,0.100289,Chalk,loam,loam,1.633546798,1.438182643,283.2784034,7.991563422,0.006535115,3.806290183,100893.9987,320.2035203,117.5415522,,1999,2014,16,0.920547945,176,173,61,16,11,10.8125,3.8125,18.0164743,0.582090302,,2015,2019,5,0.304109589,52,52,20,5,10.4,10.4,4,18.52695507,0.759419936
734,Annual,1,Brick  Kiln Barns,555158,237027,52.009983,0.259287,Lower Greensand,clay,clay,1.64977029,1.446489561,282.9463316,7.940990308,0.006426914,4.669185871,100341.1727,318.7520088,113.3975321,,1999,2014,16,0.252054795,177,176,63,16,11.0625,11,3.9375,39.69130934,0.982829821,,2015,2019,5,0.191780822,47,47,18,5,9.4,9.4,3.6,40.00078283,0.908798001
737,Decadal,14.2,Tholthorpe,447443,466389,54.091214,-1.276142,Triassic Sandstone,sand,sand,1.715337137,1.408584255,282.607759,7.343361654,0.00625238,4.622084492,100959.3684,319.9514125,111.3324914,,1971,2014,44,1.002739726,13093,493,167,44,297.5681818,11.20454545,3.795454545,7.955728067,0.424682099,,2015,2019,5,0.265753425,1728,58,20,5,345.6,11.6,4,7.620308535,0.166675729
739,Annual,1,Naphens Farm,577902,279029,52.380389,0.612361,Chalk,sandy loam,sandy loam,1.71140656,1.426947212,283.1495322,7.966193337,0.006481961,4.138817651,101095.7397,319.8019223,114.79972,,1999,2014,16,0.638356164,186,160,60,16,11.625,10,3.75,32.78958536,3.14212064,,2015,2019,5,0.402739726,49,48,19,5,9.8,9.6,3.8,33.9595678,2.730339512
745,Annual,1,Foxhill,457050,139850,51.155066,-1.185638,Chalk,sandy clay loam,clay loam,2.209476078,1.368535447,283.0667009,8.220511404,0.006547805,3.546241872,100203.0349,319.2443635,117.2686145,,1973,2014,42,0.476712329,7532,475,163,42,179.3333333,11.30952381,3.880952381,27.65022373,1.600174591,,2015,2019,5,0.18630137,1667,58,20,5,333.4,11.6,4,27.82283381,1.106128048
746,Multiannual,7.1,Shocklach,343906,349183,53.036956,-2.837988,Triassic Sandstone,loam,clay loam,1.84257738,1.373324999,283.0578564,6.868870948,0.006475516,3.965158018,100957.148,322.8140851,112.3027039,,1975,2014,40,0.673972603,13436,459,155,40,335.9,11.475,3.875,12.70830375,0.290901144,,2015,2019,5,0,1826,60,20,5,365.2,12,4,12.90141389,0.181023346
750,Annual,1,Hillfield Farm,596282,312398,52.673717,0.90174,Chalk,loam,loam,1.877678778,1.423589496,282.9323179,7.663905529,0.006451908,4.363948549,100788.0416,318.8331885,115.8781067,,1974,2014,41,1.476712329,772,392,148,41,18.82926829,9.56097561,3.609756098,1.803913394,0.5339287,,2015,2019,5,0.789041096,1230,45,18,5,246,9,3.6,1.924454527,0.381456552
752,Annual,1,Dalton Estates,496522,445190,53.893897,-0.5327,Chalk,loam,clay loam,1.914135225,1.414690402,282.5340283,7.308882087,0.006286956,4.858990701,100910.1628,319.009168,114.3670725,,1971,2014,44,0.169863014,9323,520,176,44,211.8863636,11.81818182,4,15.18893387,3.340289866,,2015,2019,5,0.093150685,1657,60,20,5,331.4,12,4,14.88285176,2.830470923
762,Annual,1,South Newbald,491101,436199,53.814091,-0.617829,Triassic Sandstone,loam,,1.866429994,1.413335987,282.5393465,7.308882087,0.006278622,4.816761041,100834.2684,319.114484,113.5074188,,1980,2014,35,0.734246575,402,381,137,35,11.48571429,10.88571429,3.914285714,1.287482957,0.67088633,,2015,2019,5,0.339726027,52,51,19,5,10.4,10.2,3.8,0.972761373,0.710726642
768,Annual,1,Macaroni Wood,418025,204515,51.739048,-1.740355,Oolites,loam,clay loam,1.994111095,1.385380871,282.9501966,7.673734289,0.006484263,3.780811205,100112.2978,320.4396641,115.6612807,,1980,2014,35,0.887671233,6102,392,134,35,174.3428571,11.2,3.828571429,15.64162433,3.333533459,,2015,2019,5,0,1826,60,20,5,365.2,12,4,15.95836925,3.231528936
769,Multiannual,7.1,Fenemere,344325,322295,52.795322,-2.827121,Triassic Sandstone,sandy loam,sandy loam,1.884008538,1.373619948,282.8420352,7.456531633,0.006437237,4.002015808,100344.0816,321.6449765,113.7185484,,1994,2014,21,0.189041096,7464,247,84,21,355.4285714,11.76190476,4,22.26582143,0.248445095,,2015,2019,5,0.019178082,1808,60,20,5,361.6,12,4,22.3315872,0.279690076
779,Annual,1.9,Gypsey Race Rudston,509575,468102,54.097144,-0.325922,Corallian Limestone,loam,clay loam,1.892923105,1.374919696,282.4438129,6.532711498,0.006293125,4.214372117,100547.2997,318.4026275,115.3958183,,1979,2014,36,1.284931507,2893,391,136,36,80.36111111,10.86111111,3.777777778,2.402273074,2.146381109,,2015,2019,5,0.095890411,1791,59,20,5,358.2,11.8,4,2.714035186,1.847031378
783,Multiannual,6.1,Ranscombe,571102,167825,51.383677,0.457453,Chalk,loam,loam,1.776189148,1.444785292,283.3723589,8.253918987,0.006639496,3.779349284,100843.7178,319.8977056,121.6411896,,1971,2014,44,0.632876712,394,388,171,44,8.954545455,8.818181818,3.886363636,70.78373901,0.417494537,,2015,2019,5,0.117808219,60,60,20,5,12,12,4,70.67195728,0.398040199
786,Annual,1,Mallam Waters,417320,200058,51.698998,-1.750784,Oolites,loam,loam,1.898798087,1.402892781,283.1431457,7.673734289,0.006541293,3.774745437,100482.1371,321.2899406,116.6625524,,2004,2014,11,0.271232877,115,113,41,11,10.45454545,10.27272727,3.727272727,1.22499084,0.111885034,,2015,2019,5,0.331506849,56,55,20,5,11.2,11,4,1.272669411,0.109869908
801,Annual,1,Hartridge Farm,457045,177915,51.497301,-1.179628,Chalk,silt loam,loam,1.944442896,1.465811886,282.9008841,8.220511404,0.006466808,4.403550983,100018.4165,319.21308,119.8733154,,1971,2014,44,1.509589041,439,419,159,43,10.20930233,9.744186047,3.697674419,61.92319525,3.487308042,,2015,2019,5,0.257534247,57,56,20,5,11.4,11.2,4,62.64355931,2.390886294
813,Multiannual,7.1,Hoole Hall,342881,368122,53.20707,-2.856651,Triassic Sandstone,loam,clay loam,1.899345675,1.413919068,282.9286594,6.868870948,0.006425071,4.690695567,100820.9365,322.2885151,112.14422,,1992,2014,23,0.21369863,7815,264,89,23,339.7826087,11.47826087,3.869565217,23.67270635,0.244127107,,2015,2019,5,0,1826,60,20,5,365.2,12,4,23.75086899,0.105392122
814,Annual,1,Queen Manor Farm,418320,138780,51.147988,-1.739464,Chalk,loam,,2.137751171,1.420933303,283.130774,7.947018429,0.006582019,3.640749086,100255.1701,320.0629044,121.8590002,,2003,2014,12,2.583561644,2887,104,36,10,288.7,10.4,3.6,30.68595834,0.873356063,,2015,2019,5,0.353424658,1660,57,20,5,332,11.4,4,30.9909335,0.628000529
816,Annual,1,Hannington Road,416905,196385,51.665986,-1.756966,Oolites,loam,loam,1.871274767,1.403724687,283.171735,7.673734289,0.006552936,3.771156199,100519.3671,321.3749527,116.8150723,,2004,2014,11,0.334246575,120,114,43,11,10.90909091,10.36363636,3.909090909,0.832073993,0.308751507,,2015,2019,5,0.495890411,54,53,19,5,10.8,10.6,3.8,0.905138808,0.349098437
819,Annual,1,Bottom Barn,451385,174845,51.470241,-1.261601,Chalk,sandy clay loam,clay loam,1.976681052,1.375238414,282.9650387,8.220511404,0.006489464,3.648673011,100133.1853,319.5355681,115.9533051,,1974,2014,41,1.147945205,883,448,158,41,21.53658537,10.92682927,3.853658537,27.12735374,2.395385022,,2015,2019,5,0.189041096,59,58,20,5,11.8,11.6,4,28.10632335,1.48863989
825,Annual,1,The Old Farm,473785,147315,51.220269,-0.944859,Chalk,loam,loam,2.163938,1.359404033,282.9942131,8.204714845,0.006516966,3.548116467,100109.1587,318.8355476,116.1794123,,1971,2014,44,1.180821918,469,465,168,44,10.65909091,10.56818182,3.818181818,33.31180965,2.689246159,,2015,2019,5,0.232876712,57,57,20,5,11.4,11.4,4,33.96777381,2.305474129
831,Annual,1,Skipton on Swale,436232,479718,54.21191,-1.445937,Triassic Sandstone,sandy loam,sandy loam,1.731370363,1.347792883,282.5514412,7.343361654,0.00622592,3.817482913,100916.6828,319.7886305,110.3308016,,1991,2014,24,0.838356164,250,246,89,24,10.41666667,10.25,3.708333333,1.44322985,0.364391051,,2015,2019,5,0.150684932,59,56,20,5,11.8,11.2,4,1.522981714,0.380297968
833,Multiannual,7.1,Houghton Farm,309010,88029,50.684774,-3.289347,Triassic Sandstone,sand,sand,2.367543736,1.469395753,283.7663842,6.729059364,0.006904182,4.073858352,100986.0781,323.3550519,127.2199552,,1980,2014,35,0.216438356,9629,417,140,35,275.1142857,11.91428571,4,12.18239834,0.311952086,,2015,2019,5,0,1826,60,20,5,365.2,12,4,12.05944951,0.184070334
835,Annual,1,Silver Dyke Chalk,620949,156972,51.269044,1.166016,Chalk,loam,clay loam,1.8617198,1.421483242,283.5768064,6.381855311,0.006796795,4.077416904,101034.2602,320.8191623,120.0834645,,1999,2014,16,0.517808219,4359,177,63,16,272.4375,11.0625,3.9375,0.672552386,0.408520679,,2015,2019,5,0,1826,60,20,5,365.2,12,4,0.710390424,0.417789927
836,Annual,1,Silver Dyke Gravel,620950,156970,51.269025,1.166029,Chalk,loam,clay loam,1.8617198,1.421483242,283.5768064,6.381855311,0.006796795,4.077416904,101034.2602,320.8191623,120.0834645,,1999,2014,16,0.515068493,203,157,62,16,12.6875,9.8125,3.875,1.0669053,0.385362793,,2015,2019,5,0.353424658,53,53,20,5,10.6,10.6,4,1.019856317,0.392565387
837,Multiannual,7.1,Alexandra Park,486225,192835,51.627728,-0.755711,Chalk,sandy clay loam,clay loam,2.098027749,1.372155475,283.0487214,8.020335061,0.006486398,3.664940458,100354.9413,319.7111604,113.9299399,,1994,2014,21,0.273972603,237,225,83,21,11.28571429,10.71428571,3.952380952,9.749378305,0.208528014,,2015,2019,5,0.18630137,53,53,20,5,10.6,10.6,4,9.805336429,0.100856778
840,Annual,1,Stapenhill,425455,322305,52.797701,-1.623906,Triassic Sandstone,sandy loam,sandy loam,1.821017217,1.372534043,282.94603,7.555826268,0.006401844,3.85351454,100727.3303,321.5790954,110.7107065,,2000,2014,15,0.38630137,5105,174,58,15,340.3333333,11.6,3.866666667,1.319753616,0.232318151,,2015,2019,5,0.008219178,1812,60,20,5,362.4,12,4,1.267216237,0.203823172
856,Annual,1,Dalehead Farm,420776,368997,53.217615,-1.690313,Carboniferous Limestone,sandy clay loam,clay loam,2.634006219,1.255596843,282.2028376,6.465172406,0.006176128,2.353990747,99506.87258,318.3504009,112.6912658,,1976,2014,39,0.660273973,614,427,151,39,15.74358974,10.94871795,3.871794872,23.2954276,0.507022164,,2015,2019,5,0.246575342,58,58,20,5,11.6,11.6,4,23.1791915,0.468968338
861,Annual,1,Snetterton Hall,599467,291039,52.480796,0.935934,Chalk,loam,clay loam,1.729625503,1.431103532,283.1664336,7.966193337,0.006508602,4.304077485,101230.3995,319.6963565,115.4287258,,1999,2014,16,0.169863014,186,183,63,16,11.625,11.4375,3.9375,6.304890751,0.569407051,,2015,2019,5,0.375342466,42,42,19,5,8.4,8.4,3.8,6.304860029,0.461157041
865,Annual,1,Churchill Way,434655,146655,51.218044,-1.505184,Chalk,loam,,2.117689915,1.391131856,283.2643555,7.947018429,0.006605135,3.614252709,100570.0309,320.6416246,117.9926512,,1999,2014,16,0.205479452,181,180,63,16,11.3125,11.25,3.9375,9.309600465,0.631579969,,2015,2019,5,0.109589041,60,60,20,5,12,12,4,9.506337113,0.492479667
870,Annual,1,Acres Down,426755,109725,50.886395,-1.621011,Chalk,sandy loam,sandy loam,2.491656224,1.456460192,283.4087287,7.384454044,0.006680632,4.281816702,100692.7831,320.5383132,121.7835154,,2002,2014,13,0.2,149,147,52,13,11.46153846,11.30769231,4,6.824928324,0.602102273,,2015,2019,5,0.123287671,61,60,20,5,12.2,12,4,6.865843716,0.460397746
871,Annual,1,Highgate Hall,500472,453664,53.969283,-0.469833,Chalk,loam,clay loam,1.826386374,1.409841559,282.5889424,6.690779161,0.006309953,4.891724192,100865.2715,319.2118007,113.3652135,,1984,2014,31,1.243835616,350,339,117,31,11.29032258,10.93548387,3.774193548,6.044231343,0.837967877,,2015,2019,5,0.17260274,56,56,20,5,11.2,11.2,4,5.887595629,0.824105556
873,Annual,1,Ampney Crucis,405920,201920,51.715973,-1.915703,Oolites,clay,clay,2.132818228,1.441808919,282.9155177,7.673734289,0.006486283,4.566103349,100016.7953,320.3760258,117.1149284,,1971,2014,44,0.298630137,7058,511,173,44,160.4090909,11.61363636,3.931818182,7.745813058,1.079293676,,2015,2019,5,0.01369863,1785,60,20,5,357,12,4,7.555628005,1.044968049
895,Annual,1,Bockhampton,433596,177933,51.499338,-1.517401,Chalk,sandy clay loam,clay loam,2.157093135,1.386827591,282.752717,7.947018429,0.006436699,3.691740672,99666.98682,318.8471065,117.8789844,,1975,2014,40,1.194520548,5769,437,152,39,147.9230769,11.20512821,3.897435897,1.320241343,0.970579396,,2015,2019,5,0.016438356,1790,60,20,5,358,12,4,1.46846717,0.866858008
903,Annual,1,Crabwood,443455,129215,51.060632,-1.381291,Chalk,loam,,2.287813818,1.427313525,282.9414009,8.220511404,0.006524569,4.297982105,99907.21656,318.6076824,119.8349416,,1986,2014,29,1.019178082,973,324,110,29,33.55172414,11.17241379,3.793103448,27.32722634,2.330229618,,2015,2019,5,0.167123288,58,58,20,5,11.6,11.6,4,27.7665319,2.154374721
906,Annual,1,Dudgrove Farm,418834,197239,51.673603,-1.729029,Oolites,clay,clay,1.849009233,1.462108947,283.1461435,7.673734289,0.00654348,4.522657758,100474.0425,321.2443459,117.6747343,,2004,2014,11,0.246575342,115,110,43,11,10.45454545,10,3.909090909,1.038062851,0.294554484,,2015,2019,5,0.246575342,56,55,20,5,11.2,11,4,1.098738317,0.306651133
913,Annual,1,Kings Somborne,435756,130753,51.074991,-1.490995,Chalk,loam,,2.25554318,1.371533568,283.460443,8.220511404,0.006674091,3.566067272,100954.1499,321.192564,116.3932605,,1986,2014,29,0.169863014,3938,333,113,29,135.7931034,11.48275862,3.896551724,2.499173952,0.580359294,,2015,2019,5,0,1826,60,20,5,365.2,12,4,2.619899929,0.471328904
926,Annual,1,Bucklebury,455615,171065,51.435857,-1.201301,Chalk,clay,clay,1.93870249,1.465118832,283.20086,8.220511404,0.006556771,4.390352666,100598.4025,320.5353208,118.8835162,,1991,2014,24,0.646575342,5715,265,93,24,238.125,11.04166667,3.875,7.100812137,0.759593039,,2015,2019,5,0.232876712,1659,57,20,5,331.8,11.4,4,7.434274891,0.468314698
944,Annual,1,Alton Town,471667,139431,51.149658,-0.976751,Chalk,loam,,2.434372825,1.403353851,283.0458908,8.204714845,0.006540332,3.526028504,100185.922,318.9401311,120.7740312,,1991,2014,24,2.060273973,3801,241,85,23,165.2608696,10.47826087,3.695652174,1.326570009,0.315068844,,2015,2019,5,0,1826,60,20,5,365.2,12,4,1.403513291,0.224627536
946,Annual,1,Upper Barpham,506555,108475,50.865968,-0.487194,Chalk,clay,clay,2.30760128,1.417816629,283.165916,5.977641657,0.006632551,4.181619246,100277.9684,318.4677044,120.7776728,,1977,2014,38,2.2,341,333,140,37,9.216216216,9,3.783783784,38.88760899,0.328460929,,2015,2019,5,0.252054795,57,55,20,5,11.4,11,4,38.96519658,0.335535844
956,Annual,1,Priory Deep,621658,156502,51.264549,1.175872,Chalk,loam,clay loam,1.91702631,1.387857864,283.5555756,6.381855311,0.006795824,4.084524419,100990.3463,320.7288235,117.1839322,,1999,2014,16,0.323287671,4898,186,62,16,306.125,11.625,3.875,22.50472654,0.747724945,,2015,2019,5,0,1826,60,20,5,365.2,12,4,22.70486121,0.645006516
960,Multiannual,7.1,Whitlands,330507,91412,50.718161,-2.985744,Triassic Sandstone,silt loam,loam,2.609049143,1.470057582,282.9727206,6.825736699,0.006642538,5.454355208,99584.23072,319.4098943,124.2822214,,1984,2014,31,0.550684932,7376,349,120,31,237.9354839,11.25806452,3.870967742,71.28050801,0.395732193,,2015,2019,5,0.350684932,1605,55,20,5,321,11,4,71.25641825,0.158886114
962,Decadal,21.3,Barmby Barrage,468222,428659,53.749832,-0.966908,Triassic Sandstone,loam,loam,1.659320615,1.427539957,282.8275651,7.308882087,0.006333684,4.707669817,101309.0137,320.768587,112.0693958,,1989,2014,26,0.175342466,4979,303,103,26,191.5,11.65384615,3.961538462,5.83578626,0.541624431,,2015,2019,5,0.243835616,1649,56,20,5,329.8,11.2,4,5.488396364,0.298526626
963,Annual,1,Eastburn Warren,498165,457075,54.000372,-0.503891,Chalk,sandy loam,sandy loam,1.878973502,1.376292631,282.5290259,6.532711498,0.006291926,4.128203889,100600.8919,318.9518619,113.9920124,,1973,2014,42,1.150684932,490,437,155,42,11.66666667,10.4047619,3.69047619,10.91661553,2.566079837,,2015,2019,5,0.178082192,58,58,20,5,11.6,11.6,4,10.93700259,2.56558762
967,Annual,1,North Marden,480775,116135,50.939008,-0.85175,Chalk,loam,loam,2.783586244,1.440110792,282.9694137,6.021393112,0.006547762,4.200997888,99901.36102,317.9515149,122.4287554,,1975,2014,40,0.55890411,394,358,152,40,9.85,8.95,3.8,45.72687354,1.215351066,,2015,2019,5,0.306849315,54,54,19,5,10.8,10.8,3.8,45.8946673,0.942599432
973,Annual,1,Moat Farm,596253,292374,52.493947,0.889457,Chalk,loam,clay loam,1.765692143,1.447870925,283.1230881,7.966193337,0.006493859,4.28945353,101151.2433,319.5398316,117.3433358,,1999,2014,16,0.208219178,186,183,63,16,11.625,11.4375,3.9375,0.902662895,0.704643018,,2015,2019,5,0.591780822,46,46,19,5,9.2,9.2,3.8,1.112312264,0.73610442
975,Annual,0.2,The Hollins Farm,346365,321895,52.791934,-2.796804,Triassic Sandstone,loam,clay loam,1.904352869,1.399887937,282.7458701,7.456531633,0.006409318,4.751748776,100147.1744,321.1822892,112.2777471,,1996,2014,19,1.052054795,252,188,70,19,13.26315789,9.894736842,3.684210526,30.16457633,0.544269531,,2015,2019,5,0.246575342,54,53,20,5,10.8,10.6,4,30.0751385,0.634168282
977,Annual,1,Bass Charrington,447756,443533,53.88578,-1.274932,Magnesian Limestone,loam,clay loam,1.801652047,1.432854218,282.6509595,7.197851421,0.006269651,4.628210502,101087.957,320.1981375,113.6565482,,1975,2014,40,1.169863014,3975,441,153,40,99.375,11.025,3.825,23.84136103,0.594201863,,2015,2019,5,0.268493151,1694,58,20,5,338.8,11.6,4,23.64555307,0.58979573
978,Annual,1,Baileys Down,438175,127435,51.045001,-1.456817,Chalk,sandy clay loam,clay loam,2.237268551,1.447025909,283.0746769,8.220511404,0.006565767,4.304307906,100165.0924,319.2584359,121.3413899,,1971,2014,44,1.038356164,1824,495,168,44,41.45454545,11.25,3.818181818,47.52990134,5.39203069,,2015,2019,5,0.161643836,60,59,20,5,12,11.8,4,48.56371932,4.903972027
989,Annual,1,Heath Cottage,571275,270019,52.301577,0.510509,Chalk,sand,loamy sand,1.557984129,1.441716274,283.3096291,7.966193337,0.006522606,4.080414719,101352.7082,320.5599987,115.5568865,,1999,2014,16,1.24109589,160,156,58,16,10,9.75,3.625,5.33186726,0.583278688,,2015,2019,5,0.326027397,44,44,19,5,8.8,8.8,3.8,5.722418396,0.56266499
991,Multiannual,7.1,London Road Sittingbourne,593810,162941,51.332521,0.780732,Chalk,loam,clay loam,1.662545825,1.406934016,283.6459235,7.311773177,0.006753956,3.893477303,101260.4155,321.0842912,117.1188413,,1984,2014,31,0.454794521,374,331,121,31,12.06451613,10.67741935,3.903225806,6.047528414,0.989459036,,2015,2019,5,0.265753425,56,56,20,5,11.2,11.2,4,5.940648161,0.939059163
1005,Annual,1,Westmill,534470,215060,51.81799,-0.050507,Chalk,sandy loam,sandy loam,1.694899993,1.427146339,283.1693785,7.768495066,0.006499489,3.787206856,100685.4848,319.8712801,116.8676839,,1989,2014,26,0.808219178,259,257,94,26,9.961538462,9.884615385,3.615384615,30.91017475,0.493935862,,2015,2019,5,0.273972603,48,48,20,5,9.6,9.6,4,31.05709157,0.219229138
1009,Annual,1,Ellerdine Grange,360325,321455,52.789188,-2.589747,Permian Sandstone,sand,sand,1.820543876,1.417537412,282.8861665,7.456531633,0.006433893,4.707905909,100456.2038,321.8101484,112.6678979,,1999,2014,16,0.216438356,5621,188,63,16,351.3125,11.75,3.9375,1.252371608,0.357442407,,2015,2019,5,0.021917808,1818,60,20,5,363.6,12,4,1.221524202,0.29733525
1013,Annual,1,Stores Cottage,371695,219735,51.875453,-2.412553,Triassic Sandstone,loam,clay loam,2.245672652,1.486537451,283.131715,7.367098251,0.006567396,4.703733054,100472.6283,321.9730262,120.7142021,,1973,2014,42,0.304109589,647,480,167,42,15.4047619,11.42857143,3.976190476,2.358607113,1.210880122,,2015,2019,5,0.197260274,54,48,20,5,10.8,9.6,4,2.3750594,1.269077695
1018,Annual,1,Kings Wood,440604,219308,51.870868,-1.411649,Oolites,clay,clay,1.928702027,1.450060935,282.8021628,7.708993464,0.006416516,4.511651756,99965.72194,319.652941,116.8467336,,2002,2014,13,0.383561644,3907,143,49,13,300.5384615,11,3.769230769,36.49890889,1.396033775,,2015,2019,5,0.150684932,1769,59,20,5,353.8,11.8,4,36.70044557,1.368638317
1026,Annual,1,Middleton Carr,477736,484861,54.253517,-0.808327,Corallian Limestone,sandy loam,sandy loam,1.872184322,1.35608687,282.4561045,7.16409579,0.006244646,4.018300385,100758.2251,318.813544,112.7190027,,1983,2014,32,1.01369863,360,344,124,32,11.25,10.75,3.875,2.240963303,0.84227694,,2015,2019,5,0.238356164,50,50,18,5,10,10,3.6,2.00182997,0.590599831
1027,Annual,1,Came Estate Dairy,371067,89099,50.700804,-2.411046,Chalk,loam,clay loam,2.800023203,1.438865474,283.4934803,7.594616927,0.006752683,3.703903282,100705.265,321.2151933,125.2888458,,1992,2014,23,0.479452055,271,263,91,23,11.7826087,11.43478261,3.956521739,2.431793095,0.627320223,,2015,2019,5,0.142465753,55,54,20,5,11,10.8,4,2.415407989,0.625360617
1032,Multiannual,7.1,Missenden Abbey,489819,200922,51.69986,-0.701728,Chalk,silt loam,loam,2.173363032,1.395400403,282.7599811,8.020335061,0.006398184,3.68539875,99810.13004,318.4260742,116.8295849,,1991,2014,24,0.452054795,496,271,92,24,20.66666667,11.29166667,3.833333333,2.042184994,1.700606651,,2015,2019,5,0.284931507,76,46,20,5,15.2,9.2,4,2.399358168,0.84017711
1040,Multiannual,7.1,Bledlow Ridge,479775,197855,51.673805,-0.847729,Chalk,sandy clay loam,clay loam,2.201972249,1.473747887,282.6280046,8.020335061,0.006366041,4.432968286,99532.00357,317.9121893,120.8597594,,1987,2014,28,1.378082192,306,297,106,28,10.92857143,10.60714286,3.785714286,92.28206848,3.633429397,,2015,2019,5,0.438356164,52,52,19,5,10.4,10.4,3.8,94.00324746,2.220867714
1044,Annual,0.4,Hyde Hall Farm,534170,232700,51.976568,-0.047998,Chalk,clay,clay,1.700951318,1.418649542,282.8085437,7.768495066,0.006386305,3.833694244,100052.4304,318.3716714,116.8947205,,1982,2014,33,1.15890411,342,341,124,33,10.36363636,10.33333333,3.757575758,41.98658693,1.296302963,,2015,2019,5,0.265753425,48,48,20,5,9.6,9.6,4,42.01776383,0.845926411
1049,Annual,1,Pella Farm,370295,227975,51.949462,-2.433602,Triassic Sandstone,loam,clay loam,1.977520998,1.446927559,283.1373808,7.367098251,0.006563707,4.711787966,100530.5211,322.117597,116.8548192,,1973,2014,42,0.915068493,619,464,161,42,14.73809524,11.04761905,3.833333333,1.622998479,0.607630209,,2015,2019,5,0.15890411,58,51,20,5,11.6,10.2,4,1.073853584,0.413492312
1055,Multiannual,7.1,Fouralls,367925,332175,52.886058,-2.478114,Permian Sandstone,sandy loam,sandy loam,1.980755488,1.393011961,282.6255817,7.724265635,0.006347104,4.677567044,100021.0236,320.6149503,111.1371627,,1971,2014,44,1.482191781,514,468,165,44,11.68181818,10.63636364,3.75,11.60435009,1.058622332,,2015,2019,5,0.123287671,57,51,19,5,11.4,10.2,3.8,12.19768445,0.481994229
1056,Annual,1,Alresford Road Avington,454325,129425,51.061597,-1.226164,Chalk,loam,loam,2.372991787,1.433196101,283.1785996,8.220511404,0.006589841,4.274703461,100394.7285,319.5725457,119.0159309,,1980,2014,35,1.071232877,407,365,129,35,11.62857143,10.42857143,3.685714286,38.88897847,1.122909354,,2015,2019,5,0.18630137,58,57,20,5,11.6,11.4,4,38.95567889,1.048484964
1060,Annual,1,Walshford Sandstone,441201,453298,53.9741,-1.373338,Triassic Sandstone,loam,clay loam,1.820636688,1.411449162,282.6518951,7.197851421,0.006263635,4.604099646,101151.7889,320.2622962,111.6429011,,1985,2014,30,0.504109589,347,346,117,30,11.56666667,11.53333333,3.9,1.342326359,0.286971094,,2015,2019,5,0.342465753,54,52,20,5,10.8,10.4,4,1.231013519,0.313974914
1061,Multiannual,6.1,Greatwell,310230,93968,50.738358,-3.273529,Triassic Sandstone,sandy loam,sandy loam,2.551403775,1.394361298,283.5035689,6.729059364,0.00682178,4.079719091,100479.1787,322.2148717,121.2601582,,1973,2014,42,0.438356164,2383,483,165,42,56.73809524,11.5,3.928571429,15.16676465,0.956302915,,2015,2019,5,0.77260274,1514,52,18,5,302.8,10.4,3.6,15.87241862,0.525094593
1063,Multiannual,6.1,Woodleys,308505,91463,50.715567,-3.297346,Triassic Sandstone,sand,sand,2.462388044,1.475724257,283.6843958,6.729059364,0.006878821,4.083365743,100829.4941,323.0290818,127.9442376,,1971,2014,44,0.194520548,8952,518,176,44,203.4545455,11.77272727,4,11.08315014,0.701400577,,2015,2019,5,0.01369863,1774,60,20,5,354.8,12,4,11.41751906,0.43960769
1075,Multiannual,7.1,Woodgreen,419210,116518,50.947778,-1.727915,Chalk,sand,sand,2.421058979,1.419408254,283.2964175,7.384454044,0.00664561,4.328163193,100479.1428,320.2983805,118.2801272,,1992,2014,23,0.517808219,247,230,87,23,10.73913043,10,3.782608696,30.98173421,0.355974068,,2015,2019,5,0.128767123,56,53,20,5,11.2,10.6,4,30.91870789,0.294256023
1085,Annual,1,Ford Farm Cottages,471835,149655,51.241555,-0.972307,Chalk,loam,clay loam,2.095851314,1.360494846,283.1558031,8.204714845,0.00656077,3.555743617,100442.297,319.6658629,115.4049162,,1971,2014,44,0.797260274,493,486,172,44,11.20454545,11.04545455,3.909090909,2.727970915,0.722103335,,2015,2019,5,0.24109589,56,56,20,5,11.2,11.2,4,2.854016989,0.599664872
1087,Annual,1,Lechlade Ski Jump,417530,200470,51.702695,-1.747725,Oolites,clay,clay,1.898798087,1.402892781,283.1431457,7.673734289,0.006541293,3.774745437,100482.1371,321.2899406,116.6625524,,2004,2014,11,0.254794521,117,114,41,11,10.63636364,10.36363636,3.727272727,0.462699982,0.152073741,,2015,2019,5,0.246575342,55,54,20,5,11,10.8,4,0.449621505,0.141079194
1088,Multiannual,7.1,Patshull,381185,300905,52.605589,-2.279252,Triassic Sandstone,sand,loamy sand,1.857747458,1.361354798,282.7914016,7.724265635,0.006404301,3.914905609,100176.4179,321.1097611,111.8931154,,1987,2014,28,1.169863014,313,302,107,27,11.59259259,11.18518519,3.962962963,0.689100106,0.34086033,,2015,2019,5,0.323287671,53,50,20,5,10.6,10,4,0.637705809,0.292398047
1093,Multiannual,7.1,River Hill,507980,215060,51.823731,-0.43465,Chalk,sandy clay loam,clay loam,1.918232863,1.473797043,282.7997812,7.768495066,0.006394896,4.491937271,99954.7748,318.5461074,118.2550346,,1993,2014,22,0.328767123,3039,242,87,22,138.1363636,11,3.954545455,2.92138285,1.810244517,,2015,2019,5,0.046575342,1620,60,20,5,324,12,4,5.202834845,1.719758161
1097,Annual,1,Summerdown Farm,421899,155400,51.297305,-1.687288,Chalk,loam,,2.240099308,1.40347883,282.7371893,7.947018429,0.006455779,3.674493535,99532.50685,318.5240697,120.8241219,,1992,2014,23,0.517808219,264,252,91,23,11.47826087,10.95652174,3.956521739,11.52845505,3.63643423,,2015,2019,5,0.243835616,50,46,20,5,10,9.2,4,13.1080505,3.650414711
1100,Multiannual,7.1,Hughenden Church,486475,195515,51.65178,-0.751439,Chalk,sandy clay loam,clay loam,2.108283446,1.407507119,282.9528899,8.020335061,0.00645695,3.672439834,100175.5411,319.3059677,118.0357234,,1995,2014,20,1.263013699,197,188,69,19,10.36842105,9.894736842,3.631578947,8.980883762,0.651142808,,2015,2019,5,0.24109589,55,55,20,5,11,11,4,9.446593037,0.657538259
1104,Multiannual,7.1,Waterditch Farm,593350,152390,51.237917,0.768431,Lower Greensand,sandy clay loam,clay loam,2.128938697,1.427944079,282.6123303,7.311773177,0.006485612,5.382040319,99158.17537,316.1803218,117.2724402,,1984,2014,31,1.093150685,322,296,113,31,10.38709677,9.548387097,3.64516129,78.8761597,0.352154014,,2015,2019,5,0.353424658,50,50,20,5,10,10,4,78.894351,0.334943816
1112,Annual,1,Hamsey Place Farm,541193,112242,50.892408,0.00619,Chalk,loam,loam,2.405387718,1.382979457,283.6972662,5.778736839,0.006819184,3.518859332,101348.7314,320.9264765,120.0804226,,1975,2014,40,0.550684932,404,382,158,40,10.1,9.55,3.95,6.799595367,0.412800825,,2015,2019,5,0.164383562,59,59,20,5,11.8,11.8,4,6.690323258,0.422999983
1113,Annual,1,Mace Farm,544973,160614,51.326151,0.079318,Chalk,sandy clay loam,clay loam,2.160800964,1.380258894,282.7493934,8.253918987,0.006453051,4.416550488,99578.6117,317.0766624,113.413295,,1993,2014,22,0.408219178,259,228,86,22,11.77272727,10.36363636,3.909090909,57.71319005,0.966019013,,2015,2019,5,0.268493151,57,57,20,5,11.4,11.4,4,57.93548769,0.759745709
1126,Annual,1,Brookside Blewbury,452805,185805,51.568647,-1.23952,Chalk,loam,loam,1.881609354,1.382063753,283.1260661,7.708993464,0.006525436,3.672636928,100453.8186,320.4756155,115.1566189,,1988,2014,27,0.802739726,460,296,103,27,17.03703704,10.96296296,3.814814815,3.15722169,0.407886583,,2015,2019,5,0.136986301,60,60,20,5,12,12,4,3.06446082,0.226338242
1138,Annual,1,Cherry Tree,471545,410005,53.581753,-0.920817,Triassic Sandstone,sandy loam,sandy clay loam,1.603021019,1.437731499,282.8786322,7.308882087,0.006351436,4.711618154,101281.3065,320.9615529,112.4324926,,1971,2014,44,0.671232877,904,502,174,44,20.54545455,11.40909091,3.954545455,2.884281203,0.627008015,,2015,2019,5,0.189041096,57,56,20,5,11.4,11.2,4,3.122744369,0.202468302
1153,Multiannual,7.1,Teynham,595660,163490,51.336819,0.807556,Chalk,loam,clay loam,1.650313238,1.406523024,283.6566269,7.311773177,0.006759917,3.905945479,101281.0089,321.1331098,117.0577753,,1982,2014,33,1.306849315,364,311,124,33,11.03030303,9.424242424,3.757575758,2.019751105,0.280265117,,2015,2019,5,0.243835616,55,55,20,5,11,11,4,1.974355501,0.186796924
1171,Annual,1,Swanbourne South,501160,108370,50.865993,-0.563861,Chalk,clay,clay,2.301498909,1.488830233,283.459083,6.021393112,0.006712237,4.176824737,100896.0027,319.8813778,126.3277554,,1977,2014,38,0.780821918,3907,417,147,38,102.8157895,10.97368421,3.868421053,7.812052961,0.350142478,,2015,2019,5,0.498630137,1442,50,18,5,288.4,10,3.6,8.028364043,0.347687214
1176,Annual,1,Foxton,542347,246775,52.100996,0.076824,Chalk,sandy loam,sandy loam,1.481433012,1.429939427,283.354345,7.940990308,0.006530967,3.895374082,101238.2511,320.980483,114.756971,,1999,2014,16,0.41369863,165,164,62,16,10.3125,10.25,3.875,8.288024821,1.28691126,,2015,2019,5,0.24109589,52,52,20,5,10.4,10.4,4,8.901543469,1.171164314
1178,Annual,1,South Charford Farm,415298,120231,50.981283,-1.783446,Chalk,loam,clay loam,2.294598357,1.437986719,283.3695647,7.384454044,0.006665454,3.599493743,100636.0107,320.8043273,123.7466131,,2000,2014,15,0.517808219,156,146,55,15,10.4,9.733333333,3.666666667,21.8818367,2.074225411,,2015,2019,5,0.136986301,54,53,20,5,10.8,10.6,4,22.02415151,1.753766836
1197,Multiannual,8.5,Well House,568960,157070,51.2877,0.421603,Lower Greensand,sandy clay loam,clay loam,1.8607824,1.378194233,283.4324394,8.253918987,0.00667452,3.745072859,100942.7279,320.1086193,115.9137698,,1972,2014,43,1.668493151,458,451,161,42,10.9047619,10.73809524,3.833333333,17.56665574,0.345309327,,2015,2019,5,0.131506849,61,60,20,5,12.2,12,4,17.79150612,0.226804923
1209,Annual,1,Highcliffe Farm,408195,371355,53.23915,-1.878663,Carboniferous Limestone,loam,loam,3.420864076,1.296442633,281.1493985,6.465172406,0.005894255,3.838907982,97405.34828,313.5213799,111.335276,,1976,2014,39,0.493150685,662,437,152,39,16.97435897,11.20512821,3.897435897,86.1062802,7.531066188,,2015,2019,5,0.578082192,54,54,19,5,10.8,10.8,3.8,86.09360089,7.463201809
1218,Annual,1,Charlton Road,488695,113025,50.909886,-0.739813,Chalk,loam,clay loam,2.683321731,1.416216917,283.1363153,6.021393112,0.00660312,3.433398049,100238.3725,318.5842394,124.4239892,,1981,2014,34,0.476712329,337,298,130,34,9.911764706,8.764705882,3.823529412,2.774113119,1.90675861,,2015,2019,5,0.167123288,68,59,20,5,13.6,11.8,4,2.965039546,1.919001974
1219,Annual,1,Elmswell Hall,499533,458169,54.009939,-0.482672,Chalk,sandy loam,sandy loam,1.865636455,1.382158607,282.4975268,6.532711498,0.006285454,4.135553614,100547.6375,318.790225,114.8885091,,1983,2014,32,0.665753425,6452,363,123,32,201.625,11.34375,3.84375,5.602743048,1.172818868,,2015,2019,5,0.071232877,1800,60,20,5,360,12,4,5.465305664,1.200723008
1221,Annual,1,Broomscot,600320,280514,52.38599,0.942173,Chalk,clay loam,sandy clay loam,1.700454777,1.444057416,283.2347917,7.966193337,0.006525355,4.270187181,101270.6003,319.8995565,116.3638303,,1982,2014,33,0.939726027,390,364,125,33,11.81818182,11.03030303,3.787878788,3.308462957,0.282059242,,2015,2019,5,0.205479452,57,56,20,5,11.4,11.2,4,3.354705062,0.188414355
1229,Annual,1,Beehive Cottage,372065,225055,51.923302,-2.407611,Triassic Sandstone,loam,clay loam,2.074263306,1.421470611,283.2937143,7.367098251,0.006608855,3.951347758,100832.6742,322.8134155,117.753214,,1973,2014,42,0.504109589,653,476,167,42,15.54761905,11.33333333,3.976190476,8.484886659,0.552434014,,2015,2019,5,0.490410959,53,47,19,5,10.6,9.4,3.8,8.418195625,0.512955404
1231,Annual,1,Tewin Water,525725,214639,51.816241,-0.17746,Chalk,loam,loam,1.749347996,1.434794038,283.1806465,7.768495066,0.006502129,3.763866637,100709.3001,320.0490846,117.5667559,,1986,2014,29,1.005479452,285,282,107,29,9.827586207,9.724137931,3.689655172,7.132129646,0.301886821,,2015,2019,5,0.331506849,51,51,20,5,10.2,10.2,4,7.136975879,0.156831615
1239,Multiannual,7.1,London Road Little Missenden,490487,199850,51.690116,-0.692342,Chalk,sandy clay loam,clay loam,2.1408186,1.379612198,282.7921438,8.020335061,0.006407819,3.683228006,99869.74202,318.5470905,115.2904852,,1991,2014,24,0.717808219,497,269,91,24,20.70833333,11.20833333,3.791666667,1.698999955,0.926750449,,2015,2019,5,0.230136986,82,50,20,5,16.4,10,4,1.916496151,0.493946881
1240,Annual,1,Dalton Middle,490319,451402,53.950829,-0.625228,Chalk,loam,loam,2.034706947,1.394866448,282.1016331,7.308882087,0.006164426,4.82987338,100062.4782,317.0502282,114.6395084,,1984,2014,31,1.243835616,344,333,117,31,11.09677419,10.74193548,3.774193548,87.93383018,2.999131137,,2015,2019,5,0.167123288,58,58,20,5,11.6,11.6,4,87.71222633,3.03621305
1246,Decadal,42.7,Leeds Trident,428456,434151,53.802872,-1.56941,Unallocated to aquifers,loam,clay loam,1.875386327,1.364049042,282.5690806,6.615016949,0.006243574,3.820575293,100717.4748,320.055809,111.7826118,,1971,2014,44,0.326027397,507,499,175,44,11.52272727,11.34090909,3.977272727,3.707221451,0.47520071,,2015,2019,5,0.254794521,55,53,20,5,11,10.6,4,3.977121755,0.170701421
1250,Annual,1,Ashton Farm,366155,88067,50.691258,-2.480502,Chalk,loam,loam,2.787224465,1.506293522,283.2210416,7.594616927,0.006677923,4.477417527,100143.2952,319.9665585,129.0467604,,1992,2014,23,0.01369863,8325,275,92,23,361.9565217,11.95652174,4,3.977500573,2.284135232,,2015,2019,5,0.01369863,1813,60,20,5,362.6,12,4,3.958884846,2.182857312
1252,Annual,1,New Buildings,384085,85589,50.669745,-2.226562,Chalk,sandy loam,sandy loam,2.59438489,1.436548067,283.5590792,7.594616927,0.006763459,4.37744217,100850.297,321.1958824,120.5426287,,1992,2014,23,0.479452055,258,249,88,23,11.2173913,10.82608696,3.826086957,11.08939756,1.295170632,,2015,2019,5,0.473972603,46,45,19,5,9.2,9,3.8,11.0942223,0.986682231
1253,Annual,1,Tresillian,529927,236255,52.00952,-0.10839,Chalk,sandy loam,sandy loam,1.665139912,1.393112699,283.0267926,7.96195184,0.006443625,3.83169606,100491.6747,319.5297015,113.1839329,,1999,2014,16,0.843835616,148,146,58,16,9.25,9.125,3.625,21.74174913,4.75214846,,2015,2019,5,0.282191781,46,45,20,5,9.2,9,4,23.58444889,4.019208158
1266,Annual,1,Rectory Farm,546105,250196,52.130752,0.133117,Chalk,sandy loam,sandy loam,1.491804722,1.432642072,283.3779346,7.940990308,0.006536289,3.916301714,101311.1395,321.0870308,114.7444972,,1999,2014,16,0.347945205,166,165,62,16,10.375,10.3125,3.875,2.386012002,0.610957396,,2015,2019,5,0.273972603,50,50,20,5,10,10,4,2.64082405,0.522553117
1270,Multiannual,7.1,Plaistowes Farm,512008,204631,51.729209,-0.379591,Chalk,sandy clay loam,clay loam,1.891925378,1.420428552,282.9766639,7.768495066,0.006453161,3.7134074,100253.0074,319.1662198,117.8174344,,1986,2014,29,0.501369863,311,308,114,29,10.72413793,10.62068966,3.931034483,24.99750246,1.313923696,,2015,2019,5,0.260273973,52,52,20,5,10.4,10.4,4,25.97386902,0.727085859
1282,Annual,1,Middledale,503845,465217,54.072411,-0.414492,Chalk,loam,clay loam,1.956823981,1.384238995,282.2779449,6.532711498,0.006236158,4.169368415,100168.985,317.7011641,116.9059051,,1979,2014,36,0.764383562,1307,403,140,36,36.30555556,11.19444444,3.888888889,17.13189716,2.864474986,,2015,2019,5,0,1826,60,20,5,365.2,12,4,17.41651687,2.486251344
1284,Annual,1,Queens Park High School,340881,365818,53.186143,-2.886164,Triassic Sandstone,loam,clay loam,1.890259407,1.361256419,283.0893194,6.868870948,0.006473608,3.946828197,101123.4757,323.03758,110.7891837,,2004,2014,11,0.509589041,3509,119,41,11,319,10.81818182,3.727272727,12.45923265,0.238719559,,2015,2019,5,0,1826,60,20,5,365.2,12,4,12.37120393,0.200911417
1286,Annual,0.4,Cothill Quarry,445765,199015,51.688028,-1.339363,Corallian Limestone,sandy loam,sandy loam,1.693039119,1.404969245,283.1111079,7.708993464,0.006514142,3.712942664,100488.5816,320.7396295,116.7184483,,2001,2014,14,0.347945205,160,156,54,14,11.42857143,11.14285714,3.857142857,5.36969806,0.547479562,,2015,2019,5,0.860273973,49,49,18,5,9.8,9.8,3.6,5.487270764,0.563006004
1290,Annual,1,Old Foundry Cottages,411329,127124,51.043356,-1.839771,Chalk,loam,,2.340851081,1.467280032,283.2359615,7.947018429,0.006624366,4.390245764,100419.3435,320.4037842,122.2004918,,1992,2014,23,0.509589041,250,245,91,23,10.86956522,10.65217391,3.956521739,19.85956804,0.83119537,,2015,2019,5,0.221917808,53,51,20,5,10.6,10.2,4,20.15273257,1.096146524
1298,Annual,1,Lower Standean,531477,110750,50.88129,-0.132412,Chalk,loam,,2.417662072,1.347697138,282.9761142,5.977641657,0.006602056,4.23682634,99924.84993,317.5111855,115.9398089,,1979,2014,36,0.342465753,414,380,140,36,11.5,10.55555556,3.888888889,30.96592078,7.050434444,,2015,2019,5,0.17260274,59,58,20,5,11.8,11.6,4,32.37067678,6.726010653
1302,Annual,1,Dirtness,474955,409795,53.57939,-0.869372,Triassic Sandstone,sandy loam,sandy clay loam,1.59486751,1.439927952,282.8861695,7.308882087,0.006355534,4.722616611,101295.0725,320.9542031,112.6531022,,1994,2014,21,1.106849315,231,229,79,21,11,10.9047619,3.761904762,3.466576524,0.329469528,,2015,2019,5,0.22739726,58,56,20,5,11.6,11.2,4,3.427310215,0.227060849
1304,Multiannual,7.1,Wilderness Nackington,615432,155355,51.256636,1.086079,Lower Greensand,sandy loam,sandy loam,1.960341546,1.378623136,283.3789501,6.381855311,0.006736035,4.034321282,100634.1999,319.8659945,117.0881104,,1971,2014,44,2.767123288,386,360,144,40,9.65,9,3.6,39.45749303,0.67778631,,2015,2019,5,0.249315068,58,57,20,5,11.6,11.4,4,39.45426363,0.761299912
1309,Annual,1,Ashington Jinkes Farm,511805,115445,50.927631,-0.410489,Lower Greensand,sandy loam,sandy loam,2.537922873,1.410398005,283.4358144,5.977641657,0.006701659,4.210481625,100838.0259,319.8511061,117.7682901,,1977,2014,38,0.471232877,417,410,148,38,10.97368421,10.78947368,3.894736842,10.21820129,1.60404719,,2015,2019,5,0.205479452,54,53,20,5,10.8,10.6,4,9.974585515,1.606319396
1315,Annual,1,Stancombe Farm,435323,182350,51.538946,-1.492082,Chalk,loam,loam,2.04526428,1.435027662,282.5352933,7.708993464,0.006370598,4.453080009,99244.181,317.8816633,118.6737693,,1971,2014,44,1.01369863,1976,475,166,44,44.90909091,10.79545455,3.772727273,40.83310908,5.095503683,,2015,2019,5,0.2,795,58,20,5,159,11.6,4,42.65168529,4.823390853
1320,Annual,1,Arkesden,548197,234466,51.988875,0.156837,Lower Greensand,clay,clay,1.744261914,1.481413512,282.9609163,7.991563422,0.00643051,4.636218368,100373.2546,318.8947316,117.1804972,,1999,2014,16,0.265753425,176,175,63,16,11,10.9375,3.9375,19.6011842,1.72570161,,2015,2019,5,0.175342466,48,48,18,5,9.6,9.6,3.6,20.13482056,1.759055625
1322,Annual,0.8,East Lane Ovington,457055,131715,51.081923,-1.186851,Chalk,sandy clay loam,clay loam,2.291349946,1.353732207,283.2945369,8.220511404,0.006620537,3.521979056,100637.3378,320.138512,115.4271258,,2001,2014,14,0.180821918,152,150,53,14,10.85714286,10.71428571,3.785714286,26.90842873,0.239133325,,2015,2019,5,0.18630137,58,58,20,5,11.6,11.6,4,26.92728989,0.201824098
1326,Multiannual,7.1,Pump Close,568642,158394,51.299688,0.417672,Lower Greensand,sandy clay loam,clay loam,1.836549259,1.387616146,283.5165283,8.253918987,0.006696362,3.747560961,101115.8834,320.5138896,116.357586,,1972,2014,43,0.739726027,475,466,167,43,11.04651163,10.8372093,3.88372093,4.824497758,0.622059131,,2015,2019,5,0.18630137,58,58,20,5,11.6,11.6,4,4.894372531,0.401961932
1330,Multiannual,6.1,Lime Kiln Way,337656,106710,50.856524,-2.88709,Triassic Sandstone,sandy loam,sandy loam,2.80230637,1.445871764,283.2115977,6.825736699,0.00669697,3.945807548,100132.3395,320.7828949,126.6590963,,1971,2014,44,0.734246575,4464,508,174,44,101.4545455,11.54545455,3.954545455,2.860530082,0.612398161,,2015,2019,5,0.032876712,1605,60,20,5,321,12,4,3.094728664,0.389690505
1338,Annual,1,Thurning Road,604500,329590,52.825013,1.03382,Chalk,loam,loam,1.97002645,1.471346091,282.8119132,7.174165862,0.006444417,5.239588119,100706.9612,318.3322462,118.3594386,,1984,2013,30,0.197260274,331,327,114,30,11.03333333,10.9,3.8,0.38135589,0.39380655,,2015,2019,5,0.342465753,45,44,19,5,9,8.8,3.8,0.410472372,0.320308802
1359,Annual,1,The Arms,587801,297801,52.545651,0.76818,Chalk,sand,sand,1.845788666,1.486533462,283.0210852,7.663905529,0.006458587,5.009706614,100825.2078,319.2263703,116.5053872,,1999,2014,16,0.350684932,387,175,63,16,24.1875,10.9375,3.9375,27.3140333,1.217363061,,2015,2019,5,0.131506849,558,54,20,5,111.6,10.8,4,27.17585583,1.231343568
1362,Annual,1,Stanmoor Hall,545393,248320,52.114085,0.121922,Chalk,loamy sand,sandy loam,1.492463686,1.426901622,283.3362305,7.940990308,0.006525723,3.910662156,101212.6305,320.8682661,114.4537923,,1999,2014,16,0.252054795,170,168,63,16,10.625,10.5,3.9375,6.427313464,0.441759787,,2015,2019,5,0.273972603,46,46,20,5,9.2,9.2,4,6.55533904,0.510295329
1374,Annual,1,Bosham Newells Lane,480015,105855,50.84669,-0.864813,Chalk,loam,clay loam,2.063306882,1.39524917,283.7376762,6.021393112,0.006782287,3.408671405,101433.216,321.3107796,120.2648271,,1979,2014,36,0.654794521,377,333,134,36,10.47222222,9.25,3.722222222,5.296488268,0.385370367,,2015,2019,5,0.397260274,56,56,19,5,11.2,11.2,3.8,5.212579117,0.338054109
1375,Annual,1,Red House,579730,116545,50.920369,0.555725,Corallian Limestone,loam,loam,2.331815863,1.391605816,283.522118,7.116344151,0.006828177,3.715416945,100972.8936,320.2630599,122.190988,,1973,2014,42,1.717808219,349,344,151,40,8.725,8.6,3.775,13.24177212,1.427477021,,2015,2019,5,0.128767123,60,60,20,5,12,12,4,13.38567565,1.382662126
1378,Multiannual,7.1,Bryants Heath 1,625865,329195,52.812949,1.35009,Crag,loam,clay loam,1.79280709,1.481019959,282.9732513,7.174165862,0.006524584,5.395138267,101062.5768,318.8761379,119.8576394,,1996,2014,19,0.682191781,173,170,73,19,9.105263158,8.947368421,3.842105263,2.126830456,0.457650574,,2015,2019,5,0.35890411,45,45,20,5,9,9,4,2.38055878,0.210195676
1390,Annual,1,Barnsheath Farm,432835,310105,52.687636,-1.515672,Triassic Sandstone,loam,loam,1.783999256,1.39631938,282.7717773,7.555826268,0.006357606,3.849666161,100302.8265,320.5874513,113.8622935,,1978,2014,37,0.668493151,688,407,142,37,18.59459459,11,3.837837838,2.591241522,0.555122915,,2015,2019,5,0.230136986,53,48,19,5,10.6,9.6,3.8,2.194381331,0.417117198
1392,Annual,1,South Wold Farm,492272,444136,53.8852,-0.597668,Chalk,loam,,1.955130167,1.417129132,282.3441798,7.308882087,0.006230462,4.835052433,100505.1977,318.1685876,115.3520112,,1980,2014,35,1.052054795,400,384,134,35,11.42857143,10.97142857,3.828571429,34.03475562,3.542717105,,2015,2019,5,0.117808219,60,60,20,5,12,12,4,33.51988062,3.664742465
1394,Annual,1,North Bottom,532167,111856,50.891073,-0.12221,Chalk,loam,clay loam,2.564680494,1.371376118,282.7422242,5.977641657,0.006533932,4.997935436,99456.63706,316.4260587,115.1462088,,1979,2014,36,0.77260274,370,348,138,36,10.27777778,9.666666667,3.833333333,46.78986849,6.29483147,,2015,2019,5,0.17260274,59,58,20,5,11.8,11.6,4,47.49851897,6.341528072
1396,Annual,1,Hill Top Farm,429013,451669,53.960285,-1.559301,Unallocated to aquifers,loam,clay loam,2.263469303,1.400136798,281.9995656,6.615016949,0.00608547,4.564619764,99689.82581,317.3506988,113.5875383,,1973,2014,42,0.367123288,464,458,164,42,11.04761905,10.9047619,3.904761905,28.01705621,0.359065436,,2015,2019,5,0.380821918,51,44,19,5,10.2,8.8,3.8,27.86615484,0.368050445
1409,Annual,1,Allington Down,407385,165585,51.389256,-1.895248,Chalk,loam,clay loam,2.172165761,1.424391782,282.4170773,7.947018429,0.006367823,5.253579587,98920.68093,317.3953562,115.7426339,,1984,2014,31,0.564383562,347,331,123,31,11.19354839,10.67741935,3.967741935,37.70288751,5.27791878,,2015,2019,5,0.145205479,55,55,19,5,11,11,3.8,38.65368709,5.368948051
1411,Annual,1,Thriplow Road,543806,248739,52.118264,0.098939,Chalk,sandy loam,sandy loam,1.485182605,1.432549021,283.3792768,7.940990308,0.006537095,3.904141069,101301.7108,321.1040662,114.8103925,,1999,2014,16,0.252054795,171,169,63,16,10.6875,10.5625,3.9375,2.453127829,0.59584756,,2015,2019,5,0.24109589,51,51,20,5,10.2,10.2,4,2.650162573,0.527268064
1412,Multiannual,7.1,Noke Cottage,574148,171668,51.417273,0.503066,Chalk,sandy loam,sandy loam,1.647505683,1.427360274,283.5901777,7.311773177,0.006697703,3.808213878,101179.0577,320.9345385,118.0838427,,1989,2014,26,0.547945205,267,264,101,26,10.26923077,10.15384615,3.884615385,17.20709161,0.298092751,,2015,2019,5,0.120547945,60,60,20,5,12,12,4,17.15764591,0.256475253
1413,Annual,1,Broadway Lane,601620,280454,52.384974,0.961212,Chalk,loamy sand,sandy clay loam,1.690347578,1.433219993,283.1639199,7.966193337,0.006506736,4.276263911,101125.6165,319.5524711,115.610932,,1999,2014,16,0.260273973,183,180,63,16,11.4375,11.25,3.9375,14.70484864,0.269019019,,2015,2019,5,0.594520548,42,42,18,5,8.4,8.4,3.6,14.75890797,0.193796068
1414,Annual,1,Button Fen,568982,309796,52.659542,0.49707,Oolites,loam,clay loam,1.701229755,1.434918326,283.1983973,7.57460208,0.006494324,4.191316136,101341.9048,320.4478603,115.1354909,,1999,2014,16,0.271232877,179,177,63,16,11.1875,11.0625,3.9375,2.004946325,0.289388581,,2015,2019,5,0.520547945,35,35,18,5,7,7,3.6,2.283851353,0.422686645
1416,Annual,1,Mill Farm Ewen,400092,197331,51.674743,-2.000061,Oolites,clay,clay,2.175265673,1.401431592,283.0280677,7.367098251,0.006525936,3.824713208,100187.8878,320.9150899,117.4384428,,1978,2014,37,1.243835616,5608,402,141,36,155.7777778,11.16666667,3.916666667,1.63915981,0.468696574,,2015,2019,5,0.260273973,1702,58,20,5,340.4,11.6,4,1.623365497,0.547024414
1431,Annual,1,St Michaels Farm,377065,266845,52.299237,-2.337735,Unallocated to aquifers,loam,clay loam,2.013968164,1.490011061,282.8095726,7.636595673,0.006438534,4.694924106,100032.8655,320.9379837,120.8495873,,1973,2014,42,1.663013699,601,441,158,42,14.30952381,10.5,3.761904762,39.20643495,0.586704475,,2015,2019,5,0.219178082,55,46,20,5,11,9.2,4,38.82749743,0.356569328
1432,Multiannual,7.1,Kingston Middle Road,523387,105358,50.834608,-0.249169,Chalk,loam,,2.013360248,1.377183366,283.6917808,5.977641657,0.006808424,3.445890869,101361.507,320.8096194,119.9728046,,1980,2014,35,0.380821918,382,374,138,35,10.91428571,10.68571429,3.942857143,5.628162261,0.94032583,,2015,2019,5,0.191780822,58,58,20,5,11.6,11.6,4,5.832810212,0.592704081
1445,Multiannual,7.1,Liphook Golf Club,483465,129525,51.059005,-0.8104,Lower Greensand,sand,sand,2.534024779,1.395946092,283.0372296,8.204714845,0.006551036,4.242089737,100144.6018,318.5315437,116.2373023,,1994,2014,21,1.076712329,204,197,79,21,9.714285714,9.380952381,3.761904762,17.31426498,1.16301496,,2015,2019,5,0.246575342,53,53,20,5,10.6,10.6,4,17.16219136,1.079017656
1457,Multiannual,7.1,Sankyn Green,379395,264685,52.279911,-2.303436,Triassic Sandstone,clay,clay,1.899721562,1.419620496,283.1076779,7.636595673,0.006520235,3.930594091,100628.8282,322.3070406,117.0222753,,1975,2014,40,0.405479452,601,454,158,40,15.025,11.35,3.95,25.26836842,0.690930704,,2015,2019,5,0.528767123,46,39,19,5,9.2,7.8,3.8,25.2674974,0.770598054
1459,Annual,1,Wetherby Racecourse,442275,448573,53.93155,-1.357618,Magnesian Limestone,loam,clay loam,1.835681469,1.405878185,282.6185555,7.197851421,0.006256848,4.609448252,101048.6408,320.1010342,111.1522376,,1981,2014,34,0.22739726,380,380,133,34,11.17647059,11.17647059,3.911764706,16.79278807,0.66027008,,2015,2019,5,0.208219178,56,55,20,5,11.2,11,4,16.70702868,0.481081769
1460,Annual,1,Lopham Road,600337,285230,52.428324,0.945243,Chalk,loam,clay loam,1.706390087,1.483663553,283.1114224,7.966193337,0.006492433,5.043560471,101063.4694,319.3657764,116.1315221,,1999,2014,16,0.153424658,187,183,63,16,11.6875,11.4375,3.9375,22.69243575,0.843112329,,2015,2019,5,0.421917808,41,41,19,5,8.2,8.2,3.8,22.72484086,0.720774915
1467,Annual,1,Aike,504964,445759,53.897371,-0.404096,Chalk,loam,clay loam,1.756030441,1.420840703,282.7090281,6.690779161,0.00634587,4.907163403,101057.6304,319.7287727,113.6578878,,1973,2014,42,1.221917808,1334,432,154,42,31.76190476,10.28571429,3.666666667,4.079405187,0.280062328,,2015,2019,5,0.002739726,1825,60,20,5,365,12,4,4.154176097,0.226400076
1474,Annual,1,The Estate Office,591528,278307,52.369315,0.811893,Chalk,loam,clay loam,1.689990253,1.486037056,283.1331581,7.966193337,0.006488544,4.965765512,101049.1716,319.5179996,116.13917,,1999,2014,16,0.42739726,182,165,61,16,11.375,10.3125,3.8125,20.83924051,0.472557104,,2015,2019,5,0.361643836,46,41,20,5,9.2,8.2,4,21.04794572,0.439435968
1476,Annual,1,Tufton Warren Farm,447155,144755,51.200067,-1.326469,Chalk,loam,,2.148540535,1.416479931,283.1371222,8.220511404,0.006565477,4.333229851,100357.8626,319.8127527,116.2652311,,1971,2014,44,0.35890411,497,482,175,44,11.29545455,10.95454545,3.977272727,15.50946866,0.771193968,,2015,2019,5,0.156164384,59,59,20,5,11.8,11.8,4,15.53116187,0.698283528
1492,Multiannual,8.5,Hop Pole Inn,553408,168375,51.393673,0.203631,Lower Greensand,sandy loam,sandy loam,1.788681608,1.414407721,283.2446719,8.253918987,0.006586579,4.468219624,100597.7184,319.4283362,113.5855807,,1971,2014,44,0.490410959,458,450,173,44,10.40909091,10.22727273,3.931818182,30.07442202,1.698652147,,2015,2019,5,0.178082192,59,59,20,5,11.8,11.8,4,29.59692109,1.086342046
1495,Annual,1,West Dean 3,552986,99263,50.772778,0.168333,Chalk,loam,clay loam,2.169270036,1.320502341,283.5466434,5.778736839,0.00683094,4.284978772,101066.2672,320.0614125,113.2750363,,1976,2014,39,0.742465753,1251,426,149,39,32.07692308,10.92307692,3.820512821,11.01860015,0.46386264,,2015,2019,5,0.18630137,56,56,20,5,11.2,11.2,4,10.97025112,0.505256931
1503,Annual,1,Lound Low Road,469515,385155,53.3587,-0.956962,Triassic Sandstone,loamy sand,loamy sand,1.629142882,1.399013788,282.9531309,7.688458873,0.006374185,3.935306215,101308.671,321.2987096,112.823051,,1999,2014,16,0.265753425,167,161,62,16,10.4375,10.0625,3.875,3.12340421,0.220539532,,2015,2019,5,0.336986301,49,48,20,5,9.8,9.6,4,3.062593994,0.155843822
1510,Annual,1,Great Cumberwell Farm,382358,163582,51.371014,-2.254819,Oolites,loam,,2.419263073,1.409099847,283.2295046,7.555482858,0.006621564,3.83752504,100495.5025,321.4888408,119.3608205,,1971,2014,44,1.665753425,679,420,165,44,15.43181818,9.545454545,3.75,5.568577783,4.072117,,2015,2019,5,0.260273973,47,45,20,5,9.4,9,4,5.173151886,4.3076341
1520,Annual,1,Keepers Lodge,566057,312819,52.687595,0.455388,Oolites,loam,clay loam,1.698501089,1.435636627,283.2053753,7.57460208,0.006494701,4.185465151,101381.2907,320.5528421,115.1911289,,1999,2014,16,0.364383562,162,161,61,16,10.125,10.0625,3.8125,1.709876835,0.556327119,,2015,2019,5,0.391780822,48,48,20,5,9.6,9.6,4,1.589205539,0.434967621
1523,Multiannual,7.1,Bush Road,569586,167144,51.378014,0.435364,Chalk,loam,,1.792533295,1.446451917,283.3536575,8.253918987,0.006633188,3.774786214,100806.3611,319.8153888,121.8815104,,1982,2014,33,0.550684932,353,344,129,33,10.6969697,10.42424242,3.909090909,15.39421374,2.147737215,,2015,2019,5,0.128767123,60,60,20,5,12,12,4,16.18129778,2.381063115
1525,Annual,1,Longridge,387896,209181,51.781153,-2.176849,Triassic Sandstone,loam,,2.228609214,1.322847936,282.857604,7.367098251,0.006480826,3.880251716,99890.6537,320.4106058,110.492867,,1995,2014,20,1.62739726,191,182,73,19,10.05263158,9.578947368,3.842105263,26.8754968,0.185438774,,2015,2019,5,0.326027397,44,38,19,5,8.8,7.6,3.8,26.92855249,0.20137954
1527,Annual,1,Hutton,502901,453499,53.967323,-0.432875,Chalk,loam,clay loam,1.790946213,1.410128929,282.6153898,6.690779161,0.006320289,4.904300568,100924.8842,319.3108091,113.3807622,,1983,2014,32,1.243835616,352,341,121,32,11,10.65625,3.78125,2.610543666,0.228718553,,2015,2019,5,0.167123288,58,58,20,5,11.6,11.6,4,2.520548564,0.260821042
1530,Multiannual,7.1,Therfield Rectory,533558,236982,52.015192,-0.055236,Chalk,loamy sand,sandy loam,1.725119493,1.417426707,282.5925199,7.96195184,0.00632316,4.599922087,99617.89127,317.426596,112.2948249,,1971,2014,44,0.975342466,866,495,172,44,19.68181818,11.25,3.909090909,74.99287666,4.831136898,,2015,2019,5,0.093150685,89,60,20,5,17.8,12,4,77.4507286,3.676720513
1531,Multiannual,7.1,Hambledon School,496755,138955,51.141693,-0.618294,Lower Greensand,sand,sand,2.3020697,1.390383588,283.1518302,8.204714845,0.006574063,4.27329491,100409.4964,319.1247988,114.1771976,,1976,2014,39,0.405479452,450,435,151,39,11.53846154,11.15384615,3.871794872,6.687911789,0.837009858,,2015,2019,5,0.15890411,59,59,20,5,11.8,11.8,4,6.7938229,0.612947865
1532,Annual,1,Yatesbury,406590,171730,51.444518,-1.906561,Chalk,loam,,2.190528561,1.426289421,282.6838762,7.947018429,0.006440232,4.513672618,99480.52145,318.7752243,118.4283635,,1971,2014,44,1.01369863,2044,488,168,43,47.53488372,11.34883721,3.906976744,14.77969159,4.543848502,,2015,2019,5,0.260273973,908,56,20,5,181.6,11.2,4,15.30627841,4.383705125
1534,Multiannual,7.1,Godshill Cemetry,452305,81855,50.63405,-1.261766,Lower Greensand,sandy loam,sandy loam,2.365975219,1.397615612,283.5163475,6.127476916,0.00673906,4.109895193,100904.2027,319.8608387,118.2888282,,1981,2014,34,2.104109589,365,361,128,33,11.06060606,10.93939394,3.878787879,12.59457606,0.654534512,,2015,2019,5,0.18630137,59,59,20,5,11.8,11.8,4,12.72347599,0.599825599
1539,Annual,1,Claydon Fishery,418960,200040,51.698783,-1.727056,Oolites,loam,loam,1.867288505,1.40363363,283.1461218,7.673734289,0.006541357,3.772094484,100488.9175,321.2912711,116.6998349,,2004,2014,11,0.17260274,119,116,41,11,10.81818182,10.54545455,3.727272727,0.753047428,0.148965029,,2015,2019,5,0.326027397,47,46,19,5,9.4,9.2,3.8,0.746244281,0.120749883
1548,Annual,0.3,Kingscote,381085,196695,51.668702,-2.274895,Oolites,loam,,2.572898973,1.450703467,282.2327587,7.367098251,0.006319441,5.404241668,98565.31083,317.3435024,118.9419395,,1994,2014,21,0.602739726,233,223,80,21,11.0952381,10.61904762,3.80952381,7.781324029,0.338435424,,2015,2019,5,0.161643836,58,48,20,5,11.6,9.6,4,7.773264979,0.301679455
1550,Annual,1,Squirrels Corner,402463,115033,50.934736,-1.966314,Chalk,loam,,2.417365073,1.472054173,283.239196,7.384454044,0.006639417,4.39019568,100338.1447,320.2493879,123.4182462,,1976,2014,39,0.663013699,462,429,150,39,11.84615385,11,3.846153846,21.31850939,3.496184703,,2015,2019,5,0.17260274,54,52,20,5,10.8,10.4,4,21.47296105,3.364744455
1562,Multiannual,7.1,Chalfont St Peter,500079,191108,51.609914,-0.556121,Chalk,sandy loam,sandy loam,1.974866583,1.465524473,283.1388649,8.020335061,0.006510887,4.42252889,100529.2461,319.9233005,117.1884835,,1991,2014,24,0.128767123,515,279,93,24,21.45833333,11.625,3.875,3.93518381,1.446701612,,2015,2019,5,0.326027397,74,46,20,5,14.8,9.2,4,4.678102729,0.766327796
1584,Annual,1,Northington Down Farm,455355,137395,51.133159,-1.210249,Chalk,loam,,2.252341174,1.408518614,283.0285911,8.220511404,0.00653912,4.297346123,100118.6822,319.0344381,116.5705102,,2001,2014,14,0.315068493,156,153,52,14,11.14285714,10.92857143,3.714285714,41.52814659,0.824331207,,2015,2019,5,0.123287671,60,60,20,5,12,12,4,41.83944147,0.74139613
1591,Annual,1,Vinney Ridge,426035,105775,50.850909,-1.631527,Chalk,sand,sand,2.45642953,1.42084649,283.5894135,7.384454044,0.006736116,3.51626167,101046.3592,321.2926696,122.3545706,,2002,2014,13,0.230136986,145,142,52,13,11.15384615,10.92307692,4,1.282721578,0.24779557,,2015,2019,5,0.536986301,44,43,18,5,8.8,8.6,3.6,1.326299948,0.278799355
1597,Annual,1,Uppark Deerkeepers,477825,116540,50.943054,-0.89364,Chalk,loam,loam,2.742507772,1.44727719,283.1319728,6.021393112,0.006593166,4.202794091,100226.4923,318.7502767,122.1481503,,1976,2014,39,2.112328767,363,343,140,38,9.552631579,9.026315789,3.684210526,35.82932146,0.576783518,,2015,2019,5,0.194520548,56,56,20,5,11.2,11.2,4,35.99167191,0.27422037
1600,Multiannual,7.1,Conyer Farm,596989,163608,51.33742,0.826676,Chalk,loam,clay loam,1.655654554,1.414768482,283.6419901,7.311773177,0.006757211,3.912281755,101250.6113,321.0633724,117.9290963,,1983,2014,32,1.931506849,332,303,116,31,10.70967742,9.774193548,3.741935484,0.706212209,0.16095586,,2015,2019,5,0.134246575,60,60,20,5,12,12,4,0.602308595,0.120698315
1602,Annual,1,Wykeham 1,496929,483556,54.238522,-0.514255,Corallian Limestone,sandy loam,sandy clay loam,1.936298666,1.364221449,282.3010947,7.16409579,0.006235615,4.140005645,100490.1603,317.8589273,115.4490461,,1995,2014,20,1.145205479,5061,208,72,20,253.05,10.4,3.6,17.02813559,1.167296994,,2015,2019,5,0.032876712,1810,60,20,5,362,12,4,17.17272108,1.176111292
1605,Annual,1,Eastridge Farm,429938,172448,51.450226,-1.57056,Chalk,sandy clay loam,clay loam,2.122233049,1.372965481,282.792467,7.947018429,0.006454031,3.690796532,99722.167,318.9999875,117.2437308,,1973,2014,42,1.090410959,474,457,161,42,11.28571429,10.88095238,3.833333333,64.00697667,0.992341612,,2015,2019,5,0.260273973,56,56,20,5,11.2,11.2,4,64.27713791,0.77763402
1614,Multiannual,7.1,Highlands Farm,552369,169622,51.405157,0.189244,Lower Greensand,sand,sand,1.752058099,1.383243973,283.3429979,8.253918987,0.006611994,3.712115746,100800.9282,319.9123586,115.3721784,,1971,2014,44,1.690410959,467,457,168,43,10.86046512,10.62790698,3.906976744,30.64883043,0.711797028,,2015,2019,5,0.189041096,60,59,20,5,12,11.8,4,30.44253171,0.685809558
1630,Annual,1,Harwood Avenue Branston,422455,321655,52.791991,-1.668443,Triassic Sandstone,sandy loam,sandy loam,1.803234488,1.395174648,282.9883101,7.555826268,0.006415496,3.854235785,100803.0324,321.8076867,112.8005468,,1994,2014,21,1.090410959,225,214,77,21,10.71428571,10.19047619,3.666666667,2.135733078,0.218267368,,2015,2019,5,0.169863014,59,52,20,5,11.8,10.4,4,2.12274852,0.228178277
1641,Decadal,14.2,Donkeywell,412762,203418,51.729329,-1.816613,Oolites,clay,clay,2.038721053,1.442661055,282.8921791,7.673734289,0.006472578,4.548239703,99986.18144,320.2126485,117.0705605,,1973,2014,42,0.210958904,6475,481,165,42,154.1666667,11.45238095,3.928571429,16.33216619,1.394695879,,2015,2019,5,0,1826,60,20,5,365.2,12,4,17.42347608,1.274753043
1647,Annual,1,Wash Common,445410,164780,51.380257,-1.348902,Chalk,loam,clay loam,2.129736876,1.392212132,282.9523101,8.220511404,0.006496761,3.63524232,100062.2206,319.3761006,118.3619844,,1984,2014,31,0.42739726,4103,352,123,31,132.3548387,11.35483871,3.967741935,49.09492165,1.524332849,,2015,2019,5,0.309589041,1713,57,20,5,342.6,11.4,4,49.79927862,1.504063816
1650,Annual,1,Totterdown,414445,171495,51.442261,-1.793548,Chalk,loam,loam,2.314511113,1.43675925,282.3829213,7.947018429,0.00634901,4.487168812,98885.33577,317.2538108,120.6922062,,1980,2014,35,0.876712329,349,333,127,35,9.971428571,9.514285714,3.628571429,79.30368555,3.776938733,,2015,2019,5,0.150684932,60,60,20,5,12,12,4,80.0190824,3.59600511
1653,Annual,1,Winslade Farm,465665,148295,51.23007,-1.060931,Chalk,loam,loam,2.293735206,1.400730611,282.9209916,8.220511404,0.006496056,4.314680614,99945.08468,318.6220885,115.4352441,,1971,2014,44,0.569863014,493,480,173,44,11.20454545,10.90909091,3.931818182,35.39883644,1.880284715,,2015,2019,5,0.161643836,59,59,20,5,11.8,11.8,4,35.54841494,1.570486579
1654,Multiannual,3.6,Hatton Heath,346163,361198,53.145181,-2.806349,Triassic Sandstone,sandy loam,sandy clay loam,1.902733303,1.420905529,283.0027769,6.868870948,0.006447293,4.691467964,100931.8663,322.6044953,112.3454874,,1998,2014,17,1.750684932,5099,171,59,16,318.6875,10.6875,3.6875,3.163280717,0.440867035,,2015,2019,5,0.120547945,1782,59,20,5,356.4,11.8,4,3.489012344,0.12144684
1655,Annual,1,Woldingham,535222,156951,51.295633,-0.06193,Chalk,silt loam,loam,2.233686016,1.302161745,282.8069893,8.270820006,0.006469767,3.624742556,99749.71009,317.3757476,110.9510938,,1999,2014,16,0.347945205,4587,186,64,16,286.6875,11.625,4,24.8080231,10.58601594,,2015,2019,5,0.010958904,1822,60,20,5,364.4,12,4,26.66505242,8.199464076
1656,Annual,1,Shoreham Mill Hill,521616,107233,50.851836,-0.273684,Chalk,loam,loam,2.238832428,1.441140452,283.3886748,5.977641657,0.006714389,4.202902247,100744.5832,319.4250846,122.8770796,,1977,2014,38,0.347945205,3503,412,151,38,92.18421053,10.84210526,3.973684211,32.12369589,1.58513213,,2015,2019,5,0.301369863,1688,58,20,5,337.6,11.6,4,32.31587836,1.251123396
1659,Annual,1,Clarendon 5,416320,129765,51.066985,-1.768461,Chalk,loam,loam,2.194978885,1.404418902,283.3882343,7.947018429,0.006663396,3.622544807,100740.7217,321.0989196,120.2708702,,1979,2014,36,0.517808219,420,393,140,36,11.66666667,10.91666667,3.888888889,8.256050995,0.541709444,,2015,2019,5,0.197260274,52,50,20,5,10.4,10,4,8.195274438,0.428495847
1661,Multiannual,7.1,St Marys Church Shrawley,380635,264765,52.280676,-2.285265,Triassic Sandstone,sandy loam,sandy loam,1.861979673,1.42815749,283.1509824,7.636595673,0.006531348,3.927587023,100718.1542,322.5047346,117.3902212,,1974,2014,41,0.405479452,624,459,160,41,15.2195122,11.19512195,3.902439024,17.05791036,1.050793879,,2015,2019,5,1.375342466,42,37,15,4,10.5,9.25,3.75,17.21916036,0.775812682
1662,Annual,1,Ivy Farm,430805,276665,52.387144,-1.548793,Unallocated to aquifers,sandy loam,sandy clay loam,1.881140656,1.400990135,282.8906423,7.986667603,0.006411148,3.833287667,100356.0839,320.8849391,114.6016241,,1972,2014,43,1.375342466,623,479,166,42,14.83333333,11.4047619,3.952380952,12.38876447,1.037457389,,2015,2019,5,0.657534247,51,47,18,5,10.2,9.4,3.6,12.86221788,0.82647945
1663,Multiannual,7.1,Warlaby Nook,435299,490365,54.307657,-1.458992,Triassic Sandstone,sandy loam,sandy loam,1.727059258,1.354636378,282.4552597,7.343361654,0.006196477,3.806629831,100799.3292,319.3133633,111.6516935,,1971,2014,44,0.838356164,490,483,173,44,11.13636364,10.97727273,3.931818182,13.83619474,0.342209388,,2015,2019,5,0.336986301,54,51,18,5,10.8,10.2,3.6,13.82135876,0.281011303
1664,Annual,1,Irstead gravel,637732,320410,52.729029,1.519457,Crag,loam,clay loam,1.754953825,1.484165144,283.1468032,6.523908308,0.006583023,5.449591247,101350.2106,319.4958365,119.2001381,,1998,2014,17,0.682191781,186,182,65,17,10.94117647,10.70588235,3.823529412,0.347000867,0.244568852,,2015,2019,5,0.191780822,57,57,20,5,11.4,11.4,4,0.103008224,0.248536003
1676,Annual,1,Fenside,636748,321307,52.737509,1.50556,Crag,clay loam,sandy clay loam,1.762156014,1.484032895,283.1457519,6.523908308,0.006582195,5.446094457,101358.32,319.509707,119.2049301,,1996,2014,19,0.767123288,194,191,71,19,10.21052632,10.05263158,3.736842105,0.488569083,0.112093576,,2015,2019,5,0.161643836,57,57,20,5,11.4,11.4,4,0.573132295,0.12680461
1682,Annual,1,Westfield Farm,495485,451916,53.954521,-0.546377,Chalk,loam,clay loam,1.933045616,1.403315869,282.4729172,7.308882087,0.006270657,4.859120518,100830.1871,318.7312947,113.6958173,,1973,2014,42,1.243835616,451,423,154,42,10.73809524,10.07142857,3.666666667,26.15055493,2.435119142,,2015,2019,5,0.312328767,52,52,20,5,10.4,10.4,4,25.95307753,2.664219859
1684,Multiannual,7.1,Kellys Café,439488,465767,54.086294,-1.397836,Triassic Sandstone,loam,clay loam,1.789730382,1.403007372,282.5748653,7.343361654,0.006238379,4.591616525,100867.4649,319.8988866,110.7030323,,1977,2014,38,0.630136986,435,432,150,38,11.44736842,11.36842105,3.947368421,5.502686042,0.493060138,,2015,2019,5,0.37260274,50,46,19,5,10,9.2,3.8,5.63678949,0.38362612
1688,Multiannual,3.6,Bunces Farm,593620,163880,51.341019,0.778518,Chalk,loam,clay loam,1.662545825,1.406934016,283.6459235,7.311773177,0.006753956,3.893477303,101260.4155,321.0842912,117.1188413,,1987,2014,28,0.687671233,326,289,109,28,11.64285714,10.32142857,3.892857143,0.208277909,0.223028279,,2015,2019,5,0.235616438,58,58,20,5,11.6,11.6,4,0.114334605,0.15798307
1689,Annual,1.9,Marsh Farm,506716,225249,51.915548,-0.449837,Chalk,clay,clay,1.793698081,1.402965624,282.7838315,7.768495066,0.00638325,3.760209466,99977.76542,318.6204466,116.0579502,,1989,2014,26,0.301369863,293,290,101,26,11.26923077,11.15384615,3.884615385,5.152671953,0.972604198,,2015,2019,5,0.342465753,43,41,20,5,8.6,8.2,4,5.668382723,0.63586805
1696,Annual,1,Fringford,460435,228545,51.952115,-1.122029,Oolites,loam,,1.833212675,1.445836795,282.9038028,7.708993464,0.006427868,4.505872318,100225.229,319.9635696,115.0495913,,1980,2014,35,0.657534247,4993,354,129,35,142.6571429,10.11428571,3.685714286,14.98998977,1.158330168,,2015,2019,5,0.010958904,1822,60,20,5,364.4,12,4,15.10570448,1.168323201
1700,Multiannual,7.1,Stumblewood A,540123,130835,51.05976,-0.001855,Corallian Limestone,sandy loam,sandy loam,2.393396443,1.35088463,283.0056422,8.253918987,0.006578279,4.320843794,100033.7302,317.921162,113.570924,,1994,2014,21,0.268493151,238,229,84,21,11.33333333,10.9047619,4,3.412620292,0.711328174,,2015,2019,5,0.147945205,60,60,20,5,12,12,4,3.530282757,0.524498146
1701,Multiannual,7.1,Stumblewood B,540122,130853,51.059922,-0.001862,Corallian Limestone,sandy loam,sandy loam,2.393396443,1.35088463,283.0056422,8.253918987,0.006578279,4.320843794,100033.7302,317.921162,113.570924,,1994,2014,21,0.268493151,239,230,84,21,11.38095238,10.95238095,4,5.277820072,0.778930067,,2015,2019,5,0.147945205,60,60,20,5,12,12,4,5.311668747,0.623884315
1703,Annual,1,Down Cottages,473005,149645,51.241317,-0.955552,Chalk,loam,clay loam,2.084068865,1.355894821,283.0858901,8.204714845,0.006540883,3.554833085,100301.1348,319.3221254,115.4481262,,1971,2014,44,0.254794521,564,503,176,44,12.81818182,11.43181818,4,22.51789065,1.202617578,,2015,2019,5,0.246575342,54,54,20,5,10.8,10.8,4,22.75811721,0.932509428
1707,Multiannual,7.1,Clockhouse Farm,565833,233458,51.97484,0.412956,Chalk,clay,clay,1.635254535,1.431600265,283.1011632,7.991563422,0.006476706,3.940870545,100636.1762,319.2948891,116.6022313,,1979,2013,35,1.391780822,715,356,127,35,20.42857143,10.17142857,3.628571429,8.824714507,2.833234287,,2015,2019,5,0.189041096,51,51,18,5,10.2,10.2,3.6,9.050197298,1.379713653
1715,Annual,1,White Lane Oakley,455455,152955,51.27305,-1.20642,Chalk,loam,clay loam,2.224288829,1.463260819,282.8822403,8.220511404,0.006482628,4.343297352,99881.39442,318.6838273,121.3927843,,1971,2014,44,1.416438356,459,443,163,44,10.43181818,10.06818182,3.704545455,30.95217978,2.529472845,,2015,2019,5,0.169863014,61,59,20,5,12.2,11.8,4,31.56314588,2.053707079
1717,Annual,1,The Laurels,375635,260005,52.237683,-2.358208,Triassic Sandstone,loam,clay loam,1.968963756,1.459225652,283.0001782,7.636595673,0.006497058,4.698683887,100381.7592,321.7865588,117.0739676,,1980,2014,35,0.405479452,448,382,138,35,12.8,10.91428571,3.942857143,13.16614306,0.478855541,,2015,2019,5,0.312328767,52,46,20,5,10.4,9.2,4,13.24905858,0.410900116
1718,Annual,1,Topcliffe Cranes,438304,479298,54.207985,-1.414222,Triassic Sandstone,sandy loam,sandy loam,1.715764071,1.356901654,282.5317591,7.343361654,0.006222128,3.825216033,100880.846,319.6709888,111.3778877,,1992,2014,23,0.493150685,261,241,89,23,11.34782609,10.47826087,3.869565217,1.667348635,0.428801494,,2015,2019,5,0.230136986,58,55,20,5,11.6,11,4,1.811448252,0.391509928
1720,Annual,1,Damgate Lane Acle,640904,309543,52.630126,1.558395,Crag,clay,clay,1.686147848,1.499414885,283.1984836,6.523908308,0.006588953,5.423954625,101333.6952,319.599167,119.7043886,,1998,2014,17,0.684931507,187,184,66,17,11,10.82352941,3.882352941,0.330675944,0.252264791,,2015,2019,5,0.191780822,55,55,20,5,11,11,4,0.382451345,0.249972296
1727,Multiannual,7.1,Plantation House,606321,156838,51.27332,0.956551,Lower Greensand,sandy clay loam,clay loam,1.972253932,1.401994604,283.1543578,7.311773177,0.006651932,4.722756305,100247.3945,318.7679547,116.0768246,,1982,2014,33,0.676712329,378,349,127,33,11.45454545,10.57575758,3.848484848,44.6893856,1.672564796,,2015,2019,5,0.167123288,59,59,20,5,11.8,11.8,4,45.15216024,1.864214089
1731,Annual,1,Little Wood,597150,285332,52.430398,0.898493,Chalk,sand,loamy sand,1.726284281,1.445975643,283.2510717,7.966193337,0.006528014,4.27009919,101349.142,320.0630839,116.381096,,1999,2014,16,0.435616438,1483,172,61,16,92.6875,10.75,3.8125,2.38232731,0.618133367,,2015,2019,5,0.090410959,1793,60,20,5,358.6,12,4,2.378852336,0.608542994
1737,Multiannual,7.1,Chapel Wood,445945,175525,51.476821,-1.339826,Chalk,sandy clay loam,clay loam,1.957998049,1.407953939,282.9084527,8.220511404,0.006475534,3.661687131,100021.1382,319.3743081,119.2835165,,1973,2014,42,1.049315068,5719,428,152,42,136.1666667,10.19047619,3.619047619,6.470842513,3.163119645,,2015,2019,5,0.117808219,1776,60,20,5,355.2,12,4,7.510392809,2.319204798
1741,Annual,1,Bryants Heath 3,625875,329165,52.812675,1.350218,Crag,loam,clay loam,1.79280709,1.481019959,282.9732513,7.174165862,0.006524584,5.395138267,101062.5768,318.8761379,119.8576394,,1996,2014,19,0.863013699,200,197,71,19,10.52631579,10.36842105,3.736842105,1.27132479,0.281667108,,2015,2019,5,0.202739726,56,56,20,5,11.2,11.2,4,1.344803361,0.283290557
1745,Annual,1,Knaves Acre,556213,118826,50.947706,0.222406,Corallian Limestone,clay,clay,2.367543737,1.429096523,283.3409206,5.778736839,0.006725077,4.350016992,100641.4384,319.3323489,121.335005,,1978,2014,37,0.284931507,393,386,148,37,10.62162162,10.43243243,4,13.04104127,1.036939007,,2015,2019,5,0.147945205,60,60,20,5,12,12,4,12.97511125,1.287269062
1753,Annual,1,Parsonage Farm Bramdean,463255,128155,51.049266,-1.098973,Chalk,loam,loam,2.524887464,1.413913203,283.0441987,8.220511404,0.006551937,4.256818966,100126.3696,318.7940423,118.1351785,,1971,2014,44,1.435616438,600,458,163,44,13.63636364,10.40909091,3.704545455,25.558995,2.858953231,,2015,2019,5,0.112328767,60,60,20,5,12,12,4,25.56796167,2.465274472
1778,Decadal,14.2,Branton Green,444510,462273,54.054485,-1.321583,Triassic Sandstone,loam,clay loam,1.766346464,1.407108797,282.5934325,7.343361654,0.006247417,4.611579607,100893.8253,319.9309116,111.0992505,,1977,2014,38,1.350684932,444,418,143,37,12,11.2972973,3.864864865,4.288985219,0.403879849,,2015,2019,5,0.57260274,51,46,18,5,10.2,9.2,3.6,3.872272182,0.196801412
1780,Annual,1,Gameslack,491819,459686,54.024997,-0.599884,Chalk,loam,,2.045607685,1.357270087,282.236077,7.16409579,0.006203395,4.087160941,100160.1536,317.6606279,113.7565796,,1980,2014,35,0.260273973,6682,408,139,35,190.9142857,11.65714286,3.971428571,39.96413173,4.30695388,,2015,2019,5,0.4,1508,53,20,5,301.6,10.6,4,40.49713483,4.681636843
1782,Annual,1,Crawley,443505,135305,51.115387,-1.379846,Chalk,loam,,2.226339968,1.435607063,283.1187896,8.220511404,0.006569643,4.316038469,100285.7454,319.5836848,119.2044166,,1994,2014,21,0.260273973,244,242,83,21,11.61904762,11.52380952,3.952380952,53.53447586,4.133331279,,2015,2019,5,0.161643836,58,58,20,5,11.6,11.6,4,54.80296371,2.936379169
1788,Annual,1,Dean Hill,424905,125805,51.031071,-1.646215,Chalk,loam,,2.424553344,1.472846316,282.9881152,7.947018429,0.006548155,4.339120111,99926.36373,319.001255,124.2639023,,1994,2014,21,0.257534247,235,233,83,21,11.19047619,11.0952381,3.952380952,101.7052888,1.982911462,,2015,2019,5,0.126027397,60,60,20,5,12,12,4,102.0377072,1.476975476
1789,Multiannual,7.1,Kiln Barn Well,571354,156528,51.282116,0.455641,Lower Greensand,loam,loam,1.830451527,1.375052949,283.4139713,8.253918987,0.006674877,3.756758269,100902.0317,320.0015649,115.842377,,1990,2014,25,1.569863014,230,230,90,25,9.2,9.2,3.6,1.23787913,0.344010455,,2015,2019,5,0.175342466,57,57,20,5,11.4,11.4,4,1.335425278,0.188249129
1791,Annual,1,Lancing College,519850,105990,50.841032,-0.299166,Chalk,clay,clay,2.177762307,1.46952788,283.6044929,5.977641657,0.006776107,4.195600678,101179.4368,320.4291899,123.9165164,,1977,2014,38,0.482191781,3426,418,151,38,90.15789474,11,3.973684211,10.02848105,0.364443611,,2015,2019,5,0.328767123,1243,48,20,5,248.6,9.6,4,9.983308142,0.266863604
1795,Multiannual,7.1,Clowes Wood,377465,338825,52.946322,-2.336804,Unallocated to aquifers,sand,sand,2.173191331,1.390637715,282.5142429,7.724265635,0.006303739,4.650085381,99851.68433,320.0680475,110.8531297,,1991,2014,24,0.668493151,269,264,91,24,11.20833333,11,3.791666667,8.631407109,0.543109168,,2015,2019,5,0.126027397,59,48,20,5,11.8,9.6,4,8.686657566,0.309723028
1797,Multiannual,7.1,Weir Brook,335005,324295,52.812254,-2.965719,Triassic Sandstone,loamy sand,sandy clay loam,1.977794791,1.370500969,282.843116,7.456531633,0.006446695,4.035971579,100338.0969,321.6637515,113.8573066,,1975,2014,40,1.663013699,412,403,147,40,10.3,10.075,3.675,1.187817271,0.238900245,,2015,2019,5,0.323287671,53,47,19,5,10.6,9.4,3.8,1.290837055,0.142921508
1805,Annual,1,Minety Road,404186,192900,51.634888,-1.940907,Oolites,loam,loam,2.041342984,1.399546061,283.1035547,7.673734289,0.00654631,3.801057734,100351.0278,321.1360182,117.1316043,,2004,2014,11,0.342465753,112,107,41,11,10.18181818,9.727272727,3.727272727,0.845317866,0.375032949,,2015,2019,5,0.246575342,53,52,19,5,10.6,10.4,3.8,0.828212071,0.427423836
1809,Annual,1,Blakeley,365225,324185,52.814068,-2.517383,Permian Sandstone,sand,sand,1.844373288,1.426996952,282.9059161,7.456531633,0.006432221,4.69110633,100523.9506,321.9019949,113.2573878,,1972,2014,43,0.583561644,596,477,166,43,13.86046512,11.09302326,3.860465116,1.945760425,0.30191189,,2015,2019,5,0.123287671,60,53,20,5,12,10.6,4,1.912547897,0.295894642
1810,Annual,1,Kirkburn,498238,455196,53.983476,-0.503383,Chalk,loam,clay loam,1.868109887,1.379862874,282.5380319,6.690779161,0.006293745,4.126119928,100771.7217,318.996109,114.6645652,,1983,2014,32,1.243835616,364,345,120,32,11.375,10.78125,3.75,1.023479469,0.647834661,,2015,2019,5,0.153424658,59,59,20,5,11.8,11.8,4,1.050450972,0.558545943
1812,Multiannual,7.1,Briff Lane,454645,169905,51.425522,-1.215433,Chalk,loam,loam,1.972499883,1.409774154,283.0212571,8.220511404,0.006508229,4.386913076,100226.1393,319.6649108,114.3125173,,1974,2014,41,0.610958904,1534,470,162,41,37.41463415,11.46341463,3.951219512,33.63014197,0.786968539,,2015,2019,5,0.42739726,51,49,19,5,10.2,9.8,3.8,35.14998462,0.420808343
1816,Annual,1,Whitefriars,405026,195364,51.657035,-1.928735,Oolites,loam,loam,2.075822543,1.401768869,283.1052395,7.673734289,0.006544718,3.80549296,100369.1186,321.1913858,117.1921421,,2004,2014,11,0.169863014,120,116,41,11,10.90909091,10.54545455,3.727272727,0.224345903,0.125710619,,2015,2019,5,0.331506849,55,54,20,5,11,10.8,4,0.173353479,0.107139208
1820,Annual,1,Danes Hill,467365,386475,53.370841,-0.98898,Triassic Sandstone,sandy loam,sandy clay loam,1.632066452,1.444515103,282.9491702,7.688458873,0.006372175,4.685112745,101304.8135,321.3111792,112.4013564,,1971,2014,44,0.271232877,1042,517,176,44,23.68181818,11.75,4,3.810514853,0.248037998,,2015,2019,5,0.150684932,60,58,20,5,12,11.6,4,4.05221063,0.180479223
1821,Annual,1,Lopcombe Corner,425007,135427,51.117586,-1.644098,Chalk,loam,,2.210316022,1.460389622,283.0174099,7.947018429,0.006548693,4.36825691,100021.0835,319.3759317,122.0674961,,1971,2014,44,1.038356164,4709,481,164,44,107.0227273,10.93181818,3.727272727,44.2165989,3.790069369,,2015,2019,5,0.095890411,1761,59,20,5,352.2,11.8,4,45.04003117,2.872586488
1855,Annual,1,Sawston Road,550746,249846,52.126362,0.200711,Chalk,sandy loam,sandy loam,1.497159958,1.431653142,283.31741,7.940990308,0.006521559,3.930614795,101177.6406,320.7101938,114.9996846,,1999,2014,16,0.515068493,171,169,62,16,10.6875,10.5625,3.875,11.72623652,0.809754339,,2015,2019,5,0.602739726,46,46,19,5,9.2,9.2,3.8,12.08172724,0.628349061
1857,Annual,1,Overy Cottages,599915,288303,52.456068,0.940883,Chalk,loamy sand,sandy clay loam,1.70831593,1.455323498,283.1911972,7.966193337,0.006514381,4.293077267,101253.5221,319.7840057,117.7420089,,1999,2014,16,0.668493151,175,174,61,16,10.9375,10.875,3.8125,3.503960799,0.495978657,,2015,2019,5,0.616438356,46,46,19,5,9.2,9.2,3.8,3.491615457,0.41865163
1861,Annual,1,Halland Godfrey Cottage,551254,116146,50.924945,0.150755,Corallian Limestone,loam,clay loam,2.206886628,1.392378745,283.43496,5.778736839,0.006749207,4.32327437,100827.0743,319.7463082,117.4304011,,1971,2014,44,1.682191781,432,416,166,43,10.04651163,9.674418605,3.860465116,3.529717466,1.546052376,,2015,2019,5,0.147945205,60,60,20,5,12,12,4,3.07942117,2.07518449
1867,Annual,1,Kirkby in Ashfield,449015,356045,53.099352,-1.269416,Carboniferous Limestone,loam,loam,2.014594644,1.415869531,282.1080717,7.109643148,0.006151201,4.629804141,99345.97348,317.5096365,114.1134934,,1973,2014,42,0.246575342,806,480,167,42,19.19047619,11.42857143,3.976190476,9.257044941,0.709504956,,2015,2019,5,0.169863014,59,59,20,5,11.8,11.8,4,9.450999393,0.634188323
1871,Annual,1,Walderton Pitlands Farm,479680,112375,50.905356,-0.868151,Chalk,loam,clay loam,2.492022833,1.471086002,283.2648605,6.021393112,0.006637158,4.188058113,100487.6613,319.2574037,124.2203447,,1976,2014,39,0.55890411,3144,372,146,39,80.61538462,9.538461538,3.743589744,23.04095885,7.245165586,,2015,2019,5,0,1826,60,20,5,365.2,12,4,24.36467403,6.842617386
1873,Annual,1,Oddo House,421825,360715,53.143128,-1.675166,Carboniferous Limestone,sandy clay loam,clay loam,2.806793816,1.330870342,281.4205217,6.465172406,0.005968608,4.603471564,97886.01927,314.6221782,108.7852546,,1971,2014,44,1.139726027,919,490,167,44,20.88636364,11.13636364,3.795454545,25.52409535,1.174144337,,2015,2019,5,0.279452055,56,56,20,5,11.2,11.2,4,25.73882293,1.291691414
1878,Annual,1,Ashley Village,438255,131155,51.078445,-1.455284,Chalk,loam,loam,2.287317275,1.355444255,283.3451891,8.220511404,0.006639292,3.561100999,100726.233,320.6297039,115.5516925,,1971,2014,44,1.17260274,482,453,166,44,10.95454545,10.29545455,3.772727273,31.0345105,2.271532582,,2015,2019,5,0.183561644,58,58,20,5,11.6,11.6,4,31.77655872,1.975378627
1880,Annual,1,Old Hat,439900,165520,51.387323,-1.427986,Chalk,loam,loam,2.259789317,1.386430562,282.9813062,8.220511404,0.00650705,3.65049101,100121.9358,319.618527,117.6256642,,1984,2014,31,0.575342466,5358,342,121,31,172.8387097,11.03225806,3.903225806,13.53217882,3.931444152,,2015,2019,5,0.320547945,1395,51,20,5,279,10.2,4,15.12138173,2.925676921
1882,Annual,1,Druce,374483,95227,50.756071,-2.363102,Corallian Limestone,loam,,2.758387861,1.442055855,283.401663,7.594616927,0.006719439,3.703027394,100545.7319,320.891082,125.6515673,,1991,2014,24,0.230136986,284,274,96,24,11.83333333,11.41666667,4,0.441038672,0.219553694,,2015,2019,5,0.131506849,55,53,20,5,11,10.6,4,0.450272026,0.195414372
1885,Multiannual,7.1,Bishops Wood,383645,268355,52.313049,-2.241321,Triassic Sandstone,loam,loam,1.849561463,1.424441208,282.8903761,7.636595673,0.006452981,4.674031268,100218.062,321.2895094,113.6799732,,1974,2014,41,1.712328767,497,388,147,39,12.74358974,9.948717949,3.769230769,41.51748317,1.327380127,,2015,2018,4,0.156164384,42,35,15,4,10.5,8.75,3.75,41.07240604,0.966419039
1886,Annual,1,Lagness,490093,101370,50.80489,-0.722799,Chalk,loam,clay loam,2.009842682,1.43635623,283.7262545,6.021393112,0.006791285,4.147712822,101415.087,321.0655476,119.9974035,,2000,2014,15,0.435616438,2661,153,57,15,177.4,10.2,3.8,0.841109503,0.764213407,,2015,2019,5,0,1826,60,20,5,365.2,12,4,0.800571196,0.683017156
1892,Decadal,42.7,Gamston,470355,376585,53.28157,-0.946242,Triassic Sandstone,loam,clay loam,1.667566939,1.405210355,282.9189496,7.688458873,0.006367052,3.932465861,101172.1917,321.0975566,113.4878621,,1971,2014,44,0.293150685,947,522,176,44,21.52272727,11.86363636,4,11.24406059,0.903879442,,2015,2019,5,0.112328767,60,59,20,5,12,11.8,4,11.39066161,0.171964063
1893,Annual,1,Bowmoor,419100,199350,51.692575,-1.725068,Oolites,sandy loam,sandy loam,1.840359183,1.404376166,283.1652204,7.673734289,0.006546669,3.767893464,100523.3626,321.3531156,116.7099921,,2004,2014,11,0.334246575,109,105,40,11,9.909090909,9.545454545,3.636363636,0.83668699,0.126332974,,2015,2019,5,0.246575342,56,55,20,5,11.2,11,4,0.833136859,0.110663439
1898,Annual,1,Penton Corner,432905,146255,51.21455,-1.530276,Chalk,loam,clay loam,2.123096197,1.405224128,283.2073272,7.947018429,0.006589916,3.619620502,100453.0765,320.4008779,119.5992256,,1996,2014,19,0.205479452,223,213,73,19,11.73684211,11.21052632,3.842105263,19.32666554,1.757815064,,2015,2019,5,0.112328767,60,60,20,5,12,12,4,19.95580231,1.228347976
1903,Annual,1,Clapham Wood,510555,106575,50.848139,-0.430949,Chalk,clay,clay,2.220632048,1.441734263,283.3769743,5.977641657,0.006700684,4.180150271,100706.9696,319.3961742,122.3791466,,1979,2014,36,1.197260274,370,367,135,36,10.27777778,10.19444444,3.75,55.47295458,3.308478541,,2015,2019,5,0.479452055,50,49,19,5,10,9.8,3.8,55.14064647,3.985434927
1907,Annual,1,Wick Down,413185,174495,51.469266,-1.811566,Chalk,loam,loam,2.308668615,1.488325871,282.258811,7.947018429,0.00631264,5.251638377,98650.16207,316.7360998,122.5983509,,1982,2014,33,0.336986301,357,345,130,33,10.81818182,10.45454545,3.939393939,108.809386,5.366881302,,2015,2019,5,0.145205479,59,59,20,5,11.8,11.8,4,109.6540886,4.686343629
1911,Multiannual,7.1,Ringmere,591032,287808,52.4548,0.810037,Chalk,sand,loamy sand,1.810520209,1.485962317,283.1183209,7.966193337,0.006485131,4.99154601,101097.1804,319.5482826,116.1487683,,1974,2014,41,0.309589041,506,462,160,41,12.34146341,11.26829268,3.902439024,4.855410708,1.939969011,,2015,2019,5,0.169863014,57,57,20,5,11.4,11.4,4,5.565943438,1.58842799
1921,Annual,1,Oxtalls Farm,392285,201345,51.710778,-2.113052,Oolites,loam,,2.386449486,1.429390483,282.576569,7.367098251,0.006402177,4.60923218,99292.16286,318.9198035,118.0641043,,1983,2014,32,0.221917808,429,371,128,32,13.40625,11.59375,4,92.12139629,2.138988427,,2015,2019,5,0.147945205,58,58,20,5,11.6,11.6,4,92.44420716,2.175706078
1922,Annual,1,Marsh Benham,442635,168294,51.412066,-1.388352,Chalk,sandy clay loam,clay loam,2.010376351,1.402330104,283.0051942,8.220511404,0.006509887,3.651181605,100184.4881,319.7451055,119.0067355,,1971,2014,44,1.282191781,5004,506,171,44,113.7272727,11.5,3.886363636,19.57421986,0.817172698,,2015,2019,5,0.397260274,1650,56,19,5,330,11.2,3.8,19.65064758,0.685784152
1928,Annual,1,Twydales Nafferton,504530,459412,54.02012,-0.406026,Chalk,loam,clay loam,1.815494917,1.41107562,282.5124888,6.532711498,0.006298336,4.924304366,100600.6091,318.7971005,114.086416,,1979,2014,36,1.594520548,435,361,133,36,12.08333333,10.02777778,3.694444444,14.66694478,1.497442741,,2015,2019,5,0.112328767,60,60,20,5,12,12,4,14.83678386,1.299741855
1937,Multiannual,7.1,Ashill,308909,111826,50.898699,-3.296684,Triassic Sandstone,loam,loam,2.652693859,1.391758386,283.1938112,6.729059364,0.006726008,4.140203138,99907.49317,321.0806774,121.4501887,,1987,2014,28,0.304109589,5253,324,111,28,187.6071429,11.57142857,3.964285714,7.75721423,0.392440203,,2015,2019,5,0.071232877,1220,60,20,5,244,12,4,7.880264058,0.219463618
1948,Annual,1,Norton Top,548880,102726,50.804966,0.111545,Chalk,loam,,2.134224325,1.400974598,283.188283,5.778736839,0.00671047,4.274643522,100330.7418,318.4006812,122.031033,,1982,2014,33,0.567123288,316,305,124,33,9.575757576,9.242424242,3.757575758,113.7579519,0.422053962,,2015,2019,5,0.257534247,57,56,20,5,11.4,11.2,4,113.6267705,0.490368044
1952,Multiannual,7.1,Hixham Hall,545340,226750,51.920304,0.112,Chalk,clay,clay,1.734757992,1.448080808,282.915948,7.991563422,0.006422683,4.60397958,100236.8866,318.6385143,114.4124545,,1971,2014,44,1.126027397,485,479,170,44,11.02272727,10.88636364,3.863636364,38.25230127,2.043542126,,2015,2019,5,0.120547945,87,60,20,5,17.4,12,4,39.5253111,1.866314962
1954,Annual,1,Baydon Hole,429571,178713,51.506575,-1.575319,Chalk,loam,loam,2.201062694,1.426788964,282.5620261,7.673734289,0.006384656,4.45893283,99215.53079,318.0213042,117.9239816,,1973,2014,42,1.01369863,5546,477,161,42,132.047619,11.35714286,3.833333333,23.1308377,4.339615705,,2015,2019,5,0,1567,52,18,5,313.4,10.4,3.6,24.15437731,3.467449104
1955,Annual,1,Stonehouse,359615,323015,52.803158,-2.600468,Permian Sandstone,sandy loam,sandy loam,1.843872104,1.384717594,282.8773489,7.456531633,0.006430857,3.953216355,100449.4169,321.7841928,114.0009472,,1982,2014,33,0.610958904,960,346,126,33,29.09090909,10.48484848,3.818181818,3.14557987,0.450241757,,2015,2019,5,0.123287671,60,53,20,5,12,10.6,4,2.78167249,0.419906438
1956,Multiannual,7.1,Roud,451475,79785,50.61551,-1.273788,Lower Greensand,sand,loamy sand,2.428757713,1.348388274,283.4886605,6.127476916,0.00673312,3.348996649,100842.7841,319.6784681,118.7664518,,1978,2014,37,0.753424658,1080,387,146,37,29.18918919,10.45945946,3.945945946,4.917997177,0.218281588,,2015,2019,5,0.216438356,55,55,20,5,11,11,4,4.633856675,0.287527505
1962,Annual,1,Lower Austin Lodge,553810,163780,51.352279,0.207418,Chalk,loam,clay loam,1.912395006,1.314149937,283.0592439,8.253918987,0.006542584,3.699363483,100207.7351,318.4982722,110.3774976,,1971,2014,44,1.282191781,450,362,155,42,10.71428571,8.619047619,3.69047619,20.86065294,1.676419406,,2015,2019,5,0.515068493,53,53,19,5,10.6,10.6,3.8,20.79583114,1.477508053
1963,Annual,1,Lodge Farm Thelnetham,601285,277705,52.360416,0.954648,Chalk,loam,clay loam,1.65656875,1.437010291,283.1994699,7.966193337,0.006516048,4.265511758,101171.7591,319.6913755,115.7304546,,1999,2014,16,0.24109589,184,181,63,16,11.5,11.3125,3.9375,6.570132558,0.313928545,,2015,2019,5,0.457534247,41,41,19,5,8.2,8.2,3.8,6.641143958,0.239302974
1964,Multiannual,7.1,White Gates Farm,582923,165092,51.355446,0.625737,Chalk,sandy loam,sandy loam,1.736711679,1.398725529,283.4851128,7.311773177,0.00668897,3.834365877,100944.3937,320.3593343,116.6743346,,1982,2014,33,0.515068493,368,338,127,33,11.15151515,10.24242424,3.848484848,25.17436156,1.291906839,,2015,2019,5,0.123287671,60,60,20,5,12,12,4,24.34231265,1.364376903
1970,Multiannual,7.1,Glebelands,440478,465078,54.080025,-1.382795,Triassic Sandstone,loam,clay loam,1.785233653,1.395653874,282.5350428,7.343361654,0.006228469,4.595287955,100788.4353,319.6987534,110.1784628,,1976,2014,39,0.739726027,495,447,154,39,12.69230769,11.46153846,3.948717949,19.31913479,0.701135493,,2015,2019,5,0.37260274,47,44,19,5,9.4,8.8,3.8,19.29806194,0.369275654
1972,Annual,1,Shefford Woodlands,436550,173140,51.456061,-1.475342,Chalk,loam,clay loam,2.065242005,1.432369638,282.6621555,8.220511404,0.00641238,4.431296565,99512.24087,318.3053319,118.4577628,,1971,2014,44,1.649315068,1151,436,158,43,26.76744186,10.13953488,3.674418605,60.48179455,1.95585618,,2015,2019,5,0.254794521,57,57,20,5,11.4,11.4,4,61.10790732,1.565143815
1984,Annual,1,Oldfen Plantation,571064,325816,52.802761,0.53616,Oolites,sand,sand,1.819736415,1.430388913,283.0923115,7.663905529,0.006474296,4.254771133,101217.8833,320.0576688,115.5098844,,1999,2014,16,0.416438356,162,160,62,16,10.125,10,3.875,1.863727661,0.103733333,,2015,2019,5,0.290410959,45,45,19,5,9,9,3.8,1.90870297,0.120011111
1985,Annual,1,Kilkenny Cottages,413570,208800,51.777699,-1.804706,Oolites,clay,clay,2.090978698,1.378397966,282.7653747,7.673734289,0.006432753,3.797113622,99757.00591,319.6763723,115.7450272,,1979,2014,36,2.257534247,392,376,132,35,11.2,10.74285714,3.771428571,6.984391912,0.420322608,,2015,2019,5,0.249315068,57,56,20,5,11.4,11.2,4,6.884813054,0.563466276
1990,Annual,1,Thornhill Waters,417440,200130,51.699641,-1.749045,Oolites,loam,loam,1.898798087,1.402892781,283.1431457,7.673734289,0.006541293,3.774745437,100482.1371,321.2899406,116.6625524,,2004,2014,11,0.2,118,116,41,11,10.72727273,10.54545455,3.727272727,0.968337804,0.177652993,,2015,2019,5,0.331506849,55,54,20,5,11,10.8,4,0.99142255,0.157288386
1991,Annual,1,Moor Farm Godshill,453175,82465,50.639456,-1.249378,Lower Greensand,sandy loam,sandy loam,2.295582161,1.422651653,283.6405286,6.127476916,0.006773939,4.111817149,101159.8289,320.4657343,120.1327534,,1977,2014,38,0.501369863,415,402,148,38,10.92105263,10.57894737,3.894736842,4.64878812,1.113407369,,2015,2019,5,0.180821918,58,58,20,5,11.6,11.6,4,4.6870349,0.960164225
2006,Annual,1,Abrams Lane,544166,240235,52.041767,0.100602,Chalk,clay,clay,1.659408787,1.445055832,282.815589,7.940990308,0.00638548,4.640225397,100104.1877,318.3372901,113.8382646,,1999,2014,16,0.249315068,170,169,63,16,10.625,10.5625,3.9375,36.86910563,2.476730868,,2015,2019,5,0.684931507,38,38,18,5,7.6,7.6,3.6,37.85149263,1.739345584
2013,Annual,1,Graces Farm,451095,132965,51.093722,-1.271752,Chalk,loam,,2.155431806,1.407593416,283.2725603,8.220511404,0.006613363,3.539444116,100595.2044,320.1643335,120.6631184,,1982,2014,33,0.279452055,420,370,132,33,12.72727273,11.21212121,4,10.08459648,0.247383753,,2015,2019,5,0.17260274,59,59,20,5,11.8,11.8,4,10.16235435,0.195327493
2014,Annual,1,EggingtonCreamery,426105,329695,52.8641,-1.613677,Triassic Sandstone,loam,loam,1.849185576,1.397511154,282.9343084,7.555826268,0.00639415,3.853868278,100751.3901,321.5550495,113.1200613,,1971,2014,44,0.857534247,815,456,165,44,18.52272727,10.36363636,3.75,2.280816413,0.446121461,,2015,2019,5,0.263013699,52,47,20,5,10.4,9.4,4,2.375791637,0.483884178
2028,Annual,1,Chilgrove House,483527,114384,50.922874,-0.812992,Chalk,loam,clay loam,2.750661282,1.397596666,283.2279139,6.021393112,0.006625481,3.437698408,100420.9708,319.0893686,121.9884664,,1971,2014,44,0.169863014,6827,526,176,44,155.1590909,11.95454545,4,27.77796142,10.65287479,,2015,2019,5,0,1826,60,20,5,365.2,12,4,28.85250527,9.936704586
2031,Multiannual,3.6,Hadnall,352335,320515,52.780091,-2.708079,Triassic Sandstone,loam,clay loam,1.836553899,1.383596982,282.8710247,7.456531633,0.006438512,3.977860209,100405.0935,321.7561451,114.2430659,,1999,2014,16,0.183561644,5519,187,63,16,344.9375,11.6875,3.9375,11.7394433,0.432147399,,2015,2019,5,0.035616438,1638,55,19,5,327.6,11,3.8,11.8524903,0.284565599
2035,Annual,1,Bowling Green Lane,402110,203120,51.726789,-1.970844,Oolites,clay,clay,2.206362243,1.382983978,282.8459625,7.673734289,0.00646791,3.822796417,99883.68066,320.112094,116.4834913,,1998,2014,17,0.534246575,5183,188,67,17,304.8823529,11.05882353,3.941176471,1.884745045,1.383495209,,2015,2019,5,0.019178082,1819,60,20,5,363.8,12,4,1.653217734,1.114036656
2043,Annual,1,Chalk dale Owslebury,451155,122655,51.001016,-1.272349,Chalk,loam,clay loam,2.332029327,1.46735193,283.2796428,6.127476916,0.006626062,4.258351537,100523.0757,319.9208592,122.4633026,,1971,2014,44,0.230136986,562,503,176,44,12.77272727,11.43181818,4,39.22097562,3.928444956,,2015,2019,5,0.18630137,58,57,20,5,11.6,11.4,4,39.85253287,2.737003583
2048,Annual,1,Itchen Abbas,453955,133055,51.09427,-1.230903,Chalk,loam,,2.165265209,1.414830503,283.3010714,8.220511404,0.006620863,3.533578099,100655.1019,320.2569585,121.2386202,,1977,2014,38,1.473972603,494,398,142,38,13,10.47368421,3.736842105,9.620975877,0.17000608,,2015,2019,5,0.161643836,59,59,20,5,11.8,11.8,4,9.66245361,0.137852783
2050,Annual,1,Marsh Lane,376645,311065,52.696745,-2.347012,Permian Sandstone,sand,sand,2.034530601,1.433333768,282.6420589,7.724265635,0.006359405,4.675322196,99935.49497,320.5150051,115.202331,,1999,2014,16,0.553424658,5218,179,62,16,326.125,11.1875,3.875,2.352372602,0.862651786,,2015,2019,5,0.339726027,1653,57,20,5,330.6,11.4,4,2.203089352,0.489959254
2053,Multiannual,7.1,Westfield Farm Norton,452162,415252,53.631191,-1.212674,Magnesian Limestone,loam,loam,1.67159961,1.42005313,282.7740699,7.197851421,0.006312483,4.647598911,101139.5382,320.7289253,111.2444943,,1971,2014,44,1,490,483,171,44,11.13636364,10.97727273,3.886363636,17.56374517,0.755379523,,2015,2019,5,0.243835616,58,58,20,5,11.6,11.6,4,17.43069661,0.352458159
2067,Multiannual,7.1,Wyatts Cottage,370295,225234,51.924819,-2.433364,Triassic Sandstone,loam,clay loam,1.998621744,1.390059785,283.2350025,7.367098251,0.006593359,3.95526279,100712.0084,322.5427693,115.1004622,,1974,2014,41,0.315068493,614,466,163,41,14.97560976,11.36585366,3.975609756,11.53423637,0.713559191,,2015,2019,5,0.18630137,57,50,20,5,11.4,10,4,11.66428909,0.609836725
2068,Annual,0.2,The Carr,569264,329584,52.837168,0.511438,Oolites,sand,loamy sand,1.863473941,1.45323537,282.9524326,7.663905529,0.006437176,5.017711293,100968.4697,319.4463669,113.873325,,1999,2014,16,0.246575342,177,174,63,16,11.0625,10.875,3.9375,25.12469254,0.171908325,,2015,2019,5,0.290410959,48,48,19,5,9.6,9.6,3.8,25.20332601,0.141862457
2082,Annual,1,Hawes Green,623562,300292,52.554513,1.296371,Chalk,loam,clay loam,1.747403591,1.429532987,283.1841103,7.174165862,0.006548728,4.499981233,101179.3068,319.5964376,115.5785663,,1996,2014,19,1.78630137,193,192,69,19,10.15789474,10.10526316,3.631578947,0.476027113,0.201019563,,2015,2019,5,0.156164384,59,58,20,5,11.8,11.6,4,0.518039057,0.202329297
2090,Multiannual,3,Woodhouse Grange,467845,407095,53.556092,-0.977324,Triassic Sandstone,loam,clay loam,1.607225394,1.440809291,282.8905652,7.308882087,0.00635265,4.695479072,101274.7918,321.0704959,112.531003,,1980,2014,35,0.684931507,391,382,135,35,11.17142857,10.91428571,3.857142857,3.623827324,0.710132939,,2015,2019,5,0.167123288,59,57,20,5,11.8,11.4,4,3.17607883,0.260474342
2100,Annual,1,Skippers Lane,564321,248478,52.110209,0.398177,Chalk,clay,clay,1.68639844,1.47711159,282.8598929,7.940990308,0.006400875,4.736814465,100231.3005,318.3228431,116.5815153,,1999,2014,16,0.720547945,168,166,61,16,10.5,10.375,3.8125,32.44667536,0.507111501,,2015,2019,5,0.320547945,49,49,20,5,9.8,9.8,4,32.38810393,0.577478686
2105,Annual,1,Hucklow,417775,377625,53.295277,-1.734776,Carboniferous Limestone,sandy clay loam,clay loam,2.945199311,1.321466213,281.2854251,6.465172406,0.005925353,3.838483541,97728.94142,314.0850687,113.1559374,,1971,2014,44,0.575342466,929,512,175,44,21.11363636,11.63636364,3.977272727,37.96338223,6.955710846,,2015,2019,5,0.232876712,58,57,20,5,11.6,11.4,4,38.33262762,6.635939424
2108,Annual,1,Keeper Cottage,374385,229315,51.961713,-2.374195,Triassic Sandstone,loam,clay loam,1.922451155,1.434452216,283.3249538,7.367098251,0.006611631,3.94159133,100922.3502,322.9883271,118.5498517,,1974,2014,41,1.079452055,608,456,160,41,14.82926829,11.12195122,3.902439024,7.905066497,0.378826475,,2015,2019,5,0.339726027,51,45,19,5,10.2,9,3.8,7.554792697,0.50850483
2112,Annual,1,Handley,346783,357478,53.111807,-2.796462,Triassic Sandstone,loam,clay loam,1.854633624,1.373864635,283.0884065,6.868870948,0.006474117,3.94287926,101079.0982,322.9919384,111.9873393,,1974,2014,41,1.493150685,13405,449,153,41,326.9512195,10.95121951,3.731707317,2.072284557,0.358210377,,2015,2019,5,0,1826,60,20,5,365.2,12,4,2.36529558,0.174408987
2117,Annual,1,Harfield Easton,451255,130855,51.074736,-1.269766,Chalk,loam,loam,2.272847927,1.358449431,283.275587,8.220511404,0.006616939,3.52825187,100592.1274,320.0948444,115.9938839,,1971,2014,44,2.452054795,486,442,162,43,11.30232558,10.27906977,3.76744186,14.89400982,1.242798244,,2015,2019,5,0.18630137,57,57,20,5,11.4,11.4,4,15.0143163,1.102516303
2125,Annual,1,New Barn Farmington,414675,214053,51.824901,-1.788469,Oolites,loam,,2.136289385,1.395561284,282.6002104,7.673734289,0.006381611,4.557704055,99456.82108,318.9714403,113.1155503,,1988,2014,27,0.342465753,309,303,106,27,11.44444444,11.22222222,3.925925926,61.73107523,1.141604033,,2015,2019,5,0.328767123,51,51,20,5,10.2,10.2,4,61.75740495,1.071383602
2134,Annual,1,Little Ouseburn,444562,460685,54.040209,-1.321021,Triassic Sandstone,loam,clay loam,1.785892615,1.403278127,282.5468713,7.343361654,0.006235614,4.612300342,100784.0707,319.7157979,110.9415276,,1971,2014,44,0.98630137,517,475,168,44,11.75,10.79545455,3.818181818,3.153299308,0.483183089,,2015,2019,5,0.37260274,48,45,19,5,9.6,9,3.8,2.797002967,0.298609553
2137,Annual,1,The Warrens,494648,432706,53.782073,-0.565047,Chalk,loam,loam,2.007995729,1.385138347,281.9751208,7.308882087,0.006131844,5.589676708,99668.67248,316.407804,109.781655,,1989,2014,26,0.994520548,296,291,100,26,11.38461538,11.19230769,3.846153846,81.36709582,0.467710682,,2015,2019,5,0.15890411,58,58,20,5,11.6,11.6,4,81.22556041,0.433849292
2150,Multiannual,6.1,Swanley School,551040,168725,51.397453,0.16977,Lower Greensand,sand,loamy sand,1.793419647,1.378335839,283.2577617,8.253918987,0.006588083,3.702545557,100625.9282,319.5164849,115.3076496,,1971,2014,44,1.454794521,410,401,159,43,9.534883721,9.325581395,3.697674419,42.92281688,1.539802806,,2015,2019,5,0.273972603,55,55,20,5,11,11,4,42.97541111,1.388283725
2158,Annual,1,Southey Barton,308856,113414,50.912966,-3.297835,Triassic Sandstone,loam,loam,2.550285393,1.402039171,283.3498046,6.729059364,0.00677063,4.145263516,100229.0873,321.8482629,121.7654275,,1985,2014,30,0.189041096,8807,348,117,30,293.5666667,11.6,3.9,9.00157791,0.244814501,,2015,2019,5,0.005479452,1813,60,20,5,362.6,12,4,9.0306782,0.21393629
2161,Multiannual,3.6,Mitchells Farm,555672,242211,52.05641,0.269127,Lower Greensand,clay,clay,1.625810941,1.47121112,282.877901,7.940990308,0.006405078,4.683727046,100234.7572,318.4819886,116.1990704,,1999,2014,16,0.405479452,174,173,63,16,10.875,10.8125,3.9375,51.14962192,0.354938211,,2015,2019,5,0.498630137,40,40,18,5,8,8,3.6,51.18756158,0.257235179
2166,Annual,1,Manor Farm Codford,397640,142283,51.179771,-2.035136,Chalk,loam,clay loam,2.244122697,1.44307782,283.073445,7.555482858,0.006577501,3.729527209,100111.4965,320.16461,124.0248267,,1993,2014,22,1.342465753,235,222,82,22,10.68181818,10.09090909,3.727272727,3.195435334,2.53128659,,2015,2019,5,0.257534247,49,47,20,5,9.8,9.4,4,3.526592087,2.710995628
2176,Annual,1,Bordeaux Farm,551132,241854,52.054458,0.202806,Chalk,sandy loam,sandy loam,1.610241772,1.414845492,283.2523181,7.940990308,0.006508056,3.911124938,100991.342,320.3013192,113.8878736,,1999,2014,16,0.345205479,175,174,62,16,10.9375,10.875,3.875,6.087724156,0.432940601,,2015,2019,5,0.501369863,49,48,19,5,9.8,9.6,3.8,6.29365885,0.421079907
2181,Multiannual,7.1,Sweeps Lane,547809,167934,51.391196,0.123031,Chalk,sandy loam,sandy loam,1.848772564,1.382665788,283.3632884,8.253918987,0.006617457,3.689963454,100838.5064,320.0301912,115.3225172,,1971,2014,44,0.591780822,4517,507,174,44,102.6590909,11.52272727,3.954545455,13.14152851,0.365166605,,2015,2019,5,0,1826,60,20,5,365.2,12,4,13.15078855,0.244907586
2187,Multiannual,7.1,Weston Longville,611192,315762,52.698314,1.124083,Chalk,loam,clay loam,1.830154532,1.485056899,282.9626122,7.174165862,0.006482777,5.231415986,100875.9347,318.8293153,118.2910556,,1974,2013,40,1.210958904,427,410,151,40,10.675,10.25,3.775,14.95729071,0.547487718,,2015,2019,5,0.249315068,46,46,18,5,9.2,9.2,3.6,15.09264301,0.369568606
2193,Decadal,42.7,Lodge Farm Biggin,454192,435973,53.817208,-1.178359,Triassic Sandstone,sandy loam,sandy clay loam,1.663835908,1.42529088,282.7951005,7.197851421,0.006314157,4.65432231,101337.0265,320.7969112,112.0782933,,1971,2014,44,1.178082192,502,494,172,43,11.6744186,11.48837209,4,3.848601826,0.596964226,,2015,2019,5,0.312328767,49,47,19,5,9.8,9.4,3.8,3.261443926,0.403728561
2203,Annual,1,Telscombe,540772,104189,50.820139,-0.002887,Chalk,loam,loam,2.268522902,1.479793813,283.2662003,5.977641657,0.006713457,5.003843107,100521.4775,318.7779275,124.1428258,,1976,2014,39,1.169863014,457,378,144,39,11.71794872,9.692307692,3.692307692,56.58634371,0.57559586,,2015,2019,5,0.145205479,58,57,20,5,11.6,11.4,4,56.47159421,0.649304691
2212,Multiannual,7.1,Almington,370175,334735,52.9092,-2.444913,Permian Sandstone,sandy loam,sandy loam,2.035338064,1.341625788,282.6118811,7.724265635,0.006339217,3.913168461,100011.2414,320.546744,110.7152586,,1979,2014,36,2.635616438,397,391,133,35,11.34285714,11.17142857,3.8,5.13279652,0.530480838,,2015,2019,5,0.246575342,50,43,20,5,10,8.6,4,5.58081113,0.36504334
2215,Annual,1,Sopers Bottom,517205,109505,50.873168,-0.335591,Chalk,loam,clay loam,2.493712005,1.433670239,283.3704864,5.977641657,0.0067004,4.201153217,100704.6933,319.3928837,121.2199843,,1979,2014,36,0.42739726,381,377,140,36,10.58333333,10.47222222,3.888888889,23.41778257,3.940519135,,2015,2019,5,0.298630137,55,55,20,5,11,11,4,23.48708441,3.637870306
2216,Multiannual,7.1,Crockenhill,550927,167228,51.384032,0.167511,Lower Greensand,sandy loam,sandy loam,1.849083482,1.430026293,283.2126774,8.253918987,0.006576969,4.455125323,100531.4333,319.2921899,115.4859768,,1971,2014,44,0.778082192,1281,494,172,44,29.11363636,11.22727273,3.909090909,33.17167797,0.821840732,,2015,2019,5,0.17260274,59,59,20,5,11.8,11.8,4,33.19768321,0.761957103
2219,Annual,1,Bathurst Sawmills,396985,201645,51.713522,-2.045031,Oolites,loam,,2.284648938,1.442346622,282.7324443,7.367098251,0.006442533,4.595336828,99609.40305,319.6128364,118.4311617,,1982,2014,33,0.221917808,512,371,129,33,15.51515152,11.24242424,3.909090909,54.0674408,2.679703735,,2015,2019,5,0.131506849,60,60,20,5,12,12,4,54.69235747,2.548247088
2220,Annual,1,Field Barn Farm,451945,157315,51.31258,-1.256099,Chalk,loam,loam,2.349867743,1.439841421,282.9958821,8.220511404,0.006512547,4.361070306,100124.4304,319.3578096,118.3499354,,1972,2014,43,2.123287671,1246,402,152,42,29.66666667,9.571428571,3.619047619,9.363566874,1.081438197,,2015,2019,5,0.380821918,51,50,19,5,10.2,10,3.8,9.183474973,1.139820028
2222,Annual,1,Lovers Lane,600134,281844,52.397998,0.940238,Chalk,loam,clay loam,1.708292728,1.451816126,283.2017918,7.966193337,0.006516427,4.273780544,101212.0562,319.7534291,117.3508713,,1982,2014,33,0.463013699,468,355,126,33,14.18181818,10.75757576,3.818181818,15.02530612,0.888319194,,2015,2019,5,0.205479452,57,56,20,5,11.4,11.2,4,15.33662692,0.685509204
2227,Annual,1,Swallowholes,499018,485246,54.253306,-0.481657,Corallian Limestone,sandy loam,sandy loam,2.015467074,1.419321204,282.2064361,6.532711498,0.006214936,4.911023726,100161.8634,317.3859012,117.6670714,,1980,2014,35,2.961643836,370,350,127,33,11.21212121,10.60606061,3.848484848,2.934791787,1.069865852,,2015,2019,5,0.164383562,59,58,20,5,11.8,11.6,4,2.470645199,1.131379255
2235,Multiannual,7.1,Fox Hill,592832,163193,51.335117,0.766847,Chalk,sandy clay loam,clay loam,1.670908161,1.402385301,283.6097471,7.311773177,0.0067422,3.887345187,101187.4281,320.9145754,116.8372715,,1982,2014,33,1.931506849,3406,333,120,32,106.4375,10.40625,3.75,5.108290694,0.784709406,,2015,2019,5,0.057534247,1805,60,20,5,361,12,4,4.853795768,0.45158628
2239,Multiannual,7.1,Bekesbourne Hill Farm,619194,156126,51.262125,1.14038,Oolites,loam,clay loam,1.89819945,1.419015316,283.5591434,6.381855311,0.006792803,4.067943572,100998.3516,320.7341969,120.0446878,,1971,2014,44,1.183561644,3501,394,159,44,79.56818182,8.954545455,3.613636364,15.06098763,0.705791276,,2015,2019,5,0.008219178,1817,60,20,5,363.4,12,4,15.07597262,0.65647907
2243,Annual,1,Ringmer Gote Farm,545079,111760,50.887115,0.061214,Chalk,loam,clay loam,2.351816788,1.333683293,283.4957867,5.778736839,0.006768339,3.527036978,100942.9304,319.9634517,116.4368379,,1977,2014,38,0.55890411,387,372,146,38,10.18421053,9.789473684,3.842105263,1.580112351,0.828334298,,2015,2019,5,0.150684932,59,59,20,5,11.8,11.8,4,1.43244494,0.833497975
2248,Annual,1,Southburn,499650,454124,53.973575,-0.482209,Chalk,loam,clay loam,1.835579375,1.372378581,282.5877872,6.690779161,0.006308342,4.131275696,100867.8986,319.2182652,113.7089662,,1981,2014,34,1.342465753,383,370,129,34,11.26470588,10.88235294,3.794117647,4.915544837,0.79799616,,2015,2019,5,0.167123288,58,58,20,5,11.6,11.6,4,4.66247245,0.721018672
2251,Annual,1,Stapeley Down Farm,474505,148375,51.229706,-0.934331,Chalk,loam,,2.149491855,1.437886261,283.0049616,8.204714845,0.006518889,4.305565846,100134.6382,318.8926737,118.7713742,,1971,2014,44,0.797260274,474,469,171,44,10.77272727,10.65909091,3.886363636,28.78071015,2.58764828,,2015,2019,5,0.364383562,52,52,19,5,10.4,10.4,3.8,29.17931693,2.118372671
2252,Decadal,42.7,Selby,462846,432104,53.781466,-1.047721,Triassic Sandstone,sandy loam,sandy clay loam,1.659144276,1.420855285,282.8173221,7.197851421,0.006325968,4.68452134,101376.78,320.7988339,111.5847473,,1971,2014,44,0.205479452,5669,516,176,44,128.8409091,11.72727273,4,7.50091254,3.634938556,,2015,2019,5,0.282191781,1648,57,20,5,329.6,11.4,4,3.933816967,0.534263896
2257,Annual,1,Goodwood Golf Course,488115,109985,50.882645,-0.748793,Chalk,loam,,2.441537889,1.503500407,283.0135334,6.021393112,0.006572448,4.933930661,99985.02677,317.9359598,125.3077093,,1981,2014,34,0.476712329,340,300,132,34,10,8.823529412,3.882352941,63.67688263,5.369894177,,2015,2019,5,0.167123288,59,59,20,5,11.8,11.8,4,64.98203317,4.355646393
2260,Annual,1,Brickworth,421855,124055,51.015458,-1.689813,Chalk,loam,,2.29423175,1.469528999,283.0527022,7.947018429,0.006568783,4.345982036,100049.9244,319.3240432,123.540511,,1976,2014,39,0.416438356,437,417,151,39,11.20512821,10.69230769,3.871794872,32.567423,4.364990144,,2015,2019,5,0.164383562,57,57,20,5,11.4,11.4,4,32.07471514,3.829330537
2278,Annual,1,Hodhill Farm,452085,366355,53.191729,-1.221898,Magnesian Limestone,loam,loam,1.959923893,1.419703509,282.2861616,7.109643148,0.006195834,4.637776304,99780.23211,318.3472552,113.4149602,,1972,2014,43,0.246575342,876,505,172,43,20.37209302,11.74418605,4,18.2358667,1.505817823,,2015,2019,5,0.128767123,60,60,20,5,12,12,4,18.82102423,1.277590136
2288,Annual,1,Cherry Tree Cottage,504346,438565,53.832862,-0.415941,Chalk,loam,clay loam,1.790551764,1.382234886,282.7262465,6.690779161,0.006348136,4.142979922,101036.5589,319.8090916,113.6060789,,1980,2014,35,2.452054795,344,326,118,32,10.75,10.1875,3.6875,1.93453585,0.929799688,,2015,2019,5,0.180821918,56,56,20,5,11.2,11.2,4,2.309224388,0.85578434
2289,Annual,1,Pyecombe Old Rectory,528525,112885,50.901143,-0.173602,Chalk,loam,loam,2.522590373,1.466212502,283.0212843,5.977641657,0.006606803,4.989998173,100013.6194,317.7639198,122.1311671,,1975,2014,40,1.106849315,444,414,148,40,11.1,10.35,3.7,33.69673167,1.70285648,,2015,2019,5,0.18630137,58,57,20,5,11.6,11.4,4,33.907259,1.070980984
2291,Annual,1,Hatford,432855,195865,51.660608,-1.526404,Corallian Limestone,loam,,1.759241727,1.460480195,283.0791799,7.673734289,0.006516093,4.485237763,100337.9337,320.7089223,117.6420181,,2001,2014,14,0.369863014,3807,143,52,14,271.9285714,10.21428571,3.714285714,8.56052933,0.463297786,,2015,2019,5,0.073972603,1799,60,20,5,359.8,12,4,8.674080107,0.273871723
2294,Multiannual,7.1,Hermitage,357765,326565,52.834927,-2.628368,Triassic Sandstone,loamy sand,loamy sand,1.926070812,1.409331253,282.7504583,7.456531633,0.006395448,4.710811082,100208.4282,321.2091154,112.6042565,,1994,2014,21,0.210958904,7339,247,83,21,349.4761905,11.76190476,3.952380952,21.90853897,0.442505033,,2015,2019,5,0,1826,60,20,5,365.2,12,4,21.90521694,0.221055658
2315,Annual,1,Valley Barn Coombes,518294,107410,50.854115,-0.320797,Chalk,loam,clay loam,2.327444426,1.453228368,283.4471621,5.977641657,0.006727619,4.196755574,100859.5579,319.7110794,123.1593843,,1985,2014,30,0.569863014,2437,318,118,30,81.23333333,10.6,3.933333333,33.27267388,0.991464116,,2015,2019,5,0.591780822,1575,54,18,5,315,10.8,3.6,33.77203666,0.548580488
2330,Annual,1,Chrishall Road,543126,244026,52.076096,0.087037,Chalk,loamy sand,sandy loam,1.491233932,1.423803803,283.2928624,7.940990308,0.006515262,3.892949356,101099.152,320.6517406,114.5229477,,1999,2014,16,0.249315068,174,172,63,16,10.875,10.75,3.9375,12.06487909,1.926750486,,2015,2019,5,0.265753425,51,51,20,5,10.2,10.2,4,12.53703933,1.503967942
2333,Annual,1,Cold Hill Farm,446589,435552,53.814159,-1.293893,Magnesian Limestone,loam,loam,1.767775765,1.435554681,282.5898465,7.197851421,0.006255061,4.626571036,100901.4817,319.9313609,114.1188778,,1971,2014,44,0.835616438,7837,509,172,44,178.1136364,11.56818182,3.909090909,10.68597017,0.243723056,,2015,2019,5,0.238356164,1675,57,20,5,335,11.4,4,10.68380987,0.218005246
2339,Annual,1,Old School House,425695,160195,51.340262,-1.6325,Lower Greensand,loam,,2.279247297,1.369246065,282.7817494,7.947018429,0.006462288,3.674481772,99646.03693,318.7777974,117.1323408,,1971,2014,44,1.282191781,1188,425,166,43,27.62790698,9.88372093,3.860465116,20.27367276,1.998977032,,2015,2019,5,0.260273973,56,56,20,5,11.2,11.2,4,20.66261817,1.658717963
2340,Annual,1,Gibbet Cottages,445495,178875,51.506977,-1.345874,Chalk,loam,clay loam,2.064467027,1.414745398,282.6735931,7.708993464,0.006407036,4.423902638,99507.93107,318.3200943,116.1957909,,1973,2014,42,1.008219178,7433,481,161,42,176.9761905,11.45238095,3.833333333,44.47411667,6.071294807,,2015,2019,5,0.016438356,1816,60,20,5,363.2,12,4,47.24344091,3.845632095
2342,Annual,1,Greatham Bridge 2,503077,116282,50.936779,-0.534398,Lower Greensand,clay,clay,2.49621328,1.406349872,283.6724797,6.021393112,0.006760376,3.448587288,101343.2952,321.0533286,120.8108736,,2002,2014,13,0.306849315,4289,148,50,13,329.9230769,11.38461538,3.846153846,1.257518511,0.43095047,,2015,2019,5,0.279452055,1683,58,20,5,336.6,11.6,4,1.139719039,0.469709204
2343,Annual,1,Hotham Carrs,486207,434092,53.795991,-0.692726,Triassic Sandstone,sandy loam,sandy clay loam,1.692779245,1.378797072,282.7642435,7.308882087,0.006333799,4.038878138,101267.6526,320.2269994,112.8833111,,1994,2014,21,1.082191781,219,218,76,21,10.42857143,10.38095238,3.619047619,0.981869593,0.405022496,,2015,2019,5,0.15890411,59,59,20,5,11.8,11.8,4,1.022087843,0.389385966
2344,Multiannual,7.1,Branscombe Lane,295544,79377,50.60473,-3.477457,Permian Sandstone,sand,sand,2.549394403,1.419059937,283.8029619,6.729059364,0.006937114,4.128239607,100991.7335,323.494867,123.0187714,,1987,2014,28,0.252054795,1936,317,112,28,69.14285714,11.32142857,4,12.71941441,1.695040406,,2015,2019,5,0.178082192,1761,59,20,5,352.2,11.8,4,13.99985975,0.84241931
2353,Annual,1,Overton Road,451705,146905,51.219005,-1.261044,Chalk,sandy clay loam,clay loam,2.180356395,1.35718091,283.0263381,8.220511404,0.006530989,3.575576489,100143.7104,319.2758293,116.0336561,,1994,2014,21,0.635616438,233,232,80,21,11.0952381,11.04761905,3.80952381,25.76820551,1.560631248,,2015,2019,5,0.109589041,62,60,20,5,12.4,12,4,26.14972219,1.078591561
2355,Multiannual,7.1,Lylands Lane,444065,460750,54.040836,-1.328601,Triassic Sandstone,loam,clay loam,1.811684997,1.417548016,282.4673741,7.343361654,0.006213891,4.608546507,100620.1445,319.3536806,112.7945602,,1977,2014,38,0.630136986,483,433,149,38,12.71052632,11.39473684,3.921052632,8.456741099,0.631317285,,2015,2019,5,0.37260274,48,44,18,5,9.6,8.8,3.6,7.924712113,0.303921134
2369,Multiannual,7.1,Hamble Brook,478541,185540,51.563273,-0.868327,Chalk,sandy clay loam,clay loam,1.888013362,1.355486264,283.4148719,8.020335061,0.006597138,2.89414641,101066.0597,321.449054,117.0594369,,1998,2014,17,1.071232877,4905,184,63,17,288.5294118,10.82352941,3.705882353,5.329371431,0.525193483,,2015,2019,5,0.682191781,1440,50,18,5,288,10,3.6,5.855990985,0.314771813
2370,Multiannual,7.1,Hughenden Avenue,486565,194065,51.638732,-0.750497,Chalk,sandy clay loam,clay loam,2.083660493,1.407003411,283.0417981,8.020335061,0.006482706,3.669949827,100350.4412,319.7101052,117.5871344,,1996,2014,19,0.526027397,212,200,72,19,11.15789474,10.52631579,3.789473684,2.48148777,0.412486124,,2015,2019,5,0.57260274,35,35,18,5,7,7,3.6,2.566964859,0.255051175
2373,Decadal,10.7,Pig Bush,436244,104992,50.84332,-1.486587,Chalk,loam,clay loam,2.434929696,1.412346372,283.6739411,6.127476916,0.006757609,3.482600692,101257.3182,321.5353603,121.2984022,,2002,2014,13,0.22739726,3839,154,52,13,295.3076923,11.84615385,4,11.42023013,0.32161264,,2015,2019,5,0.265753425,1528,54,20,5,305.6,10.8,4,11.26125309,0.284921122
2381,Annual,1,Royle Farm,425435,318985,52.767858,-1.624459,Triassic Sandstone,clay,clay,1.811494732,1.388540503,282.9126713,7.555826268,0.006394468,3.853206356,100639.7899,321.4018082,112.5680028,,1972,2014,43,1.060273973,795,465,164,43,18.48837209,10.81395349,3.813953488,4.630214741,0.469802029,,2015,2019,5,0.178082192,57,51,20,5,11.4,10.2,4,4.563586141,0.364112103
2392,Annual,1,Chalkhill Cottages,571054,271742,52.317121,0.508146,Chalk,sand,loamy sand,1.546795673,1.439050733,283.298857,7.966193337,0.00651889,4.078902527,101339.0066,320.5339402,115.4044423,,1999,2014,16,0.643835616,167,165,62,16,10.4375,10.3125,3.875,26.09658694,0.602221103,,2015,2019,5,0.235616438,46,46,20,5,9.2,9.2,4,26.33195013,0.503260823
2394,Annual,1,Fenside House,636652,321368,52.738098,1.504184,Crag,clay loam,sandy clay loam,1.762156014,1.484032895,283.1457519,6.523908308,0.006582195,5.446094457,101358.32,319.509707,119.2049301,,1996,2014,19,0.682191781,202,199,72,19,10.63157895,10.47368421,3.789473684,0.265251299,0.14302789,,2015,2019,5,0.156164384,58,58,20,5,11.6,11.6,4,0.340461268,0.151197066
2397,Annual,1,Hurstbourne Tarrant,438155,153555,51.279862,-1.45434,Chalk,loam,,2.310162883,1.408282647,283.0117406,8.220511404,0.006525824,3.622700339,100133.4144,319.5388061,120.6512356,,1971,2014,44,0.75890411,522,489,173,44,11.86363636,11.11363636,3.931818182,3.005073149,3.041316845,,2015,2019,5,0.109589041,60,60,20,5,12,12,4,4.0917379,2.977204183
2404,Annual,1,Blackford Farm,416055,195785,51.660616,-1.769283,Oolites,loam,loam,1.88024502,1.402799006,283.1701073,7.673734289,0.006553966,3.772340161,100510.3041,321.3640081,116.7851916,,2004,2014,11,0.18630137,123,117,42,11,11.18181818,10.63636364,3.818181818,1.101109064,0.390276828,,2015,2019,5,0.246575342,57,56,20,5,11.4,11.2,4,1.180073549,0.403038628
2424,Annual,1,Garton Wold,498163,462247,54.04684,-0.502253,Chalk,loam,,2.010237132,1.426583115,282.2396617,6.532711498,0.006216209,4.888649025,100053.3644,317.5867863,117.194919,,1980,2014,35,1.284931507,410,394,135,35,11.71428571,11.25714286,3.857142857,25.09947562,4.24038727,,2015,2019,5,0.175342466,59,59,20,5,11.8,11.8,4,25.18076954,4.608898354
2431,Annual,1,Marsh Road Cantley,639783,303318,52.574768,1.537357,Crag,loam,clay loam,1.702668336,1.510013843,283.2488053,6.523908308,0.006594606,5.389507081,101369.2968,319.7811461,120.0103859,,1996,2014,19,0.684931507,200,198,72,19,10.52631579,10.42105263,3.789473684,0.299109376,0.146231836,,2015,2019,5,0.169863014,58,58,20,5,11.6,11.6,4,0.329005928,0.182737983
2444,Multiannual,7.1,Stevens Nurseries,506708,198436,51.674562,-0.458194,Chalk,sandy clay loam,clay loam,1.889767507,1.470565861,283.0851332,7.768495066,0.006488964,4.446981139,100445.2544,319.6688031,117.415975,,1988,2014,27,0.934246575,289,281,103,27,10.7037037,10.40740741,3.814814815,25.29253111,1.477415023,,2015,2019,5,0.512328767,49,49,19,5,9.8,9.8,3.8,26.05069014,0.589115418
2455,Annual,1,Itchen Down,454665,133425,51.09753,-1.220709,Chalk,loam,clay loam,2.173247017,1.41532335,283.3151976,8.220511404,0.006624702,3.531717267,100684.4058,320.3097096,121.2620462,,1976,2014,39,0.495890411,530,431,152,39,13.58974359,11.05128205,3.897435897,8.906742148,0.602612758,,2015,2019,5,0.123287671,60,60,20,5,12,12,4,8.844437117,0.469522778
2464,Annual,1,Potterfen Drove,570641,279452,52.386497,0.506009,Chalk,sandy loam,sandy clay loam,1.572188963,1.445348247,283.3451561,7.966193337,0.006531097,4.10435968,101497.4362,320.8304024,115.6359823,,1999,2014,16,0.268493151,176,174,63,16,11,10.875,3.9375,1.416296174,0.245655688,,2015,2019,5,0.421917808,40,40,18,5,8,8,3.6,1.441648447,0.224702025
2465,Annual,1,Willowbrook Farm,444115,192935,51.633496,-1.363995,Corallian Limestone,clay,clay,1.692881339,1.402189523,283.2558,7.708993464,0.006560597,3.700598428,100747.0609,321.3241336,116.1700934,,2001,2014,14,0.246575342,156,151,56,14,11.14285714,10.78571429,4,3.045100089,0.196922534,,2015,2019,5,0.189041096,59,59,20,5,11.8,11.8,4,3.167822818,0.199743587
2468,Annual,1,Jollys Farm Lower,430555,152655,51.272226,-1.563376,Chalk,loam,,2.241115595,1.399130014,282.8219502,7.947018429,0.006476834,3.640786639,99697.85222,318.7368491,120.3892685,,1971,2014,44,1.071232877,474,458,172,44,10.77272727,10.40909091,3.909090909,49.63459678,5.736635357,,2015,2019,5,0.169863014,57,57,20,5,11.4,11.4,4,51.63993433,4.629495571
2478,Annual,1,Oakley Industrial Estate,400360,134540,51.110151,-1.996228,Lower Greensand,loam,loam,2.304858693,1.444927255,282.7805776,7.947018429,0.006496864,4.452408375,99514.29104,318.5714676,122.1505795,,2004,2014,11,0.2,3675,130,44,11,334.0909091,11.81818182,4,80.16800575,2.463429987,,2015,2019,5,0.473972603,1641,55,19,5,328.2,11,3.8,80.52943451,2.520327165
2481,Multiannual,3,Dishforth,438380,473342,54.154453,-1.413814,Triassic Sandstone,sandy loam,sandy clay loam,1.761464568,1.411971628,282.5449835,7.343361654,0.006227407,4.58379896,100863.5615,319.7502503,111.9407156,,1978,2014,37,0.630136986,432,420,146,37,11.67567568,11.35135135,3.945945946,2.239879774,0.411513425,,2015,2019,5,0.37260274,50,46,19,5,10,9.2,3.8,2.11235107,0.277990575
2483,Multiannual,7.1,Kingswood,383595,302455,52.619602,-2.243743,Triassic Sandstone,sandy loam,sandy clay loam,1.92010766,1.395733926,282.5001728,7.724265635,0.006320709,4.664651212,99604.3688,319.7353376,111.8816297,,1997,2014,18,0.520547945,5852,197,68,18,325.1111111,10.94444444,3.777777778,32.10017037,0.740701114,,2015,2019,5,0.430136986,1545,53,19,5,309,10.6,3.8,31.85093257,0.366543762
2486,Multiannual,7.1,St Lawrence Shute,453405,77205,50.592137,-1.246882,Unallocated to aquifers,loam,,2.362884588,1.475431923,283.0632608,6.127476916,0.006613827,4.847384273,99983.47203,317.5921253,124.8678287,,1987,2014,28,0.517808219,281,274,108,28,10.03571429,9.785714286,3.857142857,24.40407086,0.412778183,,2015,2019,5,0.221917808,58,58,20,5,11.6,11.6,4,24.17716203,0.328627022
2491,Annual,1,Hognore Farmhouse,562481,159882,51.314847,0.330054,Chalk,sandy loam,sandy loam,2.021105387,1.421775241,283.0614517,8.253918987,0.006558624,3.72375194,100197.8254,318.4067236,121.3036564,,1971,2014,44,0.591780822,481,471,172,44,10.93181818,10.70454545,3.909090909,25.97809585,0.571840225,,2015,2019,5,0.18630137,58,58,20,5,11.6,11.6,4,26.10805284,0.467410836
2494,Decadal,21.3,West Hall Farm,439560,562024,54.951286,-1.383856,Magnesian Limestone,loam,clay loam,1.702496636,1.418645861,282.1377822,6.171520725,0.00610046,5.290877411,100260.7158,317.4487671,111.8979298,,1978,2014,37,0.328767123,10910,418,144,37,294.8648649,11.2972973,3.891891892,29.02645489,0.27588674,,2015,2019,5,0.002739726,1824,60,20,5,364.8,12,4,28.71818707,0.209810988
2498,Annual,1,Whelford Village Hall,416839,198800,51.687701,-1.757804,Oolites,sandy loam,sandy loam,1.890222283,1.404162865,283.1607281,7.673734289,0.006548427,3.774328672,100506.9389,321.3544904,116.7986163,,2004,2014,11,0.235616438,123,118,43,11,11.18181818,10.72727273,3.909090909,0.716530321,0.175129462,,2015,2019,5,0.246575342,55,55,20,5,11,11,4,0.758598318,0.166194748
2500,Annual,1,Carpenters Arms Skirlaugh,514712,438877,53.833483,-0.25839,Chalk,loam,clay loam,1.730377278,1.41832413,282.6791096,6.690779161,0.006351448,4.960502948,100968.9859,319.4563771,113.9534452,,1973,2014,42,1.194520548,461,436,158,42,10.97619048,10.38095238,3.761904762,13.5204603,1.455026875,,2015,2019,5,0.189041096,55,55,20,5,11,11,4,13.49067525,1.635909836
2506,Annual,1,Repton Park,431325,323985,52.812495,-1.536689,Triassic Sandstone,loam,loam,1.870940647,1.400391982,282.6966117,7.555826268,0.006329874,4.608835103,100242.3461,320.3400817,109.3639178,,1973,2014,42,0.501369863,739,465,163,42,17.5952381,11.07142857,3.880952381,0.223208142,0.40730073,,2015,2019,5,0.315068493,48,41,20,5,9.6,8.2,4,0.230726467,0.45952643
2509,Annual,1,Hintons Farm,410546,207983,51.770418,-1.848561,Oolites,clay,clay,2.137310315,1.430445835,282.7338998,7.673734289,0.006426322,4.560704289,99691.10434,319.5640143,116.6551483,,1973,2014,42,1.01369863,837,456,161,42,19.92857143,10.85714286,3.833333333,8.445631678,1.35871233,,2015,2019,5,0.197260274,58,57,20,5,11.6,11.4,4,8.596786666,1.278378564
2519,Annual,1,Hill Barn Cottages,403295,165405,51.387675,-1.954029,Chalk,loam,,2.141978744,1.428354704,282.6063702,7.947018429,0.006424609,4.512511457,99295.35934,318.3381935,119.3942519,,1971,2014,44,1.550684932,1287,418,156,43,29.93023256,9.720930233,3.627906977,32.00758147,3.397399593,,2015,2019,5,0.145205479,59,59,20,5,11.8,11.8,4,32.05483365,3.255194677
2520,Annual,1,Hindolveston,604500,329600,52.825103,1.033826,Chalk,loam,loam,1.97002645,1.471346091,282.8119132,7.174165862,0.006444417,5.239588119,100706.9612,318.3322462,118.3594386,,1984,2013,30,1.58630137,310,306,108,30,10.33333333,10.2,3.6,0.707135032,0.392674446,,2015,2019,5,0.282191781,45,44,18,5,9,8.8,3.6,0.747884136,0.322372838
2524,Annual,1,Shotesham Common,624590,299160,52.543931,1.310742,Chalk,loam,clay loam,1.741570373,1.434115142,283.1388538,7.174165862,0.006536853,4.50314397,101077.0498,319.362686,116.087893,,1996,2014,19,1.090410959,200,198,71,19,10.52631579,10.42105263,3.736842105,1.63446515,0.151528867,,2015,2019,5,0.169863014,57,57,20,5,11.4,11.4,4,1.665304624,0.11745768
2526,Annual,1,Castle Eaton North,414395,196255,51.664887,-1.793262,Oolites,loam,loam,1.889846395,1.404443274,283.1680002,7.673734289,0.006553457,3.776756501,100510.1284,321.3825063,116.9197175,,2004,2014,11,0.243835616,121,115,43,11,11,10.45454545,3.909090909,0.893551553,0.382616049,,2015,2019,5,0.246575342,56,55,20,5,11.2,11,4,0.948859994,0.378174278
2528,Annual,1,Repton,430255,326405,52.83431,-1.55234,Triassic Sandstone,loam,loam,1.868666758,1.386222239,282.9052772,7.555826268,0.00638617,3.853756519,100677.092,321.3512708,112.109265,,2002,2014,13,0.167123288,145,134,49,13,11.15384615,10.30769231,3.769230769,1.705172129,0.31638472,,2015,2019,5,0.169863014,59,53,20,5,11.8,10.6,4,1.764293111,0.307927434
2531,Multiannual,7.1,Oakley Wood,463715,188625,51.592875,-1.081621,Chalk,loam,,1.746164554,1.385819067,283.0902358,7.708993464,0.006508178,3.665851009,100397.4822,320.1929012,115.4422076,,1988,2014,27,0.457534247,308,297,106,27,11.40740741,11,3.925925926,22.05792151,2.782894993,,2015,2019,5,0.191780822,59,59,20,5,11.8,11.8,4,23.17256272,1.563026532
2538,Annual,1,Coleford,275648,101592,50.800503,-3.765972,Unallocated to aquifers,loam,loam,2.434883289,1.486276014,283.307121,6.553983946,0.006810207,5.084614009,99715.87524,321.666974,128.0557139,,1987,2014,28,1.665753425,1784,286,102,27,66.07407407,10.59259259,3.777777778,9.056524341,1.306140088,,2015,2019,5,0,1826,60,20,5,365.2,12,4,9.559234893,0.993238651
2539,Annual,1,Sunnydene Plaxton Bridge,506461,436432,53.81327,-0.384555,Chalk,loam,clay loam,1.771260846,1.426864352,282.7422815,6.690779161,0.006354777,4.907699539,101058.6645,319.8573504,113.7639411,,1988,2014,27,0.383561644,312,303,105,27,11.55555556,11.22222222,3.888888889,3.265844346,1.979034482,,2015,2019,5,0.153424658,59,59,20,5,11.8,11.8,4,4.557573486,0.822078314
2540,Annual,1,Itchen Abbas,453505,133675,51.099887,-1.237237,Chalk,loam,clay loam,2.165265209,1.414830503,283.3010714,8.220511404,0.006620863,3.533578099,100655.1019,320.2569585,121.2386202,,2002,2014,13,0.238356164,152,150,52,13,11.69230769,11.53846154,4,20.01681612,0.786943487,,2015,2019,5,0.123287671,60,60,20,5,12,12,4,20.22018892,0.621160451
2543,Annual,1.1,Winshill,427075,323175,52.805443,-1.599808,Triassic Sandstone,loam,loam,1.826553437,1.415335871,282.8117256,7.555826268,0.006364088,4.608779455,100462.8922,320.9385427,110.3639594,,2002,2014,13,0.4,140,126,48,13,10.76923077,9.692307692,3.692307692,28.78850631,0.957420003,,2015,2019,5,0.232876712,52,48,20,5,10.4,9.6,4,28.56306675,0.986366007
2544,Multiannual,7.1,Brand Green,374055,228235,51.951988,-2.378916,Triassic Sandstone,loam,clay loam,1.981289155,1.476165445,283.1577012,7.367098251,0.006566291,4.700272585,100576.4163,322.1927174,119.1640694,,1973,2014,42,2.208219178,619,454,160,41,15.09756098,11.07317073,3.902439024,35.1457152,0.692306119,,2015,2019,5,0.142465753,59,52,20,5,11.8,10.4,4,34.38140891,0.881110787
2545,Annual,1,Little Budbridge,453075,83865,50.652054,-1.250592,Lower Greensand,sandy loam,sandy loam,2.384328737,1.40531908,283.6672433,6.127476916,0.006780082,3.362571092,101214.2853,320.6343997,122.9863447,,1983,2014,32,0.254794521,352,346,125,32,11,10.8125,3.90625,4.444812134,0.41697911,,2015,2019,5,0.164383562,59,59,20,5,11.8,11.8,4,4.350646109,0.394570956
2547,Multiannual,7.1,Cantley Towers,461655,400955,53.501673,-1.071957,Triassic Sandstone,clay,clay,1.622520766,1.442458074,282.8814332,7.109643148,0.006348658,4.672851746,101255.7711,321.1018808,112.8067489,,1980,2014,35,0.608219178,371,360,132,35,10.6,10.28571429,3.771428571,15.46147151,0.748770935,,2015,2019,5,0.263013699,56,52,20,5,11.2,10.4,4,15.34468579,0.126401833
2552,Annual,1,Roke Farm Odiham,476095,149065,51.235699,-0.911418,Chalk,loam,,2.103870248,1.404902505,283.0399673,8.204714845,0.006527678,4.307729243,100209.1432,319.064027,115.2417529,,1971,2014,44,0.797260274,458,451,170,44,10.40909091,10.25,3.863636364,32.90100858,2.820027336,,2015,2019,5,0.249315068,56,56,20,5,11.2,11.2,4,33.88262196,2.311212404
2555,Multiannual,7.1,White Sheiling,549574,154977,51.27431,0.142944,Lower Greensand,sandy loam,sandy loam,2.152726343,1.358817503,283.1714872,8.253918987,0.006585342,3.663695618,100415.3133,318.966488,115.1221038,,1993,2014,22,0.704109589,6797,234,83,22,308.9545455,10.63636364,3.772727273,4.278742059,1.015324922,,2015,2019,5,0,1826,60,20,5,365.2,12,4,4.403052025,0.606532919
2560,Multiannual,7.1,Corporals Belt,646877,261150,52.193263,1.61079,Crag,sand,sand,1.64994199,1.525352775,283.4090728,6.662480864,0.006627259,5.278479612,101329.1912,320.053968,119.5476068,,1988,2013,26,1.430136986,293,254,96,26,11.26923077,9.769230769,3.692307692,5.337404311,0.194684642,,2015,2019,5,0.331506849,44,44,18,5,8.8,8.8,3.6,5.468713771,0.15507796
2561,Multiannual,7.1,Longdon on Tern,361515,315975,52.740015,-2.571457,Permian Sandstone,sandy loam,sandy clay loam,1.773627546,1.392026891,282.9558076,7.456531633,0.00645609,3.954983168,100567.2881,322.1041548,114.4274382,,1976,2014,39,1.071232877,425,413,146,39,10.8974359,10.58974359,3.743589744,2.224319009,0.434273579,,2015,2019,5,0.150684932,59,57,20,5,11.8,11.4,4,2.01746517,0.29517746
2564,Annual,1,Ashe Warren Cottages,453855,151155,51.257019,-1.229624,Chalk,loam,loam,2.143858182,1.39873655,283.0307994,8.220511404,0.0065271,3.585889733,100172.4828,319.3724633,119.6025468,,1971,2014,44,1.498630137,489,441,163,44,11.11363636,10.02272727,3.704545455,10.85303554,1.942448609,,2015,2019,5,0.326027397,56,54,20,5,11.2,10.8,4,11.59680307,1.263507012
2566,Annual,1,Lower Dunsforth,444394,464878,54.077906,-1.322974,Triassic Sandstone,clay,clay,1.746331615,1.367139347,282.6564763,7.343361654,0.006263581,3.855521581,101037.3013,320.2235494,111.5907399,,1973,2014,42,0.150684932,7819,496,167,42,186.1666667,11.80952381,3.976190476,2.491810623,0.451778744,,2015,2019,5,0.265753425,1630,58,20,5,326,11.6,4,2.413486536,0.439116974
2567,Annual,1,Upper Cranbourne,448650,142050,51.175621,-1.305439,Chalk,loam,clay loam,2.148610144,1.403830658,283.1869307,8.220511404,0.00658111,3.570114706,100451.9585,319.9901809,120.0249504,,1971,2014,44,0.347945205,3196,517,175,44,72.63636364,11.75,3.977272727,14.63931412,1.198291033,,2015,2019,5,0.021917808,1809,60,20,5,361.8,12,4,14.87858596,1.060089293
2572,Multiannual,7.1,Bridge Road,617322,154311,51.246545,1.112489,Lower Greensand,sandy loam,sandy loam,2.061172212,1.418834113,283.4122488,6.381855311,0.006752654,4.049097415,100700.5702,320.0371207,120.8897644,,1971,2014,44,1.605479452,453,399,161,43,10.53488372,9.279069767,3.744186047,28.06238961,0.662279907,,2015,2019,5,0.167123288,58,58,20,5,11.6,11.6,4,28.09973414,0.69159935
2577,Annual,1,Stubwood Well,409715,340005,52.957321,-1.856825,Triassic Sandstone,loam,clay loam,2.243927791,1.382403467,282.4935272,7.555826268,0.006275719,3.855913827,99911.23176,319.7196902,113.9383238,,1971,2014,44,0.279452055,904,509,176,44,20.54545455,11.56818182,4,10.94291537,0.563809806,,2015,2019,5,0.183561644,59,52,20,5,11.8,10.4,4,11.04003346,0.400237433
2580,Multiannual,7.1,Owletts,566495,168737,51.39324,0.391738,Chalk,loam,loam,1.780226459,1.420455969,283.0998663,8.253918987,0.006556487,4.519375664,100296.8298,318.6457567,115.3005158,,1971,2014,44,1.528767123,432,419,159,43,10.04651163,9.744186047,3.697674419,67.86202363,0.913628474,,2015,2019,5,0.22739726,57,57,20,5,11.4,11.4,4,68.07931286,0.965011191
2595,Annual,1,Markway,424635,102875,50.824892,-1.651608,Chalk,sand,sand,2.448169286,1.443121904,283.4590525,7.384454044,0.006701603,4.264563892,100771.3974,320.6060812,120.5557308,,1999,2014,16,1.164383562,167,164,59,16,10.4375,10.25,3.6875,3.491043938,0.24248417,,2015,2019,5,0.180821918,59,58,20,5,11.8,11.6,4,3.424743319,0.149931517
2603,Annual,1,Sheephouse Farm,405684,205445,51.747669,-1.919062,Oolites,clay,clay,2.225124135,1.461380515,282.7480534,7.673734289,0.006436447,4.57140001,99699.7164,319.6453083,119.6825336,,1971,2014,44,2.893150685,538,431,158,41,13.12195122,10.51219512,3.853658537,5.860458267,1.950658045,,2015,2019,5,0.205479452,60,59,20,5,12,11.8,4,5.6144973,1.85613292
2604,Multiannual,7.1,Brocton Park Farm,395495,320105,52.7785,-2.068218,Triassic Sandstone,loam,clay loam,1.952703141,1.425791776,282.6144551,7.724265635,0.006330377,4.633725178,99965.34974,320.3058237,113.6765836,,1978,2014,37,1.419178082,643,416,141,36,17.86111111,11.55555556,3.916666667,22.12785831,1.410740974,,2015,2019,5,0.115068493,60,58,20,5,12,11.6,4,22.72291067,0.615626691
2612,Annual,1,Horsehall Hill,426165,166655,51.398325,-1.62528,Chalk,sandy clay loam,clay loam,2.244526425,1.43608931,282.7886833,7.947018429,0.006459227,4.440825324,99686.24504,318.9120175,118.6712239,,1988,2014,27,1.090410959,287,282,102,27,10.62962963,10.44444444,3.777777778,24.69691934,1.727184538,,2015,2019,5,0.260273973,56,56,20,5,11.2,11.2,4,25.50887491,1.252601464
2616,Multiannual,7.1,Cranmere Farm,375575,297515,52.57489,-2.361838,Triassic Sandstone,sand,loamy sand,1.863789501,1.40592868,282.9717629,7.724265635,0.006461808,3.931475486,100513.7893,321.9777705,115.4803774,,1976,2014,39,1.657534247,527,407,146,38,13.86842105,10.71052632,3.842105263,7.124265326,0.241397679,,2015,2019,5,0.246575342,53,46,20,5,10.6,9.2,4,7.127684466,0.159081558
2622,Annual,1,Heighton Blackcap Farm 2,546635,103913,50.816205,0.08018,Chalk,loam,loam,2.174708803,1.398953745,283.3278882,5.778736839,0.006744401,4.268883238,100608.7233,319.0652306,121.0481021,,1971,2014,44,2.756164384,403,385,158,42,9.595238095,9.166666667,3.761904762,39.2425851,0.423578123,,2015,2019,5,0.191780822,53,52,20,5,10.6,10.4,4,39.05809331,0.544194971
2627,Annual,1.2,Sleaford Bristol Way,506055,345905,52.999965,-0.421127,Oolites,clay,clay,1.682356488,1.454331901,283.0222555,7.887920562,0.006411538,4.76320315,101250.2365,320.9023662,112.8136155,,1999,2014,16,0.465753425,236,169,62,16,14.75,10.5625,3.875,0.804166894,0.221992314,,2015,2019,5,0.345205479,55,55,20,5,11,11,4,0.879074444,0.194126141
2630,Multiannual,7.1,Lower Acton Farm,384785,267505,52.30544,-2.22456,Triassic Sandstone,loam,loam,1.825806301,1.460901421,283.0731967,7.636595673,0.006503682,4.671260767,100583.7094,322.1364984,116.2475353,,1973,2014,42,0.435616438,623,470,164,42,14.83333333,11.19047619,3.904761905,3.828285419,0.726797769,,2015,2019,5,0.178082192,56,47,20,5,11.2,9.4,4,3.967059496,0.548902866
2636,Annual,1,College farm,550027,248528,52.114717,0.189636,Chalk,sandy loam,sandy loam,1.502802912,1.431803553,283.3441962,7.940990308,0.006529134,3.924235729,101226.2475,320.8420628,114.8910683,,1999,2014,16,0.515068493,166,164,62,16,10.375,10.25,3.875,1.773677753,0.402091697,,2015,2019,5,0.495890411,41,41,19,5,8.2,8.2,3.8,1.771141755,0.344291079
2642,Multiannual,7.1,Cresent Cottages,529260,229430,51.948347,-0.120671,Chalk,clay,clay,1.68704812,1.422734877,282.935254,7.768495066,0.006422792,3.813014378,100293.8781,319.0139552,116.9807754,,1971,2014,44,0.369863014,515,499,175,44,11.70454545,11.34090909,3.977272727,18.45155317,1.61081112,,2015,2019,5,0.093150685,89,60,20,5,17.8,12,4,19.10217497,1.33064958
2643,Multiannual,7.1,Streetlam Grange,430185,500446,54.39858,-1.536567,Triassic Sandstone,loam,clay loam,1.747886212,1.390105863,282.3708425,6.943853547,0.006167425,4.53490011,100716.3704,318.9433912,111.1873504,,1981,2014,34,0.326027397,386,384,133,34,11.35294118,11.29411765,3.911764706,1.005169314,0.187341645,,2015,2019,5,0.254794521,54,51,20,5,10.8,10.2,4,1.491712204,0.125043202
2649,Annual,1,Beeding Hill,521730,110030,50.876952,-0.271136,Chalk,loam,,2.430414404,1.31495143,283.0270011,5.977641657,0.00660428,4.96752711,100016.2228,317.7788568,107.5663421,,1979,2014,36,0.501369863,3330,390,140,36,92.5,10.83333333,3.888888889,76.73912157,2.920992237,,2015,2019,5,0.054794521,1770,60,20,5,354,12,4,76.95208994,2.783167608
2660,Multiannual,3.6,Roman Road Balsham,557260,249241,52.119114,0.295508,Chalk,sandy loam,sandy loam,1.61844633,1.456362602,282.9095238,7.940990308,0.006411177,4.711780993,100343.8562,318.6737825,114.281211,,1999,2014,16,0.290410959,180,179,62,16,11.25,11.1875,3.875,38.39576897,1.942509132,,2015,2019,5,0.356164384,47,47,20,5,9.4,9.4,4,38.59269569,1.744529236
2662,Annual,1,Oxborough,572421,301015,52.579599,0.543286,Chalk,sand,loamy sand,1.707072252,1.443422621,283.2399241,7.663905529,0.006506593,4.185901024,101304.4885,320.511023,115.5760104,,1999,2014,16,0.243835616,183,180,63,16,11.4375,11.25,3.9375,1.924889236,0.67559124,,2015,2019,5,0.397260274,46,46,19,5,9.2,9.2,3.8,2.164390305,0.723258354
2666,Annual,1,Southards Lane,452525,380175,53.315898,-1.213038,Magnesian Limestone,loam,loam,1.835171005,1.42925487,282.4259163,7.109643148,0.006229148,4.643427767,100165.9164,319.0356565,113.6922394,,1973,2014,42,1.117808219,802,463,158,42,19.0952381,11.02380952,3.761904762,12.35939712,2.535369061,,2015,2019,5,0.517808219,832,54,19,5,166.4,10.8,3.8,13.26617166,2.356557014
2669,Multiannual,7.1,Everington House,453525,174395,51.465997,-1.230862,Chalk,sandy clay loam,clay loam,1.938363728,1.421001525,283.1340659,8.220511404,0.006536225,3.645450399,100475.5617,320.3042176,119.4648813,,1973,2014,42,1.416438356,4497,448,156,42,107.0714286,10.66666667,3.714285714,0.802619507,0.381126055,,2015,2019,5,0.005479452,1824,60,20,5,364.8,12,4,0.803888409,0.175465609
2673,Annual,1,Old Stoke Farm,448555,137755,51.137011,-1.307376,Chalk,loam,,2.195879158,1.378052821,283.2312732,8.220511404,0.006598325,3.55554417,100523.9297,320.0887814,117.5870271,,1971,2014,44,0.421917808,487,465,172,44,11.06818182,10.56818182,3.909090909,13.09158392,1.352549326,,2015,2019,5,0.309589041,54,54,20,5,10.8,10.8,4,13.26282889,1.158642719
2676,Multiannual,7.1,Darlington Golf Course,430500,517401,54.550929,-1.529973,Magnesian Limestone,loam,clay loam,1.752610328,1.376818795,282.1810521,7.104742687,0.006112383,4.521642314,100302.1602,317.9842965,110.8056369,,1972,2014,43,0.753424658,461,397,163,43,10.72093023,9.23255814,3.790697674,16.27139698,1.388542173,,2015,2019,5,0.117808219,60,60,20,5,12,12,4,16.17475996,0.847962198
2677,Multiannual,7.1,Headley Park Pit,480425,138285,51.138193,-0.851819,Lower Greensand,loam,clay loam,2.297999906,1.369607895,283.2808788,8.204714845,0.006608612,3.516244108,100662.4536,319.9090082,116.7800928,,1994,2014,21,0.630136986,224,216,81,21,10.66666667,10.28571429,3.857142857,10.54101367,0.425838924,,2015,2019,5,0.17260274,58,58,20,5,11.6,11.6,4,11.09796102,0.495494834
2679,Annual,1,High Bridge,405000,193150,51.637129,-1.929142,Oolites,loam,loam,2.04098566,1.39638082,283.1067338,7.673734289,0.006546518,3.802554318,100362.3019,321.166928,116.7559572,,2002,2014,13,0.246575342,138,134,49,13,10.61538462,10.30769231,3.769230769,1.220314543,0.393125472,,2015,2019,5,0.167123288,58,58,20,5,11.6,11.6,4,1.231431484,0.404111634
2680,Multiannual,7.1,Orchard Lea Farm,568422,170672,51.410055,0.420327,Chalk,sandy loam,sandy loam,1.715536683,1.4127578,283.1385971,8.253918987,0.006565696,4.5333087,100379.6208,318.8326864,114.0818341,,1982,2014,33,0.580821918,339,332,128,33,10.27272727,10.06060606,3.878787879,44.7064122,0.860940469,,2015,2019,5,0.175342466,57,57,20,5,11.4,11.4,4,44.65869988,0.982399779
2681,Annual,1,Tancred Pit Hole,506921,466010,54.078907,-0.367225,Corallian Limestone,loam,,1.920854795,1.385511056,282.3347741,6.532711498,0.006257286,4.190933845,100301.0464,317.9299773,116.7821129,,1979,2014,36,1.284931507,492,408,140,36,13.66666667,11.33333333,3.888888889,4.968982002,2.985405241,,2015,2019,5,0.169863014,59,59,20,5,11.8,11.8,4,5.117975388,2.631065521
2684,Annual,1,Ashwell,529025,240625,52.048998,-0.119878,Chalk,sandy loam,sandy loam,1.600394448,1.416047954,283.1907309,7.96195184,0.006486531,3.83982867,100849.7789,320.367609,114.4654357,,1999,2014,16,0.723287671,151,150,59,16,9.4375,9.375,3.6875,10.84239757,1.420613903,,2015,2019,5,0.476712329,46,45,20,5,9.2,9,4,11.44238461,1.347915232
2690,Multiannual,7.1,Nirvana,507450,212720,51.802802,-0.443062,Chalk,silt loam,loam,1.900375887,1.454412037,282.7538128,7.768495066,0.00638443,4.484330956,99846.30239,318.2880555,116.7842998,,1989,2014,26,1.104109589,283,269,97,26,10.88461538,10.34615385,3.730769231,41.16066563,1.828024256,,2015,2019,5,0.452054795,53,53,19,5,10.6,10.6,3.8,42.54736074,0.845979245
2697,Annual,1,South Cerney,405770,196920,51.671019,-1.917955,Oolites,loam,clay loam,2.053487401,1.402502617,283.1139504,7.673734289,0.00654563,3.803756217,100392.6619,321.2364437,117.1557594,,2004,2014,11,0.484931507,107,104,40,11,9.727272727,9.454545455,3.636363636,2.176062164,0.114557102,,2015,2019,5,0.331506849,51,50,20,5,10.2,10,4,2.120170649,0.14121432
2716,Annual,1,Kemble Wick,398685,195735,51.660391,-2.020402,Oolites,loam,clay loam,2.167641189,1.452080425,282.9894647,7.367098251,0.006517287,4.580723388,100099.0901,320.7131328,118.154288,,1981,2014,34,0.197260274,6306,400,135,34,185.4705882,11.76470588,3.970588235,11.64186213,2.352095133,,2015,2019,5,0.093150685,1697,58,20,5,339.4,11.6,4,12.00864102,2.346184439
2718,Multiannual,7.1,Hilltop,373125,226365,51.935132,-2.392301,Triassic Sandstone,loam,loam,1.956717247,1.42783455,283.3925071,7.367098251,0.006633872,3.944075571,101041.7279,323.2786575,117.8505569,,1973,2014,42,0.276712329,644,477,167,42,15.33333333,11.35714286,3.976190476,12.38117686,0.446480027,,2015,2019,5,0.142465753,58,51,20,5,11.6,10.2,4,12.22076028,0.282375687
2721,Multiannual,7.1,Ray Farm,486785,190355,51.605349,-0.748237,Chalk,sandy clay loam,clay loam,2.036488933,1.495377074,283.0000706,8.020335061,0.00647454,4.415222643,100247.3346,319.4494837,121.0301382,,1984,2014,31,1.071232877,1429,324,116,31,46.09677419,10.4516129,3.741935484,27.30623028,3.237522893,,2015,2019,5,0.01369863,1821,60,20,5,364.2,12,4,29.51665328,1.108689022
2723,Annual,1,Lechlade Lakeside,419730,199220,51.691384,-1.715961,Oolites,sandy loam,sandy loam,1.840359183,1.404376166,283.1652204,7.673734289,0.006546669,3.767893464,100523.3626,321.3531156,116.7099921,,2004,2014,11,0.293150685,109,107,41,11,9.909090909,9.727272727,3.727272727,0.799783228,0.108699763,,2015,2019,5,0.257534247,55,54,20,5,11,10.8,4,0.828452119,0.124080219
2724,Decadal,42.7,Meridian,461405,349185,53.036416,-1.085703,Triassic Sandstone,loam,clay loam,1.880490971,1.400294292,282.7933625,7.109643148,0.006338729,3.893070822,100697.568,320.5292305,113.5233573,,1971,2014,44,1.616438356,776,454,164,43,18.04651163,10.55813953,3.813953488,11.45315114,0.721961204,,2015,2019,5,0.112328767,60,60,20,5,12,12,4,10.45922073,0.1394274
2726,Annual,1,Hassock Copse,453905,136405,51.124396,-1.231117,Chalk,loam,,2.183683696,1.413869607,283.0851212,8.220511404,0.006556543,4.297985108,100228.1384,319.306573,117.0838253,,1980,2014,35,0.550684932,430,376,133,35,12.28571429,10.74285714,3.8,38.15994164,1.095805391,,2015,2019,5,0.123287671,60,59,20,5,12,11.8,4,38.20755017,0.828620323
2731,Annual,1,Preston Candover,460706,141856,51.172726,-1.133031,Chalk,loam,,2.215151514,1.440113743,283.0825338,8.220511404,0.006549617,4.30106543,100244.1893,319.3065956,119.3689352,,1975,2014,40,0.419178082,5462,473,159,40,136.55,11.825,3.975,6.261760806,1.622093074,,2015,2019,5,0,1826,60,20,5,365.2,12,4,6.268951683,1.114635517
2734,Multiannual,7.1,Brocton Nature Reserve,397185,319125,52.769702,-2.043155,Triassic Sandstone,sand,sand,1.981446933,1.369780196,282.3867972,7.724265635,0.006267178,4.631361115,99503.08426,319.2072096,108.8759533,,1982,2014,33,0.84109589,419,368,127,33,12.6969697,11.15151515,3.848484848,34.58734114,0.906147161,,2015,2019,5,0.112328767,52,50,18,5,10.4,10,3.6,34.71571961,0.403229704
2740,Annual,1,Lanham Lane,459195,135365,51.114524,-1.155707,Chalk,loam,,2.286509814,1.355600155,283.136635,8.220511404,0.006571173,3.529257047,100332.6763,319.4436415,116.2497656,,1974,2014,41,0.476712329,882,465,162,41,21.51219512,11.34146341,3.951219512,9.257551982,1.48155726,,2015,2019,5,0.016438356,1770,60,20,5,354,12,4,9.615948533,1.048013496
2741,Multiannual,7.1,Littlebourne Court Farm,620737,158298,51.281031,1.1638,Chalk,loam,clay loam,1.848916422,1.409621731,283.5342813,6.381855311,0.006781453,4.078663476,100948.5115,320.6144652,119.0600625,,1998,2014,17,0.539726027,180,170,67,17,10.58823529,10,3.941176471,22.00844511,0.538018251,,2015,2019,5,0.167123288,54,54,20,5,10.8,10.8,4,22.30727844,0.374150891
2742,Annual,1,Wath Quarry 2,468036,474647,54.163115,-0.959492,Corallian Limestone,sandy loam,sandy loam,1.980690519,1.356415482,282.2985099,7.16409579,0.006189051,4.714699183,100337.2505,318.2237137,108.214127,,1998,2014,17,0.246575342,188,186,65,17,11.05882353,10.94117647,3.823529412,44.35845277,2.130733426,,2015,2019,5,0.115068493,52,52,18,5,10.4,10.4,3.6,44.43124737,2.261382934
2743,Annual,1,Peak Forest,412015,378805,53.306044,-1.821148,Carboniferous Limestone,loam,loam,3.149798133,1.271734627,281.178303,6.465172406,0.005897634,3.834831488,97514.74909,313.6468859,108.4890396,,1973,2014,42,0.912328767,773,474,161,42,18.4047619,11.28571429,3.833333333,6.381479756,0.943163797,,2015,2019,5,0.232876712,54,54,20,5,10.8,10.8,4,5.98175957,0.731872188
2744,Multiannual,7.1,Hampstead Norreys,452937,176325,51.483404,-1.239038,Chalk,sandy clay loam,clay loam,1.934693026,1.42485552,283.0414587,8.220511404,0.006508913,3.651825679,100296.7334,319.9177884,120.0627035,,1993,2014,22,0.202739726,267,255,88,22,12.13636364,11.59090909,4,2.122605565,0.987898767,,2015,2019,5,0.189041096,59,58,20,5,11.8,11.6,4,2.315215862,0.617973121
2748,Multiannual,7.1,Yorton Heath,350605,322305,52.796025,-2.733996,Triassic Sandstone,sand,loamy sand,1.933723143,1.429180632,282.7868379,7.456531633,0.006415696,4.737159432,100243.9146,321.3750693,114.8253879,,1994,2014,21,0.18630137,7430,246,83,21,353.8095238,11.71428571,3.952380952,15.17958861,0.488318174,,2015,2019,5,0,1826,60,20,5,365.2,12,4,15.36928453,0.322834706
2749,Annual,1,Larling,597273,290738,52.478891,0.903493,Chalk,sand,sand,1.755371477,1.4459661,283.2025587,7.966193337,0.006516122,4.288210253,101295.1665,319.8825635,116.70212,,1999,2014,16,0.208219178,183,180,63,16,11.4375,11.25,3.9375,0.445675878,0.987736898,,2015,2019,5,0.375342466,48,48,20,5,9.6,9.6,4,0.386119867,0.780851454
2753,Annual,1,Shotesham,624592,299162,52.543948,1.310773,Chalk,loam,clay loam,1.741570373,1.434115142,283.1388538,7.174165862,0.006536853,4.50314397,101077.0498,319.362686,116.087893,,1996,2014,19,1.090410959,200,198,71,19,10.52631579,10.42105263,3.736842105,2.06883136,0.113776085,,2015,2019,5,0.156164384,58,58,20,5,11.6,11.6,4,2.144126188,0.117458217
2759,Annual,1,Carlton Lake Drift,465052,423106,53.700334,-1.016138,Triassic Sandstone,loam,loam,1.651779664,1.431435387,282.8411467,7.197851421,0.006335106,4.690169137,101361.1659,320.886815,112.3892292,,1991,2014,24,1.115068493,256,252,89,24,10.66666667,10.5,3.708333333,2.678019514,0.311157654,,2015,2019,5,0.178082192,57,57,20,5,11.4,11.4,4,2.86189424,0.238509659
2764,Annual,1,Holly House High Street,593630,313170,52.681602,0.863022,Chalk,loam,loam,1.853311058,1.437359356,282.8767468,7.663905529,0.00643365,4.348769394,100682.831,318.618753,117.564183,,1996,2014,19,1.084931507,200,199,70,19,10.52631579,10.47368421,3.684210526,0.40470465,0.244771322,,2015,2019,5,0.194520548,56,56,20,5,11.2,11.2,4,0.417311793,0.16509496
2776,Annual,1,Shripney,492907,101615,50.806648,-0.682813,Chalk,clay,clay,2.016566892,1.434475556,283.737963,6.021393112,0.006796927,4.148256962,101442.7468,321.0974464,119.8410045,,1980,2014,35,2.087671233,298,286,123,34,8.764705882,8.411764706,3.617647059,2.319427308,0.406086669,,2015,2019,5,0.15890411,59,59,20,5,11.8,11.8,4,2.311858203,0.333702773
2777,Annual,1,Lertoll Well,410035,195355,51.656888,-1.856326,Oolites,loam,loam,1.94976565,1.403334423,283.1452815,7.673734289,0.006551803,3.789882896,100454.8904,321.3209654,117.069689,,2004,2014,11,0.175342466,120,115,41,11,10.90909091,10.45454545,3.727272727,1.37792126,0.330748142,,2015,2019,5,0.260273973,53,52,20,5,10.6,10.4,4,1.457091071,0.312128284
2778,Annual,1,Newton Down Farm,442055,139055,51.149213,-1.400123,Chalk,loam,,2.208130307,1.381795819,283.3274093,8.220511404,0.006626069,3.577102808,100720.9036,320.6866568,117.3565767,,1971,2014,44,0.597260274,476,458,171,44,10.81818182,10.40909091,3.886363636,34.65859304,1.999655598,,2015,2019,5,0.254794521,58,58,20,5,11.6,11.6,4,34.94442903,1.65541769
2781,Multiannual,7.1,Northampton,383675,265345,52.28599,-2.240734,Triassic Sandstone,loam,loam,1.821123949,1.461448446,282.9920326,7.636595673,0.006483446,4.674115295,100406.1166,321.7409015,116.8737571,,1973,2014,42,1.052054795,608,452,159,42,14.47619048,10.76190476,3.785714286,4.81839508,0.688450438,,2015,2019,5,0.150684932,57,48,20,5,11.4,9.6,4,4.969694422,0.508838048
2782,Multiannual,7.1,Castle Farm Arkendale,438221,458289,54.019184,-1.418143,Magnesian Limestone,loam,clay loam,1.861868299,1.408353975,282.4929987,7.343361654,0.006218279,4.591510125,100646.7858,319.5407558,111.6149215,,1971,2014,44,0.671232877,500,495,174,44,11.36363636,11.25,3.954545455,7.76719071,0.417498846,,2015,2019,5,0.356164384,49,48,19,5,9.8,9.6,3.8,7.758671526,0.386728717
2784,Annual,1,Glebe Farm Chitterne,398824,143816,51.193559,-2.018203,Chalk,loam,,2.251468746,1.441936633,283.1094437,7.555482858,0.006586315,3.727869467,100189.4063,320.3422927,123.6571135,,1985,2014,30,1.515068493,402,310,111,30,13.4,10.33333333,3.7,7.002816555,4.674955346,,2015,2019,5,0.136986301,54,51,20,5,10.8,10.2,4,7.379118379,4.99005879
2799,Annual,1,Chillingham Farm,452455,135055,51.112392,-1.252031,Chalk,loam,,2.174926909,1.415150522,283.1042531,8.220511404,0.006563151,4.296873395,100262.7459,319.3882191,117.1974719,,1971,2014,44,1.030136986,477,419,160,44,10.84090909,9.522727273,3.636363636,46.4624149,1.671614625,,2015,2019,5,0.167123288,59,59,20,5,11.8,11.8,4,46.59030994,1.318440379
2800,Annual,1,Montgomerys Farm,478065,146645,51.213677,-0.883732,Chalk,loam,,2.230205576,1.399801607,282.7939989,8.204714845,0.006461218,4.297503237,99703.3228,317.8171361,116.2343421,,1975,2014,40,1.490410959,397,388,146,40,9.925,9.7,3.65,27.8307708,4.120253158,,2015,2019,5,0.249315068,55,55,20,5,11,11,4,29.02441633,3.463635743
2809,Annual,1,West End Cottage,403410,164286,51.377612,-1.952387,Lower Greensand,loam,loam,2.09620864,1.417591603,282.7819259,7.947018429,0.006475093,3.755161096,99643.37447,319.1473417,121.7100046,,1992,2014,23,0.438356164,259,249,91,23,11.26086957,10.82608696,3.956521739,3.383271451,1.710258863,,2015,2019,5,0.249315068,52,51,20,5,10.4,10.2,4,3.544230762,1.69458457
2811,Decadal,14.2,Braimber Lane,440545,462323,54.05526,-1.382139,Triassic Sandstone,loam,clay loam,1.83758411,1.395710392,282.4320392,7.343361654,0.006202077,4.596673864,100556.674,319.2202216,110.7747924,,1976,2014,39,0.739726027,443,441,153,39,11.35897436,11.30769231,3.923076923,6.692235636,0.690548421,,2015,2019,5,0.37260274,49,45,19,5,9.8,9,3.8,6.157053437,0.360526825
2818,Multiannual,7.1,Frith Cottage,491690,138410,51.137626,-0.690814,Lower Greensand,sand,sand,2.408343774,1.386393173,283.0412803,8.204714845,0.006542582,4.269142984,100181.4777,318.642801,114.4590434,,1971,2014,44,0.761643836,1370,492,174,44,31.13636364,11.18181818,3.954545455,21.63967742,1.097697943,,2015,2019,5,0.15890411,59,59,20,5,11.8,11.8,4,21.21453082,1.211423506
2820,Multiannual,7.1,Walshford Limestone,441224,453303,53.974143,-1.372987,Triassic Sandstone,loam,clay loam,1.820636688,1.411449162,282.6518951,7.197851421,0.006263635,4.604099646,101151.7889,320.2622962,111.6429011,,1987,2014,28,0.671232877,315,315,109,28,11.25,11.25,3.892857143,0.405953963,0.496245613,,2015,2019,5,0.684931507,50,48,18,5,10,9.6,3.6,0.51341428,0.399294378
2826,Annual,1,Foxley 2,390310,185982,51.572616,-2.141205,Oolites,loam,,2.188198987,1.419791669,283.180387,7.367098251,0.006584701,3.84179282,100431.443,321.5602936,119.1271163,,1976,2014,39,0.380821918,616,432,152,39,15.79487179,11.07692308,3.897435897,2.352401195,1.93166141,,2015,2019,5,0.180821918,50,50,20,5,10,10,4,1.74851613,1.508048063
2828,Annual,1,Snoddington Down,425455,145155,51.205039,-1.637012,Chalk,loam,,2.190064503,1.448378394,283.0115375,7.947018429,0.006538767,4.392415588,100047.9925,319.5547766,120.0797533,,1971,2014,44,0.493150685,490,472,174,44,11.13636364,10.72727273,3.954545455,24.35582922,3.585548877,,2015,2019,5,0.150684932,59,59,20,5,11.8,11.8,4,26.05690359,3.093380836
2832,Annual,1,Kenley Reach Thearne,507285,437161,53.819651,-0.371792,Chalk,loam,clay loam,1.753102231,1.422067351,282.7443538,6.690779161,0.006357218,4.915128574,101073.7613,319.8544103,113.3483472,,1980,2014,35,0.734246575,407,390,135,35,11.62857143,11.14285714,3.857142857,0.74321339,0.701907795,,2015,2019,5,0.120547945,60,60,20,5,12,12,4,0.639210933,0.538959801
2833,Annual,1,Kilham,506761,464214,54.062805,-0.370302,Chalk,loam,clay loam,1.877836557,1.374274549,282.4839897,6.532711498,0.00629633,4.188479244,100588.0768,318.6330502,114.7851987,,1979,2014,36,0.342465753,503,420,144,36,13.97222222,11.66666667,4,1.565175808,1.305170776,,2015,2019,5,0.153424658,58,58,20,5,11.6,11.6,4,1.49578217,1.146243114
2840,Annual,1,Tower Hills,598710,321850,52.757691,0.943312,Chalk,loam,clay loam,1.869386048,1.44823108,282.9552728,7.663905529,0.006467689,4.411551182,100924.7925,319.0019053,118.6326998,,1974,2014,41,1.610958904,1164,405,153,41,28.3902439,9.87804878,3.731707317,21.86536125,0.57472203,,2015,2019,5,0,1826,60,20,5,365.2,12,4,21.82968763,0.501822978
2843,Multiannual,7.1,Waters Upton,363225,319295,52.769978,-2.546504,Permian Sandstone,clay,clay,1.735398392,1.37900833,282.9618526,7.456531633,0.006453458,3.94628939,100602.0053,322.1440171,113.0513959,,1976,2014,39,0.528767123,438,424,151,39,11.23076923,10.87179487,3.871794872,6.44640174,0.327345179,,2015,2019,5,0.095890411,60,58,20,5,12,11.6,4,6.214970233,0.246654223
2853,Annual,1,Oakhill 1,365650,147870,51.228973,-2.493316,Carboniferous Limestone,loam,clay loam,3.165775673,1.398769623,282.6116821,7.555482858,0.006471603,4.642721672,99155.54999,318.4656548,118.3703671,,1974,2014,41,2.128767123,426,407,153,40,10.65,10.175,3.825,10.57593253,1.304275995,,2015,2019,5,0.232876712,52,50,20,5,10.4,10,4,10.49210534,1.12128062
2854,Annual,1,Undergreen Hill,391064,649153,55.735669,-2.143864,Unallocated to aquifers,sandy loam,sandy loam,1.862230265,1.364744699,281.9654194,6.345816517,0.005979464,4.215869388,100069.0059,316.985193,109.9666539,,1992,2014,23,0.402739726,379,264,91,23,16.47826087,11.47826087,3.956521739,2.072485339,0.341224519,,2015,2019,5,0.246575342,60,55,20,5,12,11,4,1.975936966,0.354714087
2855,Annual,1,Field Farm,551342,245280,52.08518,0.207384,Chalk,sandy loam,sandy loam,1.565204881,1.445286639,283.0054,7.940990308,0.006437454,4.677955368,100515.7644,319.1776136,112.7284268,,1999,2014,16,0.44109589,173,171,62,16,10.8125,10.6875,3.875,45.03764327,1.284163276,,2015,2019,5,0.42739726,46,46,20,5,9.2,9.2,4,45.38458346,1.029097027
2862,Annual,1,Long Plantation Rushford,593419,281203,52.394655,0.841302,Chalk,sand,loamy sand,1.697948858,1.442201267,283.2594351,7.966193337,0.00652565,4.232351499,101331.9899,320.1163071,115.8831006,,1999,2014,16,0.246575342,184,179,63,16,11.5,11.1875,3.9375,6.30480331,0.478865919,,2015,2019,5,0.252054795,49,49,20,5,9.8,9.8,4,6.529573718,0.469194903
2868,Annual,1,Hollycroft Drift,504379,437457,53.822901,-0.415815,Chalk,loam,clay loam,1.795800269,1.424545348,282.7212131,6.690779161,0.006346461,4.897005582,101018.2624,319.7850672,113.5725121,,1980,2014,35,2.178082192,339,321,116,32,10.59375,10.03125,3.625,1.762542905,0.89723123,,2015,2019,5,0.167123288,58,58,20,5,11.6,11.6,4,1.685852335,0.744384067
2876,Annual,1,Stanton Hill,447965,360215,53.136928,-1.284474,Carboniferous Limestone,loam,clay loam,2.090180518,1.389583354,282.1624697,7.109643148,0.006164554,4.629363253,99482.46202,317.7958248,111.0187505,,1973,2014,42,0.246575342,829,495,168,42,19.73809524,11.78571429,4,4.524500973,0.567393949,,2015,2019,5,0.15890411,59,59,20,5,11.8,11.8,4,4.812839588,0.60949605
2878,Annual,1,College Farm Duxford,546235,244708,52.081412,0.13266,Chalk,sandy loam,sandy loam,1.530145249,1.454113868,283.1483342,7.940990308,0.006476033,4.657984614,100802.9649,319.9208208,112.6513948,,1999,2014,16,0.252054795,167,166,61,16,10.4375,10.375,3.8125,25.4454293,1.827870659,,2015,2019,5,0.265753425,50,50,20,5,10,10,4,25.96215026,1.383557791
2895,Multiannual,3.6,Grinshill,352085,322955,52.802001,-2.712144,Triassic Sandstone,sandy loam,sandy loam,1.888259314,1.379276901,282.8218173,7.456531633,0.006424337,3.978618324,100316.4416,321.538196,114.1181836,,1999,2014,16,0.109589041,5685,189,63,16,355.3125,11.8125,3.9375,13.22416157,0.536282253,,2015,2019,5,0,1811,60,20,5,362.2,12,4,13.2992425,0.193741204
2897,Annual,1,Badlingham,567282,270541,52.307495,0.452266,Chalk,sand,loamy sand,1.5446378,1.441634408,283.3386667,7.940990308,0.006528248,4.061966828,101363.1916,320.7579517,115.2394663,,1999,2014,16,1.991780822,157,154,56,15,10.46666667,10.26666667,3.733333333,6.861778977,0.417258186,,2015,2019,5,0.263013699,49,49,20,5,9.8,9.8,4,7.110095629,0.479297956
2902,Annual,1,Lund Wold House,494776,448078,53.920167,-0.558367,Chalk,loam,,1.95641097,1.381101738,282.3565134,7.308882087,0.006237393,4.850305442,100566.98,318.1988507,111.8173042,,1980,2014,35,1.243835616,382,369,132,35,10.91428571,10.54285714,3.771428571,45.81998059,2.885985757,,2015,2019,5,0.161643836,58,58,20,5,11.6,11.6,4,45.66767512,2.784079916
2909,Annual,1,Bings Heath,354345,318655,52.763546,-2.678023,Permian Sandstone,sandy loam,sandy loam,1.778592972,1.383532264,282.9188931,7.456531633,0.0064513,3.973882536,100492.893,321.9648649,113.9835211,,1999,2014,16,0.219178082,5594,188,63,16,349.625,11.75,3.9375,4.646542673,0.309398258,,2015,2019,5,0.093150685,1773,60,20,5,354.6,12,4,4.640083876,0.272808437
2916,Annual,1,Bugmore Hill,459655,138855,51.145855,-1.148559,Chalk,loam,,2.3180426,1.40071271,282.9799348,8.220511404,0.00652364,4.293661548,100026.2695,318.7714528,115.9130816,,1973,2014,42,0.506849315,610,458,161,42,14.52380952,10.9047619,3.833333333,24.00456783,1.192222439,,2015,2019,5,0.123287671,60,60,20,5,12,12,4,23.7203875,0.76448523
2918,Annual,1,Bridge Camp Site,421245,199115,51.690385,-1.69405,Oolites,sandy loam,sandy loam,1.818005475,1.40624338,283.1807304,7.673734289,0.006549521,3.762748445,100556.2093,321.4005431,116.7837165,,2004,2014,11,0.18630137,122,116,43,11,11.09090909,10.54545455,3.909090909,1.794225647,0.281219522,,2015,2019,5,0.246575342,57,56,20,5,11.4,11.2,4,1.78659982,0.272289067
2924,Annual,1.9,Spy Law,421769,610333,55.386467,-1.657933,Fell Sandstone& Border Group,loam,loam,2.015392824,1.34209127,281.7521754,6.53065572,0.005966974,5.154682883,99753.18043,315.6422267,105.8324853,,1998,2014,17,0.265753425,5646,192,66,17,332.1176471,11.29411765,3.882352941,60.09133708,2.155290153,,2015,2019,5,0.320547945,851,38,18,5,170.2,7.6,3.6,61.41746174,2.225896025
2927,Annual,1,Tile Barn Farm,470971,147802,51.225004,-0.985049,Chalk,loam,,2.178950298,1.359598663,283.0211492,8.204714845,0.00652482,3.550875815,100162.5222,319.0039962,116.0776827,,1971,2014,44,0.931506849,4741,463,169,44,107.75,10.52272727,3.840909091,33.87423033,1.941281036,,2015,2019,5,0.032876712,1814,60,20,5,362.8,12,4,34.16424841,1.505637789
2928,Multiannual,7.1,Scaleby,346525,564265,54.970103,-2.836846,Triassic Sandstone,loam,clay loam,2.459998143,1.334145812,282.1752688,7.028924787,0.006068076,4.253720322,100633.0475,318.8291203,107.0593491,,1977,2014,38,2.246575342,6124,316,137,37,165.5135135,8.540540541,3.702702703,3.88856039,0.248085137,,2015,2019,5,0.717808219,1564,52,18,5,312.8,10.4,3.6,3.64979737,0.148824204
2935,Annual,1,Heighton Blackcap Farm 1,547228,104307,50.819595,0.08875,Chalk,loam,loam,2.173469768,1.437616965,283.1590678,5.778736839,0.006694668,5.030953064,100268.6705,318.2878196,121.612093,,1977,2014,38,1.531506849,4194,373,138,37,113.3513514,10.08108108,3.72972973,57.54976046,1.12053399,,2015,2019,5,0.02739726,1791,60,20,5,358.2,12,4,57.43752153,0.902436788
2939,Decadal,14.2,Leckby,441120,474034,54.160461,-1.371767,Triassic Sandstone,sandy loam,sandy clay loam,1.72421922,1.411508856,282.590096,7.343361654,0.00624114,4.594900614,100969.4728,319.9227144,111.7365605,,1976,2014,39,0.630136986,442,439,151,39,11.33333333,11.25641026,3.871794872,4.422263804,0.469797637,,2015,2019,5,0.37260274,50,46,19,5,10,9.2,3.8,4.6210267,0.230722431
2944,Annual,1,Home Farm Euston,589652,278116,52.368252,0.784264,Chalk,sand,loamy sand,1.69288134,1.463003524,283.2465055,7.966193337,0.006518149,4.199244459,101281.1243,320.0802626,117.9037522,,1999,2014,16,0.498630137,178,175,62,16,11.125,10.9375,3.875,3.529842257,0.415501759,,2015,2019,5,0.315068493,46,46,20,5,9.2,9.2,4,3.54164001,0.42393088
2949,Annual,1,Kearnsey Manor,628804,144041,51.149863,1.270187,Chalk,sandy clay loam,clay loam,2.363993689,1.435827507,283.3237817,6.381855311,0.006785694,4.136025295,100525.1389,319.7529939,125.333151,,2003,2014,12,0.230136986,4091,136,46,12,340.9166667,11.33333333,3.833333333,2.765773318,0.321684654,,2015,2019,5,0.084931507,1567,54,18,5,313.4,10.8,3.6,2.630771864,0.342033408
2955,Annual,1,Rottingdean,537638,103235,50.812318,-0.047708,Chalk,loam,loam,2.081641837,1.425508001,283.2832829,5.977641657,0.006715983,4.235216741,100551.8526,318.8395446,123.1163,,1981,2014,34,1.167123288,331,326,127,34,9.735294118,9.588235294,3.735294118,52.92403761,1.006193198,,2015,2019,5,0.210958904,58,57,20,5,11.6,11.4,4,52.71405636,0.688073704
2961,Decadal,21.3,Woodgate Lane,493825,104015,50.828077,-0.669176,Chalk,loam,clay loam,2.099016195,1.385265596,283.7048253,6.021393112,0.006783166,3.403579159,101380.7604,321.0064967,119.927506,,1993,2014,22,0.591780822,269,227,86,22,12.22727273,10.31818182,3.909090909,4.720165921,0.681831147,,2015,2019,5,0.293150685,51,51,20,5,10.2,10.2,4,4.387071672,0.378869197
2966,Multiannual,7.1,Bowling Green,486427,194964,51.646835,-0.752269,Chalk,sandy clay loam,clay loam,2.108283446,1.407507119,282.9528899,8.020335061,0.00645695,3.672439834,100175.5411,319.3059677,118.0357234,,1996,2014,19,0.526027397,201,191,71,19,10.57894737,10.05263158,3.736842105,1.426129055,0.681098797,,2015,2019,5,0.178082192,56,56,20,5,11.2,11.2,4,1.615271734,0.445979739
2985,Annual,1,Sheepwash,447250,162670,51.361136,-1.322746,Chalk,loam,clay loam,2.214784908,1.382871847,282.9856876,8.220511404,0.006506969,3.626254235,100122.2709,319.4659719,117.4076578,,1980,2014,35,0.221917808,464,398,139,35,13.25714286,11.37142857,3.971428571,52.8735389,4.308754569,,2015,2019,5,0.265753425,57,57,20,5,11.4,11.4,4,51.3361822,3.19055188
2986,Multiannual,7.1,Grove Farm Slip End,507720,217690,51.847418,-0.437603,Chalk,sandy clay loam,clay loam,1.912325397,1.470410993,282.670705,7.768495066,0.006357447,4.496976351,99705.51901,317.9640593,118.427422,,1975,2014,40,0.726027397,402,397,149,40,10.05,9.925,3.725,13.92621125,3.697752795,,2015,2019,5,0.323287671,43,42,20,5,8.6,8.4,4,16.92225429,3.363328321
2988,Annual,1,Thornton Park,394264,648285,55.727919,-2.092885,Unallocated to aquifers,loam,loam,1.871664577,1.319744158,281.8686751,6.345816517,0.00595836,4.233545202,99870.5756,316.4639525,105.9726667,,1991,2014,24,0.178082192,7486,287,96,24,311.9166667,11.95833333,4,3.747596652,0.55492177,,2015,2019,5,0,1826,60,20,5,365.2,12,4,3.791741442,0.525384327
2990,Multiannual,7.1,Knole,553400,154009,51.264596,0.197336,Lower Greensand,sand,loamy sand,2.156067566,1.379195386,282.8480229,8.253918987,0.006498887,4.430512089,99758.87069,317.4039198,113.7821724,,1993,2014,22,0.356164384,245,219,84,22,11.13636364,9.954545455,3.818181818,36.7812092,1.182067682,,2015,2019,5,0.189041096,58,58,20,5,11.6,11.6,4,37.40114728,0.759329449
2992,Annual,1,The Firs,407395,168005,51.411015,-1.895055,Chalk,loam,,2.247672745,1.432367401,282.7153302,7.947018429,0.006450376,4.504328264,99531.32032,318.8564579,118.9885845,,1971,2014,44,2.389041096,1499,442,162,42,35.69047619,10.52380952,3.857142857,13.24775836,4.275399648,,2015,2019,5,0.430136986,222,54,19,5,44.4,10.8,3.8,14.36181455,3.996447581
3000,Annual,1,Bog Bridge Drift,443511,464268,54.072499,-1.336556,Triassic Sandstone,loam,clay loam,1.758522436,1.36373668,282.64309,7.343361654,0.006259344,3.851673262,101007.8121,320.1729828,111.3161846,,1973,2014,42,0.150684932,8798,496,167,42,209.4761905,11.80952381,3.976190476,0.270727785,0.327845304,,2015,2019,5,0.265753425,1644,58,20,5,328.8,11.6,4,0.175602999,0.273924695
3009,Multiannual,7.1,Sherbrooke Valley,398825,316625,52.747234,-2.018838,Triassic Sandstone,sand,sand,2.066689869,1.43507493,282.1041138,7.724265635,0.006190864,5.386525276,98918.34715,317.8450373,113.1393933,,1983,2014,32,1.079452055,375,346,121,32,11.71875,10.8125,3.78125,13.05825027,1.022660873,,2015,2019,5,0.183561644,58,56,20,5,11.6,11.2,4,13.69025532,0.612774363
3024,Annual,1,Cavenham Mill,577067,271693,52.314776,0.596242,Chalk,sand,sand,1.597405909,1.43930563,283.2943104,7.966193337,0.006521481,4.107677862,101326.8701,320.4230067,115.3771881,,1999,2014,16,0.498630137,167,155,62,16,10.4375,9.6875,3.875,4.970465509,0.268430538,,2015,2019,5,0.317808219,42,42,19,5,8.4,8.4,3.8,5.093517975,0.22900913
3026,Annual,1,Easinghope Farm,374412,257253,52.212887,-2.375908,Triassic Sandstone,loam,clay loam,1.938637523,1.483331628,282.9076503,7.636595673,0.006474356,4.702103102,100175.8219,321.32575,120.1024426,,1980,2014,35,1.068493151,447,380,134,35,12.77142857,10.85714286,3.828571429,23.46719005,1.752603482,,2015,2019,5,0.284931507,54,46,20,5,10.8,9.2,4,23.90970683,1.473231206
3029,Annual,1,Linton Lock,450027,460361,54.036798,-1.237632,Triassic Sandstone,loam,loam,1.696733026,1.419281902,282.6926313,7.343361654,0.006277796,4.631810379,101092.279,320.3398827,111.8516216,,1987,2014,28,0.747945205,329,307,109,28,11.75,10.96428571,3.892857143,0.255053192,0.315968939,,2015,2019,5,0.57260274,49,44,18,5,9.8,8.8,3.6,0.093854755,0.331752757
3030,Multiannual,7.1,Ilden Farm,620681,151935,51.223925,1.159078,Chalk,sandy loam,sandy loam,2.106798459,1.364596106,283.3015829,6.381855311,0.006736464,4.070486076,100475.7172,319.5462123,117.2279665,,1976,2014,39,1.745205479,387,367,146,38,10.18421053,9.657894737,3.842105263,61.78623997,0.849170664,,2015,2019,5,0.328767123,55,55,20,5,11,11,4,61.50155968,0.838873191
3031,Multiannual,4.3,Mission,468545,395125,53.448428,-0.969371,Triassic Sandstone,sandy loam,sandy clay loam,1.596496355,1.44526913,282.936512,7.688458873,0.006367483,4.693121014,101349.1465,321.2560288,112.7076237,,1982,2014,33,0.578082192,363,356,127,33,11,10.78787879,3.848484848,8.198214475,0.475605358,,2015,2019,5,0.210958904,58,56,20,5,11.6,11.2,4,8.245107702,0.217995748
3032,Multiannual,7.1,Hawgreen,361505,325605,52.826578,-2.572741,Permian Sandstone,sandy loam,sandy clay loam,1.899586986,1.424413334,282.8443185,7.456531633,0.006418239,4.700697415,100398.7624,321.6329742,113.4619944,,1982,2014,33,0.978082192,479,360,124,33,14.51515152,10.90909091,3.757575758,3.389842659,0.512725411,,2015,2019,5,0.323287671,57,50,20,5,11.4,10,4,3.557819072,0.531243134
3033,Annual,0.2,Calledge drove,572680,284406,52.430351,0.538492,Chalk,sandy loam,sandy clay loam,1.610585177,1.442132251,283.3351868,7.966193337,0.00652982,4.130176366,101517.5449,320.8010923,115.3219894,,1999,2014,16,0.493150685,177,175,62,16,11.0625,10.9375,3.875,1.932079899,0.135792156,,2015,2019,5,0.443835616,39,39,20,5,7.8,7.8,4,2.011271555,0.127979288
3063,Annual,1,Willerby Haggs Drift,503278,431204,53.76694,-0.434627,Oolites,sandy loam,sandy loam,1.843426609,1.433818069,282.7224069,6.690779161,0.006343473,4.883425643,100969.7298,319.8007746,114.1588699,,1980,2014,35,0.994520548,398,381,132,35,11.37142857,10.88571429,3.771428571,1.513274351,0.508378226,,2015,2019,5,0.15890411,59,59,20,5,11.8,11.8,4,1.548454489,0.447658468
3064,Annual,1,Kelfield Drift,457872,439356,53.847214,-1.121835,Unallocated to aquifers,loam,loam,1.665102788,1.429654992,282.7785774,7.197851421,0.006310888,4.665682153,101339.9041,320.6762436,112.8248976,,1990,2014,25,0.169863014,7961,298,100,25,318.44,11.92,4,1.786288764,0.236229428,,2015,2019,5,0.095890411,1760,60,20,5,352,12,4,1.649758069,0.236874163
3104,Annual,1,Dalton East Bottom,492475,451495,53.951285,-0.592358,Chalk,loam,,2.00309527,1.404992484,282.3102387,7.308882087,0.006222873,4.841436088,100490.9342,318.0048525,114.6100908,,1995,2014,20,1.243835616,216,213,73,20,10.8,10.65,3.65,39.96739674,2.588773939,,2015,2019,5,0.156164384,59,59,20,5,11.8,11.8,4,39.91296014,2.58673826
3115,Annual,1,Tholthorpe Northfield D,446892,467067,54.097357,-1.28446,Triassic Sandstone,sand,sand,1.707786902,1.40278679,282.6146311,7.343361654,0.006253193,4.617709447,100978.6169,319.9939458,110.6499376,,1987,2014,28,0.747945205,317,304,108,28,11.32142857,10.85714286,3.857142857,1.883314268,0.425095552,,2015,2019,5,0.331506849,49,44,20,5,9.8,8.8,4,1.867475731,0.402105765
3129,Annual,1,Great Ouseburn D,445931,461686,54.049085,-1.299967,Triassic Sandstone,loam,clay loam,1.761051556,1.419665722,282.6194115,7.343361654,0.006255252,4.615768526,100941.5492,320.0430181,112.2109901,,1980,2014,35,0.589041096,450,398,136,35,12.85714286,11.37142857,3.885714286,0.319424923,0.545732552,,2015,2019,5,0.57260274,51,46,18,5,10.2,9.2,3.6,0.210452374,0.456083152
3144,Multiannual,7.1,Otterton 3,309406,86495,50.671044,-3.283367,Unallocated to aquifers,sand,sand,2.199642674,1.502204655,283.5633578,6.729059364,0.006844113,5.571549598,100571.2355,322.3453058,125.1944692,,1983,2014,32,0.254794521,11105,377,127,32,347.03125,11.78125,3.96875,45.64559795,0.318785102,,2015,2019,5,0,1826,60,20,5,365.2,12,4,45.25217806,0.239312777
3145,Multiannual,7.1,Otterton Saline,308940,84030,50.64881,-3.289353,Unallocated to aquifers,sand,sand,2.172666944,1.473963391,283.7237046,6.729059364,0.00689337,4.816079436,100886.7913,323.0707246,124.8189407,,1989,2014,26,0.947945205,8074,281,95,26,310.5384615,10.80769231,3.653846154,32.06419175,0.26379646,,2015,2019,5,0.164383562,1714,59,20,5,342.8,11.8,4,32.27730807,0.22737256
3146,Annual,1,Otterton 2,308466,85990,50.666357,-3.296541,Triassic Sandstone,sand,sand,2.209531763,1.471472415,283.8269105,6.729059364,0.006922808,4.067379039,101102.6032,323.599193,127.3705576,,1983,2014,32,0.24109589,9249,374,127,32,289.03125,11.6875,3.96875,18.39105569,0.145586,,2015,2019,5,0.01369863,1778,60,20,5,355.6,12,4,18.32208931,0.102502797
3149,Decadal,42.7,Manton Lodge,462915,377375,53.289603,-1.057656,Triassic Sandstone,sand,sand,1.716432315,1.425752471,282.7006102,7.109643148,0.006305788,4.666443261,100716.5171,320.1848799,111.7585316,,1977,2014,38,0.482191781,628,438,151,38,16.52631579,11.52631579,3.973684211,28.27805933,0.803850711,,2015,2019,5,0.150684932,59,59,20,5,11.8,11.8,4,28.20249944,0.211015247
3178,Multiannual,7.1,New Road Shallow,396305,270275,52.330544,-2.055638,Triassic Sandstone,loam,loam,1.907462061,1.401735245,282.8945425,7.636595673,0.006441157,3.885531148,100255.4788,321.220082,115.6167822,,1993,2014,22,1.090410959,234,226,79,21,11.14285714,10.76190476,3.761904762,7.058351684,0.50577932,,2015,2019,5,0.328767123,47,41,19,5,9.4,8.2,3.8,7.053251665,0.331638592
3179,Multiannual,4.3,New Road Deep,396295,270265,52.330454,-2.055784,Triassic Sandstone,loam,loam,1.907462061,1.401735245,282.8945425,7.636595673,0.006441157,3.885531148,100255.4788,321.220082,115.6167822,,1993,2014,22,1.320547945,231,224,78,21,11,10.66666667,3.714285714,8.466542007,0.937128239,,2015,2018,4,0.252054795,41,35,15,4,10.25,8.75,3.75,8.428710733,0.738760961
3204,Multiannual,3.6,Sandhutton 8,437735,482155,54.233702,-1.422587,Triassic Sandstone,sandy loam,sandy loam,1.720891919,1.349321546,282.5395315,7.343361654,0.006222566,3.819592671,100916.6235,319.7110602,110.664281,,1998,2014,17,0.084931507,5702,195,65,17,335.4117647,11.47058824,3.823529412,8.423663263,0.295918644,,2015,2019,5,0.17260274,1686,59,20,5,337.2,11.8,4,8.604778722,0.229289035
3205,Multiannual,7.1,Sandhutton 7,437736,482155,54.233702,-1.422572,Triassic Sandstone,sandy loam,sandy loam,1.720891919,1.349321546,282.5395315,7.343361654,0.006222566,3.819592671,100916.6235,319.7110602,110.664281,,1998,2014,17,0.232876712,5645,192,66,17,332.0588235,11.29411765,3.882352941,8.385610239,0.294316597,,2015,2019,5,0.334246575,1312,50,20,5,262.4,10,4,8.544726822,0.272361525
3247,Annual,1,Studforth Drift,440420,472600,54.147629,-1.382678,Triassic Sandstone,sandy loam,sandy loam,1.735653626,1.362181642,282.6057767,7.343361654,0.006245137,3.836625824,100984.4751,320.0145443,111.4314814,,1987,2014,28,1.202739726,7938,319,108,28,283.5,11.39285714,3.857142857,1.096786918,0.294971006,,2015,2019,5,0.095890411,1789,60,20,5,357.8,12,4,0.761400016,0.178409589
3271,Annual,1,Exminster Marshes 1,294414,88985,50.690899,-3.496162,Permian Sandstone,clay,clay,2.260118796,1.464390305,283.9112761,6.729059364,0.006966187,4.168115078,101239.7584,324.2029256,126.4010256,,2001,2014,14,0.268493151,4610,156,53,14,329.2857143,11.14285714,3.785714286,0.146744145,0.180073564,,2015,2019,5,0.016438356,1800,60,20,5,360,12,4,0.156586506,0.180152049
3272,Annual,1,Exminster Marshes 1A,294412,88985,50.690899,-3.49619,Permian Sandstone,clay,clay,2.260118796,1.464390305,283.9112761,6.729059364,0.006966187,4.168115078,101239.7584,324.2029256,126.4010256,,2001,2014,14,0.263013699,4596,155,53,14,328.2857143,11.07142857,3.785714286,0.158468162,0.293848277,,2015,2019,5,0.005479452,1822,60,20,5,364.4,12,4,0.178364752,0.31216343
3277,Multiannual,6.1,Alfington 2,311125,97442,50.769728,-3.261688,Triassic Sandstone,sandy loam,sandy loam,2.549779572,1.389114043,283.4335406,6.729059364,0.006798596,4.082290882,100350.6534,321.9329633,120.7311183,,1975,2014,40,0.142465753,10559,467,157,40,263.975,11.675,3.925,16.31574631,0.290859862,,2015,2019,5,0.284931507,1537,52,20,5,307.4,10.4,4,16.31661864,0.235744203
3290,Multiannual,3.6,Bicton 3,306612,85454,50.661243,-3.322631,Triassic Sandstone,sand,sand,2.360258015,1.470170474,283.705675,6.729059364,0.006890414,4.077039331,100847.3761,323.0304229,127.7607283,,1999,2014,16,0.419178082,5357,181,62,16,334.8125,11.3125,3.875,6.370454635,1.145835864,,2015,2019,5,0.030136986,1815,60,20,5,363,12,4,6.440338116,0.621280255
3291,Multiannual,7.1,Bicton 1,307767,86052,50.666804,-3.306444,Triassic Sandstone,sand,sand,2.280096524,1.474747752,283.7504809,6.729059364,0.006901759,4.073846727,100944.3963,323.2505559,127.8720488,,1981,2014,34,0.435616438,10649,391,134,34,313.2058824,11.5,3.941176471,13.05548872,0.44643123,,2015,2019,5,0.273972603,1726,57,20,5,345.2,11.4,4,12.96446411,0.213352484
3312,Annual,1,Moor Monkton,452558,452558,53.966423,-1.200335,Triassic Sandstone,loam,clay loam,1.707861152,1.411200862,282.6778557,7.197851421,0.006277885,4.645321098,101221.0675,320.2475994,111.6485494,,1986,2014,29,0.347945205,337,337,114,29,11.62068966,11.62068966,3.931034483,2.846610674,0.231023681,,2015,2019,5,0.205479452,57,55,20,5,11.4,11,4,2.814278955,0.180342344
3315,Annual,1,Bracey Bridge Drift,507701,462199,54.044507,-0.356661,Chalk,loam,clay loam,1.829774003,1.381652452,282.5321531,6.532711498,0.006310242,4.192795019,100673.348,318.8492779,115.2589812,,1979,2014,36,1.284931507,482,395,139,36,13.38888889,10.97222222,3.861111111,0.530973667,0.114748627,,2015,2019,5,0.180821918,58,58,20,5,11.6,11.6,4,0.518799536,0.125667895
3318,Annual,1,North End Stream,502245,458248,54.01012,-0.441278,Chalk,loam,clay loam,1.819963801,1.380049347,282.5184209,6.532711498,0.006296081,4.154767166,100598.8339,318.8508721,114.7660652,,1979,2014,36,1.630136986,445,386,134,35,12.71428571,11.02857143,3.828571429,0.934376469,0.459681776,,2015,2019,5,0.134246575,59,59,20,5,11.8,11.8,4,0.921340857,0.363718862
3319,Annual,1,North End Stream North,502231,458262,54.010248,-0.441487,Chalk,loam,clay loam,1.819963801,1.380049347,282.5184209,6.532711498,0.006296081,4.154767166,100598.8339,318.8508721,114.7660652,,1985,2014,30,1.284931507,351,326,114,30,11.7,10.86666667,3.8,0.448699877,0.470454708,,2015,2019,5,0.134246575,59,59,20,5,11.8,11.8,4,0.332906261,0.372254172
3320,Annual,1,North End Stream South,502289,458234,54.009985,-0.440612,Chalk,loam,clay loam,1.819963801,1.380049347,282.5184209,6.532711498,0.006296081,4.154767166,100598.8339,318.8508721,114.7660652,,1985,2014,30,1.284931507,363,333,114,30,12.1,11.1,3.8,1.395011141,0.462240743,,2015,2019,5,0.128767123,60,60,20,5,12,12,4,1.305552463,0.355528206
3321,Multiannual,3.6,Hartlebury 1,382165,270795,52.334938,-2.26316,Triassic Sandstone,sandy loam,sandy clay loam,1.871692421,1.402158223,283.2356752,7.636595673,0.006548625,3.921373141,100928.3845,322.9487125,114.6991356,,2000,2014,15,0.331506849,4757,173,60,15,317.1333333,11.53333333,4,4.487422403,0.410283703,,2015,2019,5,0.328767123,1671,57,20,5,334.2,11.4,4,4.313068631,0.247430711
3328,Annual,1,Stanford,585292,294975,52.521133,0.72965,Chalk,sand,loamy sand,1.835198848,1.435455697,283.1462194,7.663905529,0.006490151,4.232463141,101053.1269,319.8157082,115.3301468,,1999,2014,16,0.350684932,376,156,63,16,23.5,9.75,3.9375,0.626767818,0.513465774,,2015,2019,5,0.04109589,1613,60,20,5,322.6,12,4,0.601614274,0.584525151
3340,Annual,1.9,Rudston North,509539,469935,54.113618,-0.325809,Corallian Limestone,loam,,1.896250405,1.370201089,282.4304655,6.532711498,0.006290018,4.215669273,100528.0282,318.3385479,115.0523318,,1980,2014,35,0.84109589,5247,397,136,35,149.9142857,11.34285714,3.885714286,5.586567001,2.559504296,,2015,2019,5,0.068493151,1790,60,20,5,358,12,4,6.2161496,2.262821041
3348,Annual,0.3,Hempholme,509486,449441,53.929516,-0.333994,Chalk,loam,clay loam,1.764457747,1.413639989,282.6813033,6.690779161,0.006348305,4.944251989,101047.8177,319.5336356,113.6813195,,1996,2014,19,0.449315068,206,206,73,19,10.84210526,10.84210526,3.842105263,0.1038581,0.177634168,,2015,2019,5,0.257534247,57,56,20,5,11.4,11.2,4,0.010725755,0.267908006
3349,Annual,1,Hempholme Drift,509498,449458,53.929666,-0.333805,Chalk,loam,clay loam,1.764457747,1.413639989,282.6813033,6.690779161,0.006348305,4.944251989,101047.8177,319.5336356,113.6813195,,1997,2014,18,0.449315068,205,205,71,18,11.38888889,11.38888889,3.944444444,0.932323333,0.359571845,,2015,2019,5,0.147945205,59,59,20,5,11.8,11.8,4,0.905174098,0.376715953
3356,Multiannual,7.1,Weeford Flats Deep,414465,304645,52.639351,-1.78767,Triassic Sandstone,sand,sand,1.890329015,1.380148948,282.7309219,7.555826268,0.006359972,3.858791258,100162.3765,320.5608202,113.1172739,,1994,2014,21,0.915068493,274,234,80,21,13.04761905,11.14285714,3.80952381,5.096113455,0.871784383,,2015,2019,5,0.109589041,60,60,20,5,12,12,4,5.471211347,0.652689734
3382,Annual,1,Hanson Causeway North,419290,199450,51.693467,-1.722314,Oolites,sandy loam,sandy loam,1.840359183,1.404376166,283.1652204,7.673734289,0.006546669,3.767893464,100523.3626,321.3531156,116.7099921,,2004,2014,11,0.183561644,119,115,41,11,10.81818182,10.45454545,3.727272727,0.487362504,0.185816087,,2015,2019,5,0.246575342,53,52,20,5,10.6,10.4,4,0.513441464,0.170936315
3387,Annual,1,Hanson Causeway South,419281,199444,51.693414,-1.722444,Oolites,sandy loam,sandy loam,1.840359183,1.404376166,283.1652204,7.673734289,0.006546669,3.767893464,100523.3626,321.3531156,116.7099921,,2004,2014,11,0.254794521,113,109,41,11,10.27272727,9.909090909,3.727272727,1.009720966,0.175589539,,2015,2019,5,0.339726027,51,50,19,5,10.2,10,3.8,1.079608177,0.162726434
3398,Annual,1,HIGH BROAD LEYS FARM,304697,507680,54.455518,-3.471513,Triassic Sandstone,loam,loam,3.307146502,1.323963903,282.1188202,6.556475944,0.006126514,4.463229012,99925.47846,318.8191976,107.8237192,,1974,2014,41,1.767123288,7618,420,152,40,190.45,10.5,3.8,1.020966348,0.486612498,,2015,2019,5,0,1826,60,20,5,365.2,12,4,0.859750101,0.395855845
3403,Annual,1,LONGTOWN,339145,567905,55.00196,-2.952885,Triassic Sandstone,loam,clay loam,2.480996795,1.281952419,282.352506,7.028924787,0.006114997,3.492411076,101003.4282,319.7356701,106.1743912,,1977,2014,38,0.517808219,6221,332,143,38,163.7105263,8.736842105,3.763157895,1.800428517,0.367773146,,2015,2019,5,0.005479452,1824,60,20,5,364.8,12,4,1.755635086,0.33151706
3423,Annual,1,Poors Furze B Chalk,435855,179275,51.511265,-1.484724,Chalk,loam,,2.107406375,1.407370989,282.7148856,7.708993464,0.006423373,3.691404887,99590.66954,318.6760462,119.7456102,,1974,2014,41,1.61369863,457,392,148,41,11.14634146,9.56097561,3.609756098,17.59312017,3.638103219,,2015,2019,5,0.191780822,59,58,20,5,11.8,11.6,4,18.40623218,2.370161844
3426,Multiannual,7.1,Park Farm West Wycombe,483855,194305,51.6413,-0.78959,Chalk,loam,loam,2.079664948,1.309673996,283.055819,8.020335061,0.006487278,2.915507332,100379.3273,319.8225093,113.4288376,,1996,2014,19,0.676712329,3577,203,70,19,188.2631579,10.68421053,3.684210526,1.764299512,0.424352911,,2015,2019,5,0.342465753,1697,57,19,5,339.4,11.4,3.8,1.701136634,0.214138126
3436,Annual,1,OLD MILL FARM,401010,195750,51.660527,-1.986789,Oolites,clay,clay,2.116896373,1.404587449,283.0714817,7.673734289,0.006538668,3.818619023,100296.7705,321.0780139,117.6791947,,2004,2014,11,0.194520548,3620,122,41,11,329.0909091,11.09090909,3.727272727,0.65622898,0.271861813,,2015,2019,5,0,1826,60,20,5,365.2,12,4,0.698620807,0.308184562
3439,Annual,1,Compton,477551,114895,50.928302,-0.897889,Chalk,loam,loam,2.652754188,1.39450012,283.2591199,6.021393112,0.006632099,4.196071576,100478.6678,319.3008889,116.9278609,,1971,2014,44,2.279452055,5305,483,165,42,126.3095238,11.5,3.928571429,40.42957492,8.777069732,,2015,2019,5,0.460273973,1609,55,19,5,321.8,11,3.8,40.34367238,8.685180133
3458,Annual,1,"Ready Token, Great Oolite",411402,204667,51.740588,-1.836264,Oolites,clay,clay,2.081423732,1.443057524,282.7944818,7.673734289,0.006445231,4.552470399,99793.61819,319.7786129,117.5588281,,1981,2014,34,0.347945205,1553,345,133,34,45.67647059,10.14705882,3.911764706,34.38507013,1.866954809,,2015,2019,5,0.287671233,1596,56,20,5,319.2,11.2,4,35.07172633,1.877616707
