No,P,PET,tas,dtr,huss,sfcWind,psurf,rlds,rsds
2,1.8226182168194174,1.4054431422442195,283.1737634479558,7.6737342888579505,0.006548313293015918,3.76530243600724,100541.384378115,321.38058857069933,116.74501388240755
3,1.689595804142608,1.4207665412975823,283.6907709759153,6.38185531147153,0.0068251977702770425,4.143506648669081,101266.24958188314,321.3661877423546,118.95750400744815
10,1.6050953625154833,1.3808984582119177,283.4087298055594,8.253918986570142,0.006636811082393615,3.763375275682259,100933.10808139587,320.1450853204325,114.6818552729361
16,1.7024177441297181,1.4533385259967873,282.8816760374031,7.94099030807462,0.006403426076147385,4.725509030446424,100299.76863153743,318.53219651631167,113.88909116395195
19,2.19656596365283,1.4088685234020206,282.9890078732191,7.367098251297044,0.00651512513441459,3.8294099891233935,100113.00097823565,320.7570129082556,118.26917538957726
20,2.641797760814043,1.3957528034494806,282.8580256392408,6.3612789494872155,0.006336199056522345,4.519472753031696,101263.06864425263,322.13108680031553,109.87218719404612
25,1.7082138360620784,1.4600999268165546,282.796847832382,7.966193337045802,0.006387228131607034,4.834172501684534,100221.30967914984,317.92903980880783,115.20287659425031
27,1.7021346688177217,1.4119192692146727,282.61618447213334,7.343361653543089,0.006255618698719198,4.626458817262981,100971.36917420762,319.98090890203724,111.62758269929
28,1.5779850551628671,1.500417098153685,283.3697101197272,6.800259881553668,0.0065845769140656174,4.899136821648336,101108.85946842081,320.0151097693628,117.30327218689963
30,2.230664994195225,1.4579218720822302,282.8830381335561,7.367098251297044,0.006487684753389948,4.590275432646062,99892.3472200566,320.2633907211472,119.39649801932805
36,2.1517332586715954,1.4196901516093878,283.40112479418997,7.947018428650982,0.006664039314297647,3.633861298544434,100781.57385029468,321.2534012316117,121.03159431825144
39,1.688913637500339,1.4743499863165497,283.10475248364196,7.574602080240383,0.006465787459037542,4.927993784636874,101140.56644596039,320.0423034312497,114.5586052691772
40,2.172903613781224,1.3830168530819602,282.7147842233978,7.947018428650982,0.006431045252169474,3.711906415004873,99585.69116617941,318.77895494872155,117.79987264538958
41,2.0809179071401096,1.3789127021725007,283.1288194185345,7.947018428650982,0.0065722745630330875,3.700374920774978,100314.25464661933,320.48039995916287,116.9130137981345
42,2.0809179071401096,1.3789127021725007,283.1288194185345,7.947018428650982,0.0065722745630330875,3.700374920774978,100314.25464661933,320.48039995916287,116.9130137981345
43,1.7153092946724426,1.4234649981887337,282.65712214580725,7.19785142088264,0.006274807586064319,4.633708116045756,101020.30785804446,320.22560054341267,112.52439159501603
44,2.1674138004355323,1.3688391615760314,282.6687600593995,7.947018428650982,0.006431504787730288,3.748711651889183,99463.05535969186,318.689035830433,117.20555229486288
47,1.898515010992974,1.428335315113879,282.65782799109,7.456531632785745,0.006376207529254258,4.72641276123254,99995.1431457144,320.76507936563183,115.29955695948769
49,1.6332358799326607,1.3905174497283637,282.9089194157502,7.19785142088264,0.0063550042302566246,3.911667170571256,101322.85977906166,321.26054274258667,112.374507086895
56,1.9385771936097373,1.396407407422284,283.1730277094065,8.220511404051232,0.006549736312251149,3.6381310275771495,100541.38902663697,320.4332672258573,117.25033165620215
58,1.893995080365789,1.420399695576288,283.10524066406794,8.253918986570142,0.006548958531328601,4.45579858325862,100310.44561469209,318.7651862703606,115.20261609499279
63,2.2569075110766517,1.433273549892051,283.50546933082745,8.220511404051232,0.006683966796389624,3.5313667220054756,101053.1732618683,321.19773485034113,122.12988419546151
67,1.731931874228484,1.4107267198924933,282.6119642266462,7.343361653543089,0.006247479719300199,4.5958335705879625,100999.24625184463,320.03121300663605,111.48848628247252
75,1.8089980964868906,1.4647129250199058,283.04811387303357,7.636595673455845,0.0064997974455195135,4.674115066988259,100513.88058318253,321.99620052809877,116.90871849900226
79,1.7665135261425264,1.4091016612417449,282.6063978569771,6.690779161255743,0.006344145863705973,5.003186336278714,100914.85167785047,319.06761074899066,114.39073322386189
82,1.9282054840075402,1.433411570511859,282.5955308260244,7.986667602561604,0.006325021369181865,4.597716115154299,99825.81952577845,319.6304890078426,114.20022822669266
84,2.1746391923747432,1.422227251151412,283.82362303447957,6.729059364267483,0.0069337253354958455,4.148312462578774,101081.14643134254,323.78771855677763,122.71149954974709
85,1.6459046809988442,1.428342081709044,282.83522438628245,7.19785142088264,0.0063338345167664395,4.689595481300756,101333.74597011461,320.85868129890014,112.06785703946818
89,2.042540254880693,1.3729324466428512,282.221040118799,7.343361653543089,0.006162309608492273,3.9339077377109377,100319.1659936888,317.9024017546058,115.02484122298019
90,1.8182235816750207,1.4777375411369267,283.2492747482481,7.636595673455845,0.00655450246922827,4.665496538252819,100914.58300542946,322.90433999628755,116.96799824351477
94,2.0181818167829,1.3815755833705574,282.8601780319272,6.864875402826117,0.006452803706023481,4.042274963602626,100208.91193234026,321.74850150540635,114.40281998860735
95,2.4116849951559156,1.4248119757400177,283.13679643463735,5.778736838939162,0.0067143248599053325,5.81971311954615,100241.74844169103,318.1789381702167,118.17180955216018
96,1.7025662429801671,1.4579510643421851,282.77437785094435,7.887920561650193,0.006343586553714789,4.737265569476078,100657.01147640264,319.69652943941713,114.46808059086268
99,1.7685600251718163,1.384683126647063,282.92135197549766,7.456531632785745,0.006450165175237831,3.9696299387423553,100506.0213798784,321.9800214840596,114.0165584121769
107,2.174597428153114,1.3807529696902625,282.7374794361687,7.947018428650982,0.00644506613772797,4.473879458815259,99604.37418418487,318.87711823936144,113.23803954953827
111,1.7446053169099311,1.4446299267574538,283.22234443640076,7.663905529412038,0.006505198952104506,4.207078906384379,101269.49660406516,320.36912676922356,115.85873517583182
116,2.014362614968827,1.4240343814089589,283.21965007564154,7.947018428650982,0.006603265857784584,3.671803327623091,100463.05746600771,320.69736823147247,121.27470538776743
117,2.014362614968827,1.4240343814089589,283.21965007564154,7.947018428650982,0.006603265857784584,3.671803327623091,100463.05746600771,320.69736823147247,121.27470538776743
118,2.0409856604330665,1.396380819978528,283.10673381734654,7.6737342888579505,0.006546517867376676,3.802554318145621,100362.30187001718,321.1669280082602,116.75595718286233
128,2.077084780550442,1.3719057605983822,283.14894689451944,8.204714845296765,0.006559542642735162,3.5469034938795305,100427.24666021626,319.50357790338296,116.6942233663279
131,1.6758828712798033,1.4065896834638514,283.4331976787786,8.253918986570142,0.006651181761316071,3.798752779121537,100977.2621201912,320.20537603972343,117.15748674205298
132,2.4898928017050364,1.2952596221498898,283.0261566819806,8.253918986570142,0.00660182281796835,3.6271174746100057,100083.02118019396,317.98692622813127,112.37572300535987
134,1.6117174808979664,1.4146677994132397,283.0224946572927,6.992700368267669,0.006424796308849599,4.106338552291382,101253.08907438861,320.6881725648522,114.03706070121585
136,1.718641234603609,1.4014282558206426,282.9642698876978,7.991563421857163,0.0064383080086268495,3.871555756071883,100328.6100696088,318.76255297508004,114.72017737704765
137,1.891795442122478,1.3339398869247658,283.31543262425174,8.253918986570142,0.006613428937969278,3.7020651919260756,100729.34542373197,319.7178810070073,111.31873321098426
139,1.7046173823908062,1.485919061777393,283.0498861436725,7.251334176444383,0.006482855900491902,5.087388086309341,100921.74670147107,318.9897104714836,116.9533543394125
143,1.9537055053089074,1.4354712891068027,283.31697976565044,8.253918986570142,0.006614806927569724,3.6958084522745835,100730.08203842407,319.7219877117268,120.8021917750708
146,2.377275045517872,1.469607151346841,282.526855308367,7.947018428650982,0.0063908547072903605,5.145944960731357,99111.9936384519,317.3241098166968,120.1254007380853
151,2.2331662710782556,1.4480841881118125,282.95108356953926,8.220511404051232,0.006506062921564806,4.35742262991647,100011.87948563737,319.1176033658174,120.06962327653257
153,2.313838228661312,1.428368229472088,282.7082876810989,7.6737342888579505,0.006428007041732795,3.8296987097285253,99620.83849027797,319.5177207898278,120.97580783850759
157,1.7892570403019876,1.4163025474505022,283.1354137607314,8.253918986570142,0.006560487086059677,4.480187995742262,100371.18136707041,318.8691916320943,114.5608970293749
164,2.1583832189077734,1.4014911894907112,282.9778411875261,6.868870948350272,0.00642553222990394,4.66702399966495,101068.20308413383,322.6097276806349,110.67031079175366
170,2.2275650833733107,1.4383053653059696,281.99274400993085,7.986667602561604,0.006197717724715763,5.337268528525686,98309.4239494176,316.39966116385915,115.75764883319411
173,2.410886814743037,1.4074016950520127,282.8672162114251,6.38185531147153,0.0066604369994060055,5.616414962323078,99610.11537421691,317.59360948582304,118.35163328655622
176,1.8942039062532445,1.3876986968928746,283.1246039584204,6.868870948350272,0.006482261398839853,3.943788069768435,101197.4350885888,323.2037154972389,113.16600465009978
177,1.910167522980473,1.3736149787645617,282.9243589261683,7.6737342888579505,0.006464766084398348,3.763922006346002,100098.32044475382,320.2646116803564,114.11405872425634
183,2.283706900256206,1.4118236230292032,282.9746857362291,6.8524200729175355,0.006409960498315467,4.631767736038331,101012.06001155506,322.6507883038656,111.09712959443594
198,1.7210497001105072,1.4123987256048127,283.23159462295234,7.708993464016892,0.006540827577326095,3.7063146681029284,100750.09403531486,321.2239135008585,116.61814099461692
199,2.4396584525587155,1.4113578820233053,282.20718916794283,7.555826268095967,0.006195341410923941,3.8542026801150864,99361.98417374356,318.3880253079029,118.45091531166182
201,1.912979718888044,1.4035046075186022,283.1594870592603,7.6737342888579505,0.00655265919975869,3.782503300344795,100491.2053757947,321.3671559227806,116.91000800533668
208,1.8985660572577099,1.4054653787668494,283.1529889266323,7.3117731769409255,0.006590673949380481,4.561122501411666,100272.444485591,318.80493001624205,113.88944621172676
212,1.9601652030391403,1.3817044629126813,282.375802151376,7.164095790027379,0.006246793853751914,4.111521161289154,100454.79821402385,318.2670795340851,115.60726909615293
215,2.475715809991955,1.4434851992655349,283.24023499141487,5.977641656759015,0.006689418505225302,4.261705711740684,100466.86607916842,318.74528577521,124.00077567566942
216,1.5254907409196978,1.4514045629943761,283.32044493201545,7.94099030807462,0.006520799639491392,4.023417982383173,101298.37826933965,320.7252480370319,116.31859413490186
218,1.6304654506949474,1.4598843129671135,282.90155210079354,6.992700368267669,0.006379771996784072,4.793696509759154,101020.44845640167,320.4284464230359,114.10241462053924
227,2.317058794720501,1.3989686787352151,283.09594981252025,5.977641656759015,0.006619295233319412,4.946432316288459,100144.5513907838,318.09946154624345,115.5203302167386
229,2.0934474908237015,1.4166491153923149,283.3656575172862,6.38185531147153,0.006754802813596919,4.853550162020047,100604.44683159312,319.8600351918883,117.26931463877675
230,2.302259964584108,1.350420139978709,282.6096720785187,7.947018428650982,0.0064130974680774045,3.711029958605968,99324.95069446377,318.1957177381781,115.76689808824077
232,2.005536217572866,1.42941892038479,283.72197672977865,5.977641656759015,0.00680330719390691,4.161818725845282,101398.72486593344,320.9558199419927,119.73562002399181
233,1.847844446667896,1.4193580327784863,283.6344410237134,6.38185531147153,0.006812317041050629,4.0869238496060145,101151.43362587588,321.09253367998514,119.52544141605179
234,2.45670332497253,1.4283956774847177,282.28688671307253,7.555826268095967,0.006219717514232679,3.856660340602348,99509.6872508701,318.7985634224326,119.14764376293563
236,1.947320059065817,1.3749827428712877,282.9002740438071,8.253918986570142,0.006508247032915681,4.513488705097685,99882.52108571163,317.66337679938744,112.05828358828717
238,1.7271520716268784,1.4600779272271238,282.76157472782955,8.117657443036801,0.006341424553863288,4.6819826617532145,100448.02823708756,319.5785011067799,114.57276552111468
246,1.640192118863538,1.3854499732802348,282.93208296394266,7.1096431484662865,0.006365516863088774,3.9193816471028815,101279.69337751172,321.29400553297137,111.58687029558217
248,1.8346605388471025,1.382858686919657,282.56970368555386,6.532711497684348,0.0063060736537426335,4.14082188006868,100689.32254331988,319.1179563186227,114.52259513585318
253,1.7198060220650677,1.3748894720349145,283.42532677804076,8.253918986570142,0.00663436319675623,3.718339999817857,100970.7894057729,320.30342123300386,114.02788500120654
255,2.122817763877816,1.3879556792450574,283.6828182806627,6.021393111541139,0.006772377773836372,3.4062490360785516,101332.85343477655,320.95961178755385,120.05366509445915
263,1.8246554353558564,1.4352519374596315,283.0112650355005,7.768495065580769,0.006463666910761521,4.490149185059167,100315.40954424799,319.13295716506565,113.94877224745927
264,2.1433894835361387,1.4165796655968208,282.52305987934477,8.0203350607592,0.006347377702236762,4.412916462306371,99274.83776370133,317.3934111940229,116.12802601037171
271,1.9604946852861085,1.3970911434866882,282.3953209313658,7.308882086607266,0.006246392871553204,4.844445408310363,100598.72142094761,318.38366869089054,113.0524451891039
275,1.9074249369958334,1.4686797273262864,282.84960769734096,7.768495065580769,0.006411871956578031,4.483017290098845,100033.65669256116,318.71063329760085,117.6425857508933
278,2.082166224601008,1.3604345804272964,283.5089877432828,5.778736838939162,0.0068042349733862355,4.267807887638869,100978.81343032159,319.89206011601465,116.64094466225811
284,2.3085201158745323,1.4105877276007763,283.5274972161121,6.12747691606107,0.006701722848104321,3.478918062936053,101014.13244582116,320.9103420553158,121.15025765355702
287,1.7180101151459282,1.40201791191546,283.6474736577103,6.38185531147153,0.006815912640962457,4.114456083237273,101177.6496811917,321.16120071140193,117.6371165751311
295,1.9584806697813881,1.3815797447148657,282.50046808900646,7.6737342888579505,0.006359770244614599,4.4680073420413935,99130.86684556128,317.82818332266,113.09298330033876
297,1.6823564877714938,1.454331900978121,283.0222554953826,7.887920561650193,0.0064115383877581325,4.763203149925751,101250.23654782125,320.9023661826535,112.81361552014016
299,1.7875864304190836,1.4708176917673526,283.0097813299921,7.1741658620956885,0.006545091478212446,5.435821548499698,101165.45548795765,319.0311233904126,119.0334899857998
302,2.391094713686623,1.4314619396152894,283.1338628822683,5.977641656759015,0.006649666694389531,4.23388537612047,100242.32485962225,318.23669667734003,123.08681860009744
303,1.7324423387574825,1.4615754757782038,282.97832309109475,6.361357838192028,0.006441076599234303,5.005428942527264,101214.18806464337,320.13247128173,115.20399506339042
310,1.7820502117429196,1.3842100399744866,282.90494676458303,7.456531632785745,0.006444833725012761,3.968481372290779,100479.14032456263,321.90871777994334,114.02882461856699
311,1.9227899193165037,1.433311236954899,283.08688730242704,7.3117731769409255,0.006623117601689174,4.595593075874518,100109.80885270778,318.4000112840503,119.49212910821848
312,1.7130354066727511,1.4025096256319638,282.83973161446005,8.117657443036801,0.006359933336261543,3.9857399113802967,100836.1208165112,320.10395642303587,113.57495766455521
313,1.8843751451043727,1.4239815050030538,283.22301518075085,7.636595673455845,0.006544248716664347,3.929105842584807,100927.98315791915,322.95638579098807,116.65458705974756
315,2.351816788276317,1.3336832931879443,283.49578670889605,5.778736838939162,0.006768339109995824,3.5270369784719016,100942.9304272124,319.96345172165763,116.4368379241728
318,1.9889136395556855,1.4135986384638488,282.968255672653,8.220511404051232,0.006496092024868903,3.6759791314487913,100138.58071353659,319.7574324019676,119.81162900821384
324,2.191303537604668,1.391899850909889,282.41529006868075,7.6737342888579505,0.006321356565056382,4.572927526952527,99154.66304793725,318.2768511021393,113.36917102232121
328,1.5953918952284913,1.4402123238492004,282.92840971506797,7.6884588732284564,0.006365643589498353,4.702049378331709,101366.82767942829,321.19636908673255,112.3422808203397
334,1.9588101520953622,1.4173091568533431,283.17310942595947,8.220511404051232,0.0065480678746345534,3.6430254995169147,100550.23665102791,320.47039872847927,119.02328348621748
337,1.8012111925874925,1.418326027455666,283.4598494612279,8.0203350607592,0.0066097524968954475,3.6419952011824215,101147.38048466286,321.4776877836559,116.95604292027473
339,2.114112021772006,1.423382626887706,282.3642503610376,8.253918986570142,0.006355100788282519,5.220777909067706,98801.28672518447,315.1574778221727,115.82357755601187
340,1.7796974309393863,1.43787044363678,282.8367638461181,6.361357838192028,0.006403269651153186,5.00593100665553,101125.73719499745,319.7581594524108,114.38602768773494
341,1.647301497968401,1.4297081981741475,282.82758120330413,7.19785142088264,0.006328573151450184,4.671483115519978,101315.48510000465,320.8898048206413,112.16314575964081
343,1.9580862204529177,1.4026980360518555,282.95522358067655,8.220511404051232,0.0064913049258248645,3.6609408981363405,100105.83172026543,319.58763606339045,118.8733605205346
344,1.7210589798216205,1.45552484397166,283.24268567126086,7.966193337045802,0.006526973266309342,4.2797257333147245,101340.73472648382,320.02034360480764,117.42747558088543
346,2.355844815344707,1.3222131278349436,282.2180882481786,6.8131235846767835,0.006096704817972991,4.294809491917954,100500.70981442295,319.16924321639056,105.54753503323587
352,1.852935169536161,1.3781504814726289,282.9009097006822,7.724265634980741,0.006436185919267715,3.9177903134860084,100390.31272917536,321.62647891642297,113.06553223499931
357,2.3185948297691477,1.3826123392947132,283.2259369413894,8.220511404051232,0.006599547421569446,3.518471238563924,100504.25015119031,319.78325001299373,118.86503748187852
364,1.602440947362898,1.4392330734997507,282.87224917119124,7.19785142088264,0.006345310422882733,4.67410329263214,101274.24975497705,321.0635479548935,112.62855449932712
365,1.6389205983804933,1.459540492351084,282.9843991725834,6.992700368267669,0.006413583478486241,4.858782584925055,101197.41352313333,320.55650638034246,113.9547850110678
366,1.6504524554621014,1.4625817895392919,282.9727627815676,6.992700368267669,0.006411262505183535,4.863395106179869,101175.21883962133,320.4858569195787,114.3536223963525
367,1.6624808553962585,1.4574422507077769,282.9368939978653,6.992700368267669,0.006401805052123069,4.865492195532507,101110.38796046222,320.3220339050536,114.09587594032206
369,1.6657014242783628,1.4535347247482862,282.9289793173697,6.992700368267669,0.006399933811142048,4.867585353385309,101102.63992366234,320.2900438424056,113.7366984643603
372,1.5055176550532556,1.432650439337438,283.3565189962411,7.94099030807462,0.0065292444512088715,3.993963402496496,101352.3744756137,320.94461837208223,114.39382687535385
375,2.142057634523265,1.4410289414556248,282.7398998561418,7.947018428650982,0.006441384863863753,4.43949275467075,99603.29291790802,318.69662102788993,119.14147075520906
381,2.562466934412774,1.433314627343418,283.1226759380946,5.977641656759015,0.006622151912469257,4.195961986710752,100199.49337138614,318.27068055965475,122.69691407951645
382,2.44932943389798,1.4587760852059415,283.58649356257837,7.384454043839622,0.00673116889256114,4.265830140311384,101055.63764054015,321.2917349561465,120.93006875831824
385,2.066012343220905,1.44355635640947,282.7440000904914,7.947018428650982,0.006437360363692051,4.4337210433412215,99627.80127806394,318.7013277831918,119.26535956870387
394,1.7116432305681724,1.408479621708921,282.62222654276303,7.343361653543089,0.0062547067984222,4.61404498204325,100984.47513286,320.0447644605318,111.19496435934383
395,1.7109703455277732,1.4903155155802066,283.18526885563136,6.523908308283446,0.006586486159988862,5.425812309097406,101350.14765891689,319.596229667734,119.0156824540582
397,2.1438674638960333,1.4083959882381534,283.1807850336442,8.220511404051232,0.006578811528493201,3.6144422034535246,100454.1231899856,320.26114602440947,120.03000168638916
399,1.6333240510737634,1.4300125701652329,283.1501522130957,7.887920561650193,0.006449244196315373,3.951293666540442,101249.82827834236,321.2385096394264,114.62827462766253
404,1.7132071084774287,1.4570181892168843,283.19989840085384,6.523908308283446,0.006592377964499512,4.6785536590236205,101380.87066499605,319.65647889507636,119.50496789015732
408,1.676365490665428,1.4457823973085575,283.3579391099355,7.768495065580769,0.006554484846090305,3.789411758577011,101055.30289224559,320.69311334400663,118.04779536393801
409,2.2522808459934036,1.4277027627908374,282.4452299248225,7.947018428650982,0.006359067860861293,4.464421765779386,99025.9837451854,317.4634782634925,119.45740988755858
413,1.7005475880084797,1.4056087604545067,282.988738718734,7.887920561650193,0.0064024464424196036,3.9973481882063666,101134.53527309849,320.7077206065247,113.16490552802915
421,1.6382941192157319,1.4327310366790869,282.84803955868017,7.19785142088264,0.006334864822711031,4.670799376618869,101327.00532163907,320.9858861139728,112.27522540612092
423,2.546322335510178,1.4644074618220957,282.6974574295791,8.204714845296765,0.006460706356299596,4.98361097579006,99452.16052782032,316.7988993577428,121.23510864678175
425,1.8944220130009448,1.3966365547261919,282.8404548999954,7.456531632785745,0.006423043216965985,3.9625700143157454,100380.57196630935,321.63429399740124,115.521287564945
430,1.7377882957705193,1.436323183778387,282.76929539514595,6.690779161255743,0.006362174663190867,4.908303365183534,100994.05485572416,319.91362177224,114.03891124887467
445,2.1661886848663374,1.3970297446753879,282.76848709777715,8.253918986570142,0.006459726573859576,4.432031513388556,99618.25474017356,317.14512919996287,115.07499205540859
447,1.9812891552400869,1.4761654445220007,283.1577011675716,7.367098251297044,0.006566290556591953,4.700272584880969,100576.41631839063,322.1927174151933,119.16406935523689
460,1.7239732690021112,1.458553109939845,282.80673700496544,7.94099030807462,0.006384890076156667,4.745861691140656,100144.44671808436,318.10241838739614,114.92765182706853
466,1.7417467168652336,1.4530670858010686,282.77454230033874,7.6884588732284564,0.006341869116952064,4.783895257183628,100915.23982806627,319.99018229384194,114.51353311671076
467,2.22732841242772,1.3865062886905004,282.69806608937773,7.947018428650982,0.006436732167887142,3.7255787976657846,99518.24658786951,318.7129449134531,118.62433798758644
469,1.570397698836455,1.4083805587634664,283.65753631862265,7.3117731769409255,0.006753941332270638,3.9038523422123994,101287.3638606896,321.1446138117778,116.97329781426052
473,1.7525592819076554,1.4100622633315318,282.5941798914103,7.343361653543089,0.006241383016780361,4.588116030001392,100958.62006589632,319.9723519017124,111.47752515049423
476,1.928632417872964,1.3897106622712323,283.11884333658173,8.0203350607592,0.006508281983920367,3.6580640315487027,100475.64371734188,319.8120231040883,115.44411815188641
479,1.541760636531476,1.4242082686307338,283.2776209689544,7.94099030807462,0.006512061917875539,3.938520880993526,101087.72455102325,320.4642306083809,114.43238090250127
480,2.4512042322812957,1.396397204101728,283.1692755598868,6.12747691606107,0.006599998871961576,3.4629680483547545,100297.86395512553,319.09298611907747,121.43659483096664
481,1.8163163006259075,1.4057191762149803,282.53828542995035,7.19785142088264,0.006239665150610237,4.625203356860643,100841.16383354216,319.68195688895077,111.56186683080419
489,2.4079307598394344,1.4108022591975262,283.2158377302891,8.220511404051232,0.0066065468143022875,4.255703017017959,100451.38528010581,319.6039954318066,117.41086209174439
490,2.3399044041781063,1.3956969571808264,282.80732329713675,8.220511404051232,0.006472112510223211,4.293769984661005,99687.44474017355,317.9461368448652,116.20665721239963
494,1.526423498251087,1.4436111967013692,283.3436111012112,7.94099030807462,0.00652932974089285,4.068221542874844,101388.78863752377,320.80090189289524,115.38381170195832
498,2.244196944975194,1.4533685237792717,283.0166398450044,6.8524200729175355,0.006428900166675948,5.4082546378393435,101060.72384291612,322.83923529490926,110.78184172994106
503,1.7124738940652946,1.4663908393260847,283.0794825861989,7.991563421857163,0.006487086592946309,4.5480023618153975,100453.04457543275,319.1538731857627,116.57082810255697
504,2.1659659355935497,1.4035456729455933,283.2059503870249,7.947018428650982,0.006597174634618776,3.6119021226363173,100420.307265952,320.2985428943338,119.89683597570654
510,1.6162420519899163,1.4448130125631842,282.9299419731774,7.308882086607266,0.006364926769901155,4.70067120783099,101328.60191080792,321.223678172537,112.66012440797716
512,1.69498816698023,1.4441843940053223,282.84946418673724,6.992700368267669,0.006364196909086269,4.7896546439366094,100949.84145663373,320.25272334075834,112.86428954863335
514,2.1651027867494754,1.4531063100406385,283.0497199856142,7.367098251297044,0.006536553961640911,4.581419418393893,100209.71453816883,320.9777361562021,118.07963916836047
516,1.822687826381792,1.3789097534590022,282.7293903786719,7.308882086607266,0.006331775594607639,4.069602155023064,101166.15632470183,319.96699328878367,113.19224372764396
518,2.2964128241288617,1.4261944239034987,283.45289967608704,7.947018428650982,0.006685294887502901,3.621004742173697,100858.80442438164,321.36060691865055,121.89877362091048
519,2.2467075030817605,1.3669561081604784,283.1832639277925,5.778736838939162,0.006740052224585829,5.054996151454824,100341.5362325398,318.3472783266045,116.32775306814702
522,2.0346512592094017,1.4568752502085514,282.78338757947,7.708993464016892,0.006433861787247668,4.429313637189661,99747.3274668894,318.8793244846629,119.52375679992112
523,1.6533853063165875,1.4606286118795964,282.8475027411945,6.992700368267669,0.006364428116163164,4.7880841270523,100900.84374133371,320.184341004223,114.47817662381087
524,2.8405216026545315,1.5439485219092117,282.8956619982366,6.553983945686574,0.006673560083020094,5.661887135338067,98885.42808274165,319.2782314919486,133.36453377746065
533,1.976574316365122,1.4553767219254203,282.8761908450508,8.220511404051232,0.0064669421985289344,4.418936118181818,99955.70425374729,319.23657838739615,119.35192088955404
534,1.8602719372884746,1.4225334537236802,283.3083147032345,7.768495065580769,0.00655522880688199,3.680074241433941,100879.0935096756,320.6791285502808,117.32094643250267
535,2.011350873517141,1.3802615286724624,282.7851887321917,8.220511404051232,0.006443155192134206,4.431388390092347,99774.52753051186,318.8972928623138,112.46041916012344
540,1.676365490665428,1.4457823973085575,283.3579391099355,7.768495065580769,0.006554484846090305,3.789411758577011,101055.30289224559,320.69311334400663,118.04779536393801
546,2.2662490136509845,1.393405433796937,283.70290387349763,6.12747691606107,0.006789661715801197,3.3608323432097547,101298.58464290688,320.80843311012114,121.71107092582021
547,2.047811962961934,1.4493544112613694,282.74965314446143,8.220511404051232,0.006430245608933131,4.425455791029747,99709.32970277044,318.6900373191331,119.26908007733537
548,1.7913174612766627,1.4153793504383168,283.20999645644815,7.636595673455845,0.006539916234512042,3.910413891803007,100864.14281776416,322.7679900677526,115.79705395992853
564,2.1497517271837334,1.4130039847453781,282.5465681238108,7.6737342888579505,0.006386256842609866,4.4830802070397695,99178.34848368834,318.0708676764583,117.1232952754884
565,2.018497377352052,1.4297441644646482,283.731417729825,6.021393111541139,0.006802994715235045,4.158567731096107,101444.81450777299,321.01690244976567,119.69323939739664
569,1.9625783093513034,1.4203468679224316,282.93862107847235,8.220511404051232,0.006487708254916702,3.654251673662351,100064.04826715858,319.4579790950856,120.46013882312404
574,2.2327114937163484,1.4458225603007993,282.8832794259595,8.220511404051232,0.006492458604756601,4.38026045559794,99864.42441268737,318.934543781614,120.2344277263214
579,1.8048540526285153,1.3845458611321497,283.5982254856374,6.38185531147153,0.006807961546326976,4.112153873632187,101076.52744999768,320.9384715318576,116.62993464819716
581,2.361056197046695,1.4268820318120023,283.5973923439603,7.594616926952527,0.0067522838509536404,3.6248021408047237,101013.99208984175,321.74466078054667,122.56081045674972
585,1.7059631528403658,1.4665246495356408,283.18561949928073,7.991563421857163,0.006523064319467261,4.552673584938048,100644.05487567867,319.5430053538447,116.26173743712006
586,2.4038284818983517,1.3953362265600913,282.69495242656274,8.220511404051232,0.006438701249115968,4.28944852474268,99467.84879855215,317.355892887373,117.12548196092627
593,2.152076659987702,1.446119554348189,282.8404068207342,7.6737342888579505,0.006461426884082788,4.564081446173836,99882.43206524667,320.043126693118,117.83283543526382
594,1.591164321263102,1.4391051052441204,282.89494541463637,7.19785142088264,0.006353099492983434,4.687687543790895,101335.81502037217,321.11671978003625,112.48446886305629
595,1.615587728611661,1.4374913221496561,282.8741181451575,7.19785142088264,0.006347159057130262,4.688470782588519,101308.45484407629,321.02053478815725,112.48954895879159
597,1.6861478479451975,1.499414884694783,283.1984836252263,6.523908308283446,0.006588953421745788,5.423954624615991,101333.69515105108,319.599167049051,119.70438859123394
598,2.0159960991995525,1.3786278904511202,282.729492752796,7.456531632785745,0.006404345062462295,4.008942251695948,100168.9788109889,321.1753801921203,114.75777871931413
603,2.0609355401474496,1.439344679438362,283.0644884751033,8.220511404051232,0.006525115047607777,4.362847393045153,100285.74540484478,319.6777263028447,117.60002042162048
608,2.232846070272251,1.4044934650912073,282.73751386514454,8.220511404051232,0.006440485227421226,4.3444031517750235,99594.43442943988,318.00727472690147,116.6351839406469
609,2.0757436529450466,1.4064686296128968,283.0625532261358,7.6737342888579505,0.006531302467942828,3.808359805738085,100292.73053710151,321.02087651306323,117.7477966835352
610,1.887071323667221,1.4090139522432432,282.1866368694603,6.532711497684348,0.00621202356178941,4.926687884246137,99956.17296468512,317.26513309619935,115.80757013109655
615,1.8831778720361425,1.401522160570329,282.3199060109518,7.19785142088264,0.0061796957493990435,4.609394354851269,100372.13636730243,318.71763588797626,112.24435326873636
618,2.223072995290394,1.3752879170827021,282.7211300436215,7.947018428650982,0.006450571996227202,3.747555999375841,99548.39216506564,318.8893241110957,117.72989712209383
625,1.8903243757926516,1.4424223994537444,282.8027475506984,7.724265634980741,0.006416115728270453,4.683638002417745,100150.16535616503,321.1355134460996,115.43625739512274
627,2.152072021001629,1.3900925892183558,283.49476367859296,5.977641656759015,0.00675215270624623,3.4537301423899676,100964.07907002646,319.8951690602812,122.08377292839575
631,1.8154809959119114,1.4237563599208076,283.02023234535244,7.663905529412038,0.0064561097457747465,4.2627133597146045,101063.29687178059,319.6802673938466,115.33364708234721
637,2.3077776223438558,1.3997261223841355,282.8214059422711,8.220511404051232,0.006471092851700776,4.3187444813211755,99734.2561431621,318.21002015963614,116.01291617993873
639,1.984486517746551,1.3688484503408407,282.90972662861384,7.708993464016892,0.006468448014190914,3.6898758260629267,100018.61758202234,319.6027879010627,114.80670630247343
642,2.419239871227837,1.4563412283033983,283.28498901201914,7.594616926952527,0.006661881233746345,4.398592839317369,100387.55896403546,320.38305731495655,122.52488195496309
646,1.7946633245931614,1.374640369781096,282.5997351352731,6.690779161255743,0.006315111862944916,4.144949060913267,100905.90030832058,319.24835009838046,114.00898148194813
648,2.161381035238351,1.432566168501122,283.26158826488467,7.947018428650982,0.006625718349278388,3.6826532612280847,100511.74385238295,320.85455197781795,122.62188579437561
657,1.9227295935813293,1.3910058046520979,282.8264040373103,7.636595673455845,0.006421547382342568,3.8856674516785,100123.68975701889,320.90771442526335,114.93663010981948
661,1.4986959939267819,1.4242717633102433,283.29532097684347,7.94099030807462,0.006515450484523644,3.8866940522766718,101105.52176221635,320.69548291939304,114.58862350452458
663,1.9787832363848827,1.4145413817873476,282.6524693131932,7.724265634980741,0.006338090647320062,4.6317205453635895,100067.79132442341,320.5104164578403,112.29530476817949
664,2.0797995245956917,1.4298160610375197,283.374016408186,7.555482857561835,0.006660530256810061,3.8227239582325856,100788.18363051649,322.12002155181216,120.60312879449162
666,2.0409670968254674,1.425994547052445,283.69937905888906,5.977641656759015,0.0068051775405123215,4.185347680685415,101368.62002102184,320.84378062183856,119.6995766526985
668,1.75157083644488,1.4492286132817944,283.64120214673534,6.38185531147153,0.006833043907731217,4.919980037008678,101161.2241670147,321.1794536790571,118.56135367780406
669,1.8519792095397636,1.4541531567087238,283.0639696825839,7.663905529412038,0.006470869094844308,4.264158212544202,100966.63719499744,319.5129840693303,117.72125378913175
678,2.953798316711603,1.4001854296239975,283.28776187247666,6.825736698928025,0.006714897899698361,3.9190325672263215,100291.70639412501,321.07152488421735,121.76547787744212
679,2.0391990336886128,1.402904915613264,282.28922803749595,7.724265634980741,0.006240373436818414,4.630410137460206,99302.08992510094,318.731453291104,112.94939392208455
680,2.020205113024793,1.4428028672852307,282.60181547542805,7.555826268095967,0.006297409338099216,4.60993747538633,100142.69155348277,319.99821763608514,114.18163994758457
681,1.7412826567377393,1.4415905010867807,282.7686275404891,7.6884588732284564,0.006340956841018144,4.794990599533157,100967.1275419741,319.99141495568244,113.63168542902223
682,1.89996751535252,1.441504345662152,283.69358957631454,6.38185531147153,0.006885447905851779,4.981476003805281,101267.17271701703,321.5270877520999,119.07634506821661
683,2.241185205748383,1.4239280960605913,282.8816500654322,6.38185531147153,0.006604301319629682,4.740846305288876,99631.3814374681,317.5118996106549,120.61139322659983
684,1.927077821250603,1.418428756963953,282.2874788672328,6.690779161255743,0.0062220505574133375,4.8630526716344145,100092.80811290545,317.80948906260153,114.99603232885516
687,1.6673302679686566,1.428294495743897,282.82033818321037,7.19785142088264,0.006325650798598542,4.672231263436819,101338.58434150075,320.85491923105485,112.17480584897211
690,1.632460902473099,1.4516120179503067,283.6222794199267,6.38185531147153,0.006797426524316673,4.92073546736786,101129.74011044596,321.0309052703142,117.27647882409858
697,2.258443546953074,1.415593308424958,282.3362366764119,7.947018428650982,0.006332474407174346,5.25239086297276,98814.51578360944,317.1233245668012,114.46475858666295
700,2.40001392276389,1.453838648299219,283.2201873822451,6.021393111541139,0.00661732762317973,4.219395947176667,100432.02043408048,319.11156972342104,122.04931207805467
701,1.746577565742059,1.448137014912447,282.8086115434591,7.6884588732284564,0.006352094222627501,4.7936430719987015,101018.40381043204,320.1507013411295,113.96292072750474
702,1.9754605771986375,1.4622196276658395,282.7461647315421,7.663905529412038,0.0063877797448976745,5.052879859297415,100466.39705879622,318.2180318989281,116.16884578333102
709,1.9832335584306255,1.4397062237829932,282.5828860304423,7.768495065580769,0.0063348481502018645,4.487296889656133,99520.07776040651,317.58651194347766,116.05361352341174
710,1.8956796132046392,1.4055204730210151,283.1418726367813,7.6737342888579505,0.006542416893865145,3.7758894348262095,100473.75828335423,321.2810213852151,116.95765994962642
711,2.8333658162764754,1.3947731049636023,283.2647965469396,7.594616926952527,0.006691497253496681,4.482915290434359,100229.68430233422,320.18841663789505,117.71895637779015
717,1.889846394954142,1.40444327380084,283.1680002408465,7.6737342888579505,0.0065534570267669024,3.7767565013179265,100510.12835788204,321.3825062508701,116.91971753459559
719,1.9383219630217572,1.4741235423842183,282.82586561650197,7.663905529412038,0.00642040288250499,5.108075741658546,100744.48542414962,318.67319975868946,117.71766889772148
725,1.633546798463316,1.4381826427888895,283.278403425681,7.991563421857163,0.006535114681238108,3.806290183386236,100893.99866675948,320.2035202654415,117.54155218940555
734,1.649770289976257,1.4464895613798883,282.946331613996,7.94099030807462,0.0064269137193002,4.669185871448791,100341.17271502157,318.7520087702446,113.3975320768249
737,1.7153371374801765,1.4085842545020755,282.6077589892802,7.343361653543089,0.006252380181975961,4.62208449193234,100959.36844173745,319.9514125142698,111.33249143684161
739,1.7114065601094013,1.4269472119553925,283.14953220381454,7.966193337045802,0.00648196112729129,4.1388176510778685,101095.73970040372,319.80192229941065,114.79972001403776
743,1.700858506971028,1.43965643479616,282.7470825281916,6.992700368267669,0.0063356530090213,4.78107446079818,100715.92123838692,319.77184479883056,112.91048414293009
745,2.20947607769877,1.3685354466577762,283.06670087939114,8.220511404051232,0.006547805258545641,3.546241871922966,100203.03492440484,319.24436350921155,117.26861450174022
746,1.8425773798190268,1.3733249988692253,283.05785636781286,6.868870948350272,0.006475516161186134,3.965158018128916,100957.14797531207,322.81408509397187,112.30270387953038
748,1.7240753623265395,1.4466017868166878,283.2331211930948,7.663905529412038,0.006506419537004037,4.196409828521046,101291.07960322984,320.44928487632836,115.96003802519837
750,1.8776787775671964,1.4235894964083051,282.9323179363311,7.663905529412038,0.006451908019439417,4.3639485488593435,100788.04164235001,318.83318847510327,115.87810674256346
751,1.9585920446188,1.4150887812433564,283.02740404102275,8.220511404051232,0.006511462085099077,3.6546631702250685,100248.12138015687,319.8809915931133,119.54881237094531
752,1.9141352253388362,1.4146904021809141,282.53402833031697,7.308882086607266,0.006286956471980139,4.858990700691912,100910.16281312356,319.0091680472412,114.36707250280756
762,1.8664299943394052,1.4133359869413744,282.5393465255928,7.308882086607266,0.006278621965385865,4.816761040759201,100834.26836205856,319.11448403220567,113.50741875184463
767,2.010200008264534,1.375073428697017,282.84816737621236,8.220511404051232,0.006457264183739385,3.6621322040521602,99904.48953663744,319.09331921063625,116.65270008601328
768,1.994111095080422,1.3853808709077389,282.950196597522,7.6737342888579505,0.0064842634745556635,3.7808112053886496,100112.29782695253,320.439664122233,115.66128072402432
769,1.884008538093626,1.3736199479578308,282.8420352104506,7.456531632785745,0.0064372370031973635,4.002015808370166,100344.08155909787,321.6449765306975,113.71854840440392
779,1.8929231052481765,1.3749196957188257,282.443812855817,6.532711497684348,0.006293124809053785,4.21437211688663,100547.2997317277,318.4026274588148,115.39581833194117
783,1.7761891479570397,1.4447852923229307,283.3723589424103,8.253918986570142,0.006639496175455939,3.7793492835951548,100843.71784699988,319.8977055872663,121.64118959471436
785,2.4655946890953615,1.3308763863693425,283.0935815323217,5.778736838939162,0.006666682456717248,4.395961097454639,100150.44007680171,318.1992877632373,113.40037765100467
786,1.898798087272228,1.4028927811122966,283.14314567218895,7.6737342888579505,0.006541293025421134,3.7747454373961666,100482.13712167618,321.2899406232308,116.66255240208362
800,2.3297647206293206,1.4269137383575068,282.8471018065803,6.38185531147153,0.0066069074233235875,4.735632744688385,99562.86437918231,317.3570728706668,121.71751145025291
801,1.9444428962098446,1.4658118856360534,282.9008841426516,8.220511404051232,0.00646680776360852,4.403550982519374,100018.41648475567,319.21307996009097,119.87331540920691
813,1.8993456753739382,1.4139190682788056,282.92865936609587,6.868870948350272,0.006425070580300709,4.690695566745557,100820.9365037821,322.2885151324888,112.14422003631259
814,2.1377511712192048,1.420933303188297,283.13077399136847,7.947018428650982,0.00658201900237598,3.6407490860773124,100255.1700988909,320.06290439974015,121.85900015782636
816,1.8712747667059462,1.403724686530812,283.1717350099773,7.6737342888579505,0.006552935732730057,3.7711561992356954,100519.3671068727,321.3749527305211,116.81507234291615
819,1.9766810515464002,1.375238414266755,282.96503872662305,8.220511404051232,0.006489464492709638,3.648673011280338,100133.18525291196,319.5355680713722,115.9533050823704
821,2.3065710696784683,1.465322172204864,283.14287027657895,6.38185531147153,0.006702874859993504,4.803627035652698,100157.14754930623,318.803650617198,124.09094864636411
825,2.1639380004982285,1.3594040325872703,282.9942131054806,8.204714845296765,0.00651696631424196,3.5481164674570977,100109.15868346558,318.83554760174485,116.17941234416911
829,2.8675576614669045,1.5060336377258916,282.7229459186041,6.021393111541139,0.006484213725476821,5.706349057176667,99414.2631620957,316.64668603508284,122.83825858016613
831,1.7313703629146546,1.3477928825694254,282.55144119727134,7.343361653543089,0.0062259195243213146,3.817482913172463,100916.68278616178,319.7886304659149,110.33080163195507
833,2.3675437361073377,1.4693957525544097,283.7663842479929,6.729059364267483,0.00690418187775767,4.073858351661471,100986.07805745046,323.3550519091373,127.21995516910296
834,1.8367534434179114,1.459139492237434,282.43006068077403,6.690779161255743,0.0062611597897071795,5.620239977395702,100233.50906724212,318.3879641022785,113.80116822121677
835,1.8617198003721176,1.4214832416516738,283.5768064026173,6.38185531147153,0.006796794506747413,4.077416904287438,101034.26016622581,320.81916229384194,120.0834644954058
836,1.8617198003721176,1.4214832416516738,283.5768064026173,6.38185531147153,0.006796794506747413,4.077416904287438,101034.26016622581,320.81916229384194,120.0834644954058
837,2.098027748717628,1.3721554750378935,283.0487214497192,8.0203350607592,0.006486397840308135,3.664940457816836,100354.94133022413,319.71116038470467,113.92993988229152
839,2.3613531931809275,1.4773924035021566,283.2357093507819,7.384454043839622,0.006623870040526242,4.340260049245905,100374.20485034109,320.12629332126784,123.3680241193559
840,1.8210172169341996,1.372534043356947,282.94603000092815,7.555826268095967,0.006401843671697063,3.853514540251056,100727.33030646434,321.57909542670194,110.71070651020929
841,1.6954290211209015,1.3935892703353565,282.437588781382,6.171520725425775,0.006198490991252494,4.612922730992157,100698.11937495941,318.8571624989558,111.42998967829135
845,2.4727922395309503,1.4316117776262187,283.0784076300524,8.253918986570142,0.006626475788338205,4.372367804008538,100186.03446210963,318.1914151190311,121.87899271376862
848,2.270615805981721,1.42107404123598,283.69397221820043,6.12747691606107,0.006789188485428557,4.1087657625054534,101281.90296268968,320.71401602997815,119.70349711657154
856,2.6340062189965665,1.255596842952145,282.2028376049932,6.465172405800733,0.006176128346809597,2.3539907471968555,99506.8725823008,318.35040088310365,112.69126582085016
859,2.4622349054439026,1.4135773624256702,283.6079868105249,6.021393111541139,0.006734963944178385,3.4562309660576367,101215.144064829,320.83831342568095,121.53240722796882
861,1.729625502748894,1.431103532338299,283.166433639148,7.966193337045802,0.006508602172007981,4.3040774853647035,101230.39948503413,319.696356502854,115.42872582140703
865,2.117689915285808,1.3911318559949772,283.2643554856374,7.947018428650982,0.006605134749714605,3.6142527087456493,100570.03088584157,320.64162457144187,117.99265118163255
870,2.4916562244254434,1.4564601924533034,283.40872867047193,7.384454043839622,0.0066806322726391,4.281816702041858,100692.78307554877,320.53831318483464,121.78351537298714
871,1.8263863744714692,1.4098415586939255,282.58894243909236,6.690779161255743,0.006309953389493712,4.891724192467863,100865.27153250732,319.2118007058332,113.36521354373754
873,2.132818227995083,1.4418089187499545,282.91551771172675,7.6737342888579505,0.006486283200431574,4.566103348539607,100016.79526534873,320.3760257779943,117.11492842881341
874,2.4030210219936112,1.4957933784608217,283.1353948953548,5.977641656759015,0.006639826199689081,4.968824106529305,100236.18508353055,318.26346988027285,125.10512321284051
875,1.8510650133296838,1.4055976837291821,282.96254982876235,7.663905529412038,0.006476192368861664,4.4364889504092995,101084.8448883939,319.23415244280477,114.77374146744629
890,1.7846582192542344,1.351373398934352,281.9312284755673,6.171520725425775,0.006047606826957167,4.5309102910789365,99604.54844888393,316.7077003670704,109.07072575732053
895,2.157093134859977,1.386827590693531,282.7527169557752,7.947018428650982,0.006436699031305396,3.691740671644624,99666.98682491068,318.8471065228085,117.87898436730242
900,2.4748805042327553,1.434624584824621,282.92954404751964,6.38185531147153,0.006662772668977679,4.8447359729778645,99730.8772824261,317.85444267112166,123.1583826203304
901,1.8296162216621177,1.4173708843824682,283.40051015081906,8.204714845296765,0.006614184595851316,3.588998475650564,100992.84952990858,320.7411595749223,118.80319053563971
902,2.411763886596845,1.34361180035914,283.1713381873868,8.270820005647593,0.006614305790213003,3.5677470043317183,100437.47829648707,318.77113622209845,116.06796694503227
903,2.2878138179929044,1.427313524765753,282.94140092208454,8.220511404051232,0.006524569437523782,4.2979821054058185,99907.21656420252,318.60768242934705,119.8349416177549
906,1.849009232836639,1.4621089472116895,283.1461434962179,7.6737342888579505,0.0065434798062787135,4.52265775792937,100474.0425418813,321.2443459167479,117.67473433354215
912,1.901712374021356,1.4196165589823124,283.06503516311665,7.636595673455845,0.006507610049315514,3.9305294912700828,100548.18707786905,322.11516633161636,117.01376537140935
913,2.2555431799841696,1.3715335683987888,283.46044297183164,8.220511404051232,0.006674090574230824,3.566067272389484,100954.14988676968,321.19256402199636,116.39326049651956
926,1.938702490206103,1.4651188315305905,283.2008600352685,8.220511404051232,0.006556771498798088,4.390352666023018,100598.40252494316,320.53532083576965,118.88351615054064
933,2.1281312336276184,1.4213329964986319,283.17018041579655,7.367098251297044,0.006579263151468746,3.835670372143951,100418.12885145482,321.50661522808485,119.20695281999166
944,2.434372824623863,1.403353851109156,283.0458908357696,8.204714845296765,0.006540332355872662,3.5260285041489627,100185.92196709824,318.94013109193,120.7740311842081
946,2.3076012802448913,1.417816629250334,283.16591600491904,5.977641656759015,0.0066325505648754,4.181619245630423,100277.96839732701,318.46770444057734,120.77767284553808
947,1.9840410205875907,1.386716183847869,283.09303304051224,7.3117731769409255,0.006625447203415472,3.8547656093934752,100122.71103949139,318.43516920785186,119.26699805123206
948,1.9840410205875907,1.386716183847869,283.09303304051224,7.3117731769409255,0.006625447203415472,3.8547656093934752,100122.71103949139,318.43516920785186,119.26699805123206
951,1.6495289779870055,1.4301010779544956,282.82440347533526,7.19785142088264,0.006327926216761799,4.67131935182143,101301.4320886352,320.87477137036524,112.20130736010952
954,1.6831778712634964,1.408825869209538,282.8852644600678,6.992700368267669,0.006375003040308135,4.039236305229941,101009.82244057728,320.38139021207485,113.98172856928394
956,1.9170263101812182,1.3878578639319161,283.55557563692054,6.38185531147153,0.006795823821351339,4.084524419069562,100990.34633022413,320.72882349900226,117.18393223054436
960,2.609049142726657,1.470057582106057,282.97272062926356,6.825736698928025,0.006642538343923152,5.454355208018933,99584.2307206831,319.4098942851176,124.28222144405773
962,1.6593206154701778,1.4275399574157939,282.8275651375934,7.308882086607266,0.006333684163979766,4.707669817009142,101309.01369604158,320.7685870003248,112.06939575692607
963,1.8789735015551043,1.3762926305135132,282.52902590189797,6.532711497684348,0.006291926224952434,4.12820388882129,100600.89193837301,318.9518618557706,113.99201242906862
967,2.783586244444656,1.4401107916940177,282.96941365956656,6.021393111541139,0.006547761696032299,4.200997888313147,99901.3610230173,317.95151492134204,122.42875539491394
973,1.7656921428588352,1.4478709254847602,283.12308805048957,7.966193337045802,0.0064938590488282525,4.28945353010664,101151.24330901666,319.539831598218,117.34333581604713
975,1.90435286921777,1.3998879372588204,282.7458701123022,7.456531632785745,0.006409318378685786,4.751748776402617,100147.17444011322,321.18228922548604,112.27774707158103
976,1.7102742568507776,1.412061606222355,283.6704053408511,6.38185531147153,0.006834949109304375,4.16652448979303,101221.22383753306,321.3044021504478,118.73090879706716
977,1.8016520473699638,1.4328542180227208,282.65095951552274,7.19785142088264,0.0062696510424381634,4.628210502386653,101087.95700816745,320.1981375414172,113.65654824562625
978,2.237268550831237,1.4470259087465183,283.07467691261775,8.220511404051232,0.006565766882412176,4.304307905801662,100165.09239825515,319.2584358847278,121.3413898654926
983,1.9049561436127576,1.3843124104045148,283.4764868796696,6.38185531147153,0.006761108840577289,4.03568198806998,100832.21217597103,320.3232731175461,117.03596896642536
989,1.5579841287657579,1.4417162742432559,283.30962905564064,7.966193337045802,0.006522606288236112,4.080414719026869,101352.708199406,320.55999874611354,115.55688653946821
991,1.6625458250312843,1.4069340161982073,283.64592347115877,7.3117731769409255,0.006753955842233979,3.8934773034402523,101260.4155475892,321.0842911517936,117.11884130377281
999,1.7812334659948705,1.392583767060697,282.8251701652049,6.992700368267669,0.006393966618873267,4.223522723174625,101203.73755144089,319.85349826256436,114.33021745461508
1000,2.220970810407696,1.4219062306803376,283.3528148958188,7.947018428650982,0.0066476003655761284,3.5862786707086176,100680.3537327022,320.7748444744535,121.59892385319505
1004,1.9487586420971628,1.4026181149688601,283.22676091651584,8.220511404051232,0.0065695619713397385,3.6332713930971274,100632.0845025291,320.65620112395004,117.92285337403128
1005,1.6948999930171234,1.4271463387016619,283.169378543784,7.768495065580769,0.0064994893267993886,3.787206855743561,100685.48478235648,319.87128011323034,116.86768385171007
1006,1.555649913229933,1.4046464755460555,283.63334958838,8.253918986570142,0.006672544128502482,3.708219089260615,101433.30152749548,321.50571593252585,115.03564897171563
1009,1.8205438760777377,1.4175374124137157,282.8861664824354,7.456531632785745,0.006433893080560583,4.707905908779989,100456.20378880689,321.81014841106315,112.6678978814098
1013,2.2456726515117893,1.4865374505768296,283.1317150387489,7.367098251297044,0.006567395813049329,4.703733053863289,100472.62825309759,321.9730262457655,120.71420209643138
1016,2.001197269270103,1.391286868787362,283.1474162633997,8.253918986570142,0.006585948290496079,3.7144126958710886,100367.36748916421,318.79859294213185,118.50622610710474
1018,1.9287020269681197,1.4500609350477884,282.8021628353984,7.708993464016892,0.0064165156549909515,4.5116517564429905,99965.72194022925,319.65294101164784,116.84673356823981
1026,1.8721843223546266,1.3560868696757709,282.4561045477748,7.164095790027379,0.006244646184565409,4.018300384706019,100758.22505039677,318.8135439830154,112.71900274411806
1027,2.800023203402199,1.4388654737785052,283.4934803021021,7.594616926952527,0.006752683137370643,3.7039032815819994,100705.26498649591,321.2151932985289,125.28884581989884
1028,1.7354494399331144,1.3975609604428252,283.65819744767737,6.38185531147153,0.006813034715972899,4.08942847222841,101201.00901011647,321.196567682027,117.05520276233236
1032,2.173363031874097,1.3954004026870583,282.7599811039956,8.0203350607592,0.006398183675196066,3.6853987503294814,99810.13003967704,318.42607421504476,116.82958487584109
1040,2.2019722493274285,1.4737478873362286,282.6280046456912,8.0203350607592,0.006366040592106362,4.432968285865238,99532.00357204511,317.91218931829786,120.85975943185298
1041,1.6687781312179915,1.4478634969320991,282.8089695192353,6.992700368267669,0.006352318749292311,4.759345433293424,100716.5594849413,319.96675496171514,113.08085054327346
1044,1.7009513183248253,1.4186495416976996,282.80854367023994,7.768495065580769,0.006386304611174533,3.8336942440270083,100052.43035570098,318.37167137222144,116.89472049218061
1045,2.393071602221151,1.4898041528086396,283.2568234753353,6.729059364267483,0.006755302296115829,4.857809252621467,99966.22016191005,321.07539813402013,128.19234475107893
1049,1.9775209976386317,1.446927558604941,283.1373808213838,7.367098251297044,0.006563706616293099,4.711787965842499,100530.52114228037,322.1175969706251,116.85481923114762
1055,1.9807554877851208,1.3930119608256908,282.6255817072718,7.724265634980741,0.006347103666508888,4.677567044289758,100021.02360805604,320.6149502858602,111.13716270082138
1056,2.3729917868377224,1.433196101400526,283.1785995995174,8.220511404051232,0.006589841392301266,4.274703460917444,100394.7285481461,319.57254573483686,119.0159309468885
1060,1.8206366878303806,1.4114491620881355,282.65189511067797,7.19785142088264,0.006263634570444104,4.604099646094018,101151.78893735207,320.2622961585224,111.64290111497054
1061,2.5514037751082586,1.3943612977267348,283.5035689377697,6.729059364267483,0.006821779513838229,4.079719091242749,100479.178659613,322.2148716576175,121.26015824530138
1062,2.4214023838604493,1.4136413618864605,283.0156204436401,5.778736838939162,0.006648857951162468,4.398964911665042,99995.00501155505,317.8273339579563,122.00790407411017
1063,2.462388043794138,1.4757242565391737,283.6843957571117,6.729059364267483,0.006878820623968629,4.08336574256824,100829.49405791452,323.0290817843055,127.94423755803052
1064,2.419611119149144,1.4391843482716788,283.2085145125064,6.38185531147153,0.006753447033644253,4.126101077790153,100293.33640215322,319.20551346930256,125.7542933054666
1074,2.392802447606495,1.34862866414557,282.91614189567963,6.38185531147153,0.006647425901707736,4.800692853684627,99703.03906380806,317.74711394171425,114.29412700740173
1075,2.421058979125666,1.4194082539515267,283.2964175052207,7.384454043839622,0.006645609564545918,4.328163193230776,100479.14278082509,320.2983804649868,118.28012724337556
1085,2.0958513136318433,1.3604948455950976,283.1558031147617,8.204714845296765,0.006560770240939255,3.555743616933036,100442.29696018375,319.66586285117637,115.40491620789827
1087,1.898798087272228,1.4028927811122966,283.14314567218895,7.6737342888579505,0.006541293025421134,3.7747454373961666,100482.13712167618,321.2899406232308,116.66255240208362
1088,1.8577474577600361,1.3613547981508567,282.79140162606154,7.724265634980741,0.006404300735481924,3.9149056089115977,100176.41793261867,321.10976107011925,111.89311543008957
1089,1.805471250116652,1.3993776181592188,283.2793930511857,7.708993464016892,0.006567258434047984,3.6734181447329344,100769.22484519004,321.20248392918467,116.01053000726252
1092,2.3697294529964665,1.3936241033092203,283.34793109378626,6.12747691606107,0.006654124663831269,3.457152328681656,100648.39819346606,319.89680504106923,120.66667295547357
1093,1.9182328631948546,1.4737970433276257,282.7997811963432,7.768495065580769,0.006394896287368323,4.4919372711671075,99954.77480087243,318.54610739152633,118.25503464360293
1097,2.240099307849405,1.4034788301794099,282.73718925286556,7.947018428650982,0.00645577942626572,3.674493534602534,99532.50685247575,318.5240697396631,120.8241219304376
1100,2.1082834462166185,1.4075071193645987,282.95288992528657,8.0203350607592,0.006456949584017819,3.672439833603694,100175.54110845049,319.3059676681052,118.03572339382339
1104,2.1289386965066077,1.4279440786278885,282.6123302719384,7.3117731769409255,0.006485611693317555,5.382040319462621,99158.1753710149,316.1803217546058,117.27244023792288
1108,1.6098612453418795,1.4490624962900471,282.89008868903426,7.1096431484662865,0.006353894247269015,4.682995796078704,101235.24200426933,321.0773220163349,113.27562805494455
1112,2.4053877177862057,1.3829794567789229,283.6972662374124,5.778736838939162,0.006819183670546197,3.518859332040744,101348.73139987935,320.92647648568385,120.08042258418025
1113,2.1608009637077945,1.3802588942085081,282.7493934052624,8.253918986570142,0.006453050923917583,4.416550487681563,99578.61170309527,317.0766623745882,113.41329501433943
1116,2.005021114292088,1.4539722114087803,282.7702571446471,7.708993464016892,0.006429671260745278,4.427599688923848,99721.26241004223,318.8027385637385,119.31044846619332
1119,1.6544990471486511,1.4058784673627012,282.9634638929881,7.6884588732284564,0.006387766777882964,3.9831310625300476,101215.39011039957,320.98464470741106,113.33656886435567
1120,2.064810430236722,1.438728460762403,282.59447829922505,7.708993464016892,0.006370843007782264,4.407982400343868,99381.40923569539,317.72507268875586,118.0748805504896
1121,1.8602858587819109,1.4345021840152232,282.43957037681565,8.117657443036801,0.006250006174254026,4.686207528465358,99901.16503554689,318.29932961204696,113.87294618852384
1126,1.881609353975728,1.3820637530658337,283.126066052717,7.708993464016892,0.006525435996723746,3.6726369283349576,100453.81856489861,320.4756154540814,115.15661886762726
1127,1.8177177571080136,1.4321199644430034,283.0620033407583,7.1741658620956885,0.006517606438424057,4.509786882738874,101112.02152443268,319.29481681794977,116.7992952127477
1137,2.1716135313078424,1.4467070196296425,283.072397040698,8.220511404051232,0.0065477335132813575,4.319464149405077,100222.15747408234,319.4072763334725,119.88934704821568
1138,1.6030210193921255,1.43773149894647,282.8786321987099,7.308882086607266,0.006351436132256718,4.711618154205763,101281.30651027888,320.961552919857,112.43249255401643
1148,2.211114203075261,1.4139764959435825,282.85535807740496,7.947018428650982,0.006481044603689265,4.431654372801522,99803.2717208223,319.14997908626856,116.41151126358531
1153,1.6503132380366623,1.4065230244250495,283.65662693257224,7.3117731769409255,0.006759916974124089,3.905945479217226,101281.00887632837,321.1331097958142,117.05777527103346
1162,1.7025476813248608,1.4583151233786784,282.84923872337464,6.992700368267669,0.006363570023560259,4.7871783508353065,100955.75755088404,320.2716099879345,114.31056047057868
1163,1.775149658184556,1.4759374935485634,282.9390807127941,7.663905529412038,0.006439679654823889,5.050110549392083,101016.81626177549,319.4352978592974,116.92500886175692
1171,2.3014989086751885,1.4888302334946193,283.4590830242703,6.021393111541139,0.006712237452485034,4.176824736636503,100896.00272657664,319.8813778356304,126.32775536772007
1172,2.1179126620119093,1.3335579295090472,283.3851818437051,7.3117731769409255,0.006737548594714371,3.965395133127245,100710.52142930066,319.8649596264328,113.60179624411806
1173,2.2434637331972644,1.3561111767355947,283.41900087057405,5.778736838939162,0.006772613106306558,3.5356392534334544,100797.91929231054,319.53253862731447,119.9430262935171
1176,1.481433012293336,1.4299394265168655,283.3543450373567,7.94099030807462,0.006530967185632744,3.895374081859205,101238.25108687178,320.98048304747323,114.7569709580723
1178,2.2945983568261634,1.437986719264588,283.3695646907049,7.384454043839622,0.0066654542757111695,3.5994937431398677,100636.01073850296,320.8043273423361,123.74661307448143
1184,2.4091094706470244,1.2972496210663045,283.1073540043622,8.253918986570142,0.006619046797837487,3.6280200332344883,100248.25847538168,318.39169793540304,112.34915468170216
1188,1.734043342036307,1.4325937102657222,282.7926096951135,6.690779161255743,0.006373456731579191,4.9289782692667865,101065.89119188827,319.98556414265164,113.79693987781336
1197,1.8607824002077322,1.378194233071516,283.4324393767692,8.253918986570142,0.006674520007192908,3.7450728589104827,100942.72790690984,320.1086192588984,115.91376978372547
1205,1.934762632800124,1.4081310697038827,283.07799902965337,7.636595673455845,0.0065136560424103205,3.933703883651028,100561.3230245487,322.16387259872846,115.99753808332173
1209,3.4208640761414064,1.2964426331841898,281.14939851965295,6.465172405800733,0.005894254892510093,3.8389079822576453,97405.34828117314,313.5213799392083,111.33527604547776
1213,1.9284839195608425,1.4017524148475347,282.2645053445636,6.532711497684348,0.0062491012042229345,4.982038226589169,100218.16066337183,317.5433882291522,115.81245295129705
1218,2.6833217312533497,1.4162169174440142,283.1363152642814,6.021393111541139,0.006603119634317137,3.4333980493069745,100238.37254554736,318.5842393967238,124.42398921917491
1219,1.8656364550704687,1.3821586065801412,282.4975267979953,6.532711497684348,0.006285453516970624,4.1355536143516645,100547.63745375656,318.7902250062648,114.88850909046825
1221,1.7004547769514236,1.4440574159971764,283.2347917100562,7.966193337045802,0.006525354649510417,4.270187180590886,101270.60030952713,319.89955645180754,116.36383025771498
1225,1.7038099201827888,1.421737383511801,283.6915671530001,6.38185531147153,0.006819484225356165,4.118114419503643,101269.6886820734,321.35567940971737,118.89334292684117
1229,2.074263305509742,1.4214706106341026,283.2937142925426,7.367098251297044,0.006608854748995313,3.951347758105666,100832.67424107846,322.813415459186,117.75321395596083
1230,1.713448417250389,1.3793279528153153,282.77146799573063,7.308882086607266,0.006336656162633997,4.042323020440786,101269.09033087382,320.2475564513434,112.87045602877164
1231,1.7493479964648455,1.4347940382983653,283.1806464606246,7.768495065580769,0.006502129383117546,3.7638666371047376,100709.30007522392,320.0490846132071,117.56675590990301
1239,2.1408185995932048,1.3796121982037484,282.79214378996704,8.0203350607592,0.006407819187609635,3.6832280059188367,99869.74201545316,318.5470904886538,115.29048523207572
1240,2.034706946524636,1.394866448455848,282.1016330511857,7.308882086607266,0.0061644257534502755,4.829873380327625,100062.4782223769,317.0502282421458,114.63950844236393
1241,1.7315931125826416,1.427998722517087,282.7887300143858,6.690779161255743,0.0063706673446099595,4.921801028661655,101077.31749501139,319.9988836660634,113.34270125479141
1246,1.8753863274340397,1.3640490423141776,282.56908062601514,6.6150169491020465,0.006243574235755719,3.820575292514196,100717.47481576873,320.05580903986265,111.78261182732379
1247,2.1518863965227037,1.4114783114457838,283.15293726158984,7.947018428650982,0.006573885808557242,3.63043839393777,100349.3272096153,320.2149185423918,120.26219175829506
1248,2.439871917098581,1.3086560922222557,283.3705638168824,5.778736838939162,0.006783345927504757,3.566111295717806,100716.23458025896,319.30030371664583,116.58673369318761
1250,2.7872244647032822,1.506293522482821,283.2210415597011,7.594616926952527,0.006677923034298577,4.47741752722957,100143.29520232958,319.9665585474964,129.046760362453
1252,2.5943848902055007,1.4365480671824318,283.55907918464897,7.594616926952527,0.00676345932089192,4.377442170328089,100850.29703633579,321.19588237366,120.5426287293378
1253,1.6651399122456998,1.3931126990855567,283.0267925541788,7.96195184043343,0.006443624616914938,3.831696060326233,100491.67473785327,319.52970149890945,113.18393293087847
1263,1.6599888620022072,1.4566348961715152,282.8152331054805,7.887920561650193,0.006358308839718781,4.682322934936193,100513.77721267806,319.6666873117082,113.97520064947328
1266,1.4918047221526176,1.4326420718100568,283.3779345830433,7.94099030807462,0.0065362893268225905,3.916301713966449,101311.13949510419,321.0870307791545,114.74449717933547
1270,1.8919253777035494,1.4204285523473772,282.9766639268644,7.768495065580769,0.006453160744196946,3.7134074003670703,100253.0073559794,319.1662197591536,117.81743443614552
1275,1.7801522082472785,1.4603553567345977,283.0863823082277,8.253918986570142,0.006556480186430926,4.537204351265488,100266.98565761752,318.55670958930807,119.3539363506195
1278,2.271446468975614,1.4155286959390918,283.18642742169015,8.270820005647593,0.006618850233760267,4.268137330834377,100451.05405443409,318.81729068170216,118.58573295287484
1281,1.6833820584470338,1.4365264727122735,283.00279365260565,7.887920561650193,0.006407448382509629,3.9449792082583874,100976.33818367441,320.65741647036987,115.92786250763378
1282,1.9568239813971624,1.3842389950841893,282.27794494408096,6.532711497684348,0.0062361578405030395,4.169368414572138,100168.98500765696,317.7011641291939,116.905905093299
1283,2.356095408356932,1.3921356674036705,283.5039594278157,6.12747691606107,0.006731350380319272,4.125765348723375,100881.33791637664,319.92017376490793,117.41764528131236
1284,1.8902594072069316,1.361256419267753,283.08931936377553,6.868870948350272,0.006473608175711171,3.9468281970596313,101123.47565548286,323.03757997726115,110.78918366831408
1286,1.6930391186759817,1.4049692451788944,283.1111079015268,7.708993464016892,0.0065141418122511485,3.7129426643236343,100488.58157315884,320.7396295317648,116.71844829593022
1287,1.8911179158565443,1.3976691264917203,282.7681016557613,6.361357838192028,0.006379053892426563,4.226930129248039,100937.42205086084,319.4406872885053,114.69837741876654
1288,2.4090909098833087,1.4431774554245413,283.2529701076616,6.12747691606107,0.006624510278393429,4.22391356674834,100458.89544735254,319.53823864216434,120.84591303545409
1290,2.3408510810542857,1.4672800315543821,283.23596152536084,7.947018428650982,0.0066243657956007234,4.390245763808993,100419.34346415148,320.4037841561093,122.20049176242517
1297,1.6535802115604898,1.399918011518654,283.5607613824307,7.3117731769409255,0.006712984493591351,3.845284850092023,101096.89277859761,320.7099267144647,116.47338069330362
1298,2.4176620723372624,1.347697137733169,282.97611419416216,5.977641656759015,0.006602055812571349,4.2368263396691255,99924.84992510095,317.51118552833077,115.93980888646804
1302,1.5948675100322367,1.4399279516805277,282.886169549399,7.308882086607266,0.006355533809643139,4.7226166109443595,101295.07253770475,320.9542030822776,112.653102221472
1304,1.9603415463396558,1.3786231358597347,283.37895013921764,6.38185531147153,0.006736034546470834,4.034321281709825,100634.19989224558,319.86599453246095,117.08811042454404
1305,2.2582718425948727,1.4134117650370515,283.10264005197456,6.38185531147153,0.006732553501424659,4.919443130850619,100080.80115132954,318.7465523796928,121.30092882542112
1309,2.5379228733220414,1.410398005374674,283.4358144493944,5.977641656759015,0.00670165902997819,4.2104816251357375,100838.02586932106,319.8511060749919,117.7682901313286
1315,2.0452642804106658,1.4350276621187623,282.5352933249803,7.708993464016892,0.006370598207299643,4.453080008705276,99244.18100491902,317.88166334168636,118.67376933289249
1316,2.5366652748326994,1.3742186399874523,282.58791264142195,8.220511404051232,0.0064115617600445495,4.282637959784213,99242.29813406656,316.814997824493,115.18646637435613
1319,1.7130354066727511,1.4025096256319638,282.83973161446005,8.117657443036801,0.006359933336261543,3.9857399113802967,100836.1208165112,320.10395642303587,113.57495766455521
1320,1.7442619139059097,1.481413512091954,282.96091627592926,7.991563421857163,0.006430510182036289,4.63621836817857,100373.25456819343,318.89473156202143,117.18049718471855
1322,2.29134994560947,1.3537322069419881,283.2945369177224,8.220511404051232,0.006620537172425635,3.5219790562427495,100637.33775924637,320.1385119838508,115.42712578973502
1326,1.836549258544488,1.387616145705002,283.5165283108265,8.253918986570142,0.0066963619003202,3.7475609608030997,101115.88340897489,320.5138895549678,116.35758597698266
1328,2.227783190028935,1.3883371838864151,282.9792936939069,7.947018428650982,0.006539895811601466,4.365770773930113,99935.95659640817,319.16448164972854,115.18007913578357
1330,2.802306369991222,1.445871763683667,283.21159770383775,6.825736698928025,0.006696969968564666,3.945807548383916,100132.33945681933,320.7828949083484,126.65909625787738
1336,2.115318574037636,1.4085074721398436,283.3068767450926,6.38185531147153,0.0067466160359970296,4.860299968634275,100485.73444247992,319.6006885465683,117.21449110868254
1338,1.9700264501138602,1.4713460911423346,282.8119131653441,7.1741658620956885,0.0064444174029328494,5.239588118684859,100706.96117592465,318.3322462313796,118.35943861455287
1341,2.5133834501594152,1.4350000351575358,282.09705721657616,7.367098251297044,0.006257781822404752,5.361005466267576,98385.0603939394,316.74718791173603,116.83050955575665
1343,1.7048262096758169,1.4099038249547764,282.92390742679476,6.992700368267669,0.006385606146456912,4.047716534128729,101151.47702751866,320.6139833481832,114.0215622255093
1345,2.246860641345845,1.4225299163896834,283.45327369622726,7.947018428650982,0.006671552830196297,3.5890097033943573,100901.29805884263,321.30062587173416,120.93554420831592
1346,2.4531439961197345,1.3644913825757166,283.20611299317835,8.220511404051232,0.006599303904867975,3.5060351523655857,100447.05104830851,319.6005955478213,117.30428954120842
1355,1.997888530962616,1.418478078549521,283.13087272634465,8.220511404051232,0.0065435748153185765,3.6494805979284424,100443.86094227112,320.32830042229335,119.60144276455983
1359,1.8457886657048972,1.4865334620226776,283.02108524386284,7.663905529412038,0.006458587344433616,5.009706614226182,100825.20776207715,319.2263702728665,116.50538720221357
1361,2.1302751855648885,1.4201906922300254,283.3610576778505,8.220511404051232,0.006632101086454127,3.5884615071780592,100803.96383590886,320.9336216608659,120.53852601368973
1362,1.4924636860275455,1.426901621801625,283.33623048215696,7.94099030807462,0.006525722679015267,3.910662155933825,101212.63053877211,320.868266100051,114.45379226451344
1364,1.7641004209722015,1.4138477863036973,283.5071844874472,8.0203350607592,0.006624900287632837,3.6368370173056754,101234.71354331987,321.6533603155599,116.48263502039536
1374,2.0633068823496608,1.3952491704823682,283.737676242517,6.021393111541139,0.006782286526525593,3.408671405097777,101433.21601494269,321.3107795503272,120.26482709276533
1375,2.3318158627443606,1.391605816103611,283.52211804677705,7.116344151204232,0.006828177281901712,3.715416944668741,100972.89362197783,320.26305986310274,122.19098798575338
1377,2.4036335782047056,1.420518715009866,282.190266796139,7.367098251297044,0.006283763357399415,4.601325282971368,98566.54562921713,317.1616363627083,118.57522056682444
1378,1.792807089782802,1.4810199587287882,282.9732513109657,7.1741658620956885,0.0065245836692421925,5.395138266513528,101062.57675349205,318.8761378871409,119.85763936818414
1384,1.7446238782156207,1.412047258382789,283.5678468694603,8.204714845296765,0.006648934752030256,3.6213194847213326,101376.24393800176,321.6781809935495,116.65274968237505
1386,1.669084409182917,1.3960163734857876,283.508288520581,8.253918986570142,0.006648942978017541,3.706537119352615,101153.21772374588,320.7870540229245,115.3869848014061
1388,1.7893544926319838,1.4483944359635608,282.8575360058471,7.663905529412038,0.006449266233082741,5.197570636001672,100918.42181140657,318.8079697967423,115.7750237989234
1390,1.7839992560509623,1.396319380239138,282.7717772973224,7.555826268095967,0.006357606219318762,3.849666160693303,100302.82653162559,320.5874512984361,113.86229345171469
1392,1.9551301674113544,1.4171291318678392,282.3441797596176,7.308882086607266,0.006230461739904404,4.835052432950485,100505.19769293239,318.16858758921524,115.35201120901203
1393,1.737890388167802,1.4463138355170433,282.89758986403086,6.361357838192028,0.006426704489373058,5.036567674196946,101205.74609118752,319.8974593182979,114.97043988015685
1394,2.5646804935307403,1.3713761183139208,282.7422242155088,5.977641656759015,0.0065339320948535895,4.997935436126967,99456.63706185902,316.4260586778969,115.14620876138103
1396,2.263469302518307,1.400136797741547,281.99956556916794,6.6150169491020465,0.0060854695062230275,4.564619763888348,99689.82581298435,317.35069882639567,113.58753828284377
1409,2.172165760704372,1.4243917819360015,282.4170773395517,7.947018428650982,0.006367822682537472,5.253579586751125,98920.68093350038,317.3953562318437,115.74263387997124
1411,1.4851826050450732,1.4325490209392602,283.3792768007796,7.94099030807462,0.0065370951213142145,3.9041410688001763,101301.71079985153,321.10406616177085,114.8103925133881
1412,1.647505683134463,1.4273602736151156,283.5901776862035,7.3117731769409255,0.006697702992268783,3.8082138779936425,101179.05769478861,320.9345385034108,118.08384265970578
1413,1.6903475783534792,1.4332199931102387,283.16391988909,7.966193337045802,0.006506736168713165,4.276263910816651,101125.61654044272,319.55247111142046,115.61093203993224
1414,1.7012297547337085,1.434918326492886,283.1983973270222,7.574602080240383,0.006494323672908256,4.191316136028122,101341.90481191703,320.44786026961805,115.13549094524107
1416,2.175265672954381,1.4014315917617768,283.02806767320993,7.367098251297044,0.006525935863098056,3.8247132076472226,100187.88781846025,320.91508985799805,117.43844280732284
1420,2.2370318803214135,1.4308028573709475,283.18135158197595,7.947018428650982,0.0066056484215972905,3.6850952066963667,100339.36663065573,320.4593511731403,122.94277542902225
1431,2.013968163616044,1.4900110612515425,282.80957257042087,7.636595673455845,0.006438534309290454,4.694924105948304,100032.86546155273,320.93798372175047,120.84958731683605
1432,2.01336024766505,1.377183365646344,283.69178075919996,5.977641656759015,0.006808424296459233,3.4458908689013876,101361.50696227202,320.80961942131887,119.9728045585642
1437,1.8663371835275822,1.3689300456351599,283.078104454499,6.868870948350272,0.006477214705100005,3.9596927996656923,101041.5733553297,322.9446018641237,111.80761413163023
1440,2.3627036054262573,1.4779746484496041,283.47916146224884,7.594616926952527,0.006720949153793679,4.374713491604715,100762.6198197132,321.11815362615437,123.88136756211425
1443,2.266003062395784,1.435034798848975,283.416151574087,5.778736838939162,0.0067793655377372496,4.290329336100516,100795.46085126919,319.49626482713813,123.48987506538587
1445,2.534024779267524,1.3959460922573887,283.0372296023017,8.204714845296765,0.006551036214965891,4.242089737211936,100144.60176527913,318.5315437273191,116.2373022863938
1452,2.1814608555205157,1.4321218110249012,283.30955127662537,7.947018428650982,0.006634465903229848,3.635297648517054,100609.28260480764,320.86154754466565,122.32366553283215
1457,1.899721562465927,1.4196204962049532,283.10767788992524,7.636595673455845,0.006520235061348554,3.930594090553265,100628.82819184187,322.3070406264792,117.02227526268038
1458,1.9689266317791843,1.4748110629859272,283.0171502682259,8.0203350607592,0.006488831092867419,4.4017771784050295,100250.9775362662,319.6269300960601,119.7699949075131
1459,1.8356814686453573,1.4058781845362875,282.61855546800314,7.19785142088264,0.006256848114121305,4.609448251878973,101048.6408102464,320.1010341700311,111.15223755410925
1460,1.7063900872814948,1.4836635527090247,283.11142237226784,7.966193337045802,0.006492432683006173,5.043560471039956,101063.46937017958,319.3657763543552,116.13152214467029
1461,1.7362012158086533,1.4342234320878486,283.27048282008445,7.966193337045802,0.006523169812989002,4.191622931300292,101339.29571766671,320.23063835816043,114.93534324479096
1465,2.18053737795699,1.3743775175843496,283.164825656411,8.253918986570142,0.006582594860327625,3.660309861014247,100402.08605475893,318.94224275465217,116.69948707830987
1466,1.7321407016338322,1.454737279870459,282.9499494709731,6.361357838192028,0.0064461063927282,5.060666115327858,101248.15394055408,319.98152600863153,115.45138144426656
1467,1.756030441179632,1.420840702928799,282.70902813123575,6.690779161255743,0.006345870395470788,4.907163403486472,101057.63044178384,319.72877273052114,113.65788776513993
1470,1.7975126450074261,1.4287953630844825,282.6231396988259,6.690779161255743,0.006316665665608613,4.881022235754327,100632.13257088496,319.2546998691354,113.6700925988909
1474,1.6899902533566664,1.4860370559586304,283.1331581084969,7.966193337045802,0.006488544380834377,4.965765512460902,101049.17156823984,319.5179995503272,116.13917000062648
1476,2.1485405350559375,1.4164799314414496,283.13712215137593,8.220511404051232,0.006565477247603137,4.333229851260383,100357.86260550373,319.8127527430507,116.2652310536684
1491,2.3326975713908187,1.4798480330971246,283.10984260615345,6.38185531147153,0.006738610458522437,5.644693611870621,100099.12911132767,318.7657961056197,124.55023283556082
1492,1.788681608091623,1.4144077208860166,283.2446719114576,8.253918986570142,0.0065865789717156255,4.4682196242206125,100597.71839630613,319.4283362388046,113.58558070840876
1495,2.1692700360002797,1.3205023412253767,283.5466434187202,5.778736838939162,0.0068309400012019125,4.284978771575015,101066.26718010116,320.0614124673999,113.27503625356165
1501,2.0110585167956327,1.4204469893861273,282.16008285303263,6.532711497684348,0.0062072971148637995,4.933740762494315,99949.22914775628,317.13328264606247,117.43242030414405
1503,1.629142882016754,1.3990137884596354,282.95313086082876,7.6884588732284564,0.006374185014715299,3.9353062152693865,101308.67101730937,321.2987095953408,112.8230510033876
1510,2.4192630734582177,1.4090998470623886,283.2295045941807,7.555482857561835,0.006621563505345956,3.8375250400898415,100495.50245166829,321.4888407759061,119.36082049904867
1520,1.6985010893452164,1.4356366274041539,283.20537534224326,7.574602080240383,0.006494701426172909,4.185465151128127,101381.29068448652,320.552842104506,115.19112888860272
1523,1.7925332949495258,1.4464519166743828,283.35365752749544,8.253918986570142,0.0066331884619471905,3.7747862136711916,100806.36106965524,319.8153888491346,121.88151036767367
1525,2.228609214494857,1.3228479364323218,282.85760399044045,7.367098251297044,0.006480826227662536,3.880251716482435,99890.65370230637,320.4106057895958,110.49286696394265
1527,1.7909462130959921,1.4101289285754894,282.6153898264421,6.690779161255743,0.006320288719420855,4.904300568225439,100924.88420112303,319.3108090723468,113.38076215297693
1530,1.7251194925086335,1.4174267065239745,282.5925198686714,7.96195184043343,0.006323160227258805,4.599922087315421,99617.89127384101,317.42659601930484,112.29482489254723
1531,2.3020696998359664,1.3903835875853703,283.1518302199638,8.204714845296765,0.006574063155803054,4.273294910015778,100409.49638308042,319.12479875400254,114.17719760875214
1532,2.190528560903141,1.4262894211760067,282.68387620446424,7.947018428650982,0.006440231696825839,4.51367261832846,99480.52145176109,318.77522432827504,118.42836354283261
1534,2.3659752186016605,1.3976156117050136,283.51634750522066,6.12747691606107,0.00673905970917908,4.10989519322892,100904.20266044828,319.86083866722356,118.28882821054341
1536,1.6449023148615198,1.4159613702477212,283.111727879252,7.887920561650193,0.006439728233621049,3.939413034073414,101126.37186254584,321.008198844958,113.53391724110169
1539,1.8672885045228644,1.40363362973489,283.14612176852756,7.6737342888579505,0.0065413572980834375,3.772094484397884,100488.91753914334,321.29127112766247,116.69983488895078
1548,2.57289897305122,1.4507034668204555,282.232758655158,7.367098251297044,0.006319441247904775,5.404241667706159,98565.31083442387,317.343502389438,118.94193951851594
1550,2.417365072838596,1.4720541732879946,283.239196036475,7.384454043839622,0.006639416897039305,4.390195679935959,100338.14472527728,320.2493879474686,123.4182462404752
1559,2.276351569412286,1.3823088879516086,283.49003976054576,8.220511404051232,0.006680346541417236,3.526146513700427,101019.31856907513,321.08710681423736,117.78805496197039
1562,1.9748665825193215,1.4655244733927526,283.1388649199498,8.0203350607592,0.006510886981535106,4.4225288903257685,100529.24609977262,319.9233004960787,117.18848346301453
1563,2.065664299812743,1.4034216657661442,283.43392091837205,5.778736838939162,0.0067892207697062504,4.273859972929139,100831.07988161863,319.5319621235324,121.12450470773585
1565,2.3196111170186122,1.4305475816542537,283.4714058991136,7.384454043839622,0.006699055420998655,3.605166214141561,100827.38154099957,321.26581097034665,122.60311310710475
1570,2.3711309097137776,1.3773051745989406,283.6178807870435,6.021393111541139,0.006756830389772148,3.425653549914766,101221.10033760268,320.6448228275094,119.19430705176575
1584,2.2523411736735772,1.408518613828584,283.0285910910019,8.220511404051232,0.006539119862722168,4.297346122631677,100118.68219870991,319.03443810339223,116.57051019641283
1591,2.456429529595912,1.4208464900762923,283.58941353519884,7.384454043839622,0.006736115960564294,3.5162616700137543,101046.3591574551,321.29266958049095,122.35457057837951
1597,2.7425077718712925,1.447277190123612,283.13197280755486,6.021393111541139,0.00659316591764815,4.202794090847836,100226.49230029236,318.7502767051836,122.14815027715903
1600,1.6556545540821606,1.414768481675169,283.6419901447863,7.3117731769409255,0.0067572108147617065,3.912281755234303,101250.61130423687,321.0633724191378,117.92909633189474
1602,1.9362986663992519,1.3642214491334432,282.301094651724,7.164095790027379,0.006235615119105295,4.140005645079354,100490.16027291288,317.85892725694924,115.44904606443453
1605,2.1222330492213968,1.3729654809217688,282.792467009606,7.947018428650982,0.006454031076991972,3.69079653194719,99722.16700190264,318.9999875279595,117.24373075502344
1608,2.2374402519918357,1.4001613878069048,282.93861820873354,8.220511404051232,0.006503727852684579,3.608514828649589,99985.01047723793,319.1018560411156,120.0023815697712
1609,1.7163951911351207,1.4419297537750133,282.6177848108961,8.117657443036801,0.00629900280704441,4.732998796127431,100375.69549621793,319.0829446920971,113.77858352457191
1614,1.7520580989445163,1.3832439725417032,283.3429979140563,8.253918986570142,0.006611994264262842,3.712115746313982,100800.92816817484,319.9123586361316,115.37217835150123
1630,1.8032344884332745,1.3951746477614566,282.9883100570793,7.555826268095967,0.00641549588053274,3.8542357848011513,100803.03242493853,321.8076867232818,112.80054684537566
1633,2.1401271513905464,1.3990460197112484,283.2912753116154,7.947018428650982,0.0066232995141862734,3.5918960378793914,100580.92420924407,320.5679939904404,119.50863849359598
1638,1.7778690407381756,1.4453247013970953,283.6845253440995,6.38185531147153,0.006867121894607639,4.963817105939951,101247.63156916795,321.4429575910715,118.79670155144092
1640,1.8549074179530338,1.4195993435622023,282.5771498914103,6.690779161255743,0.006311921696417467,4.913867534209476,100500.4666946958,318.9093977734465,113.04252585094436
1641,2.0387210526021353,1.4426610552777257,282.8921790723467,7.6737342888579505,0.006472578173247019,4.548239702921713,99986.18143533342,320.21264850480304,117.0705604978189
1647,2.1297368760766684,1.3922121320822465,282.95231012019116,8.220511404051232,0.006496760639185113,3.6352423196658776,100062.2205735301,319.37610064968214,118.36198441310502
1648,1.7400853870667625,1.43288025777621,282.7255580003713,7.308882086607266,0.00632948095965474,4.816606995851315,101094.64648568378,319.9426883108265,113.82980511023716
1650,2.3145111129081224,1.436759250172107,282.38292126270363,7.947018428650982,0.006349009901888719,4.4871688117991555,98885.3357656968,317.25381082602445,120.69220619759616
1653,2.2937352064673875,1.4007306105586854,282.92099157176665,8.220511404051232,0.006496055783270685,4.314680613962597,99945.08468263027,318.6220884560768,115.43524413483223
1654,1.902733303477743,1.4209055287726462,283.00277689173515,6.868870948350272,0.006447293077813355,4.691467964214117,100931.86629894658,322.6044953292496,112.34548741605177
1655,2.233686016426019,1.3021617448028808,282.80698928767,8.270820005647593,0.00646976694920414,3.6247425559114577,99749.71008979535,317.3757475845747,110.95109376281962
1656,2.238832427524356,1.4411404518550748,283.3886747579934,5.977641656759015,0.006714388744299039,4.202902246668987,100744.58319133139,319.4250846415147,122.87707961541139
1659,2.1949788847211256,1.4044189023496922,283.388234256346,7.947018428650982,0.00666339608465358,3.6225448070900272,100740.7216786858,321.09891960230175,120.27087017870898
1661,1.8619796732900928,1.4281574902759702,283.15098238758185,7.636595673455845,0.006531347938029606,3.9275870228621743,100718.15421922131,322.50473460903055,117.39022123957027
1662,1.8811406557423558,1.4009901354001852,282.89064229430596,7.986667602561604,0.006411148252995498,3.833287667459743,100356.08388533113,320.88493909601374,114.60162407847231
1663,1.7270592583221562,1.3546363777646766,282.45525970114625,7.343361653543089,0.0061964774080467775,3.8066298306471764,100799.32924933871,319.3133633384379,111.65169353601095
1664,1.7549538248150611,1.4841651436585555,283.1468032498027,6.523908308283446,0.006583022935059631,5.449591247046267,101350.21063390413,319.4958364694417,119.20013812587591
1669,1.8054155635731275,1.441191265887382,282.7560996881526,7.308882086607266,0.0063382786975451294,4.811876625065665,101027.83605624392,320.0171329370272,114.0046888947979
1676,1.762156014292789,1.484032895448405,283.1457518868625,6.523908308283446,0.006582194617198014,5.446094457207759,101358.31998218015,319.5097070082138,119.2049300688663
1682,1.933045616489124,1.4033158691762484,282.4729172221449,7.308882086607266,0.0062706574413847515,4.859120518297833,100830.18709341499,318.7312947259733,113.6958173497842
1684,1.7897303816439014,1.4030073723074596,282.5748653139357,7.343361653543089,0.00623837857317277,4.591616524918558,100867.46486890344,319.8988865812799,110.70303227353936
1688,1.6625458250312843,1.4069340161982073,283.64592347115877,7.3117731769409255,0.006753955842233979,3.8934773034402523,101260.4155475892,321.0842911517936,117.11884130377281
1689,1.7936980810717746,1.4029656243000492,282.7838315341779,7.768495065580769,0.006383250375952481,3.76020946634758,99977.7654248457,318.6204465576129,116.05795017812892
1690,2.2557891320830996,1.3644799678570871,283.26335341129516,8.220511404051232,0.006610393947709871,3.5216716794243816,100578.77075966404,319.9870234447074,116.5481107174347
1696,1.8332126752823377,1.4458367947590491,282.90380284235926,7.708993464016892,0.006427867544818785,4.5058723178054665,100225.22903345864,319.9635695735301,115.04959129736878
1700,2.3933964425223833,1.350884630309156,283.00564220149425,8.253918986570142,0.006578279167140006,4.320843793648429,100033.73023787646,317.92116196714466,113.57092398521974
1701,2.3933964425223833,1.350884630309156,283.00564220149425,8.253918986570142,0.006578279167140006,4.320843793648429,100033.73023787646,317.92116196714466,113.57092398521974
1703,2.0840688647012717,1.3558948214123008,283.0858901243677,8.204714845296765,0.006540883029880737,3.5548330853923615,100301.13475502343,319.3221253779758,115.44812622743513
1707,1.6352545353629067,1.4316002653130586,283.10116323959346,7.991563421857163,0.006476706270476588,3.9408705449493713,100636.17624233144,319.2948890918372,116.60223134679106
1715,2.22428882854162,1.4632608187672353,282.88224028121954,8.220511404051232,0.006482627777869042,4.343297352480393,99881.39442479929,318.6838272537009,121.39278428040744
1717,1.9689637558523898,1.4592256516960718,283.00017819898835,7.636595673455845,0.0064970583190032015,4.698683887319597,100381.75920511394,321.78655884356584,117.07396760232493
1718,1.7157640710452124,1.3569016542992072,282.53175913545874,7.343361653543089,0.006222127540990301,3.8252160331526297,100880.84598756324,319.6709887962319,111.37788766998469
1719,1.9655018769725272,1.4507718989105427,282.5822440591211,6.361357838192028,0.0063259862354587216,4.970358591822358,100516.10743398765,318.5416639978653,116.55156741433478
1720,1.6861478479451975,1.499414884694783,283.1984836252263,6.523908308283446,0.006588953421745788,5.423954624615991,101333.69515105108,319.599167049051,119.70438859123394
1722,1.7346094927952236,1.3978138408503886,282.84985733537525,7.6884588732284564,0.00636374790038981,4.054998582445867,101251.34516130679,320.43318571024184,113.82207476769224
1726,1.694027563730339,1.4181778111741168,283.0194959515523,7.887920561650193,0.0064103324875029,4.004345777179498,101243.44030586106,320.9055953292496,114.24859930560582
1727,1.9722539321130181,1.4019946037313133,283.1543577817996,7.3117731769409255,0.00665193212523551,4.722756305282844,100247.39450183303,318.76795474082326,116.07682461051557
1731,1.726284280636506,1.4459756431298103,283.2510716645784,7.966193337045802,0.006528014168657479,4.270099190456634,101349.14201772702,320.06308392454406,116.38109604088356
1737,1.9579980486052884,1.4079539389134466,282.90845268086684,8.220511404051232,0.006475533967854656,3.661687131466425,100021.1382279456,319.37430807137224,119.28351646630935
1741,1.792807089782802,1.4810199587287882,282.9732513109657,7.1741658620956885,0.0065245836692421925,5.395138266513528,101062.57675349205,318.8761378871409,119.85763936818414
1744,1.7259223146201912,1.4585215204403759,282.88952650471015,6.992700368267669,0.006375493190277972,4.797326282754652,101071.61662582951,320.46307717620306,114.22155224168175
1745,2.367543737430138,1.4290965230416472,283.34092058796233,5.778736838939162,0.006725076734563088,4.350016992432131,100641.43841459,319.3323488913639,121.33500498607823
1753,2.5248874639906846,1.4139132027674906,283.0441986537658,8.220511404051232,0.006551936840619053,4.256818965890761,100126.36961831174,318.7940422511486,118.13517850491901
1755,1.6377836543676567,1.4659627075262298,282.9692328799481,6.992700368267669,0.006397998193776974,4.78245001326094,101087.69702264607,320.68633504199727,114.12684898037031
1767,1.757218430625782,1.3922810296660726,282.75125814840595,7.308882086607266,0.00633655615039213,4.059754015987703,101101.54575799342,320.0424175047566,113.93227967300106
1768,1.690059861467699,1.4563277678831823,282.9780455088403,6.361357838192028,0.006452200677892246,5.055349630107661,101254.30945779385,320.0490798347951,115.19471126820271
1777,1.8521091451181,1.4017258116595301,283.1788612334679,7.6737342888579505,0.006554873894844309,3.76678518427398,100529.63087382245,321.3799683813634,116.60535160234815
1778,1.7663464637779223,1.407108796622914,282.5934324766811,7.343361653543089,0.006247417116975265,4.6115796067775765,100893.82526377095,319.9309116320943,111.09925048025431
1780,2.0456076851012344,1.357270086855516,282.2360769502065,7.164095790027379,0.006203394941783842,4.087160941043668,100160.15361636272,317.6606278523366,113.75657964371895
1782,2.226339968021088,1.4356070629653384,283.11878962457655,8.220511404051232,0.006569642671803795,4.3160384686231374,100285.74540484478,319.58368483734745,119.20441662457654
1783,2.32989465687635,1.371435752186562,283.44434283447026,7.947018428650982,0.00668371407049515,3.594890504863149,100831.93634535246,321.1643325875911,117.20355590714185
1788,2.4245533435794804,1.4728463156262541,282.98811518075087,7.947018428650982,0.006548154855422525,4.339120110816744,99926.36372940739,319.00125497934937,124.26390225326001
1789,1.830451527453225,1.3750529488064172,283.41397130910946,8.253918986570142,0.006674877228785559,3.7567582691317467,100902.03172049747,320.0015649399044,115.8423770215555
1790,1.4967144638022887,1.427363046229484,283.3558834706947,7.94099030807462,0.006531448726168268,3.8863988918410604,101236.12824887467,321.0090694445218,114.54179352587127
1791,2.177762307139567,1.4695278799741875,283.6044929268179,5.977641656759015,0.006776107364921807,4.195600677885749,101179.43684463314,320.42918994663324,123.9165163725231
1795,2.173191330689339,1.3906377151450542,282.5142429026869,7.724265634980741,0.006303739019434777,4.6500853810107206,99851.68432521232,320.06804752192676,110.85312970877999
1797,1.9777947913245997,1.37050096914634,282.8431160239454,7.456531632785745,0.0064466950341361545,4.035971578783378,100338.09692937027,321.66375154902784,113.85730662362523
1804,1.6635806765780086,1.4558994511656547,282.9561127068541,6.992700368267669,0.006395657443514781,4.809944568437515,101212.48204464244,320.7309054731078,113.64993719195787
1805,2.041342984246561,1.3995460609827894,283.1035547060189,7.6737342888579505,0.006546309841876654,3.801057733845654,100351.02782003803,321.1360182388974,117.13160428787879
1809,1.8443732881999926,1.4269969515868852,282.90591609494635,7.456531632785745,0.006432220850842266,4.691106330384241,100523.95059218524,321.90199492134207,113.25738783449349
1810,1.8681098865457475,1.3798628741781842,282.5380318803657,6.690779161255743,0.006293745374838739,4.126119927817997,100771.7216637431,318.99610897396633,114.66456519720172
1812,1.9724998825732623,1.409774154270362,283.0212571386143,8.220511404051232,0.006508228522284097,4.386913075607221,100226.13930163815,319.66491078193883,114.31251730576825
1814,2.6456912139229014,1.3964687181002502,282.8513760814887,6.3612789494872155,0.006336203078342382,4.525153976019306,101224.40728001301,322.08884901758785,109.9278129872848
1816,2.0758225433781496,1.4017688687164407,283.1052395118103,7.6737342888579505,0.006544717541950903,3.8054929597020735,100369.11862685044,321.191385822544,117.19214206817021
1820,1.6320664519540176,1.4445151027351268,282.9491702459511,7.6884588732284564,0.006372175271864123,4.68511274544944,101304.81351436261,321.31117915773353,112.401356439858
1821,2.210316021817969,1.4603896220922112,283.01740992203815,7.947018428650982,0.006548693301781985,4.368256909713676,100021.08348294585,319.37593169381415,122.0674961462945
1822,1.7477098691588535,1.3914248113327936,282.84292314214116,7.308882086607266,0.006364367216255975,4.072329879428001,101249.74303104551,320.407769359135,113.35213900102092
1827,2.3038702494515833,1.4153024174482323,283.24333160610706,8.253918986570142,0.0066907343230033865,3.689089130249199,100528.19214144508,318.9974794904636,123.56635883595527
1831,1.5411805638021037,1.423631686446335,283.32619487586436,7.96195184043343,0.0065205398599563775,3.8299313677680633,101161.93919643603,321.23258353287855,114.44695689672373
1832,2.082189428933647,1.4665716564857372,282.83019533992297,8.0203350607592,0.00643637786582672,4.406358271179637,99878.25435611859,318.8067919866351,119.87319534293934
1841,1.8190449661639096,1.4542467771734924,283.0631362833542,7.1741658620956885,0.00651077458869089,4.475559149485823,101129.72812780176,319.3845501011648,118.91683974571906
1846,2.0389066770044817,1.4100619892372686,282.9249482532832,8.220511404051232,0.00648959966811453,3.666834618591582,100023.70513485545,319.47107338066735,119.82439327126549
1853,1.8288922903770388,1.4031092308242912,283.01880848252824,7.6737342888579505,0.006509600971065943,3.740400580670101,100181.38109146596,320.4474790528563,117.61246763188547
1855,1.4971599583393516,1.4316531423844134,283.3174100334122,7.94099030807462,0.006521559213856791,3.930614795019978,101177.64062132814,320.71019382801984,114.99968459701147
1857,1.7083159298281996,1.4553234979459706,283.1911971743468,7.966193337045802,0.006514381427068541,4.293077267187711,101253.52210548054,319.78400567079683,117.74200889138707
1861,2.206886627982619,1.3923787454384446,283.43495999118284,5.778736838939162,0.006749206870031093,4.323274369910437,100827.07431885472,319.74630818413846,117.4304010561975
1867,2.0145946436085813,1.4158695306764124,282.1080717434684,7.1096431484662865,0.006151201110919301,4.629804140883568,99345.97347951181,317.50963645784026,114.11349338781383
1869,1.6666295407951424,1.4147391195028733,283.6441842419602,8.270820005647593,0.0066764765263492495,3.6299386085946916,101503.6790275651,321.76056858647735,116.77731828391107
1871,2.492022832780414,1.471086002026908,283.2648605234581,6.021393111541139,0.006637158443677201,4.188058113421041,100487.6613059539,319.25740371664574,124.22034469451019
1872,2.5036846246075686,1.4455676361613694,282.99888473154203,8.204714845296765,0.006529189378258852,4.276265364119449,100084.06125295836,318.6890209480718,120.45835188651445
1873,2.806793815968409,1.3308703416117844,281.4205217026312,6.465172405800733,0.005968608266921899,4.6034715637245345,97886.01927054621,314.6221782207991,108.78525456893591
1876,2.1094621556918356,1.4083614300569987,283.0690531542067,7.947018428650982,0.006559678742549538,3.6416124233249803,100148.80518961434,319.8176598756323,120.69370692333752
1877,2.5578495511164596,1.5050042316076095,282.6954485781243,5.977641656759015,0.006513800839180473,5.731864029722956,99354.69186881061,316.2064550085851,125.05942968406887
1878,2.2873172752853073,1.3554442550069008,283.34518908673255,8.220511404051232,0.0066392920514130585,3.5611009988276026,100726.2330371711,320.6297038957724,115.55169246853683
1880,2.259789316696107,1.3864305620578379,282.98130620028775,8.220511404051232,0.006507049952758828,3.6504910102840036,100121.93579242658,319.61852697433756,117.62566415378905
1882,2.758387861439318,1.4420558550921385,283.40166298900175,7.594616926952527,0.006719438768402246,3.703027394150216,100545.73188268596,320.89108201772694,125.65156725168221
1885,1.8495614631794584,1.424441207934674,282.8903760930902,7.636595673455845,0.006452980931166179,4.674031267680171,100218.06204863335,321.2895093795536,113.6799731755302
1886,2.009842682027881,1.4363562295300525,283.72625450090493,6.021393111541139,0.0067912850203304094,4.147712822414961,101415.08701401457,321.0655475743654,119.99740345224838
1892,1.6675669388171568,1.4052103546520545,282.91894958420346,7.6884588732284564,0.006367052282444661,3.9324658606181258,101172.1916636503,321.09755659937815,113.48786214042414
1893,1.8403591826626442,1.4043761656784395,283.1652204106919,7.6737342888579505,0.006546669197057868,3.7678934639380017,100523.36258833353,321.35311563088777,116.7099920592603
1898,2.1230961971027713,1.4052241281232614,283.20732721193554,7.947018428650982,0.006589915751723978,3.619620502249292,100453.07648457005,320.40087789502996,119.59922560074712
1902,1.7422757414254393,1.4431353779278444,282.7697188871873,7.6884588732284564,0.006341455573678593,4.797714542602906,100985.3860499327,320.0032252545362,113.83526625209986
1903,2.2206320477303247,1.4417342629121304,283.37697430553624,5.977641656759015,0.00670068377848624,4.1801502711541145,100706.96958949372,319.3961742391758,122.37914661691958
1907,2.308668614896827,1.4883258712913208,282.2588109981902,7.947018428650982,0.006312640304255418,5.251638376857395,98650.16206733491,316.7360997670425,122.59835090609775
1911,1.810520209402353,1.485962317174874,283.1183208677897,7.966193337045802,0.006485130718135412,4.991546010134576,101097.18035440161,319.54828264606243,116.14876833692979
1921,2.3864494860134022,1.429390482612583,282.57656898928025,7.367098251297044,0.006402177245737621,4.609232179657061,99292.16285836932,318.9198035268458,118.0641043314307
1922,2.010376350767358,1.4023301043239111,283.00519416307026,8.220511404051232,0.006509886690895169,3.6511816054151005,100184.48807995731,319.7451055408604,119.00673548053274
1924,1.800106732648037,1.4044150864571319,283.4316425574272,8.204714845296765,0.0066082953079539646,3.6262753070394913,101113.57729551254,321.3027708589726,116.36555142445124
1927,2.4335978455137646,1.3838635301652467,283.3796748443083,6.021393111541139,0.006668199386273145,3.436263764849292,100715.37761882223,319.8531328121955,120.31667167613348
1928,1.8154949174858006,1.4110756196607503,282.51248878463036,6.532711497684348,0.006298336340498399,4.924304365801197,100600.60905963153,318.7971005276347,114.08641598568379
1931,2.175233187256445,1.3727637352399176,283.2736027356258,8.220511404051232,0.006609403523490648,3.567872763269294,100614.67412761613,320.3757802816836,116.92430333467911
1936,2.2373660018771777,1.425907286021924,283.1251376866676,8.220511404051232,0.006566361333008492,3.5402696274506935,100314.33273400158,319.47569990950853,122.45165831082647
1937,2.652693858983766,1.3917583857898324,283.19381122975545,6.729059364267483,0.006726008136990116,4.140203138351664,99907.49316761798,321.08067737203584,121.45018866153882
1946,1.7695067052683895,1.3909263626241954,282.76032006868064,6.690779161255743,0.006365091887215185,4.175111792620864,100902.46640335981,319.75124981808904,113.7756885364054
1948,2.134224325237328,1.4009745981932056,283.1882829964267,5.778736838939162,0.006710470350146178,4.274643522109611,100330.74178592974,318.40068118845426,122.03103300805142
1952,1.7347579915836808,1.4480808084070111,282.91594803703185,7.991563421857163,0.006422683380518818,4.603979579814377,100236.88655417884,318.63851430646434,114.41245451004687
1953,2.3713582982488677,1.3486252073782443,283.1390557000325,5.977641656759015,0.006662392025500023,4.989381341208409,100255.97183813633,318.2088303262333,111.58512055350597
1954,2.201062694217076,1.4267889636393725,282.56202607824025,7.6737342888579505,0.00638465571882222,4.458932830367998,99215.53078894611,318.02130423407124,117.92398160961065
1955,1.8438721041975756,1.384717594361502,282.87734886398437,7.456531632785745,0.006430857062819621,3.953216355488701,100449.41693957956,321.7841927741427,114.00094720590283
1956,2.4287577127951523,1.3483882737788915,283.4886604844773,6.12747691606107,0.0067331200405123205,3.3489966487374048,100842.7840528563,319.6784681159218,118.76645181539749
1957,1.6765093488081582,1.4540655504426514,282.73575569585597,6.992700368267669,0.006331791763497146,4.7711147588992535,100659.69182003806,319.7153941797763,114.33548734697666
1962,1.912395006031672,1.3141499367226805,283.0592439064458,8.253918986570142,0.006542583941278017,3.699363482521509,100207.7350529027,318.4982721629774,110.37749757629126
1963,1.6565687500707102,1.4370102908939404,283.199469905332,7.966193337045802,0.006516047744906956,4.265511757736693,101171.75914538959,319.691375490742,115.73045462773216
1964,1.736711678817936,1.398725529332833,283.485112769038,7.3117731769409255,0.006688969628623137,3.8343658765352453,100944.39370611166,320.35933432966726,116.67433456900552
1965,2.2147709850315844,1.3956292768129146,283.15682883150026,7.947018428650982,0.006580536923235417,3.625781646420809,100335.32308951691,320.16891116989194,119.09575417620306
1970,1.785233653115364,1.3956538738141253,282.5350428186923,7.343361653543089,0.0062284691897257416,4.595287954544527,100788.43531811221,319.69875341686384,110.17846284389066
1972,2.0652420054142864,1.4323696379773465,282.6621554633625,8.220511404051232,0.0064123801311197735,4.4312965651297045,99512.24086690799,318.3053318966077,118.45776279590702
1975,1.5776880582610278,1.453003293673027,283.3256028465358,7.966193337045802,0.0065441601433616405,4.066270001321639,101181.4149207852,320.186574335236,117.22221362919392
1984,1.8197364146519137,1.4303889134309786,283.09231148220334,7.663905529412038,0.006474295774161215,4.2547711334437786,101217.8833205253,320.05766882129103,115.5098844255882
1985,2.0909786983044114,1.378397965640068,282.7653747287577,7.6737342888579505,0.0064327534217689915,3.797113621761102,99757.0059114576,319.67637229198573,115.74502716126037
1986,2.412747688743679,1.4199087323351496,283.2306201020929,6.12747691606107,0.006613735867223538,4.23881909891271,100424.05527574368,319.54626596825835,118.38417923555618
1989,1.7532089632863879,1.4835653731321177,283.1377216209569,6.523908308283446,0.006581871836957632,5.454191974047055,101343.13664652653,319.46326348832895,119.30149787869506
1990,1.898798087272228,1.4028927811122966,283.14314567218895,7.6737342888579505,0.006541293025421134,3.7747454373961666,100482.13712167618,321.2899406232308,116.66255240208362
1991,2.295582160898852,1.4226516532181601,283.6405285897257,6.12747691606107,0.0067739386356814695,4.11181714924776,101159.82893312915,320.4657343004316,120.13275341769919
1994,2.282788063332937,1.3629350541194711,282.89385324748247,6.868870948350272,0.006380386988106177,3.8524814777609167,100915.0130632048,322.11219742493853,110.86718003624297
2000,2.237505219424322,1.3404751534518684,283.0528590222284,6.38185531147153,0.00666269329722493,4.790187316065711,99974.89693275788,318.35408150587034,111.45316156513061
2006,1.6594087869782186,1.4450558324164189,282.81558895726016,7.94099030807462,0.006385480168030999,4.640225396845794,100104.18766193328,318.3372901336489,113.83826455086084
2013,2.15543180557294,1.4075934156564294,283.2725603220567,8.220511404051232,0.0066133628259176765,3.5394441157518215,100595.2043679521,320.16433348276024,120.66311838461182
2014,1.8491855756229854,1.3975111543680798,282.9343084231287,7.555826268095967,0.006394150419657524,3.8538682779442195,100751.39011624671,321.55504952758827,113.12006129602302
2028,2.75066128216881,1.3975966662642805,283.2279138563274,6.021393111541139,0.006625480850484942,3.4376984078004544,100420.97076152026,319.0893686440205,121.98846644192307
2030,2.187187339727926,1.3923897363672606,283.6133061139728,6.021393111541139,0.006748997167399879,3.409787233723699,101189.69580166132,320.6828156916794,120.54282014325491
2031,1.8365538991893031,1.3835969819482647,282.87102466935823,7.456531632785745,0.0064385116372175045,3.977860209020372,100405.09354034989,321.75614506380805,114.24306587240707
2035,2.206362242612696,1.3829839775463544,282.84596250823705,7.6737342888579505,0.006467909933198756,3.8227964172838647,99883.68065896329,320.1120939867279,116.48349134164
2043,2.3320293270116443,1.4673519297818032,283.2796427555803,6.12747691606107,0.006626062241264095,4.258351536578031,100523.07572764397,319.92085921434864,122.46330257220754
2048,2.1652652090258253,1.414830502925345,283.3010714279085,8.220511404051232,0.0066208634767181765,3.5335780993701333,100655.10186509816,320.25695852290124,121.23862024822498
2050,2.0345306014213382,1.4333337676138123,282.64205888579517,7.724265634980741,0.006359404511536499,4.675322195569632,99935.49496617012,320.5150051366653,115.20233097909416
2053,1.6715996096099064,1.4200531303369128,282.7740699044039,7.19785142088264,0.0063124827406886635,4.647598910587497,101139.53820715577,320.72892527634696,111.24449434514361
2058,2.1550837612344425,1.4540382755626515,283.0608522734234,7.947018428650982,0.006544111235022507,4.380221968465822,100174.1737714047,319.7655731574551,120.07633832602441
2060,2.1113787187462227,1.3317515645906421,283.3015943301313,7.3117731769409255,0.006732082997656504,3.9568427915087474,100541.06442600585,319.4774170741102,114.7289384818785
2066,1.9219406933659278,1.4245425169328383,282.7278731917954,6.361357838192028,0.006371364139064459,4.997170651144368,100797.83236256902,319.12420488468143,113.09861084393707
2067,1.9986217444015668,1.3900597853190517,283.23500248596224,7.367098251297044,0.0065933590239083024,3.955262789588566,100712.00839185112,322.5427693377883,115.10046219808345
2068,1.863473940932727,1.4532353704744314,282.9524325894473,7.663905529412038,0.006437176190180518,5.017711292668337,100968.46967144647,319.44636688477425,113.8733250293517
2070,2.1778968848373084,1.346008678417423,283.22157860735996,7.947018428650982,0.0066117146143718965,3.6553760912975077,100429.71155552464,320.5388885061952,114.68028685962226
2077,1.77531207760198,1.4378571454413782,283.1606089071419,7.663905529412038,0.00648810431984779,4.22160357342865,101266.21403847048,320.29307929323863,115.66083066172445
2082,1.7474035911187171,1.429532986791287,283.1841103016381,7.1741658620956885,0.006548727663501786,4.499981232703699,101179.30680955034,319.59643763422895,115.57856634699986
2090,1.6072253939714736,1.4408092906011145,282.8905651691494,7.308882086607266,0.006352649581702167,4.695479072402432,101274.79179869134,321.0704959487679,112.53100303459557
2100,1.6863984402144303,1.4771115899203136,282.85989292124924,7.94099030807462,0.0064008746254768205,4.736814464806719,100231.30045616967,318.3228430692839,116.58151534572372
2104,1.725745973900093,1.428107764310762,282.87833978282055,8.117657443036801,0.0063723919492273415,3.948463057401643,100746.44120051977,320.14029311847423,115.69872477346978
2105,2.9451993112849078,1.321466213239903,281.28542512227943,6.465172405800733,0.005925353471766671,3.8384835409360067,97728.94142020511,314.0850687465776,113.15593740152674
2108,1.9224511554555865,1.4344522163233056,283.3249537797578,7.367098251297044,0.006611630513740777,3.94159132985888,100922.3501936981,322.98832714882366,118.54985171685462
2112,1.854633623973515,1.373864634857975,283.0884064689777,6.868870948350272,0.006474116542841894,3.9428792604528136,101079.09816580816,322.9919383655854,111.98733930163812
2117,2.2728479267239985,1.3584494310441002,283.27558698779524,8.220511404051232,0.006616938754652188,3.528251870186969,100592.12742196853,320.09484443036797,115.99388387711727
2125,2.136289385401829,1.3955612844703196,282.60021035871733,7.6737342888579505,0.006381611375488422,4.557704055405819,99456.82108079262,318.9714402960694,113.11555027509398
2127,2.536447166085301,1.4940353243361975,283.46669188500624,7.594616926952527,0.006734211885103717,4.412259490405124,100680.65249296952,321.00268374216904,126.2247217246276
2134,1.7858926146833687,1.4032781274549826,282.5468713253515,7.343361653543089,0.0062356137503782084,4.612300342487819,100784.07070184233,319.7157978922456,110.94152761910065
2137,2.0079957292606285,1.38513834723952,281.97512079725277,7.308882086607266,0.0061318442505174245,5.58967670775442,99668.67248243537,316.4078039890482,109.7816549534085
2145,2.13834980640431,1.3822392402959214,283.5686466193327,5.977641656759015,0.006754574567311709,3.417634977118474,101091.10848740081,320.2937317239779,120.636329444545
2150,1.7934196470906079,1.378335839254066,283.25776169567035,8.253918986570142,0.006588083248549817,3.7025455571367583,100625.92823425679,319.51648491484525,115.30764963599239
2155,2.3514084174879133,1.4602395253847362,282.99535833542154,6.38185531147153,0.006702720759074667,5.635183952661376,99868.2927237923,318.216669905332,123.15660020882639
2158,2.550285393338741,1.4020391707862565,283.34980463084133,6.729059364267483,0.006770629939041254,4.145263516190543,100229.0872966727,321.8482629119681,121.76542747078751
2161,1.625810941440597,1.471211119671185,282.87790102324936,7.94099030807462,0.0064050781519560075,4.683727046023946,100234.75722056707,318.48198861664116,116.19907040175877
2166,2.24412269662822,1.443077819738196,283.0734449937353,7.555482857561835,0.006577500758814795,3.7295272087802225,100111.49653278576,320.16460998793445,124.02482667887142
2168,2.2877256464256064,1.41743557914899,283.6049487089888,6.12747691606107,0.006761983433500395,4.115763932437701,101094.3990404195,320.33824177270407,119.67713873643788
2172,1.8251612582581958,1.4543768229735992,283.02255055315794,7.663905529412038,0.006482972076077775,4.396020997014711,101022.16197614737,319.28118171980134,118.66374734472598
2173,1.7446053169099311,1.4446299267574538,283.22234443640076,7.663905529412038,0.006505198952104506,4.207078906384379,101269.49660406516,320.36912676922356,115.85873517583182
2174,1.8123068345805966,1.4033727966767795,283.6656314942689,6.38185531147153,0.006823326717225857,4.095259004174672,101214.35362508702,321.2452624056801,117.92844593484617
2175,2.3407397086591764,1.3924429687390238,283.2788526641608,8.204714845296765,0.0066089415905517665,3.5149501110719754,100653.93488444938,319.91707071140195,118.99417627242563
2176,1.6102417719122308,1.4148454918279643,283.25231814422943,7.94099030807462,0.00650805555641097,3.911124938446703,100991.34196825838,320.3013191512367,113.88787362763932
2177,1.7266369657169096,1.4297395936616666,283.1626519908116,7.966193337045802,0.00649445515972899,4.2040273144451366,101135.90181052484,319.72697364610883,115.08813963265116
2181,1.8487725642066322,1.3826657875327852,283.3632884064226,8.253918986570142,0.006617456630790293,3.689963453992992,100838.50643510137,320.03019117638866,115.32251716037867
2183,2.1425309746859633,1.4286427591099295,282.61258287391524,7.947018428650982,0.006416473594723654,4.512596598153511,99352.96410320664,318.4673782653487,118.79187409513203
2185,2.3014989086751885,1.4888302334946193,283.4590830242703,6.021393111541139,0.006712237452485034,4.176824736636503,100896.00272657664,319.8813778356304,126.32775536772007
2187,1.8301545320647197,1.4850568985136297,282.96261220381456,7.1741658620956885,0.006482777112794097,5.231415985557103,100875.93467191052,318.82931532136064,118.29105562436773
2193,1.663835907780439,1.4252908800759112,282.7951004756601,7.19785142088264,0.006314156665664299,4.654322310335051,101337.02646804957,320.79691122697113,112.07829325298158
2203,2.268522902383184,1.479793813040446,283.26620026219314,5.977641656759015,0.006713456910664067,5.00384310656643,100521.47748925704,318.7779274518539,124.14282576045292
2212,2.03533806448129,1.3416257883903804,282.6118810710473,7.724265634980741,0.006339217319843147,3.9131684613364888,100011.24138015685,320.5467440410228,110.71525860826488
2214,1.6931087272410144,1.502152647239451,283.2218247366467,6.662480863506426,0.00658370683046545,5.3737343826882915,101213.05830066362,319.43787317648156,118.97319101770383
2215,2.4937120053492414,1.4336702394304537,283.3704863942642,5.977641656759015,0.006700399922655342,4.201153217201262,100704.69331685927,319.3928837366003,121.21998427743746
2216,1.8490834819229587,1.4300262929131264,283.21267735115316,8.253918986570142,0.006576969274379322,4.455125323272077,100531.43332075735,319.29218989744305,115.48597675263353
2218,2.3398208736102544,1.4225275991160546,283.4932713114298,7.384454043839622,0.006706627367789687,3.6059064257989695,100867.05882964408,321.35757319457974,122.08574777094064
2219,2.2846489380788504,1.442346622420061,282.73244432549075,7.367098251297044,0.00644253258029607,4.5953368281080325,99609.40304673072,319.6128364267483,118.43116172808483
2220,2.3498677430010164,1.4398414213342634,282.9958821481275,8.220511404051232,0.006512547113504108,4.361070305808622,100124.43043853543,319.35780955357563,118.34993540134113
2222,1.7082927276406663,1.4518161258484976,283.2017917773447,7.966193337045802,0.006516426561074759,4.273780543861942,101212.05619750336,319.75342905192815,117.35087134064226
2223,2.319991647283414,1.4068106786595567,283.3631854471206,6.12747691606107,0.006660073591011183,3.449513483866351,100679.54487470417,319.9060697039306,121.91663162174578
2224,1.6843240978739493,1.4061487910518697,283.65602915819755,6.38185531147153,0.006824507685980787,4.140153108534967,101193.50706900551,321.21840227527963,118.11985293092485
2226,2.1458350739886884,1.4398694831596368,282.7577134238248,7.3117731769409255,0.006511265087099169,5.365118942781567,99455.6328045385,316.87388319040326,116.79299495907003
2227,2.0154670738001754,1.4193212042704795,282.2064361297508,6.532711497684348,0.0062149358948999965,4.911023726444382,100161.86335950626,317.3859011680356,117.66707139377696
2234,2.196835117048158,1.4470869981577859,282.8291938674648,7.6737342888579505,0.006466268293220103,4.581994091606571,99837.84810807927,320.02552628056986,118.31893015439232
2235,1.670908160820147,1.4023853014053393,283.60974708571166,7.3117731769409255,0.00674220034501833,3.8873451871474307,101187.42807902918,320.91457540813957,116.83727151085895
2236,1.6333240510737634,1.4300125701652329,283.1501522130957,7.887920561650193,0.006449244196315373,3.951293666540442,101249.82827834236,321.2385096394264,114.62827462766253
2239,1.8981994502018367,1.4190153158993175,283.55914342568104,6.38185531147153,0.006792802828024504,4.067943571531393,100998.35157705694,320.7341969047287,120.04468783344934
2241,2.5422107738198405,1.4542512454547722,282.79200223769084,5.778736838939162,0.006563969273311987,5.126416943751451,99538.31001002369,316.7851602872524,122.68019956939996
2243,2.351816788276317,1.3336832931879443,283.49578670889605,5.778736838939162,0.006768339109995824,3.5270369784719016,100942.9304272124,319.96345172165763,116.4368379241728
2246,2.4273144919966056,1.4347886399936651,283.13389668569306,7.947018428650982,0.006595640365970578,4.370458988512228,100205.8515752007,319.8070840410228,120.02979573439602
2248,1.8355793754841139,1.3723785811606493,282.5877871627454,6.690779161255743,0.006308341701123022,4.131275695655482,100867.89859854286,319.2182651561557,113.70896616668988
2251,2.1494918547872204,1.4378862611760899,283.00496157919156,8.204714845296765,0.006518888746883847,4.305565845997494,100134.63823755161,318.8926736642071,118.77137424223864
2252,1.6591442755072028,1.4208552847565445,282.81732207387813,7.19785142088264,0.006325968412659521,4.684521340317416,101376.77995572882,320.7988338553993,111.58474732154625
2257,2.4415378886718546,1.5035004065369435,283.0135333834517,6.021393111541139,0.006572447614817393,4.933930661213978,99985.02677224,317.93595982087334,125.3077093361641
2260,2.2942317498910834,1.4695289988196147,283.05270215462434,7.947018428650982,0.006568782577404984,4.345982035829505,100049.9244391851,319.3240431551348,123.54051102188036
2261,1.673724997577198,1.4206251545547948,283.0725442860458,7.887920561650193,0.006426981322571812,3.944007607643835,101104.1311638127,320.9548465515801,114.13536448252819
2273,2.019908115813905,1.429205345846699,283.727694407165,6.021393111541139,0.006802914110701192,4.159584594153789,101438.49759385585,320.9936410687271,119.7014648427305
2278,1.9599238932515166,1.4197035093757533,282.2861615550605,7.1096431484662865,0.0061958337083298535,4.637776304164462,99780.23211146692,318.3472552331895,113.41496018942874
2284,2.5830711404327116,1.3750392465586974,282.7576758527078,8.220511404051232,0.006468262160601421,4.260406007906167,99556.68201429301,317.463906431853,115.09850416464802
2288,1.7905517641923494,1.3822348857702083,282.7262464866119,6.690779161255743,0.006348136121458071,4.142979922403591,101036.55893957955,319.8090916126038,113.6060788790663
2289,2.5225903728881662,1.4662125024162096,283.0212843069284,5.977641656759015,0.006606802688876513,4.989998172963942,100013.61937955358,317.76391977214723,122.13116705810015
2291,1.7592417265139557,1.4604801948794568,283.0791799220381,7.6737342888579505,0.006516092947621699,4.485237762880876,100337.93369854752,320.7089222919857,117.64201806684767
2294,1.9260708120772128,1.409331252768412,282.7504583136108,7.456531632785745,0.006395447615750152,4.710811082420066,100208.42823147246,321.2091153835445,112.60425652661377
2298,2.6478444471311136,1.4816733488210696,282.7418142308228,5.977641656759015,0.006509272097767878,4.951648283915727,99432.86820042695,316.5109414334772,124.63688694990485
2300,1.9212910105208107,1.362135929048036,282.9689697535849,6.868870948350272,0.006431902347709871,3.9220785755063345,100900.74355914429,322.46143792519376,111.17597570012529
2315,2.3274444264563385,1.4532283675281654,283.4471621485916,5.977641656759015,0.006727619419578635,4.196755574344982,100859.55793790893,319.7110793503179,123.15938430927189
2326,2.3532692927461722,1.3837529417829881,282.9792453649821,6.38185531147153,0.006684203016617941,4.901308678147942,99829.48854239176,318.13433548099675,117.98394443644716
2327,2.2841616761758874,1.4298865465377024,283.53611411295185,7.947018428650982,0.006700687612065525,3.565293116240057,101045.92482964406,321.5102711174532,121.9424681282194
2330,1.4912339324203907,1.42380380256434,283.29286243166734,7.94099030807462,0.0065152622086175685,3.8929493558179034,101099.15197893174,320.65174063111976,114.52294766794282
2331,2.019425495385812,1.327166299647426,282.4447994231751,8.0203350607592,0.006317658110691911,4.433063890913732,99160.26314608566,317.14050066174764,106.94653621151794
2333,1.767775765154523,1.4355546812106157,282.58984654740357,7.19785142088264,0.0062550610360805605,4.6265710355854095,100901.48173205252,319.9313608640772,114.11887778565132
2339,2.2792472968159934,1.3692460654026224,282.7817493758411,7.947018428650982,0.00646228769920646,3.674481772312404,99646.03693466054,318.77779740219967,117.13234083732424
2340,2.064467027280106,1.414745398356132,282.67359308320573,7.708993464016892,0.006407035780323912,4.423902638349808,99507.93107448141,318.3200943417328,116.19579089324331
2342,2.496213280363395,1.4063498721247032,283.6724796621653,6.021393111541139,0.006760376094556591,3.4485872882107755,101343.29521397744,321.05332861107246,120.81087357255558
2343,1.6927792451740964,1.3787970724824077,282.7642434897211,7.308882086607266,0.006333798742916145,4.0388781379404035,101267.65256847185,320.22699942827967,112.88331106202145
2344,2.5493944033260743,1.4190599372078492,283.80296189985614,6.729059364267483,0.0069371143540025056,4.128239606946076,100991.73346893127,323.49486697572974,123.01877138396213
2353,2.180356395314859,1.357180910369937,283.0263380903986,8.220511404051232,0.006530988890788436,3.575576488839389,100143.7104485591,319.275829296023,116.03365612074806
2355,1.81168499653653,1.4175480157808646,282.4673740711866,7.343361653543089,0.0062138907236020235,4.608546506578495,100620.14454666112,319.35368055037355,112.79456017443967
2357,1.7106826288598767,1.4127169410781044,283.53616266601693,8.204714845296765,0.006636803094872151,3.6315720726446705,101323.2093203861,321.53514812891547,116.65393213408976
2361,1.7887465757123644,1.4483047775307816,282.584521067799,8.117657443036801,0.006292041392375517,4.681408304643835,100117.01139932248,318.8230658926168,114.41144465135274
2363,2.1568193397769098,1.3559522879537205,282.75960314863795,8.253918986570142,0.006469590800199545,4.394415219444057,99578.42805183533,317.0253067924266,111.84193977692702
2369,1.888013362157191,1.3554862640737242,283.41487191888257,8.0203350607592,0.006597137552763469,2.8941464100735437,101066.05969980045,321.44905398347953,117.05943692227017
2370,2.083660493395964,1.4070034114920995,283.0417981312358,8.0203350607592,0.006482705578453757,3.6699498274395563,100350.44122279456,319.7101052429347,117.58713435700034
2373,2.4349296955900743,1.4123463720087606,283.67394105109287,6.12747691606107,0.006757608551431621,3.4826006924072574,101257.31820715578,321.5353603197364,121.29840215265209
2378,2.834433149929702,1.4734859771196016,282.8852075200705,7.555482857561835,0.006544522341737435,4.610902820426934,99710.5657031881,319.67166640029694,124.18016905359877
2381,1.811494732081939,1.3885405032533618,282.91267127105664,7.555826268095967,0.006394468197999907,3.853206356438814,100639.7898550281,321.4018081688246,112.5680027824261
2385,2.250545268372156,1.429453925654838,282.4010429119681,7.6737342888579505,0.006327477226562717,4.566801712340712,99060.39706130214,318.0821286755766,117.73770221499838
2392,1.5467956733676504,1.4390507330291453,283.2988570198153,7.966193337045802,0.006518889706830944,4.078902526684579,101339.00664374219,320.53394024687924,115.40444230138289
2394,1.762156014292789,1.484032895448405,283.1457518868625,6.523908308283446,0.006582194617198014,5.446094457207759,101358.31998218015,319.5097070082138,119.2049300688663
2397,2.3101628825545033,1.4082826465786926,283.01174059074674,8.220511404051232,0.006525824292240938,3.6227003392041395,100133.41437607315,319.5388060610701,120.65123557076893
2398,1.6438674631830623,1.4114261213231103,283.25927623277187,7.708993464016892,0.0065591071459603694,3.7103730347974384,100773.16382421459,321.42066624808575,116.87190760176804
2404,1.880245020395361,1.402799005578606,283.1701072615899,7.6737342888579505,0.006553965601554596,3.7723401608042133,100510.30411680357,321.36400807322843,116.78519156675483
2406,1.7727087095464644,1.4365723436803501,283.62413971878044,6.38185531147153,0.006829249739881201,4.91011120355933,101126.76612900832,321.09855956703325,117.65376507735857
2412,2.1060698875562984,1.4162079491617143,283.4238397749315,6.38185531147153,0.006769496838168825,4.84496430300478,100722.46547825883,320.12746558216156,116.83499724657757
2415,2.3589772150621595,1.454418447395244,283.26289260058473,5.977641656759015,0.006664153168689962,4.186636571839065,100478.24690519282,318.9007629184649,123.97221137449533
2416,2.044243350975702,1.401588753010983,283.518729596269,7.3117731769409255,0.0067782640794097175,3.9474674042521696,100981.30882611722,320.4865070560119,119.44734483156991
2424,2.010237132360531,1.4265831151246666,282.2396616511207,6.532711497684348,0.006216209327945613,4.888649025223908,100053.36439602765,317.5867862982041,117.19491900860831
2425,1.680212535991027,1.4548481466702246,282.9976229676551,7.6884588732284564,0.0063953488854749645,4.732881180822776,101311.7792627964,321.20825813587635,113.09101167843055
2431,1.7026683362863624,1.5100138432200008,283.2488053023342,6.523908308283446,0.006594605529815769,5.389507080943895,101369.29678992063,319.78114608288087,120.01038592394077
2434,1.5629077887857898,1.415263878266079,283.25007035825325,7.966193337045802,0.006524079337904312,4.051864218362801,101007.66391892896,319.81532323031234,113.96075158960973
2439,1.9205670781722954,1.3920610961328417,282.75798308599,6.868870948350272,0.0063864395786022545,4.702129647687596,100371.13694538029,321.3991866963664,110.94209219420854
2444,1.8897675071402011,1.4705658606791399,283.0851332386654,7.768495065580769,0.006488963928423593,4.446981138927097,100445.25444637802,319.66880312914753,117.41597502415426
2447,2.1760777745208797,1.441330946338843,282.87281298157694,8.220511404051232,0.006482108736604946,4.347596316675019,99856.7064826674,318.67660074945474,119.59901451301684
2449,2.1413244216878247,1.432354559007005,283.18850766392876,8.220511404051232,0.006583041693702725,3.5960623856267113,100456.57413866073,320.16941410135047,122.25147523557939
2455,2.1732470165386446,1.4153233501815983,283.31519761752287,8.220511404051232,0.006624701920706297,3.5317172673651673,100684.40581818181,320.309709612511,121.26204624636874
2462,1.6911086348128055,1.4639885589161403,283.58023219870995,6.38185531147153,0.006778772112747691,4.850081513976054,101046.44567056476,320.81349161028356,118.84825134539885
2464,1.572188962829382,1.445348246612065,283.34515605132486,7.966193337045802,0.006531096588124739,4.104359679955729,101497.43617931225,320.8304024251705,115.63598228056986
2465,1.6928813393149047,1.4021895225802512,283.2557999582347,7.708993464016892,0.00656059747222145,3.700598427526567,100747.06090143393,321.3241336410042,116.17009344992806
2468,2.2411155948919252,1.399130013643107,282.8219502069702,7.947018428650982,0.0064768336713397386,3.6407866386885703,99697.85222344425,318.7368490862685,120.38926853990904
2472,2.2026265708659802,1.3464945741371077,283.66821684022455,6.021393111541139,0.006775687969293238,3.4199303986068035,101321.95494589077,320.8311814761706,116.57187827010533
2474,1.644837345507737,1.5001034100242607,283.16390091465956,7.251334176444383,0.0065195219352545365,5.095959275095828,101060.65371140193,319.3488200983804,117.73088481196343
2478,2.304858692787941,1.4449272554186565,282.7805776458304,7.947018428650982,0.006496864205680077,4.452408374520395,99514.29104413197,318.5714675803981,122.15057948489489
2481,1.7614645676043765,1.4119716275911438,282.5449834962179,7.343361653543089,0.006227407134150076,4.58379895973595,100863.56151394495,319.7502502547682,111.94071564156107
2483,1.9201076596308921,1.3957339262960267,282.5001727741427,7.724265634980741,0.006320709387210543,4.664651212385725,99604.3687990162,319.73533761195415,111.88162966655065
2486,2.3628845880715788,1.4754319231264725,283.06326078704353,6.12747691606107,0.0066138269950716975,4.847384272629821,99983.47203471158,317.5921252893406,124.86782868868626
2491,2.0211053874763754,1.4217752410412428,283.06145166132995,8.253918986570142,0.006558623687368324,3.7237519403862365,100197.82536976194,318.40672358856557,121.30365644057729
2494,1.7024966357525209,1.4186458606564378,282.1377822423314,6.171520725425775,0.006100460007378534,5.29087741092394,100260.71580115087,317.4487671339738,111.8979297521138
2498,1.8902222832577098,1.4041628647978976,283.1607281098891,7.6737342888579505,0.0065484266244883755,3.774328672223769,100506.93886649031,321.35449044456817,116.79861633535201
2500,1.730377278140804,1.4183241298803393,282.67910955264745,6.690779161255743,0.006351448355942271,4.9605029483934295,100968.98585864773,319.4563770574041,113.95344524400203
2506,1.8709406465402159,1.4003919816504873,282.6966117207295,7.555826268095967,0.006329873936753446,4.608835103480439,100242.34609800919,320.34008171469674,109.36391776207712
2509,2.1373103154913555,1.430445835301838,282.73389976843475,7.6737342888579505,0.006426321569594876,4.560704288728014,99691.10433500393,319.56401429347073,116.65514834925055
2516,2.4755023418519944,1.32058275687843,283.3933994111096,5.778736838939162,0.00674725829154021,3.665255424409532,100757.18740498401,319.6533565719987,114.6809604351478
2519,2.1419787435924023,1.428354704121692,282.6063701907281,7.947018428650982,0.006424609230135969,4.512511456827696,99295.3593449812,318.33819354540816,119.39425186352035
2520,1.9700264501138602,1.4713460911423346,282.8119131653441,7.1741658620956885,0.0064444174029328494,5.239588118684859,100706.96117592465,318.3322462313796,118.35943861455287
2521,2.0149519691833784,1.3981197463531174,283.30571707503833,7.3117731769409255,0.006714184079400436,3.9239555511267343,100549.38221281729,319.46766374356116,120.10264947744675
2522,1.9237319577089276,1.4301917651715834,282.7350783094343,7.456531632785745,0.006389264030530419,4.7051099645955725,100180.81918390644,321.129936543227,114.7746243553065
2524,1.7415703732210273,1.4341151419579385,283.1388537922873,7.1741658620956885,0.0065368525266462476,4.503143970293053,101077.04981948118,319.36268596083346,116.08789298617106
2526,1.889846394954142,1.40444327380084,283.1680002408465,7.6737342888579505,0.0065534570267669024,3.7767565013179265,100510.12835788204,321.3825062508701,116.91971753459559
2528,1.8686667584443457,1.3862222386267005,282.9052771859483,7.555826268095967,0.006386170408051417,3.853756519247297,100677.09197085712,321.35127079075596,112.10926500969883
2531,1.7461645538375186,1.38581906738973,283.0902358392501,7.708993464016892,0.00650817760728108,3.6658510085526013,100397.48224910669,320.1929012084087,115.44220758902965
2537,2.317198014760544,1.38112137373306,283.0375053222887,5.778736838939162,0.0066775447248596225,4.3089277393841945,100037.48750684487,317.73195405865704,120.44018620697015
2538,2.4348832892827716,1.4862760140313465,283.3071209986542,6.553983945686574,0.006810207121263168,5.084614009063993,99715.87523894379,321.6669740387025,128.05571388465822
2539,1.7712608455135688,1.4268643523798752,282.7422814882361,6.690779161255743,0.006354776709406469,4.907699538508516,101058.66452062741,319.8573503828484,113.76394112703605
2540,2.1652652090258253,1.414830502925345,283.3010714279085,8.220511404051232,0.0066208634767181765,3.5335780993701333,100655.10186509816,320.25695852290124,121.23862024822498
2542,1.8855724150333455,1.3839893967423635,283.32229506055967,8.220511404051232,0.006589633246173837,3.618048161882222,100838.50851399137,320.93932621838604,115.45449615624855
2543,1.8265534373917223,1.415335870797997,282.81172560722075,7.555826268095967,0.006364087920975452,4.608779454902779,100462.89219629682,320.9385426520952,110.3639594105527
2544,1.9812891552400869,1.4761654445220007,283.1577011675716,7.367098251297044,0.006566290556591953,4.700272584880969,100576.41631839063,322.1927174151933,119.16406935523689
2545,2.384328736817035,1.4053190800106194,283.6672433444707,6.12747691606107,0.006780082168611073,3.3625710917516822,101214.28526038332,320.63439968119167,122.9863447358114
2547,1.6225207658956118,1.4424580741555784,282.8814331797299,7.1096431484662865,0.006348657750164741,4.672851745782636,101255.77112343961,321.10188083112905,112.80674885653627
2552,2.1038702476095748,1.4049025049888817,283.0399673056755,8.204714845296765,0.006527678318153976,4.30772924304376,100209.14321017216,319.0640269664486,115.24175285164046
2553,2.2611118848163727,1.388099059703444,283.0372851649729,5.977641656759015,0.006626423618450972,4.227999429632465,100047.01573325909,317.749217903383,119.98940337087566
2555,2.1527263429786823,1.3588175033990233,283.17148718455616,8.253918986570142,0.0065853417965752465,3.663695618064736,100415.31329750804,318.96648795953405,115.122103832266
2560,1.6499419898687546,1.5253527745765854,283.4090728465358,6.662480863506426,0.006627259170193512,5.278479611836744,101329.19116460161,320.0539680370319,119.54760679040791
2561,1.7736275456920982,1.3920268906646052,282.9558076365493,7.456531632785745,0.006456089701990811,3.954983167533158,100567.28805345958,322.1041548016149,114.42743824147293
2564,2.1438581815899163,1.398736549981037,283.03079940739707,8.220511404051232,0.006527100178657943,3.5858897334041027,100172.48276625364,319.37246334771913,119.60254682797346
2566,1.7463316147519201,1.3671393466659738,282.65647631676643,7.343361653543089,0.006263581232108218,3.8555215812810797,101037.30131764815,320.2235493846582,111.59073987857906
2567,2.1486101439423257,1.4038306582892985,283.1869306988723,8.220511404051232,0.006581110222748155,3.5701147058288085,100451.95853311058,319.9901809448234,120.0249504176296
2570,2.1786718612402707,1.4443806301745241,282.77818716970626,7.6737342888579505,0.006441749350192584,4.563792138084366,99768.23357278759,319.7673432859993,117.74338683878602
2572,2.061172211522882,1.4188341131394704,283.4122487841663,6.38185531147153,0.006752654399034759,4.049097415135738,100700.57023295746,320.0371206742773,120.88976444243352
2577,2.2439277909462714,1.382403467115134,282.49352720219036,7.555826268095967,0.006275718530122047,3.855913827084319,99911.23176388697,319.71969020650613,113.93832376386375
2580,1.7802264589410601,1.420455969290057,283.099866273609,8.253918986570142,0.00655648651155042,4.519375664304143,100296.82979261217,318.645756717249,115.30051582683652
2595,2.448169285914428,1.4431219042929722,283.4590525384009,7.384454043839622,0.006701602806705648,4.264563891554596,100771.39735648985,320.60608123068357,120.55573081544388
2603,2.2251241353227758,1.4613805149431847,282.74805336071285,7.6737342888579505,0.006436446510074714,4.571400010036197,99699.71640289572,319.6453083498074,119.68253356113973
2604,1.9527031410741906,1.425791776286161,282.61445514919484,7.724265634980741,0.006330377376397977,4.633725178256531,99965.34974133372,320.3058236720962,113.67658363202469
2608,1.6861478479451975,1.499414884694783,283.1984836252263,6.523908308283446,0.006588953421745788,5.423954624615991,101333.69515105108,319.599167049051,119.70438859123394
2610,1.5500951310956803,1.416429241939937,283.63699004130126,7.991563421857163,0.00667038374026173,3.7223908923400164,101484.43146596132,321.53736553343543,116.03799023390876
2612,2.244526425344169,1.436089309617567,282.7886832702213,7.947018428650982,0.006459226618149335,4.440825323875818,99686.24503782077,318.9120174629914,118.67122394607638
2615,1.7743561175891729,1.4348369834151387,282.68831593298995,8.117657443036801,0.006319623280138288,4.700726410024131,100381.11934706949,319.31444695763145,112.47386042920785
2616,1.8637895012716874,1.4059286804160385,282.97176291568053,7.724265634980741,0.006461808240809318,3.931475486041115,100513.78928859808,321.9777705081442,115.48037744477702
2617,1.78352127608809,1.3936316214737936,282.7584490213003,6.690779161255743,0.006368298335078194,4.190843963032716,100875.00947120518,319.67523325305115,114.07295773980232
2618,1.7563552820118988,1.415067829228243,282.6692640238526,6.690779161255743,0.006328336713415937,4.878660621278482,100769.71748735438,319.5100681131375,112.05707326887557
2622,2.1747088028378254,1.3989537451689782,283.3278882486426,5.778736838939162,0.0067444009991461315,4.268883237962783,100608.7233305954,319.0652306055965,121.0481020719059
2627,1.6823564877714938,1.454331900978121,283.0222554953826,7.887920561650193,0.0064115383877581325,4.763203149925751,101250.23654782125,320.9023661826535,112.81361552014016
2629,1.9215555239144906,1.4101718849673996,282.817295197921,7.1741658620956885,0.00645452077785512,4.519031024157966,100772.66306325121,318.3821828720591,116.49338923987193
2630,1.8258063013418837,1.4609014205439033,283.07319668244463,7.636595673455845,0.006503681720362894,4.671260766883382,100583.70943825699,322.1364983929648,116.2475353347255
2631,1.6886537636962429,1.4089665170261532,282.9893247157641,7.6884588732284564,0.006396700162169938,3.998521304350875,101282.07797712191,321.048951740684,113.54853742570423
2636,1.502802912214115,1.4318035529952424,283.3441961501694,7.94099030807462,0.006529134052007054,3.924235728682398,101226.24752118425,320.8420628135877,114.89106828894613
2642,1.6870481203432943,1.4227348768706478,282.9352539732703,7.768495065580769,0.00642279228203629,3.8130143778022183,100293.87806598913,319.01395522854887,116.98077535734836
2643,1.7478862115176375,1.390105863359666,282.3708425490742,6.943853547477842,0.00616742513757947,4.534900110129472,100716.37037704767,318.94339123950067,111.18735042461368
2649,2.43041440359342,1.3149514303079313,283.0270011067799,5.977641656759015,0.006604280069195786,4.967527110492366,100016.22280504898,317.7788567836095,107.56634205274028
2654,2.569669126558893,1.300357279506236,283.3045493851223,6.825736698928025,0.0067135824151236725,3.8421764039390918,100318.1470752239,320.84239606756694,113.55091759963338
2660,1.618446330403986,1.4563626024137903,282.9095237913592,7.94099030807462,0.006411177040985661,4.711780993444707,100343.85621235325,318.6737825105574,114.28121099354959
2662,1.7070722517900534,1.4434226206071628,283.23992413986724,7.663905529412038,0.006506593178876049,4.185901023781707,101304.48854587221,320.51102296208643,115.5760104060049
2663,2.0367580851302907,1.399380795688672,283.15149769316446,7.569812994626201,0.0065968800163116615,4.12211674376862,100515.93299944313,322.5250902556963,116.93045934713908
2664,1.9435147800873525,1.3750348642622483,283.55554747180844,6.38185531147153,0.0067948952544526426,4.066715196526056,100990.68972369947,320.7211002635853,116.01741834486519
2666,1.8351710049122267,1.429254869933054,282.4259162879948,7.1096431484662865,0.006229148495679614,4.643427767430508,100165.91636804493,319.03565654461926,113.69223944354728
2669,1.9383637275501555,1.4210015253855015,283.1340658810154,8.220511404051232,0.006536224673214535,3.6454503992663234,100475.56169687689,320.30421756647644,119.46488129154484
2673,2.1958791577856367,1.3780528207301252,283.2312731560629,8.220511404051232,0.006598325236456448,3.555544170438536,100523.9297127013,320.0887814204835,117.587027112395
2674,1.555315790536433,1.4389040059436278,283.30931805420204,7.94099030807462,0.006519373457654647,4.046810100932294,101288.8371164323,320.630310451065,115.15825334075826
2676,1.7526103277193026,1.3768187948599255,282.18105207387816,7.104742687057404,0.006112382829597662,4.521642313553761,100302.1601749501,317.9842965474036,110.8056369326883
2677,2.2979999060799416,1.3696078950877524,283.2808787888069,8.204714845296765,0.006608612255246183,3.5162441083496216,100662.45355028077,319.9090081734651,116.78009276773864
2679,2.0409856604330665,1.396380819978528,283.10673381734654,7.6737342888579505,0.006546517867376676,3.802554318145621,100362.30187001718,321.1669280082602,116.75595718286233
2680,1.7155366827603695,1.412757799927651,283.13859713165346,8.253918986570142,0.006565695769019444,4.53330869974848,100379.62082416819,318.8326863970486,114.0818341242053
2681,1.9208547945384369,1.385511055800022,282.3347740920692,6.532711497684348,0.0062572858629449165,4.190933844831779,100301.04639222239,317.92997732841434,116.78211286041116
2684,1.600394447662636,1.4160479537907136,283.190730941575,7.96195184043343,0.006486530996245766,3.839828669828345,100849.77892431204,320.36760902779713,114.46543568947516
2690,1.9003758873046412,1.4544120374576248,282.7538128302937,7.768495065580769,0.006384429992380157,4.484330955795165,99846.30239482109,318.28805553575575,116.78429982409857
2697,2.053487401206364,1.4025026168762373,283.1139504241496,7.6737342888579505,0.006545630091744396,3.8037562167223538,100392.66191517009,321.23644373288784,117.15575937384565
2699,2.240085386052618,1.3303223739153829,283.28743863102693,5.778736838939162,0.006744172838192028,4.414477214389531,100550.12665413709,319.0985446804956,113.27971112624715
2716,2.167641188926863,1.4520804250353938,282.9894647208688,7.367098251297044,0.006517286568703885,4.580723388199452,100099.09014297646,320.7131327982737,118.15428802392223
2717,2.5308320553168357,1.3341826651845816,283.19301680263584,8.220511404051232,0.006599793455162652,3.485465362078797,100412.39280801892,319.37707839667735,114.61771773975592
2718,1.9567172466559817,1.4278345499625726,283.39250708199916,7.367098251297044,0.006633871610459883,3.9440755706769686,101041.72792152765,323.2786574671679,117.850556928767
2719,1.727082461921831,1.4301458024281437,282.65488605178894,7.6884588732284564,0.006308585193401086,4.790077224351477,100777.87719643605,319.5190845435983,113.23177237992482
2720,2.167413800310181,1.4178166574505366,283.03191882593154,6.868870948350272,0.006442027909425032,4.671238951402386,101164.58798946587,322.85912275511623,112.08174164040096
2721,2.0364889326037625,1.4953770742503425,283.0000706473619,8.0203350607592,0.006474540325727412,4.415222642946772,100247.33459677943,319.4494837393847,121.0301382010534
2723,1.8403591826626442,1.4043761656784395,283.1652204106919,7.6737342888579505,0.006546669197057868,3.7678934639380017,100523.36258833353,321.35311563088777,116.7099920592603
2724,1.8804909714837297,1.4002942923522494,282.7933625272634,7.1096431484662865,0.006338729273548656,3.8930708221202837,100697.56800408372,320.5292304770523,113.52335728523367
2726,2.1836836959472574,1.4138696065321166,283.08512123439607,8.220511404051232,0.006556543314172351,4.297985107610097,100228.13841175925,319.30657299549864,117.08382530012994
2727,1.6819434750656155,1.4866186198790374,283.13915378950304,6.523908308283446,0.0065981843783145385,5.5267874973089235,101311.9069405541,319.33738431760173,120.09603512174579
2730,2.3217365055219523,1.3670304545022613,283.253428187851,6.12747691606107,0.006657992180922549,4.879003366597057,100390.93673530093,318.7533811336953,110.96662798213838
2731,2.215151513580666,1.4401137431236883,283.0825338261636,8.220511404051232,0.0065496168256021165,4.30106543014757,100244.1892540257,319.306595648522,119.36893524683279
2734,1.9814469330468054,1.3697801957251798,282.3867971803796,7.724265634980741,0.006267177679869136,4.631361114831314,99503.0842609866,319.20720955682395,108.87595330026916
2738,1.9345816503790674,1.4258939921583635,282.6663111633951,7.456531632785745,0.0063841936832846075,4.741679145716739,99992.18207522391,320.80175608288084,115.21923532614043
2740,2.2865098143203206,1.3556001551366978,283.1366349849181,8.220511404051232,0.006571173249672838,3.5292570471650193,100332.67630971274,319.4436414942689,116.24976560288181
2741,1.8489164221652097,1.4096217311292911,283.53428129101115,6.38185531147153,0.006781453371785233,4.078663475756184,100948.51146540442,320.61446516358063,119.06006248359552
2742,1.980690519440076,1.3564154823428283,282.29850987563225,7.164095790027379,0.006189050913225672,4.714699182569957,100337.25053130076,318.2237136614228,108.21412697758596
2743,3.1497981329336895,1.2717346269566987,281.178302959302,6.465172405800733,0.0058976336837069,3.8348314877818,97514.74908747505,313.64688587359035,108.48903957508469
2744,1.934693025961751,1.4248555203011464,283.04145869506704,8.220511404051232,0.006508912590946215,3.6518256794714374,100296.73341013504,319.9177883744025,120.06270349194858
2748,1.9337231427350015,1.4291806315324205,282.78683793772336,7.456531632785745,0.006415695686783609,4.737159431800083,100243.9145735301,321.3750692533296,114.8253878607592
2749,1.7553714769728643,1.445966100224309,283.20255869228276,7.966193337045802,0.006516122089730382,4.288210252523969,101295.16645227157,319.8825635059632,116.702119963641
2751,1.9725416483168863,1.3633572931163815,283.0289923908302,8.220511404051232,0.006512715468638916,3.6522908811341597,100246.97634832245,319.8700261107244,115.22159817662074
2752,1.8479883052846828,1.396947354284572,283.62528452735626,6.38185531147153,0.006814826599350319,4.0940798585293985,101131.91220149428,321.05926260568936,117.65745006566429
2753,1.7415703732210273,1.4341151419579385,283.1388537922873,7.1741658620956885,0.0065368525266462476,4.503143970293053,101077.04981948118,319.36268596083346,116.08789298617106
2757,1.8099308531926617,1.3876132984446456,283.5563891711912,8.253918986570142,0.006712114145013689,3.754419433706808,101194.11846879208,320.685406685229,116.28852857772982
2759,1.6517796641045654,1.431435386819826,282.84114669775863,7.19785142088264,0.006335105875186783,4.690169137444893,101361.16591470604,320.88681501276164,112.38922924880505
2760,1.647180843043821,1.4139771438604392,283.0250463385772,7.887920561650193,0.006414000341858091,4.005662700646248,101189.14537546986,320.7943151450183,113.7907407983201
2763,1.9980138273570518,1.3781962638033027,282.900193995081,8.220511404051232,0.006478122451329527,3.664831055083763,99988.98193855865,319.3528099350318,116.77814324690242
2764,1.8533110575151825,1.4373593563513853,282.8767468341918,7.663905529412038,0.0064336500346559,4.348769394248457,100682.83101392176,318.6187530214859,117.56418300962922
2776,2.0165668917387407,1.4344755558563933,283.73796303215926,6.021393111541139,0.006796926696064782,4.1482569618279275,101442.74675873591,321.0974463979767,119.84100454967746
2777,1.9497656498939657,1.403334422644742,283.14528148220336,7.6737342888579505,0.006551803100306279,3.789882895946912,100454.89044039168,321.32096538447263,117.06968904921344
2778,2.2081303068613045,1.3817958193020594,283.3274092547218,8.220511404051232,0.006626069412543506,3.577102808316951,100720.90364007611,320.6866568346559,117.35657674557984
2781,1.821123949303502,1.461448446444324,282.99203259269575,7.636595673455845,0.006483446482235835,4.674115294932479,100406.11655227622,321.74090147199405,116.87375710603739
2782,1.8618682991152202,1.4083539751527645,282.492998655158,7.343361653543089,0.00621827937222145,4.591510124692561,100646.78581864588,319.54075577892246,111.61492152969977
2784,2.251468746215557,1.4419366333548502,283.10944370829276,7.555482857561835,0.006586314551408418,3.7278694666142282,100189.40625996565,320.3422927207759,123.6571134684672
2787,2.20830664924607,1.4431954511550318,283.0375707290361,7.555482857561835,0.00656769077373892,3.7139756981618635,100029.73834006218,319.90549499651956,124.64934943698084
2790,1.903290174544691,1.3798253954317161,282.847015435055,7.456531632785745,0.006412882673079957,3.9315198278702956,100430.30047686667,321.6472554550095,113.4341854066546
2796,1.7938512217056863,1.4063204142411323,283.055306700543,7.708993464016892,0.006485687243073924,3.7428100316771085,100463.10499809736,320.7199315958977,116.24970974230824
2799,2.174926909383596,1.4151505216992448,283.1042531240429,8.220511404051232,0.006563151007397094,4.296873395230405,100262.74587911271,319.38821910715114,117.19747190071466
2800,2.2302055764929927,1.3998016068435386,282.7939989150309,8.204714845296765,0.006461217688890436,4.297503237312172,99703.32279572138,317.81713612046957,116.23434210893778
2802,1.773502249024624,1.4315609783439949,282.7332633588566,6.690779161255743,0.006358737609206924,4.934385271196808,100841.54849185576,319.6072498876978,113.63316510035268
2806,1.7878787858041172,1.4455954370432829,282.9099756861107,6.361357838192028,0.006425168118673721,5.015864169851966,101215.34050721613,319.9933815648058,114.5582669619704
2809,2.0962086401415343,1.4175916026504032,282.7819258527078,7.947018428650982,0.0064750929270917445,3.755161096446703,99643.37447329343,319.1473417142327,121.71000457937724
2811,1.8375841099572001,1.395710392193417,282.4320391985707,7.343361653543089,0.006202076804928304,4.596673863524527,100556.67404714838,319.2202215815119,110.77479237790615
2812,1.8714650325890885,1.462289350141009,282.85939579887696,7.663905529412038,0.00641753891914242,5.038262626290779,100569.35957492224,318.5400609443593,115.17334608663977
2818,2.408343774493047,1.3863931725320655,283.0412802672978,8.204714845296765,0.006542582353570931,4.2691429839514585,100181.4776991972,318.64280101860874,114.45904343999722
2820,1.8206366878303806,1.4114491620881355,282.65189511067797,7.19785142088264,0.006263634570444104,4.604099646094018,101151.78893735207,320.2622961585224,111.64290111497054
2826,2.188198987002636,1.4197916690645336,283.18038695623926,7.367098251297044,0.0065847010288922906,3.8417928200157783,100431.44301707736,321.5602936201216,119.12711628720591
2828,2.1900645030228567,1.4483783939763692,283.01153745417423,7.947018428650982,0.006538766883289247,4.392415588248179,100047.99246224882,319.55477655668477,120.07975327460673
2832,1.7531022313824813,1.4220673507404453,282.7443537950717,6.690779161255743,0.006357218306891272,4.91512857386468,101073.7612729129,319.8544102672978,113.34834716056429
2833,1.8778365569606368,1.374274549288381,282.4839896955775,6.532711497684348,0.006296329599902548,4.188479244034062,100588.07676161308,318.6330502264606,114.7851987079911
2840,1.8693860483272584,1.4482310797970237,282.9552728070908,7.663905529412038,0.006467688712316117,4.411551181723049,100924.79252067381,319.00190532646525,118.63269983168594
2843,1.7353983921751004,1.3790083304371943,282.9618525968723,7.456531632785745,0.00645345766938141,3.9462893900845515,100602.00534233607,322.1440170949928,113.05139586577104
2847,1.9586987784686176,1.4061636106450153,282.93109064272124,7.708993464016892,0.006455015895920923,3.7690810977265765,100233.57847501042,320.37355559793957,116.94507718457933
2848,1.6437839326443833,1.5285114029751286,283.4399676871316,6.662480863506426,0.006634521427198477,5.263526853346327,101375.19415726948,320.1933856220706,119.58005314696739
2853,3.165775672503364,1.3987696231091065,282.61168214209476,7.555482857561835,0.006471603147041626,4.6427216723008025,99155.5499904868,318.4656548294584,118.370367148754
2854,1.8622302651386005,1.3647446992089358,281.96541936470373,6.345816517309388,0.005979464185892618,4.215869388041997,100069.0058773493,316.9851929518771,109.96665393413153
2855,1.565204880979094,1.445286638935768,283.005399991647,7.94099030807462,0.006437453853691586,4.677955368302474,100515.76443848903,319.17761357325173,112.72842675771497
2862,1.697948858144081,1.4422012669431685,283.2594351315606,7.966193337045802,0.006525649994394173,4.232351499057613,101331.98994324561,320.1163070861757,115.88310062316118
2865,2.683085060403026,1.4216414296638384,282.58049215508845,7.555482857561835,0.006446146706376167,5.255182704171887,99087.94535314864,317.8054618126131,116.6978151234628
2867,1.9179961928655376,1.408188184498861,282.4489649825978,7.308882086607266,0.00626497803117082,4.8620666101647405,100760.52815856882,318.60780772193607,114.24906211933269
2868,1.7958002686328915,1.4245453480440948,282.7212130961994,6.690779161255743,0.006346461421077545,4.897005582431667,101018.2624012251,319.78506715578453,113.57251205280988
2871,1.8548424510041763,1.3795276884099332,282.87448110492363,7.724265634980741,0.006426081767975311,3.9174528721807973,100366.29373428,321.5452072045107,113.31350884333379
2876,2.090180518219726,1.3895833535047655,282.16246969696965,7.1096431484662865,0.006164553958257923,4.629363253031232,99482.46201795907,317.7958247570653,111.01875048310826
2878,1.530145248536046,1.4541138679454089,283.1483341630702,7.94099030807462,0.006476032995865237,4.657984614417838,100802.9648616641,319.9208208445868,112.6513948387396
2880,1.897679704715503,1.4102589910493848,283.4070389897443,7.3117731769409255,0.006690329983210358,3.80384555693647,100765.3543014061,319.93093919671446,119.55815281952759
2885,1.7492459043032234,1.491998014582988,283.1180784922734,7.663905529412038,0.006493906130799572,5.054489787721471,100987.01778050027,319.513065110678,116.56518496169195
2886,2.6006775249790146,1.427455675395843,283.5055669075131,6.729059364267483,0.006817428423871177,4.081736748631955,100505.83763979765,322.3005494667966,124.06843805329713
2895,1.8882593144083661,1.3792769012773245,282.8218172796882,7.456531632785745,0.00642433693117546,3.9786183240232953,100316.44161780129,321.53819596640216,114.1181836464569
2897,1.5446378003537944,1.4416344081388548,283.3386667200334,7.94099030807462,0.0065282479531672,4.061966827536777,101363.19160439001,320.7579516511207,115.23946633702259
2901,1.7018562333341603,1.4213406538514275,283.00040255371476,7.887920561650193,0.006404713132976009,3.999160078778597,101195.4183686482,320.825796455984,114.61963427307532
2902,1.9564109698107868,1.381101738197219,282.3565134168639,7.308882086607266,0.006237392737732609,4.850305441824679,100566.979992111,318.19885071650657,111.81730424305073
2909,1.7785929721782345,1.3835322638024072,282.91889314399737,7.456531632785745,0.0064512996748294586,3.9738825356506102,100492.89301424661,321.9648648981391,113.98352110394913
2910,2.5391804707985433,1.4409356472238368,283.3089017764166,5.778736838939162,0.00672036797800826,4.402731636496822,100584.00661097963,319.2387933853079,122.23149137788296
2915,1.7492691054934146,1.4678669118019667,282.81702644670287,8.117657443036801,0.006355076515852243,4.706226316861572,100643.72698733122,319.8890363074853,115.05141883010813
2916,2.3180426000457928,1.400712709660201,282.9799347835166,8.220511404051232,0.006523640379372591,4.2936615481544385,100026.26954448002,318.77145276068495,115.91308163047007
2918,1.8180054747345071,1.4062433801139202,283.1807303712469,7.6737342888579505,0.006549520599030118,3.762748444931552,100556.20925263353,321.4005430604668,116.78371646716786
2919,1.920469626310886,1.4226869519096803,282.9147718817579,7.663905529412038,0.006445549135862453,4.356942594964499,100889.90480741566,319.0171146865284,116.17147754872614
2924,2.015392823995022,1.342091270477818,281.7521754410878,6.530655719889554,0.0059669738553854,5.154682883201076,99753.18042600584,315.6422266652745,105.83248532103578
2927,2.178950298406277,1.3595986625369785,283.021149168871,8.204714845296765,0.006524820186491253,3.550875815132628,100162.52221017216,319.0039961687317,116.0776827256717
2928,2.4599981429906386,1.3341458116513178,282.1752687563228,7.028924786936749,0.006068075976978049,4.253720322230729,100633.0475268458,318.82912030117404,107.05934914461923
2930,2.304023387803186,1.4205313579316599,282.958193757947,7.555482857561835,0.006532093498366513,4.5979114556211425,100012.01438187387,320.38992571441827,116.65435868102928
2935,2.173469767539004,1.4376169646806312,283.15906781521187,5.778736838939162,0.006694667567047194,5.030953064197875,100268.67048424523,318.28781963617797,121.61209301710056
2938,2.1814608555205157,1.4321218110249012,283.30955127662537,7.947018428650982,0.006634465903229848,3.635297648517054,100609.28260480764,320.86154754466565,122.32366553283215
2939,1.7242192202299622,1.4115088557716984,282.5900960341547,7.343361653543089,0.006241140155241543,4.594900613540768,100969.47281980603,319.92271444753817,111.7365605095364
2944,1.6928813399567042,1.4630035242736918,283.2465055422526,7.966193337045802,0.0065181488794097174,4.199244459293238,101281.12434614134,320.08026257042087,117.90375217836095
2945,2.19936423912835,1.3958880195389953,283.3758778402711,8.253918986570142,0.006683016137361362,3.6264211813445635,100795.77884792796,319.70822940322057,120.17625684539885
2948,1.858383217278622,1.4168940325594848,282.6337346470834,6.690779161255743,0.0063177257418627316,4.875605433594599,100882.41363037728,319.43956067056473,113.32624088419416
2949,2.3639936887957878,1.435827506833904,283.3237817216576,6.38185531147153,0.006785693884978422,4.136025294675855,100525.13890621375,319.7529939454267,125.33315097410552
2955,2.0816418370866625,1.425508001070304,283.28328285488885,5.977641656759015,0.006715982651041812,4.235216740828345,100551.85255376119,318.83954457422624,123.11630000598636
2961,2.0990161953272555,1.3852655962653815,283.7048253069748,6.021393111541139,0.0067831664675715815,3.403579158627361,101380.76043616873,321.0064967223537,119.9275059769827
2966,2.1082834462166185,1.4075071193645987,282.95288992528657,8.0203350607592,0.006456949584017819,3.672439833603694,100175.54110845049,319.3059676681052,118.03572339382339
2972,2.265650376161691,1.3382638531380313,283.2767216761799,8.253918986570142,0.006666826272810803,3.5608927683985803,100578.47919151699,319.1367959919254,116.46885294816467
2981,1.7259315957862935,1.4468548864283814,283.2463335106037,7.966193337045802,0.006527705642512414,4.276108577190171,101339.24452614969,320.027877674138,116.50373321792193
2985,2.2147849084533826,1.3828718474875552,282.98568760035266,8.220511404051232,0.006506969253691587,3.6262542354712517,100122.27092022833,319.465971914706,117.407657773725
2986,1.9123253972236853,1.4704109929647096,282.67070504153327,7.768495065580769,0.006357447130711402,4.496976350684487,99705.51900997727,317.96405930808857,118.42742202986217
2988,1.871664577318191,1.3197441582718512,281.86867508190636,6.345816517309388,0.005958360075070768,4.233545202225718,99870.57560290502,316.4639525323681,105.97266667853728
2989,2.023982551308266,1.407506353847484,283.156267301963,6.38185531147153,0.006671046350693767,4.772504014448466,100184.57684119914,318.8086542071557,116.73910161682677
2990,2.1560675660729145,1.3791953861659565,282.8480229091837,8.253918986570142,0.0064988871290036655,4.43051208949232,99758.87069358205,317.4039197675066,113.78217241572695
2992,2.247672745295845,1.4323674010313,282.71533019397657,7.947018428650982,0.006450375667140006,4.504328263785327,99531.3203197364,318.8564578657942,118.98858453116154
2993,1.7421318833907393,1.4223688620402308,282.7185544679568,6.690779161255743,0.006356221080825095,4.937314645010906,101083.46365840643,319.7090135904218,114.06011717181772
3000,1.758522435855459,1.3637366797275554,282.64309000232026,7.343361653543089,0.006259343818840781,3.851673262307763,101007.81209828763,320.1729828446796,111.31618461859017
3009,2.0666898685209487,1.4350749304287629,282.1041138275558,7.724265634980741,0.006190863500691447,5.386525276495429,98918.34715439232,317.8450372592696,113.13939331381964
3024,1.5974059094181607,1.4393056297694324,283.29431042971834,7.966193337045802,0.0065214807902315665,4.1076778624390915,101326.87014079542,320.42300669590236,115.37718813808065
3026,1.9386375232412918,1.483331627524129,282.9076503220567,7.636595673455845,0.006474356466643464,4.70210310209012,100175.82191117918,321.3257499777252,120.10244261427445
3029,1.6967330261974218,1.4192819021461656,282.6926312928674,7.343361653543089,0.006277796322163441,4.631810378505731,101092.27899252866,320.3398826906121,111.8516216084969
3030,2.106798459241871,1.3645961063865824,283.301582855817,6.38185531147153,0.006736463654308783,4.070486075770569,100475.71719267714,319.54621232261366,117.22796652095224
3031,1.5964963553379692,1.445269129650264,282.9365119625041,7.6884588732284564,0.00636748344651724,4.693121013790432,101349.14651190312,321.25602880365676,112.70762366323264
3032,1.89958698617896,1.4244133340583165,282.8443185150123,7.456531632785745,0.006418239399749409,4.700697414808112,100398.76236827696,321.632974240568,113.46199439287206
3033,1.610585177333029,1.44213225143744,283.3351868448652,7.966193337045802,0.006529820300380527,4.1301763664109234,101517.5448853775,320.80109233143065,115.32198944591396
3063,1.843426609227936,1.4338180689961098,282.7224068504339,6.690779161255743,0.006343472904371433,4.88342564330549,100969.72978430553,319.80077459557293,114.15886986772007
3064,1.665102788430946,1.4296549917009564,282.77857741240894,7.19785142088264,0.006310888438516868,4.665682153326837,101339.90411852057,320.67624357928446,112.82489757547914
3066,1.9612511005050863,1.3727279844452651,282.66407087707086,7.555826268095967,0.00634546092380157,3.863080517350689,100010.14640080745,320.272198489025,112.74061683799712
3067,1.9612511005050863,1.3727279844452651,282.66407087707086,7.555826268095967,0.00634546092380157,3.863080517350689,100010.14640080745,320.272198489025,112.74061683799712
3077,2.5476727442980853,1.3089956474270836,281.8345834846164,7.028924786936749,0.006001418842484571,3.586465485999875,99672.2266835584,317.1628715476356,110.51153601034851
3078,2.5476727442980853,1.3089956474270836,281.8345834846164,7.028924786936749,0.006001418842484571,3.586465485999875,99672.2266835584,317.1628715476356,110.51153601034851
3087,2.253997864753088,1.4079925004204226,282.7090737969279,6.868870948350272,0.006348397294366328,4.645979579880273,100412.4038298297,321.2119375465219,111.96197118606432
3091,2.253997864753088,1.4079925004204226,282.7090737969279,6.868870948350272,0.006348397294366328,4.645979579880273,100412.4038298297,321.2119375465219,111.96197118606432
3104,2.003095270309539,1.404992483923528,282.31023874750565,7.308882086607266,0.006222873085140843,4.841436088345631,100490.93420905843,318.0048525421133,114.61009083563042
3115,1.7077869024943075,1.4027867904328117,282.61463109889087,7.343361653543089,0.006253193465738549,4.617709446710288,100978.61686092163,319.99394584435476,110.64993756526985
3128,1.7610515556469606,1.4196657218565585,282.6194115216483,7.343361653543089,0.006255252077279687,4.615768526182653,100941.54921629775,320.0430180982876,112.21099005763608
3129,1.7610515556469606,1.4196657218565585,282.6194115216483,7.343361653543089,0.006255252077279687,4.615768526182653,100941.54921629775,320.0430180982876,112.21099005763608
3136,2.24339412386189,1.411646957810396,282.6940086597986,6.868870948350272,0.006346738592890622,4.651293533804353,100366.56649264466,321.1370798450044,112.4767300871038
3144,2.1996426742413266,1.5022046551446004,283.5633578022182,6.729059364267483,0.00684411259564249,5.571549598213374,100571.23549547543,322.3453057775303,125.19446919499744
3145,2.1726669443968287,1.4739633907866765,283.72370458629166,6.729059364267483,0.006893369841867373,4.8160794361928625,100886.79131235788,323.0707246215602,124.81894074910669
3146,2.2095317634236356,1.4714724151730187,283.8269105169614,6.729059364267483,0.006922807868541463,4.06737903868277,101102.6032001485,323.5991930173094,127.37055760568934
3149,1.7164323152967562,1.4257524712783383,282.7006101508191,7.1096431484662865,0.006305788017829134,4.666443261111884,100716.51709522484,320.1848798844494,111.75853162258109
3178,1.9074620607217017,1.401735244746922,282.8945424850341,7.636595673455845,0.0064411570468652845,3.8855311477769265,100255.4787873219,321.22008200334125,115.61678218086686
3179,1.9074620607217017,1.401735244746922,282.8945424850341,7.636595673455845,0.0064411570468652845,3.8855311477769265,100255.4787873219,321.22008200334125,115.61678218086686
3204,1.7208919187638625,1.349321546456376,282.5395314812752,7.343361653543089,0.006222565719987006,3.819592671069934,100916.62352266927,319.71106022367627,110.66428096944173
3205,1.7208919187638625,1.349321546456376,282.5395314812752,7.343361653543089,0.006222565719987006,3.819592671069934,100916.62352266927,319.71106022367627,110.66428096944173
3247,1.7356536257623998,1.3621816419957438,282.6057767107523,7.343361653543089,0.006245137426200751,3.836625823706854,100984.47513286,320.01454427583656,111.43148140382382
3249,1.8599146115593814,1.442093062097149,282.61750398255134,7.986667602561604,0.006332233359028261,4.5939231315253615,99846.93032122139,319.6731909944777,115.09182352800595
3251,1.8599146115593814,1.442093062097149,282.61750398255134,7.986667602561604,0.006332233359028261,4.5939231315253615,99846.93032122139,319.6731909944777,115.09182352800595
3271,2.2601187963740537,1.4643903045551343,283.91127609216204,6.729059364267483,0.006966186867678314,4.168115077665089,101239.7583662351,324.20292555524617,126.40102557585038
3272,2.2601187963740537,1.4643903045551343,283.91127609216204,6.729059364267483,0.006966186867678314,4.168115077665089,101239.7583662351,324.20292555524617,126.40102557585038
3277,2.5497795719994207,1.3891140427601032,283.4335405684718,6.729059364267483,0.00679859551274305,4.082290881751358,100350.65337741889,321.9329633096663,120.73111832822869
3290,2.36025801523535,1.4701704742335782,283.7056750030164,6.729059364267483,0.006890413893224744,4.07703933149863,100847.37609531765,323.0304229356351,127.76072832321685
3291,2.2800965244353395,1.4747477522500225,283.75048092765326,6.729059364267483,0.006901758623546336,4.07384672667669,100944.39625973362,323.25055585131565,127.87204875778458
3312,1.7078611523828766,1.4112008615857474,282.67785573344474,7.19785142088264,0.006277884640298853,4.645321098233328,101221.06751524431,320.2475993693443,111.6485494168639
3315,1.8297740028938947,1.3816524518163804,282.53215306742777,6.532711497684348,0.0063102422613996005,4.192795019403035,100673.34795744583,318.849277919161,115.25898119253795
3318,1.8199638012907777,1.380049346973164,282.51842092579705,6.532711497684348,0.006296080875442016,4.154767166044363,100598.8339294167,318.85087209429673,114.76606517808251
3319,1.8199638012907777,1.380049346973164,282.51842092579705,6.532711497684348,0.006296080875442016,4.154767166044363,100598.8339294167,318.85087209429673,114.76606517808251
3320,1.8199638012907777,1.380049346973164,282.51842092579705,6.532711497684348,0.006296080875442016,4.154767166044363,100598.8339294167,318.85087209429673,114.76606517808251
3321,1.871692420818321,1.4021582229571932,283.23567519049607,7.636595673455845,0.006548624658100144,3.92137314127695,100928.38447863008,322.9487124961715,114.69913561244142
3328,1.835198847607828,1.4354556965998984,283.1462194473061,7.663905529412038,0.006490151182361132,4.23246314060982,101053.12690018099,319.8157082337927,115.33014683256765
3340,1.89625040529393,1.3702010885820304,282.4304654684672,6.532711497684348,0.006290018325323681,4.215669272631677,100528.02820418583,318.33854793215465,115.05233180207898
3348,1.764457746902085,1.4136399893210148,282.6813033240522,6.690779161255743,0.006348305146145991,4.9442519894737575,101047.81770703977,319.53363560258015,113.6813194991183
3349,1.764457746902085,1.4136399893210148,282.6813033240522,6.690779161255743,0.006348305146145991,4.9442519894737575,101047.81770703977,319.53363560258015,113.6813194991183
3356,1.8903290151210481,1.3801489483245877,282.73092185252216,7.555826268095967,0.006359972400566151,3.858791258392501,100162.37649798133,320.5608202185716,113.11727393623833
3360,2.4607359953153813,1.330391024833382,282.3242555097684,6.925639245589123,0.006215939317982273,3.837233087300106,99736.22465172398,319.22726769130816,109.58574881497982
3361,1.6152582482030293,1.401353024256986,283.6678803916655,7.3117731769409255,0.006755032918613392,3.883423887266324,101308.30933583927,321.1943735829969,116.31815674843381
3372,1.7591489141327321,1.4539063264633165,282.6752571743468,8.117657443036801,0.006315448680746206,4.723103290829736,100431.87296023018,319.2878901480347,114.5517612467168
3378,2.2736693098458725,1.3711650341632562,282.8734354754281,6.925639245589123,0.006361083266249014,3.827883564225254,100920.75188964684,321.928565229477,111.27185185625784
3382,1.8403591826626442,1.4043761656784395,283.1652204106919,7.6737342888579505,0.006546669197057868,3.7678934639380017,100523.36258833353,321.35311563088777,116.7099920592603
3387,1.8403591826626442,1.4043761656784395,283.1652204106919,7.6737342888579505,0.006546669197057868,3.7678934639380017,100523.36258833353,321.35311563088777,116.7099920592603
3398,3.307146501971918,1.323963902939185,282.11882024363075,6.55647594414126,0.00612651353346327,4.463229011648337,99925.47845862918,318.8191975984965,107.82371915016938
3403,2.480996795467814,1.2819524192787535,282.3525059715068,7.028924786936749,0.006114996584514363,3.492411075573298,101003.42816000743,319.73567005429487,106.1743911677479
3416,2.360647825268243,1.4113616317811177,282.973801408418,6.868870948350272,0.006416060559914614,4.644503172686435,101098.10406329761,322.5983607415658,111.36975279138242
3423,2.1074063747197203,1.4073709887577366,282.71488563135176,7.708993464016892,0.006423373268211983,3.6914048872699428,99590.66954457284,318.6760462114251,119.74561016810526
3426,2.07966494821756,1.3096739959006147,283.05581900737855,8.0203350607592,0.006487278324460531,2.9155073315817437,100379.32734280013,319.8225092765325,113.42883763149102
3436,2.116896373307456,1.4045874486852918,283.0714816664346,7.6737342888579505,0.006538668239500674,3.818619023305954,100296.77053719432,321.0780139444986,117.67919469880272
3438,2.1620956870438746,1.409956617178238,283.1692889280245,7.947018428650982,0.006580387247672746,3.6334867403927795,100376.90331662723,320.2992447807323,120.13706489396259
3439,2.65275418842433,1.394500120453077,283.2591198821291,6.021393111541139,0.006632099377256485,4.196071576208177,100478.66780820454,319.3008889020372,116.92786092338389
3445,2.6750893305099654,1.370090703794248,283.3609013838229,6.021393111541139,0.006667760130655714,4.185542268519189,100688.67237064365,319.6380696143673,113.94157451723979
3447,2.0824446590813017,1.4573623567322098,282.6597277892245,7.708993464016892,0.006399332760216252,4.435068779578634,99502.72879604621,318.3424798231937,120.019317593299
3458,2.0814237322559284,1.4430575237858267,282.79448175089334,7.6737342888579505,0.006445230825532508,4.552470398717807,99793.61818901109,319.7786128878371,117.55882812246507
3469,2.0264699040962473,1.388336251789862,282.61097780314634,7.6737342888579505,0.006395062414028494,3.7049083141700314,99328.54826256439,318.2771638990209,118.56233897273654
