No,Wavelet transform,easting,northing,within_10km,NSE_test,KGE_test,Pearson_r_test,Spearman_r_test,Mean_ratio_test,STD_ratio_test,Mean,Std,Sample Count,P,PET,TAS,DTR,HUSS,WIND,PSURF,RLDS,RSDS,elev,slope,hand,t_clay,t_sand,t_silt,t_bd,s_clay,s_sand,s_silt,s_bd,ts,sy,sdf,pop_dens,irri_int,gw_abs,Aquifer,Top Soil,Sub Soil
3,Multiannual,627131,163892,TRUE,-39.204082,-0.4728781,0.4693119,0.584783564,2.3657336,0.84994715,1.22026534,0.265911786,53,1.574370207,1.501872487,284.5010422,6.701862052,0.00708985,3.94572169,101266.2453,323.2666357,124.3998611,2.24781251,2.545678854,0,49,19,32,1.24000001,47,21,32,1.24000001,90,0.001,47.21059533,139.4297237,1001,0,Carboniferous Limestone,clay,clay
36,Annual,416690,133770,TRUE,-50.462242,-1.5791221,0.71195614,0.781530592,1.9677984,3.373254,1.704615096,0.249026318,1715,2.155585983,1.471358083,284.1141326,8.146276078,0.006918289,3.574752089,100781.5713,323.6888219,123.6381242,55.37200928,1.81083405,1.899997711,19,37,44,1.409999967,0,0,0,0,550,0.015,9.082651174,414.8000814,51,0,Chalk,loam,
42,Annual,413650,155000,TRUE,0.52195823,0.7586327,0.8278903,0.88502645,0.87521136,0.88570416,1.307613655,0.407808966,53,2.065060243,1.424075134,283.8368797,8.146276078,0.006819661,3.602016673,100314.2531,322.8489577,119.2308011,91.69874573,1.504922748,0,22,41,37,1.399999976,29,37,34,1.350000024,550,0.015,17.84902282,38.68250646,51,0,Chalk,loam,clay loam
49,Annual,459345,401015,TRUE,-641.1799,-4.698829,0.6656959,0.536980434,6.564286,2.18481,0.619866118,0.136411108,54,1.720700984,1.429400659,283.51076,7.170043959,0.006579769,3.655053897,101322.8567,322.3856432,117.1540981,3.566347599,0.334545791,5.199999809,51,17,32,1.220000029,52,19,29,1.230000019,33,0.01,0.370820239,1408.341236,2501,0,Triassic Sandstone,clay,clay
84,Annual,298697,91240,TRUE,-3.96131,-0.3204471,0.14794418,0.146383798,0.94378734,2.0071905,4.660261713,0.361065814,1814,2.139978092,1.449107805,284.4953765,7.064950844,0.007195571,4.035878427,101081.1455,326.8451115,123.0581164,24.96103096,3.564050913,17,22,41,37,1.399999976,29,37,34,1.350000024,30,0.14,6.257047417,698.7889628,51,0,Permian Sandstone,loam,clay loam
95,Annual,556341,101386,TRUE,-5.486987,-0.00190866,0.6023759,0.760860881,1.2587775,0.11753168,42.27998681,4.617376201,1383,2.369277105,1.490787693,283.9398798,6.103997887,0.007016763,5.676378468,100241.7467,320.6801294,122.4664456,73.28177643,5.517960548,0,22,42,36,1.399999976,25,41,34,1.379999995,550,0.015,7.297690853,792.1305304,1,0,Chalk,loam,loam
96,Annual,504095,334375,FALSE,-44.08993,-0.13214016,0.49191016,0.448319452,0.48065898,1.8682581,30.11839765,2.401094626,57,1.698247533,1.507671575,283.438822,7.961938764,0.006569688,4.498303804,100657.0087,321.2413017,118.8878746,55.0868187,3.126763821,0,49,19,32,1.24000001,51,18,31,1.230000019,184,0.02,2.530655249,47.21798928,751,0,Oolites,clay,clay
132,Annual,556510,131382,FALSE,-75.76107,-4.695773,0.08444217,0.129775566,1.3051497,6.613431,10.24718806,0.543172811,56,2.451204822,1.352334044,283.8105332,8.545290384,0.006871268,3.4698129,100083.0196,320.2721215,116.1873677,130.0462952,5.002307892,42.09999847,19,37,44,1.409999967,31,31,38,1.330000043,50,0.00014,1.470704813,246.9154949,251,0,Corallian Limestone,loam,clay loam
134,Annual,523725,358735,TRUE,-0.8196769,0.45552647,0.8359468,0.851828526,0.75325066,0.54321676,1.532290164,0.315867763,58,1.67957284,1.46377886,283.6843878,7.04030681,0.006657286,3.900908993,101253.0854,322.1530853,118.5915352,10.24935913,0.219877169,0.900000572,10,80,10,1.590000033,22,65,13,1.440000057,0.1,0.02,13.74849794,132.5070188,751,1301.904419,Oolites,loamy sand,sandy clay loam
137,Annual,553496,164800,TRUE,-630.2831,-0.5679281,0.6761507,0.669955349,1.6199749,2.4032726,12.17181885,0.301185294,1825,1.792880614,1.389624776,284.0798996,8.545290384,0.006861111,3.537953544,100729.3425,321.8322826,114.9573424,52.74417877,2.858519554,16.5,21,44,35,1.409999967,25,40,35,1.370000005,550,0.015,16.51576374,413.8281749,1,3490.212891,Lower Greensand,loam,loam
173,Annual,625386,140103,TRUE,-4.6967797,0.08020878,0.4816702,0.477028389,0.6627159,0.31912592,69.22095856,10.54461259,1826,2.393154433,1.485532175,283.7002456,6.701862052,0.006948768,5.335425042,99610.11471,319.7724384,123.6540026,138.7361755,4.865570545,5.100006104,11,35,54,1.49000001,20,37,43,1.399999976,550,0.015,32.40840962,773.3551718,1001,0,Chalk,silt loam,loam
176,Annual,342026,365125,TRUE,-588.76337,-2.100684,0.6272341,0.641435853,3.9958522,1.7072389,1.341000858,0.165677762,1802,1.884063526,1.423678133,283.7010402,6.877820409,0.006701128,3.73791492,101197.4331,324.6980757,117.0993482,8.6740942,3.927866459,3.300000191,19,37,44,1.409999967,31,31,38,1.330000043,33,0.01,0.505246127,1179.835327,1,711.869812,Triassic Sandstone,loam,clay loam
177,Annual,428955,210655,FALSE,0.50650936,0.71854615,0.9119078,0.963469592,1.181774,1.1959975,2.121472722,0.780107639,57,1.874479737,1.41466859,283.6218576,7.806790904,0.006701196,3.584087332,100098.3191,322.4127155,116.8608451,98.39550781,1.502653718,3.800003052,51,17,32,1.220000029,52,19,29,1.230000019,184,0.02,1.782402328,312.0678377,51,0,Oolites,clay,clay
218,Annual,505345,363625,FALSE,-16.34695,-0.34738314,-0.14744103,-0.212098478,1.7026223,0.9282894,12.59764107,2.269473232,60,1.737623218,1.509003752,283.5508383,7.04030681,0.006609659,4.561794994,101020.4452,321.83794,118.7584941,31.95514107,1.283677936,16.20000267,19,37,44,1.409999967,31,31,38,1.330000043,130,0.0005,2.27347357,107.2832133,751,0,Oolites,loam,clay loam
229,Multiannual,623984,153700,TRUE,-364.73102,-0.055179596,0.39175808,0.288869616,0.28913423,1.4879723,28.89181173,1.076963313,47,2.06818182,1.495717899,284.1827794,6.701862052,0.007028121,4.623345562,100604.444,321.8780204,122.4613366,50.24606705,4.155673981,6.799999237,9,77,14,1.600000024,17,67,16,1.480000019,550,0.015,38.37260218,176.5608207,1001,0,Lower Greensand,sandy loam,sandy loam
236,Annual,567460,164680,TRUE,-2779.332,0.23573995,0.5637257,0.596709777,0.58913076,0.52571726,113.2744512,0.882755916,1600,1.858707561,1.439022573,283.6720275,8.545290384,0.006752663,4.343152255,99882.5199,319.7345254,115.8439486,145.2801208,2.247208357,57.09999847,24,52,24,1.409999967,36,43,21,1.320000052,550,0.015,18.64773999,463.2404554,251,0,Chalk,sandy clay loam,clay loam
238,Annual,497435,312335,FALSE,-27.769995,0.22155803,0.8658192,0.921865187,0.2842453,0.7249319,12.73030385,1.706798024,59,1.743756847,1.509396009,283.4353129,8.170701117,0.006566161,4.437164208,100448.0259,321.2236694,118.8052939,80.21742249,1.558400154,1.099998474,49,19,32,1.24000001,51,18,31,1.230000019,130,0.0005,5.04442609,74.53048326,101,0,Oolites,clay,clay
255,Annual,490055,105745,TRUE,-0.33977628,0.4825616,0.66025174,0.71333784,1.3252094,0.7842399,0.884331827,0.329818924,59,2.099233296,1.451054752,284.4334392,6.336254195,0.007045875,3.386992298,101332.8498,323.3428726,123.5502422,13.30128098,0.494735688,0,49,19,32,1.24000001,47,21,32,1.24000001,100,0.005,22.15679031,547.1137359,1001,0,Chalk,clay,clay
264,Multiannual,471045,187253,TRUE,-31.551868,-1.2548983,0.115718484,0.017010937,0.9467095,3.0735924,88.16175193,0.983576241,39,2.049233299,1.470340541,283.2442582,8.154764635,0.006580623,4.249564207,99274.83763,319.5642603,119.3912903,175.2384186,2.03237772,59.50000763,24,52,24,1.409999967,36,43,21,1.320000052,550,0.015,7.647990614,94.25878722,251,0,Chalk,sandy clay loam,clay loam
271,Annual,494609,442896,TRUE,-6.413065,0.37393612,0.8664898,0.838329617,0.7137293,0.4594632,34.26123318,3.707547806,58,1.992606794,1.442092081,282.9902753,7.297097527,0.006474111,4.628332713,100598.7196,319.3077831,118.2381109,55.20554352,3.371279478,6.200000763,19,37,44,1.409999967,0,0,0,0,550,0.015,9.340344288,91.72454819,51,0,Chalk,loam,
287,Multiannual,624617,160944,TRUE,-190.51442,-1.2542634,0.50462556,0.410098096,3.1833887,1.2629375,1.159653259,0.183594995,49,1.602245344,1.478737954,284.4584169,6.701862052,0.007083187,3.907532313,101177.6456,323.1032602,122.8454145,3.558632851,7.633376598,3.799999952,21,39,40,1.399999976,21,41,38,1.399999976,520,0.005,43.37214354,112.9018868,1001,0,Chalk,loam,loam
297,Annual,506038,345901,TRUE,0.08417916,0.013319194,0.48895422,0.613128417,0.79888797,0.18029003,1.010745584,0.832473562,55,1.705202624,1.50136089,283.6816119,7.961938764,0.006641017,4.527837201,101250.2325,322.4006122,117.1110236,15.44710922,1.230912328,0,54,22,24,1.230000019,44,34,22,1.279999971,184,0.02,5.222917668,290.7896776,751,35.31599426,Oolites,clay,clay
302,Annual,531819,109458,TRUE,-76.19507,0.3610422,0.8114045,0.915878564,0.470987,1.3047035,67.11031916,4.056137392,1799,2.321193861,1.502602111,283.9113754,6.292935412,0.006929302,4.14421835,100242.3233,320.6242239,127.5791787,91.28765869,9.974733353,0,19,37,44,1.409999967,0,0,0,0,550,0.015,10.05959683,1930.27454,1,0,Chalk,loam,
303,Annual,548655,364605,FALSE,-134.06464,-2.5197713,-0.5264996,-0.550604897,3.505637,2.944338,0.865841016,0.196178636,57,1.809419492,1.520360682,283.6525203,6.437349428,0.006677425,4.859092765,101214.1845,321.6319263,119.7478984,4.848472595,1.115942478,0.599999905,19,37,44,1.409999967,31,31,38,1.330000043,50,0.00014,12.18957628,81.1427191,751,0,Spilsby Sandstone,loam,clay loam
311,Annual,589670,149272,TRUE,-8411.573,-8.03273,0.80226696,0.785053791,10.019587,1.4451851,6.199434757,0.609669009,56,1.828313254,1.509166751,283.8821058,7.604655088,0.006886554,4.396422273,100109.8072,320.5258706,124.4884452,108.6147919,2.566547394,42,22,42,36,1.399999976,25,41,34,1.379999995,270,0.0006,12.79083825,101.0276796,1001,9.910313606,Corallian Limestone,loam,loam
312,Multiannual,501015,342715,TRUE,-388.20874,0.39591473,0.76673245,0.803496684,0.4588614,1.132953,4.720954347,0.129584181,56,1.744961668,1.44691948,283.4983112,8.170701117,0.006587105,3.744101973,100836.1177,321.6099672,117.9596635,25.83256149,0.650445879,0.099998474,22,42,36,1.399999976,0,0,0,0,130,0.0005,3.813014503,95.0555383,751,0,Oolites,loam,
318,Annual,438130,175470,TRUE,-10250.049,-47.46107,0.81273997,0.817156247,49.02095,7.5146046,0.431461819,0.205092485,1656,1.887623228,1.464691357,283.6811991,8.427272862,0.006737701,3.540311786,100138.5792,322.0197981,122.9732693,106.2253952,1.516220093,0,24,48,28,1.399999976,34,41,25,1.330000043,550,0.015,33.13087035,62.67278141,51,0,Chalk,sandy clay loam,clay loam
324,Annual,414670,227860,TRUE,-166.31418,0.010819733,0.5731168,0.201076215,0.4348603,1.6905558,25.38327815,1.115433657,57,2.135213585,1.434528754,283.1003729,7.806790904,0.006550985,4.381621449,99154.66361,320.3572311,116.1421263,187.9916992,4.022895813,0,49,19,32,1.24000001,51,18,31,1.230000019,184,0.02,1.452256963,73.43486748,51,0,Oolites,clay,clay
337,Annual,489058,182936,TRUE,0.65949136,0.84957737,0.8610146,0.88400509,0.9619585,0.95684177,2.749891418,0.388052214,1477,1.685268352,1.471706063,284.1890378,8.154764635,0.006852447,3.479353149,101147.3766,323.6508913,120.5269664,24.74103546,2.668940067,0.200000763,22,41,37,1.399999976,29,37,34,1.350000024,550,0.015,16.17369982,1161.582255,251,0,Chalk,loam,clay loam
339,Decadal,559006,160641,TRUE,-70094.94,-22.380007,0.17565167,0.237282663,0.49471626,24.360157,83.83581914,0.160672481,42,2.018127052,1.495463938,283.1334236,8.545290384,0.006595446,5.055080217,98801.28777,317.2596959,119.9826211,203.332962,1.637889862,3.300003052,22,42,36,1.399999976,25,41,34,1.379999995,550,0.015,13.26200468,336.6891099,1,0,Chalk,loam,loam
340,Multiannual,537245,389465,FALSE,-532.84216,-2.2614155,0.5038431,0.534498466,0.6169874,4.200639,12.35013058,0.207549273,57,1.824534499,1.491562582,283.491742,6.437349428,0.006641554,4.840703529,101125.7338,321.1367947,119.0382588,15.74083233,0.231082827,4.5,19,37,44,1.409999967,31,31,38,1.330000043,550,0.015,13.63466972,167.2594529,751,0,Chalk,loam,clay loam
346,Decadal,333635,548625,FALSE,-333.91812,-0.3102721,0.7428872,0.754539919,0.18087132,1.9898225,6.205008849,0.278565773,1826,2.557064615,1.338218101,282.6777579,6.794414089,0.006289922,4.080006891,100500.7108,320.0484911,109.234257,45.44743729,9.546452522,0,22,41,37,1.399999976,29,37,34,1.350000024,33,0.01,1.980228504,75.42879576,1,0,Triassic Sandstone,loam,clay loam
364,Multiannual,461475,404015,TRUE,-6.2184653,0.5567161,0.76688415,0.611034251,0.72686636,0.7400875,3.43142616,0.359259442,56,1.712595835,1.480753031,283.4730932,7.170043959,0.00657,4.419124577,101274.2467,322.1704105,117.5154019,7.457140446,0.254066259,0,9,77,14,1.600000024,17,67,16,1.480000019,33,0.01,0.00377403,1315.255355,2501,0,Triassic Sandstone,sandy loam,sandy loam
381,Annual,512910,110750,TRUE,-9.211875,-1.1613531,0.22497097,0.324141904,1.2567925,3.001209,32.84680767,6.76412652,1670,2.603340636,1.502724209,283.8864465,6.292935412,0.006893327,4.137378198,100199.4919,320.6354557,126.8594576,96.44393158,2.618602753,2.699996948,51,17,32,1.220000029,52,19,29,1.230000019,550,0.015,16.62384726,317.5120003,1001,0,Chalk,clay,clay
399,Annual,507365,311205,FALSE,-0.1800574,-0.11413002,0.45112163,0.524014861,1.4697639,0.1518604,1.317311543,1.141264546,52,1.672343918,1.476979978,283.8286724,7.961938764,0.006677504,3.716057688,101249.8243,322.8918221,118.8973681,15.30923462,0.550636232,0,22,42,36,1.399999976,0,0,0,0,184,0.02,5.621647872,151.1581076,101,0,Oolites,loam,
413,Annual,505145,339485,TRUE,-14.575215,-0.15687585,0.6672747,0.606069928,0.32968217,0.117770135,15.1495129,2.646960178,56,1.704052573,1.449774582,283.651397,7.961938764,0.006631101,3.76100468,101134.5315,322.2334961,117.4486844,31.08219147,1.286149383,9,48,23,29,1.25,45,26,29,1.25999999,184,0.02,2.655440775,82.79085124,751,0,Oolites,clay,clay
423,Multiannual,487395,125045,TRUE,-1516.6157,-2.1091726,0.69396436,0.667056525,0.7298788,4.082274,45.12096925,0.314108729,53,2.565388828,1.533344336,283.4428729,8.449890581,0.006713387,4.921697022,99452.1603,319.1166541,124.9901054,157.72229,3.684126377,60.29999542,4,87,9,1.730000019,4,88,8,1.74000001,270,0.0006,14.27648075,89.74661279,1001,0,Lower Greensand,sand,sand
430,Decadal,510715,420895,TRUE,-13.19549,-0.20221126,0.48852807,0.516726104,0.8023989,2.069894,6.648543045,0.39731749,57,1.820481926,1.483912476,283.3885038,6.699781022,0.006597035,4.703248396,100994.0522,321.0319975,119.0032084,9.41047287,0.741170585,4.599999905,19,37,44,1.409999967,31,31,38,1.330000043,550,0.015,13.91468617,105.9411123,1001,0,Chalk,loam,clay loam
466,Annual,498905,375335,FALSE,-13.163544,0.066865206,0.71296865,0.717103049,0.42298657,0.3251605,4.477153777,0.702547852,58,1.96796276,1.50186307,283.4131241,7.722836944,0.006570603,4.546591345,100915.2369,321.3234575,119.3613356,34.18956757,1.059941888,0,49,19,32,1.24000001,51,18,31,1.230000019,130,0.0005,1.732160791,785.8742157,751,0,Oolites,clay,clay
469,Annual,594729,165259,TRUE,-40.78775,0.05518645,0.52340865,0.513770012,0.4555496,0.3924586,10.27694659,0.873362636,1564,1.427984667,1.478998777,284.4440673,7.604655088,0.0070091,3.723200375,101287.3597,323.1458637,121.7037163,11.02864838,2.164262295,7.600000381,22,41,37,1.399999976,29,37,34,1.350000024,100,0.005,29.25463235,472.3144148,251,0,Chalk,loam,clay loam
489,Annual,454185,123415,TRUE,-10.059353,-0.116199136,0.78881323,0.770006922,1.8624878,0.32367492,18.6796224,4.980199952,58,2.429299012,1.468317219,283.9459437,8.427272862,0.006862216,4.215283427,100451.3832,321.9770367,120.2406212,76.91307068,5.249445438,7.200004578,22,41,37,1.399999976,29,37,34,1.350000024,550,0.015,45.85805783,170.0734679,1,91.70322418,Chalk,loam,clay loam
512,Annual,503035,368725,FALSE,-1154.0477,-0.69451237,0.32259205,0.349951615,0.4336325,2.4462962,7.771311516,0.129810985,58,1.787787516,1.490931404,283.4942869,7.04030681,0.006593652,4.555213832,100949.8384,321.631046,117.4116053,26.23924255,1.988454461,0,49,19,32,1.24000001,51,18,31,1.230000019,184,0.02,1.028843694,375.922739,751,0,Oolites,clay,clay
516,Annual,493890,428182,TRUE,-0.06067288,-0.17931366,0.23916666,0.386632962,1.1873535,0.11863067,6.426906755,3.745585163,59,1.906900327,1.422433468,283.3325683,7.297097527,0.006562089,3.845743162,101166.1534,320.9788366,118.2875301,14.42639828,0.28071928,8.300000191,10,76,14,1.580000043,26,60,14,1.409999967,184,0.02,1.476537494,294.0039892,51,5204.772949,Triassic Sandstone,sandy loam,sandy clay loam
518,Annual,414140,126240,TRUE,-59.33943,-0.49929762,0.5218952,0.44657937,1.4312997,2.3539937,11.81084107,0.679169917,54,2.283734937,1.479027575,284.16594,8.146276078,0.00694144,3.575214903,100858.8017,323.8201163,124.524115,59.83287811,2.743944407,14,19,37,44,1.409999967,0,0,0,0,550,0.015,6.279547803,426.6252984,51,0,Chalk,loam,
519,Decadal,556409,97729,TRUE,-262.8609,-3.2289467,0.6837067,0.629054512,1.0335215,5.217002,72.83048385,0.156686952,53,2.215388828,1.428057384,283.9890021,6.103997887,0.007048068,4.913731312,100341.5343,320.883338,120.4487486,80.96086121,7.732772827,26.90000534,22,41,37,1.399999976,29,37,34,1.350000024,550,0.015,10.86125166,757.8031024,1,0,Chalk,loam,clay loam
523,Annual,504835,362615,FALSE,-7421.521,-33.664753,-0.11146401,0.163990351,2.1423466,35.628254,15.32188285,0.223293984,57,1.749342822,1.510346323,283.4968235,7.04030681,0.006593583,4.554683789,100900.8408,321.5965379,119.1945069,38.90504074,0.788397908,13.29999924,48,23,29,1.25,45,26,29,1.25999999,130,0.0005,3.356184094,103.8321772,751,0,Oolites,clay,clay
524,Annual,292214,80512,TRUE,-610.69794,-9.042989,-0.5787671,-0.648297918,1.739915,10.890495,23.49952421,0.794056774,1706,2.788280398,1.57913369,283.567099,6.870865304,0.006926241,5.544881944,98885.43197,322.4452376,133.7257773,209.2644043,16.08118248,94.8999939,19,37,44,1.409999967,31,31,38,1.330000043,30,0.14,4.260831168,247.6885997,51,0,Permian Sandstone,loam,clay loam
534,Multiannual,505649,194842,TRUE,-293.60675,-4.537988,0.42466626,0.497844625,1.1839397,6.5049744,23.00829284,0.264087385,54,1.787842281,1.478305498,284.0397052,7.941128241,0.006792634,3.501646172,100879.0901,322.7833433,121.2268798,69.5762558,2.572648048,22.80000305,22,42,36,1.399999976,25,41,34,1.379999995,550,0.015,30.69705609,1084.283055,101,0,Chalk,loam,loam
547,Annual,443980,177743,TRUE,-25.242874,-0.23658955,0.6708634,0.657006186,0.057254,0.2705805,19.63674059,3.663664281,1659,1.933187295,1.503840154,283.4639305,8.427272862,0.006669004,4.285347325,99709.32907,320.9354997,122.4316511,131.804718,1.996718884,0,11,35,54,1.49000001,20,37,43,1.399999976,550,0.015,28.9140785,53.09990584,51,0,Chalk,silt loam,loam
565,Annual,503815,102495,TRUE,-73.11222,0.36058146,0.86232287,0.849390589,0.37816286,1.0567435,5.011843392,0.362737871,57,1.986746987,1.496735436,284.4914817,6.336254195,0.007083312,4.129627951,101444.8107,323.4125509,123.4087576,7.867632866,0.632261038,1.099999905,22,41,37,1.399999976,29,37,34,1.350000024,550,0.015,21.43753448,1247.430158,1001,0,Chalk,loam,clay loam
574,Annual,435355,151255,TRUE,-1.936466,0.51536185,0.83980596,0.805990887,0.83739895,0.5724807,36.4277867,3.694591283,60,2.131599123,1.500137326,283.6008673,8.427272862,0.006737569,4.286395782,99864.42347,321.2722478,123.0680143,126.3532867,1.9591856,12.00000763,19,37,44,1.409999967,0,0,0,0,550,0.015,34.44516392,304.5084898,1,0,Chalk,loam,
579,Multiannual,624809,158620,TRUE,-668.3321,-15.045485,0.61690074,0.576363021,0.92415476,17.040878,30.43943753,0.115583885,1826,1.715334059,1.458862866,284.4111188,6.701862052,0.007077364,3.898282157,101076.5236,322.9013797,121.7513541,32.43898773,0.824574351,30.70000076,22,41,37,1.399999976,29,37,34,1.350000024,520,0.005,42.01033244,117.847334,1001,0,Chalk,loam,clay loam
586,Annual,469505,141905,TRUE,-216.80876,0.2597835,0.58579147,0.548636138,1.1925654,1.5824714,54.59631483,0.715080837,54,2.355093098,1.453919913,283.4285066,8.427272862,0.006684387,4.204864701,99467.84865,319.6573402,120.3525675,180.5866852,1.745035648,54.8999939,24,48,28,1.399999976,34,41,25,1.330000043,550,0.015,31.55244568,305.6661161,501,0,Chalk,sandy clay loam,clay loam
597,Annual,640912,309568,TRUE,0.7020735,0.6492017,0.8801969,0.887473301,0.74921906,0.78595906,0.345809003,0.343357761,57,1.688773275,1.619110138,283.9503611,6.690909165,0.006808363,5.664456283,101333.691,321.11402,124.6777841,0.210019529,0.078775592,0.899999976,49,19,32,1.24000001,47,21,32,1.24000001,400,0.075,111.3888525,114.6117346,1001,0,Crag,clay,clay
603,Decadal,458205,162865,TRUE,-731.1206,-1.605118,0.08160253,0.276185315,0.6472095,3.4122083,51.17590143,0.672830579,1670,1.927327488,1.494517869,283.7886039,8.427272862,0.006769544,4.242946927,100285.7436,321.9508089,120.6785893,105.1357346,0.778166413,13.5,6,75,19,1.629999995,7,79,14,1.629999995,100,0.005,21.01959152,233.8611061,51,0,Chalk,sandy loam,loamy sand
637,Decadal,458855,146055,TRUE,-50.525234,0.758149,0.82925224,0.785478635,0.8406995,1.0629328,61.13933845,1.361694788,62,2.335158815,1.454591264,283.5492684,8.427272862,0.006716571,4.228516424,99734.25546,320.5191862,118.8540999,161.1767578,0.484552354,16.29998779,22,42,36,1.399999976,25,41,34,1.379999995,550,0.015,34.07260984,362.7019291,1,0,Chalk,loam,loam
668,Multiannual,630368,158751,TRUE,-30.076208,-2.5367534,0.32411134,0.156601515,1.326691,4.456172,6.934133389,0.625708733,57,1.722343919,1.533869043,284.4587503,6.701862052,0.007104951,4.701737134,101161.2201,323.1262347,123.9973465,17.46027374,4.017651558,13.80000019,22,41,37,1.399999976,29,37,34,1.350000024,90,0.001,46.5037704,161.4271932,1001,0,Lower Greensand,loam,clay loam
669,Annual,586092,303080,TRUE,-3189.6301,-21.281055,0.52941984,0.560559828,23.191736,2.937007,0.964573763,0.379343346,49,1.868236582,1.531000823,283.7828214,7.787020949,0.006692396,4.211911876,100966.6338,321.115654,122.3355726,31.33539009,4.945590973,3.20000267,19,37,44,1.409999967,31,31,38,1.330000043,550,0.015,56.52101026,61.57651643,5001,0,Chalk,loam,clay loam
681,Annual,498975,383875,FALSE,-15.960793,0.023889959,0.6231419,0.587115215,0.47373578,0.26937392,10.36848397,1.354692854,56,1.777437022,1.488810614,283.4024734,7.722836944,0.006570212,4.559959455,100967.1245,321.2812526,118.4331414,34.40812683,1.562202454,6.300001144,49,19,32,1.24000001,51,18,31,1.230000019,184,0.02,10.27159739,68.06278907,751,341.5582581,Oolites,clay,clay
682,Annual,637412,152312,FALSE,-334.4033,-0.3898176,0.07407287,0.052477149,0.5177268,1.9174367,5.133488436,0.136076996,1645,1.95536692,1.524698448,284.5235342,6.701862052,0.007170162,4.730522808,101267.1685,323.5420541,124.6702291,5.834472656,0.702054858,2.400000095,10,82,8,1.590000033,17,75,8,1.5,550,0.015,48.55513486,760.4183308,1001,0,Chalk,loamy sand,sandy loam
683,Annual,610938,148896,TRUE,-6.4019413,0.25098526,0.5486419,0.490005845,0.77119243,0.44778085,94.49867752,8.357818995,59,2.225082146,1.504297068,283.6933331,6.701862052,0.006873713,4.51205554,99631.38072,319.6009327,126.0505392,145.4871521,0.782675683,49.50000763,24,48,28,1.399999976,34,41,25,1.330000043,550,0.015,25.14424588,109.0240691,1001,0,Chalk,sandy clay loam,clay loam
697,Annual,414545,176455,TRUE,-13.463934,0.18875521,0.6882529,0.688895383,1.2999566,0.31373623,67.03377945,5.413200029,59,2.161336258,1.464407372,283.0395706,8.146276078,0.006568057,5.121868007,98814.51724,319.4049378,116.8609777,222.8627625,6.852643013,43.80000305,22,41,37,1.399999976,29,37,34,1.350000024,550,0.015,19.4122403,134.8419339,51,0,Chalk,loam,clay loam
700,Annual,496055,122035,TRUE,-1380.3785,-9.1665945,-0.10347,-0.086214061,2.714421,10.960084,8.800154081,0.425372747,58,2.339868563,1.522081691,283.9705022,6.336254195,0.006878533,4.156813747,100432.0186,321.4420958,125.9756617,64.92463684,3.034227371,48.40000153,10,75,15,1.580000043,15,68,17,1.50999999,270,0.0006,6.246655208,56.4955544,1001,7.126821995,Lower Greensand,sandy loam,sandy loam
701,Annual,499885,379795,FALSE,-30.005474,0.19659859,0.4285828,0.424528673,0.59573317,0.60566086,6.205743603,0.456837777,62,1.873603505,1.496203954,283.4453841,7.722836944,0.006581605,4.558586323,101018.4006,321.4647649,118.7857804,29.77945328,1.90901804,3.300001144,19,37,44,1.409999967,31,31,38,1.330000043,130,0.0005,6.279627133,127.8816854,751,0,Oolites,loam,clay loam
743,Annual,501945,365615,FALSE,-7817.161,-45.342205,0.112719834,0.143701452,1.8796847,47.325775,9.553313384,0.112421315,59,1.784665939,1.486398691,283.3930981,7.04030681,0.006563737,4.544721448,100715.9187,321.1627458,117.4313468,54.17839813,0.858936548,8.599998474,49,19,32,1.24000001,51,18,31,1.230000019,130,0.0005,1.963031578,270.8277272,751,0,Oolites,clay,clay
748,Decadal,574327,301697,TRUE,-126.21301,-0.47236037,0.83740497,0.850104368,0.2765748,2.2720392,4.55464867,0.29487891,56,1.734556409,1.516122534,283.9469213,7.787020949,0.006730133,4.103461483,101291.0755,322.0741508,120.3808526,10.77464867,0.812401891,2.900000572,5,90,5,1.710000038,8,87,5,1.629999995,550,0.015,44.85221036,35.51648287,5001,0.286249995,Chalk,sand,loamy sand
751,Multiannual,445765,172445,TRUE,-221.56325,-14.637226,0.5558857,0.634514629,15.021246,7.908796,0.441410977,0.477776491,1505,1.866100766,1.466674936,283.743855,8.427272862,0.006753945,3.521728265,100248.1197,322.1439143,122.6862065,94.12808228,1.671885967,0,22,41,37,1.399999976,29,37,34,1.350000024,550,0.015,28.04038051,168.1587598,51,0,Chalk,loam,clay loam
767,Multiannual,446125,176275,TRUE,-4.5335293,-0.04012382,0.47599354,0.502153257,1.3127056,1.842313,15.12695053,2.780945742,1270,1.916429353,1.422610889,283.5638707,8.427272862,0.006697105,3.52250048,99904.48852,321.3394248,119.5743738,123.6120758,4.962615013,3.900001526,11,35,54,1.49000001,20,37,43,1.399999976,550,0.015,26.92836753,61.54395241,51,5.540248871,Chalk,silt loam,loam
785,Annual,565468,119119,TRUE,-321.6568,-3.425333,0.40743485,0.681925863,4.971394,2.860237,6.004934762,1.341963484,58,2.458817086,1.391698945,283.8925505,6.103997887,0.00695311,4.222472418,100150.4385,320.574537,117.46779,104.6066589,7.66973877,18.20000458,19,37,44,1.409999967,31,31,38,1.330000043,50,0.00014,3.694811257,83.70608256,501,0,Corallian Limestone,loam,clay loam
800,Annual,610570,143953,FALSE,-8.441668,0.2098338,0.8077981,0.801560514,1.2346479,0.27036905,73.85123276,5.839832375,59,2.278806127,1.507769586,283.66263,6.701862052,0.006881277,4.496313059,99562.86381,319.4897937,127.324739,169.0644531,2.336825609,38.19999695,24,48,28,1.399999976,34,41,25,1.330000043,550,0.015,21.83665999,97.09112784,1001,0,Chalk,sandy clay loam,clay loam
821,Annual,618650,146611,TRUE,-5.903166,-0.30092788,0.8122719,0.810286768,2.287125,0.9780696,14.22939524,7.164220031,49,2.321193861,1.551519002,283.9630734,6.701862052,0.006981582,4.556851107,100157.1457,320.9104362,130.0968302,70.49347687,1.683564067,1.900001526,24,48,28,1.399999976,34,41,25,1.330000043,550,0.015,29.7384183,86.8823384,1001,0,Chalk,sandy clay loam,clay loam
829,Annual,492225,115785,TRUE,0.18817395,0.13756722,0.8227334,0.787804878,1.0134001,0.15608813,105.0045851,6.685179462,40,2.943921141,1.578780037,283.4732511,6.336254195,0.006742431,5.661855524,99414.26342,318.9872617,126.7242109,196.3903351,5.204212666,63.30000305,19,37,44,1.409999967,0,0,0,0,550,0.015,13.01972866,94.60498772,1001,0,Chalk,loam,
834,Annual,505025,413865,FALSE,-254.70691,-6.2633944,0.057249278,0.087472001,0.45890203,8.181604,24.8739213,0.979779809,51,1.950383354,1.507692629,283.0495141,6.699781022,0.006490521,5.403729082,100233.5079,319.5223142,118.7172907,65.01764679,0.873165071,0,19,37,44,1.409999967,0,0,0,0,550,0.015,7.788375475,99.7656985,1001,0,Chalk,loam,
839,Annual,420155,121255,TRUE,-999.412,-1.3690469,0.7965462,0.756045395,0.41549572,3.286781,35.74835213,0.662802885,57,2.34381161,1.535491698,283.9516518,7.617962865,0.006878709,4.305938829,100374.2036,322.5790709,126.134627,87.1772995,5.620165825,20.80000305,51,17,32,1.220000029,52,19,29,1.230000019,520,0.005,14.04587188,104.3647134,1,0,Chalk,clay,clay
841,Annual,450424,534735,FALSE,-17954.76,-31.413258,-0.20548427,-0.23104034,10.8846,31.846006,1.714488195,0.130255844,67,1.599069004,1.434428548,282.9462394,6.11478648,0.006409503,4.413396653,100698.1188,319.1285541,117.2261954,4.361652374,0.731606543,0.800000191,19,37,44,1.409999967,31,31,38,1.330000043,260,0.01,0.761789809,1686.851873,251,0,Magnesian Limestone,loam,clay loam
845,Annual,556450,127160,TRUE,-382.5521,-5.499284,0.642104,0.716307135,6.825148,3.860129,1.802426352,0.543923709,57,2.328313252,1.503999419,283.8651614,8.545290384,0.006900219,4.216700513,100186.0326,320.5025656,126.6893679,94.46768951,8.371164322,15.30000305,51,17,32,1.220000029,52,19,29,1.230000019,50,0.00014,0.300074035,196.342017,501,0,Corallian Limestone,clay,clay
848,Multiannual,459275,83955,TRUE,-195.48856,-0.5661887,0.29175717,0.302424487,0.70313466,2.364998,30.65664889,0.658043726,59,2.21429354,1.483176125,284.4294039,6.406078896,0.007064237,4.165869862,101281.8997,323.1608407,122.490965,37.60139465,8.107303619,35.20000076,4,87,9,1.730000019,4,88,8,1.74000001,270,0.0006,58.83224264,547.5314428,251,0,Lower Greensand,sand,sand
859,Multiannual,499825,119865,TRUE,-85.091354,-0.21887696,0.2206209,0.089026979,0.3271951,0.34764856,17.31612791,1.262740882,58,2.432201535,1.479222403,284.3612733,6.336254195,0.007002895,3.395691537,101215.1407,323.1834637,125.464417,34.38078308,9.356496811,16.49999809,21,39,40,1.399999976,21,41,38,1.399999976,270,0.0006,4.987096846,78.28291209,1001,0,Lower Greensand,loam,loam
874,Annual,523534,109306,TRUE,-49.28513,0.5460533,0.71808046,0.771926048,1.3187858,0.84199846,43.28240865,1.95550752,58,2.434227824,1.571734118,283.9070514,6.292935412,0.006916005,4.894364201,100236.1836,320.6414321,129.7166457,76.19085693,5.404318333,0,19,37,44,1.409999967,0,0,0,0,550,0.015,14.07305457,1037.787194,1,0,Chalk,loam,
875,Annual,593230,336904,FALSE,-115.09443,0.61683255,0.8766501,0.852693962,1.1999192,1.3027161,16.73738573,0.311107475,1683,1.825465493,1.48045029,283.6770806,7.787020949,0.006707655,4.440239917,101084.8413,320.8535692,119.0070213,31.69808578,4.514039993,18.89999962,9,77,14,1.600000024,17,67,16,1.480000019,550,0.015,64.12356794,54.30560508,5001,0,Chalk,sandy loam,sandy loam
890,Decadal,434770,529240,FALSE,-6961.2427,-1.0237441,0.22651638,0.248314689,0.29433596,2.7318578,37.75045226,0.319426611,1822,1.864567359,1.386386254,282.4353444,6.11478648,0.006251348,4.322075075,99604.54985,317.044802,114.3339226,107.3000031,3.060391665,11.69999695,22,41,37,1.399999976,29,37,34,1.350000024,260,0.01,0.759500651,138.0759607,251,0,Magnesian Limestone,loam,clay loam
900,Annual,624070,143381,TRUE,-49.852314,-0.2461816,0.61939013,0.699863295,0.3038076,1.9609482,52.46110156,5.247853956,56,2.466319825,1.517841161,283.7573236,6.701862052,0.006945893,4.57887711,99730.87635,319.991067,129.0668127,93.76413727,9.701795578,9.199996948,24,48,28,1.399999976,34,41,25,1.330000043,550,0.015,32.56448111,263.0944058,1001,0,Chalk,sandy clay loam,clay loam
901,Multiannual,496495,163345,FALSE,-1227.3883,-2.6542387,0.5332935,0.562114276,2.6466315,4.2286754,6.450939569,0.304864626,1825,1.738608978,1.475764327,284.1395305,8.449890581,0.006861416,3.452407897,100992.8462,322.9607716,122.5809114,46.60559845,0.953413188,18.90000153,4,86,10,1.730000019,5,85,10,1.700000048,75,0.05,6.409710655,648.202002,251,0,Chalk,loamy sand,loamy sand
902,Annual,538051,134071,TRUE,-575.91925,-14.864591,0.33271515,0.394926269,16.82089,1.9697587,0.529669681,0.349966186,52,2.392606791,1.404207593,283.9416738,8.550876397,0.006877304,3.437189837,100437.476,321.044834,120.0170915,89.45890045,5.778010845,20.40000153,9,77,14,1.600000024,17,67,16,1.480000019,50,0.00014,5.885854623,351.4578196,251,0,Corallian Limestone,sandy loam,sandy loam
912,Annual,380005,265485,TRUE,-8.998911,-0.040906787,0.06839623,0.092865078,0.7168326,0.6320095,11.24074729,1.080016475,56,1.946768891,1.462544857,283.7167809,7.772891658,0.006739398,3.731729863,100548.1851,324.0488923,120.4413041,58.79610443,3.206155777,16.5,20,42,38,1.409999967,20,45,35,1.419999957,33,0.01,3.321172543,136.8836442,251,0,Triassic Sandstone,loam,loam
933,Annual,393077,187787,TRUE,-549.08936,-5.923733,0.82938623,0.842836838,7.921399,1.0570698,1.956762211,0.577642309,38,2.016155526,1.467891515,283.8612703,7.50607898,0.00682251,3.695664024,100418.1272,323.7879099,122.0229676,71.983078,1.472618699,0,51,17,32,1.220000029,52,19,29,1.230000019,184,0.02,4.169786154,91.4065759,51,165383.6094,Oolites,clay,clay
947,Annual,591390,150250,TRUE,-5097.269,-0.4399892,0.6745297,0.699303011,2.071673,1.9050786,19.90448989,0.298806284,57,1.866100768,1.457672277,283.8888736,7.604655088,0.006888489,3.654372662,100122.7094,320.5489176,124.2745859,101.3436127,3.861094952,20,22,41,37,1.399999976,29,37,34,1.350000024,270,0.0006,14.48474577,96.79135485,1001,893.15625,Lower Greensand,loam,clay loam
948,Annual,591385,150264,TRUE,-3352.2375,-0.18767428,0.64818865,0.6749292,2.0450137,1.4413043,19.96767267,0.360409134,55,1.866100768,1.457672277,283.8888736,7.604655088,0.006888489,3.654372662,100122.7094,320.5489176,124.2745859,101.6409454,4.237512112,20,22,41,37,1.399999976,29,37,34,1.350000024,270,0.0006,14.49433324,96.80684047,1001,893.15625,Lower Greensand,loam,clay loam
951,Decadal,459562,421081,TRUE,-9.506612,0.05976063,0.1527131,0.276458285,0.7493121,0.6785812,9.645599598,0.794899391,58,1.701752465,1.469885491,283.4128797,7.170043959,0.00655151,4.421145893,101301.429,321.8690247,117.0970911,9.496289253,0.571124256,4.899999619,10,76,14,1.580000043,26,60,14,1.409999967,33,0.01,1.504532302,103.2840632,51,11369.54199,Triassic Sandstone,sandy loam,sandy clay loam
954,Annual,504355,366275,FALSE,-0.08723307,0.114026845,0.5898746,0.420395972,1.0739362,0.21815678,12.06624654,1.636975149,60,1.774644026,1.45501598,283.5323102,7.04030681,0.006604883,3.806594994,101009.8193,321.7739733,118.6716686,33.09541321,0.791204274,9.800001144,19,37,44,1.409999967,31,31,38,1.330000043,184,0.02,0.051547967,184.3754954,751,0,Oolites,loam,clay loam
976,Annual,630528,160933,TRUE,-48.49748,-0.4189937,0.81349194,0.80606211,2.4031503,0.90034765,1.571917365,0.314604306,57,1.669386637,1.492066897,284.4859027,6.701862052,0.007104337,3.955956674,101221.2197,323.2280917,124.1675854,3.643671751,1.908362985,5.300000191,47,14,39,1.230000019,45,15,40,1.24000001,90,0.001,47.93949869,172.4868274,1001,0,Lower Greensand,clay,clay
983,Multiannual,615641,156674,TRUE,-564.7075,0.39564234,0.71796316,0.823116766,1.5243945,0.8964937,23.29696991,0.513877957,59,1.840854328,1.457346866,284.2845085,6.701862052,0.007028876,3.822884255,100832.2089,322.330694,122.1142973,36.75849533,1.071206689,14.20000076,9,77,14,1.600000024,17,67,16,1.480000019,550,0.015,33.87090341,730.1140638,1001,0,Lower Greensand,sandy loam,sandy loam
999,Multiannual,529955,398605,FALSE,-42.144447,-0.15287697,0.6612408,0.548221344,2.0986955,0.9149324,4.967610983,0.837031793,45,1.85520263,1.442171703,283.4699424,7.04030681,0.006631804,4.043627901,101203.734,321.162774,119.0876057,10.31427765,0.699929059,8.899999619,19,37,44,1.409999967,31,31,38,1.330000043,550,0.015,18.67577049,74.5290006,1001,0,Chalk,loam,clay loam
1000,Annual,427288,129080,TRUE,-13.647039,-1.2763991,0.23966338,0.382798081,0.7426857,3.130182,21.30998311,2.370802562,58,2.22650602,1.477078991,284.0707589,8.146276078,0.006902225,3.535864218,100680.3514,323.1938083,124.4306121,70.47325897,3.044676542,13.10000229,19,37,44,1.409999967,0,0,0,0,100,0.005,18.5701437,61.51200295,1,0,Chalk,loam,
1004,Annual,450165,166985,TRUE,-15875.768,-28.288,0.5966081,0.612890256,29.983282,5.1946464,1.197005077,0.275524783,1824,1.89978094,1.452576211,283.9464753,8.427272862,0.006814917,3.50711396,100632.082,322.9303184,120.9099326,71.56791687,0.302090883,4,22,42,36,1.399999976,25,41,34,1.379999995,520,0.005,25.82453719,851.3502132,51,20444.89648,Chalk,loam,loam
1006,Multiannual,543076,179844,FALSE,-2860.934,-32.99018,-0.051042814,-0.046365392,34.941956,2.474269,1.032347652,0.65583301,40,1.5347207,1.462690392,284.3854599,8.545290384,0.00691578,3.541193734,101433.2971,323.5850255,118.9057954,1.429097652,0.522774398,2.099999905,19,37,44,1.409999967,0,0,0,0,550,0.015,4.206950323,7437.985778,1001,0,Chalk,loam,
1016,Annual,561803,157429,TRUE,-1303.7931,-0.002275825,0.4301338,0.438389892,0.30649778,0.55405915,31.02618447,0.595859192,1826,1.888882801,1.457470172,283.9198881,8.545290384,0.006837161,3.546519193,100367.3653,320.928849,123.0214514,90.3324585,3.873465061,8.900001526,22,41,37,1.399999976,29,37,34,1.350000024,270,0.0006,10.44748075,276.6410566,251,40507.78516,Lower Greensand,loam,clay loam
1028,Decadal,621465,160512,TRUE,-14.507101,0.26800352,0.7899523,0.740681989,0.62677026,0.40636948,5.115077501,0.493190441,57,1.621960571,1.473149873,284.4669171,6.701862052,0.007079552,3.884340263,101201.0049,323.1486608,122.1972054,8.648586273,3.377366781,8,20,47,33,1.419999957,20,51,29,1.429999948,90,0.001,40.73714801,216.7546891,1001,0,Oolites,loam,loam
1041,Annual,502455,349805,TRUE,-7021.3735,-36.829407,-0.14319599,0.246095074,1.3238674,38.811047,28.9743057,0.126485996,57,1.729518071,1.495091149,283.4646018,7.04030681,0.006579831,4.521040806,100716.5569,321.4400261,117.4612065,50.82062149,0.330717355,13.09999847,54,22,24,1.230000019,44,34,22,1.279999971,130,0.0005,9.778037152,140.1891738,751,0,Oolites,clay,clay
1045,Multiannual,306798,93736,TRUE,-2076.4373,-5.6103573,-0.42158085,-0.41011103,2.4369705,7.2937465,14.87392815,0.475894864,1826,2.44819277,1.52488368,283.9315233,7.064950844,0.007011427,4.756342975,99966.22131,324.0712112,128.9462451,108.7417984,1.312549114,28.19999695,9,77,14,1.600000024,17,67,16,1.480000019,33,0.01,0.138509271,168.1443766,51,0,Triassic Sandstone,sandy loam,sandy loam
1062,Annual,566590,118030,FALSE,-27.996275,-2.5240767,-0.1198804,-0.096397076,4.04671,2.3720648,1.782758571,1.163287354,56,2.419824754,1.484946932,283.8161367,6.103997887,0.006936004,4.222981284,99995.00379,320.2104728,126.9138524,118.91008,3.996004343,40.29999542,9,77,14,1.600000024,17,67,16,1.480000019,50,0.00014,3.722892359,83.60456091,1,0,Corallian Limestone,sandy loam,sandy loam
1064,Annual,627710,143150,TRUE,-25.70887,-2.2018774,0.084023565,0.323711059,0.5636577,4.0368776,11.66378946,1.602148019,1799,2.488389924,1.52221105,284.0399283,6.701862052,0.007042193,3.852370562,100293.3343,321.3479551,131.9883704,46.20616913,2.680003405,5,24,48,28,1.399999976,34,41,25,1.330000043,550,0.015,35.73584768,562.021809,1001,0,Chalk,sandy clay loam,clay loam
1074,Annual,618955,143886,TRUE,-3.5069013,0.240053,0.7569871,0.775569842,0.78775173,0.3119485,90.0818323,9.704221692,59,2.414403068,1.418282957,283.7394906,6.701862052,0.006927836,4.544223723,99703.03819,319.886897,119.0931877,147.4718323,1.259901404,59.69999695,24,48,28,1.399999976,34,41,25,1.330000043,550,0.015,28.40082747,141.18949,1001,0,Chalk,sandy clay loam,clay loam
1089,Annual,453405,186005,TRUE,-11529.2705,-18.405361,0.5587837,0.721233943,20.229465,3.5694454,0.965132913,0.172909288,58,1.729353779,1.446023492,283.9946701,7.847316624,0.006809552,3.516397318,100769.2218,323.4151605,118.986834,62.55271912,0.636102915,8.999996185,22,41,37,1.399999976,29,37,34,1.350000024,550,0.015,19.62498308,456.0869223,251,0,Chalk,loam,clay loam
1092,Annual,462355,114355,TRUE,0.6409678,0.8346402,0.8439605,0.870543778,0.97173953,0.95312935,28.0343373,3.251122622,60,2.411500552,1.453523377,284.0828612,6.406078896,0.006914796,3.434772697,100648.3962,322.2768363,123.8455739,67.65250397,0.633584857,29.20000458,22,41,37,1.399999976,29,37,34,1.350000024,550,0.015,40.68281264,129.6632918,101,0,Chalk,loam,clay loam
1108,Annual,465875,394485,TRUE,-26.68634,-0.37622833,-0.10970591,0.043515731,0.6314211,0.27425438,15.9485157,1.14080318,58,1.677382257,1.492025901,283.4995453,7.156845677,0.006579475,4.426667459,101235.2385,322.2517657,118.1553756,13.0235157,0.403234452,5.899999619,9,77,14,1.600000024,17,67,16,1.480000019,33,0.01,4.544586257,237.4103281,1001,951.838562,Triassic Sandstone,sandy loam,sandy loam
1116,Annual,448265,182115,TRUE,-60.616447,-0.39223146,0.8998226,0.888625441,2.3461978,0.65937597,18.59429013,3.195335229,1790,1.928587077,1.508349053,283.484928,7.847316624,0.006667576,4.278270928,99721.26153,321.0259069,122.5679767,128.5601501,9.193787575,5,22,42,36,1.399999976,25,41,34,1.379999995,550,0.015,24.66242409,85.62966978,51,0,Chalk,loam,loam
1119,Multiannual,489605,366055,FALSE,0.6235705,0.78689176,0.8078354,0.802359791,0.9775323,0.91065496,1.823101157,0.301510467,55,1.765881716,1.448243667,283.6026688,7.722836944,0.006616665,3.734681803,101215.3865,322.3556118,117.9038941,14.35382843,0.322075784,2.600000381,9,78,13,1.600000024,23,64,13,1.429999948,20,0.0015,11.89563303,324.7935385,751,53568.56641,Triassic Sandstone,sandy loam,sandy clay loam
1120,Multiannual,467865,184125,TRUE,-3248.046,-6.457838,0.022911165,-0.026149421,0.63882625,8.384741,96.9608508,0.621193743,60,1.97918948,1.494719108,283.3155686,7.847316624,0.006605555,4.249807232,99381.40904,319.9113446,121.4797577,175.2158508,1.004248977,36,24,48,28,1.399999976,34,41,25,1.330000043,520,0.005,6.567861314,136.8136205,251,0,Chalk,sandy clay loam,clay loam
1121,Annual,490105,327025,FALSE,-806.32556,-0.31584632,0.2918945,0.365558984,2.0155165,1.4458321,24.5160111,0.877439935,50,1.860021908,1.48176485,283.1015493,8.170701117,0.006472129,4.434378126,99901.16379,319.867742,118.1588517,120.8214111,1.687005043,7,48,23,29,1.25,45,26,29,1.25999999,130,0.0005,12.77346886,48.53513458,751,0,Oolites,clay,clay
1127,Annual,614960,318020,TRUE,-2.8635116,-0.5711124,0.53007114,0.619001726,2.3528154,0.3538865,0.544602579,0.417539538,54,1.833954,1.524362692,283.7946855,7.324315532,0.006742174,4.6041263,101112.0179,320.881002,121.3421254,22.50034332,3.509184361,6.600000381,19,37,44,1.409999967,31,31,38,1.330000043,550,0.015,86.31138267,210.7575057,1001,0,Chalk,loam,clay loam
1137,Annual,451585,142555,TRUE,-22.953547,-1.1067343,0.75398785,0.865943288,0.8200095,3.0845673,28.31822113,1.19836968,60,2.144578313,1.504809799,283.7981751,8.427272862,0.0067968,4.239339465,100222.1558,321.7425298,122.9882305,103.2318878,0.530748069,0,22,42,36,1.399999976,25,41,34,1.379999995,550,0.015,40.77424346,80.82547211,1,0,Chalk,loam,loam
1148,Annual,426272,162664,TRUE,-1544.4113,-5.776655,0.44284263,0.501828887,3.3363018,7.336758,8.740033829,0.52773921,56,2.069989052,1.462645775,283.5670051,8.146276078,0.006724043,4.320162958,99803.27118,321.4690697,118.869378,134.1864624,2.322672129,7.199996948,19,37,44,1.409999967,0,0,0,0,550,0.015,28.55248564,37.85776454,51,21.31223869,Chalk,loam,
1162,Annual,501855,369645,FALSE,-43.204414,0.020551741,0.27984422,0.299471658,1.3041167,1.5900944,10.68124724,0.503840529,57,1.787513694,1.507286979,283.492946,7.04030681,0.006592978,4.551786094,100955.7545,321.6429786,119.0776428,28.30405426,1.862667084,10.60000038,49,19,32,1.24000001,51,18,31,1.230000019,130,0.0005,0.661048557,678.2816251,751,0,Oolites,clay,clay
1163,Annual,571006,337418,TRUE,-355.2666,-0.2495898,0.040148914,0.034591817,0.21389472,0.85100776,15.27175762,0.637520041,45,1.697590368,1.547305179,283.6381785,7.787020949,0.006670339,4.961812864,101016.8128,321.0253796,121.5975018,29.77820206,1.814736485,0.799999237,10,82,8,1.590000033,17,75,8,1.5,550,0.015,47.38454032,123.8243224,1001,0,Chalk,loamy sand,sandy loam
1172,Annual,607856,150448,TRUE,-75.88105,-0.3023175,0.34919512,0.398492066,0.25413308,0.1537339,25.99082699,2.224207692,59,2.048849942,1.397401661,284.1926862,7.604655088,0.007009192,3.745461935,100710.5185,321.9514131,118.168885,56.79218292,3.96509099,12.20000076,19,37,44,1.409999967,0,0,0,0,550,0.015,23.97593657,109.3453851,1001,0,Chalk,loam,
1173,Annual,550640,105680,TRUE,-1418.7675,-5.340962,0.81305325,0.859204118,5.0663943,5.861829,5.931654117,0.64604617,58,2.288335156,1.420448091,284.2140546,6.103997887,0.007069991,3.406261182,100797.9164,321.9880986,124.371846,47.4276886,2.672615528,21.30000114,19,37,44,1.409999967,0,0,0,0,300,0.03,6.376480789,145.4687871,1,16.13020897,Lower Greensand,loam,
1184,Annual,555265,133204,FALSE,-190.65146,-37.943134,0.6784409,0.65619784,39.941902,1.0518953,0.317614358,0.895018738,57,2.384665937,1.35361867,283.8898683,8.545290384,0.006887331,3.471657953,100248.2565,320.6666146,116.146227,94.75866699,4.947782516,27.80000305,19,37,44,1.409999967,31,31,38,1.330000043,50,0.00014,0.140267282,253.3048114,251,0,Corallian Limestone,loam,clay loam
1188,Decadal,513965,422615,TRUE,-54.964653,-0.3170098,0.37377137,0.304723832,2.1016607,1.3587528,1.466238084,0.219541531,58,1.826451256,1.479955517,283.4126912,6.699781022,0.006609578,4.729513421,101065.8884,321.1047,118.7148404,2.818824291,5.304968357,1.699999928,21,36,43,1.389999986,23,34,43,1.379999995,550,0.015,16.91419058,108.5612305,1001,0,Chalk,loam,loam
1205,Multiannual,378375,263555,TRUE,-242.18184,-5.778327,0.051833898,0.058021844,1.3009564,7.704951,19.34920091,0.429747629,54,1.967196058,1.449836077,283.7303559,7.772891658,0.006745798,3.73672563,100561.321,324.1083135,119.3125517,74.10975647,1.855733633,24.69999695,20,42,38,1.409999967,20,45,35,1.419999957,33,0.01,2.954942012,80.04593518,251,0,Triassic Sandstone,loam,loam
1213,Annual,510601,471998,TRUE,-23.85505,-0.034671307,0.08084452,0.083084684,1.4732177,0.9580114,28.41923099,2.798601321,58,1.985815989,1.453148383,282.8519702,6.475027417,0.006481285,4.801826415,100218.1602,318.3489285,121.5908242,53.82492065,3.827138662,12.09999847,22,42,36,1.399999976,25,41,34,1.379999995,550,0.015,2.826764407,107.7101571,51,0,Chalk,loam,loam
1225,Annual,625064,162957,TRUE,-0.7829025,0.18734872,0.47240818,0.451763777,1.2650517,0.44161367,1.138985422,0.301119838,58,1.553943046,1.501862843,284.4996507,6.701862052,0.007083349,3.921498144,101269.6844,323.266958,124.2637926,2.313640594,0.435338795,1.600000143,21,36,43,1.389999986,23,34,43,1.379999995,90,0.001,45.04572698,117.5688221,1001,0,Carboniferous Limestone,loam,loam
1230,Multiannual,487499,432648,TRUE,-70.64708,-5.700265,-0.015088122,0.023064444,7.6205225,0.8211045,0.56786955,0.449524055,59,1.800876236,1.421964988,283.3683797,7.297097527,0.006565926,3.814153364,101269.0872,321.2171228,117.9826473,4.572106838,0.349703312,1.5,5,89,6,1.700000048,5,89,6,1.700000048,33,0.01,3.387989213,95.04033598,51,483.192627,Triassic Sandstone,sand,sand
1241,Multiannual,511985,425405,TRUE,-377.724,-1.4702654,0.22128375,0.223627541,3.3294282,0.73621804,2.213705811,0.265403301,58,1.802902518,1.47494532,283.4056387,6.699781022,0.006606416,4.720487149,101077.3147,321.0925125,118.2864051,3.122843742,8.254410744,0,47,14,39,1.230000019,45,15,40,1.24000001,550,0.015,14.99700005,883.7346446,1001,0,Chalk,clay,clay
1247,Annual,430498,148712,TRUE,-4.0290504,-0.26840937,0.56143737,0.539054339,0.20541617,0.11390656,7.083758108,2.764997289,1826,2.060788602,1.462571392,283.8691295,8.146276078,0.006822538,3.542725428,100349.3256,322.5749903,123.0112492,89.80073547,0.851353943,0,19,37,44,1.409999967,0,0,0,0,550,0.015,29.09831394,201.7682076,1,0,Chalk,loam,
1248,Annual,559069,102106,TRUE,-212.35097,-6.09377,0.38711247,0.516114155,7.9730177,2.1502573,0.963584916,0.464334161,58,2.30739321,1.367500191,284.1749,6.103997887,0.007089103,3.415595903,100716.2319,321.8057677,120.8140508,24.84513664,3.924776554,4.5,21,44,35,1.409999967,25,40,35,1.370000005,300,0.03,6.219926599,1516.437549,1,0,Lower Greensand,loam,loam
1263,Decadal,503785,304255,FALSE,-35.026836,-1.181134,0.54729986,0.45289811,0.6089282,3.0974982,6.480283459,0.472043556,58,1.684775466,1.506018678,283.49571,7.961938764,0.006583093,4.443640649,100513.7747,321.3457343,118.0642714,78.46942139,0.586743414,5.900001526,22,42,36,1.399999976,0,0,0,0,130,0.0005,1.977816774,329.7249332,101,0,Oolites,loam,
1275,Decadal,570128,168950,TRUE,-28902.768,-25.182247,-0.7237843,-0.701043621,0.39278337,27.118477,80.84536057,0.292704062,59,1.743921138,1.534658034,283.8574099,8.545290384,0.006800461,4.367081154,100266.9837,320.6012955,123.978168,102.1007843,3.863007307,27.69999695,10,75,15,1.580000043,15,68,17,1.50999999,90,0.001,23.17617137,1124.09674,251,0,Chalk,sandy loam,sandy loam
1278,Annual,523470,127695,FALSE,-155.85646,-4.8838453,0.4633379,0.48966911,6.859248,0.9702275,1.550535551,0.727813612,54,2.266922234,1.48190899,283.9512025,8.550876397,0.006883135,4.165065835,100451.0517,321.1236893,122.5395065,89.89442444,0.510534406,5.699996948,19,37,44,1.409999967,31,31,38,1.330000043,50,0.00014,0.486447137,147.5683248,1,0,Corallian Limestone,loam,clay loam
1281,Annual,502675,315495,FALSE,-46.29005,-0.18369341,0.56254065,0.757638724,0.15985994,0.2901241,11.85889542,1.460557669,54,1.68044907,1.484838837,283.6770585,7.961938764,0.00663459,3.704363084,100976.3347,322.2920951,120.3740155,36.36389542,1.95681572,6.800001144,22,42,36,1.399999976,0,0,0,0,130,0.0005,5.853806088,71.84249205,101,0,Oolites,loam,
1283,Multiannual,450673,84385,TRUE,-0.43666768,-0.17406392,-0.043132782,-0.031682094,0.98034763,0.46156418,11.76527856,0.539303308,51,2.318400876,1.450044714,284.2345835,6.406078896,0.007002057,4.184766015,100881.3354,322.3797764,119.7931858,48.01959229,4.367772579,17.5,5,90,5,1.710000038,8,87,5,1.629999995,300,0.03,61.54241329,196.2433767,251,0,Lower Greensand,sand,loamy sand
1287,Annual,535485,383995,FALSE,-1195.5421,-1.2090626,0.77070653,0.786346097,2.6040068,2.5015187,11.79967348,0.547936704,58,1.909583785,1.449662251,283.4241764,6.437349428,0.006615252,4.05492563,100937.419,320.8302399,119.4017201,41.1374321,3.029834032,11.39999962,19,37,44,1.409999967,31,31,38,1.330000043,550,0.015,8.016995428,185.9168101,751,0,Chalk,loam,clay loam
1288,Annual,459155,116855,TRUE,-320.24918,-7.468812,0.8554443,0.862752187,0.89500254,9.466956,50.43977937,0.337100834,60,2.447754659,1.505698659,283.9862379,6.406078896,0.006883119,4.198103617,100458.8938,321.9170814,124.0356887,95.25094604,1.945623159,17.80000305,19,37,44,1.409999967,0,0,0,0,550,0.015,43.26127366,166.2842116,101,0,Chalk,loam,
1297,Multiannual,584646,165511,TRUE,-71.10751,-0.1715734,0.563595,0.501931584,0.16559632,0.3029311,11.50806925,1.13673649,1826,1.630996715,1.467150952,284.3413684,7.604655088,0.006965681,3.668293438,101096.889,322.7417185,120.9758948,20.91371155,0.892462194,3.900000572,22,41,37,1.399999976,29,37,34,1.350000024,90,0.001,26.13188154,908.7868396,251,0,Chalk,loam,clay loam
1305,Multiannual,631670,143580,TRUE,-9890.953,-6.065414,0.03702504,0.045129939,1.1252346,7.998435,86.6781277,0.109499334,48,2.530668129,1.493128418,283.9377678,6.701862052,0.007022198,4.638026816,100080.7995,320.886475,127.0772802,113.3543777,6.96902132,72.8999939,24,48,28,1.399999976,34,41,25,1.330000043,550,0.015,39.53760932,651.6284393,1001,0,Chalk,sandy clay loam,clay loam
1316,Multiannual,467605,138425,TRUE,-2788.928,-6.5484853,0.43901432,0.426770012,0.8074606,8.525175,87.72500019,0.323638959,51,2.498357066,1.431196834,283.3212277,8.427272862,0.006656841,4.205014341,99242.29843,319.1242066,118.1215037,203.2140198,0.598684549,33.19999695,24,48,28,1.399999976,34,41,25,1.330000043,550,0.015,34.88576776,270.5367473,501,0,Chalk,sandy clay loam,clay loam
1319,Multiannual,501005,342705,TRUE,-47.967873,-0.12740445,0.60929,0.805824127,0.30325255,0.20443182,7.125443053,0.715279108,56,1.744961668,1.44691948,283.4983112,8.170701117,0.006587105,3.744101973,100836.1177,321.6099672,117.9596635,25.95133591,0.453415215,0.099998474,22,42,36,1.399999976,0,0,0,0,130,0.0005,3.800509939,94.38131244,751,0,Oolites,loam,
1328,Annual,423855,132955,TRUE,-157.48685,0.2762317,0.8452473,0.834920098,0.41704085,0.59993666,79.68959097,3.694173305,58,2.230558597,1.437490572,283.6951092,8.146276078,0.00678956,4.307337063,99935.95579,321.5766908,117.3143516,148.647522,2.809558868,23.6000061,19,37,44,1.409999967,0,0,0,0,550,0.015,15.5432162,74.76979946,1,0,Chalk,loam,
1336,Multiannual,624293,151559,TRUE,-26.251177,-0.73366606,-0.4495306,-0.363468574,0.786847,1.926837,34.58270599,1.616050148,56,2.122343922,1.487065651,284.1268794,6.701862052,0.007022541,4.621803018,100485.7319,321.6398566,122.4568189,64.09395599,4.271600246,5.599998474,10,82,8,1.590000033,17,75,8,1.5,550,0.015,37.23337844,187.7881529,1001,0,Lower Greensand,loamy sand,sandy loam
1341,Annual,397025,210385,TRUE,-1.7019994,0.55836356,0.7144605,0.706499898,1.1205844,0.6854072,6.724490162,0.545250338,61,2.586801751,1.484328668,282.7817332,7.50607898,0.00648662,5.195121099,98385.06281,318.9102481,119.7348766,243.6651459,2.992846012,23.5,22,42,36,1.399999976,0,0,0,0,184,0.02,1.678697565,33.37152019,51,0,Oolites,loam,
1343,Annual,503235,374265,FALSE,-30.120886,-0.026753426,0.76914096,0.724281043,0.38775015,0.2087501,9.642291206,1.070738482,59,1.87447974,1.456145362,283.5658146,7.04030681,0.006616438,3.815899048,101151.4736,321.9640027,118.8017916,21.40161324,0.873354197,9.400000572,19,37,44,1.409999967,31,31,38,1.330000043,0.1,0.06,1.437522924,392.8630863,751,0,Oolites,loam,clay loam
1345,Annual,430885,133395,TRUE,-353.40436,-15.187441,0.38055962,0.488674297,17.097565,2.5877168,0.196356353,0.169275077,47,2.227601314,1.477095431,284.1719191,8.146276078,0.006926489,3.530401978,100901.2953,323.7050627,123.7866546,38.81912231,1.61992836,0,19,37,44,1.409999967,0,0,0,0,550,0.015,22.51909733,45.24184227,1,11145.44238,Chalk,loam,
1346,Annual,458945,127395,TRUE,-453.7735,-12.366732,0.78162,0.728990477,14.241631,2.811514,0.734855127,0.458574192,44,2.468674702,1.419251677,283.9374278,8.427272862,0.006854007,3.455233726,100447.0489,321.9589514,120.1733385,73.6625824,4.116621017,0,24,48,28,1.399999976,34,41,25,1.330000043,550,0.015,42.61778968,85.32159528,1,0,Chalk,sandy clay loam,clay loam
1355,Annual,444882,169724,TRUE,-1514.5785,-9.172092,-0.21995771,-0.247976868,10.048381,5.4844494,1.20585421,0.283418923,1799,1.893483021,1.470126025,283.847753,8.427272862,0.006787736,3.521754678,100443.8588,322.6035254,122.7023114,85.04135895,4.692727089,0,24,48,28,1.399999976,34,41,25,1.330000043,550,0.015,29.70397619,427.0597198,51,0,Chalk,sandy clay loam,clay loam
1361,Annual,441855,143655,TRUE,-397.17383,0.05929494,0.4823349,0.516688446,1.7490994,1.2362214,11.21467505,0.421715544,60,2.021358159,1.474530386,284.0825743,8.427272862,0.00688399,3.508529473,100803.961,323.2901883,123.5258458,63.66067505,0.945257425,12.70000076,22,41,37,1.399999976,29,37,34,1.350000024,550,0.015,36.06548122,192.8249192,1,19.00874901,Chalk,loam,clay loam
1364,Annual,489362,181621,TRUE,-7.046421,0.37076873,0.4996575,0.529758221,0.627965,1.0847331,2.323953009,0.32786956,1665,1.639978096,1.466844101,284.2374389,8.154764635,0.006868499,3.476664664,101234.7095,323.8321836,120.0094471,23.58108902,0.162770733,0.800001144,22,41,37,1.399999976,29,37,34,1.350000024,550,0.015,15.98063531,1243.198947,251,0,Chalk,loam,clay loam
1377,Annual,397812,209071,TRUE,-612.13477,0.11747676,0.29902098,0.343696805,0.47687173,1.1175292,16.79161081,0.355208188,61,2.464238776,1.469729264,282.8757479,7.50607898,0.006513683,4.435855198,98566.54768,319.3296787,121.6512503,219.9648895,3.632209301,51.80000305,22,42,36,1.399999976,0,0,0,0,184,0.02,2.86389235,33.8351016,51,0,Oolites,loam,
1384,Annual,500050,174076,FALSE,-0.19118261,0.3043089,0.33225614,0.299230954,0.96974725,0.80715907,2.061384628,0.226147632,52,1.621686749,1.467400517,284.3043645,8.449890581,0.006894551,3.467859627,101376.2398,323.8632812,120.3159972,16.94869232,0.473169565,2.800001144,22,41,37,1.399999976,29,37,34,1.350000024,100,0.005,17.33083025,1196.936635,251,0,Chalk,loam,clay loam
1386,Decadal,547246,173338,TRUE,-1099.5326,-5.6501055,0.43638027,0.332892942,2.0813627,7.5373945,4.60670438,0.153784395,50,1.600383347,1.455939155,284.2654206,8.545290384,0.006893579,3.541493023,101153.2139,322.8776972,119.3709887,24.30730438,2.700993538,0,10,82,8,1.590000033,17,75,8,1.5,100,0.005,6.761473924,3503.327754,1,67.25927734,Chalk,loamy sand,sandy loam
1388,Annual,591599,341350,FALSE,-101.6089,0.30964738,0.6762166,0.671822155,0.7502065,1.5561979,36.82640666,0.914015167,1517,1.824479731,1.526651085,283.5693855,7.787020949,0.006681616,5.195529604,100918.4185,320.42876,120.1761505,47.50023651,0.688787043,17.40000153,8,76,16,1.610000014,8,76,16,1.116897106,550,0.015,60.27688877,40.03362612,5001,0,Chalk,sandy loam,sandy loam
1393,Annual,545455,381985,FALSE,-41.220596,-0.26103222,0.117983885,0.09102845,0.64177394,1.8270022,6.135425214,0.355078531,57,1.765826944,1.502680764,283.5615616,6.437349428,0.006665913,4.888855286,101205.7425,321.3323901,119.5689709,6.993144512,0.350915432,0.099999905,19,37,44,1.409999967,31,31,38,1.330000043,550,0.015,9.090558859,79.38593981,751,0,Chalk,loam,clay loam
1420,Annual,406000,137004,TRUE,-4042.2288,-11.7400255,0.25762415,0.356161053,12.78424,5.78427,1.493775857,0.277920099,1759,2.126396493,1.483177179,283.8894164,8.146276078,0.006856763,3.617101897,100339.365,322.9044497,125.6715817,66.22968292,4.088888645,6.900001526,22,41,37,1.399999976,29,37,34,1.350000024,550,0.015,5.440940073,51.01023031,51,0,Chalk,loam,clay loam
1437,Multiannual,341957,356451,TRUE,-1.4559929,0.16535753,0.43043366,0.40054305,1.0150019,1.609919,16.49589872,0.494859931,51,1.729791892,1.40308878,283.6600631,6.877820409,0.006696642,3.755785749,101041.5716,324.4784058,115.4967803,25.7278595,3.919634581,16,19,37,44,1.409999967,31,31,38,1.330000043,33,0.01,1.108528517,83.78111193,1,0,Triassic Sandstone,loam,clay loam
1440,Annual,396629,102247,TRUE,-0.48343372,0.33144826,0.82735646,0.800370942,0.8459656,0.37276086,23.81127882,3.740866694,1803,2.406736032,1.532075987,284.1866172,7.90585989,0.006981642,4.36898228,100762.6183,323.6938256,126.1813935,50.6910553,1.629632354,12.79999924,22,42,36,1.399999976,25,41,34,1.379999995,550,0.015,15.40605869,150.7062285,101,0,Lower Greensand,loam,loam
1443,Annual,551861,103777,TRUE,-850.64716,-2.5224288,0.68526185,0.661375178,1.7584293,4.4253864,28.57808355,0.749121404,58,2.294742616,1.506324368,284.2133006,6.103997887,0.007079603,4.159960357,100795.458,321.9698312,128.276424,31.72394562,11.9659481,19.59999847,19,37,44,1.409999967,0,0,0,0,550,0.015,7.321992327,246.8699212,1,0,Chalk,loam,
1452,Annual,418290,136086,TRUE,-0.5168346,-0.040064454,0.8961366,0.927679461,0.97733337,2.034626,1.565837453,0.230362034,54,2.191894854,1.485369783,284.0229469,8.146276078,0.00688715,3.570627257,100609.2804,323.2827235,125.075903,61.99250412,1.708024144,4.799999237,19,37,44,1.409999967,0,0,0,0,550,0.015,11.66632879,141.3178244,51,0,Chalk,loam,
1458,Multiannual,472475,183405,TRUE,-46.60601,-0.810339,-0.11199684,-0.08125233,0.8636519,2.4220424,61.51928129,1.323007524,57,1.894085435,1.533566762,283.7404122,8.154764635,0.006727853,4.243603833,100250.9754,321.8168501,123.4501529,104.9206848,3.021537542,29.69999695,24,48,28,1.399999976,34,41,25,1.330000043,550,0.015,3.607720418,258.7297093,251,0,Chalk,sandy clay loam,clay loam
1461,Annual,587342,278990,TRUE,-13.811833,-0.035037875,0.64824957,0.751404267,1.1066192,1.9675812,21.4259125,0.646352168,46,1.714293539,1.509715356,283.9979954,8.134556528,0.006741229,4.128603714,101339.2914,321.8409107,119.2497667,36.37960815,2.490457535,26.60000229,8,76,16,1.610000014,8,76,16,1.150323987,550,0.015,63.39277536,207.6141273,5001,282.1756287,Chalk,sandy loam,sandy loam
1465,Annual,548195,155345,TRUE,-48.73962,-3.9708595,0.45812607,0.507990261,1.2779164,5.9334574,2.171011775,0.138528809,1823,2.113964943,1.43626209,283.9312743,8.545290384,0.006833629,3.502545777,100402.0838,321.1067441,120.8176875,84.11367035,1.761345148,0.699996948,10,75,15,1.580000043,15,68,17,1.50999999,270,0.0006,9.430721288,279.5529186,1,17611.11133,Lower Greensand,sandy loam,sandy loam
1466,Annual,553475,373645,FALSE,-25.265226,0.04173875,0.56758916,0.572492755,0.14845823,1.0785018,1.568019195,0.265320628,58,1.783844475,1.514802847,283.6236078,6.437349428,0.006685255,4.932020018,101248.1503,321.4722765,120.0466768,1.940605402,0.485084295,0.399999976,49,19,32,1.24000001,47,21,32,1.24000001,550,0.015,12.50435416,105.0168448,751,0,Chalk,clay,clay
1470,Decadal,508045,413785,FALSE,-125.09338,-0.09487867,0.8135108,0.830088801,0.1448362,0.34221917,17.84662733,1.362154725,52,1.918784224,1.475845766,283.2445352,6.699781022,0.006548695,4.668534313,100632.1306,320.4009045,118.5616257,31.70797348,1.176731825,0,19,37,44,1.409999967,0,0,0,0,550,0.015,10.28462951,69.24746904,1001,0,Chalk,loam,
1491,Annual,629110,140204,TRUE,-23.992342,0.38768172,0.7491808,0.757897904,0.5045193,1.2579193,40.84597592,4.10600388,1744,2.452245347,1.56740195,283.9457164,6.701862052,0.007031803,5.357138362,100099.1274,320.9521434,130.5983468,63.71123505,4.14731741,5.099998474,24,48,28,1.399999976,34,41,25,1.330000043,550,0.015,35.93698372,766.5015969,1001,0,Chalk,sandy clay loam,clay loam
1501,Annual,505012,466985,TRUE,-15.843657,0.5429777,0.7974355,0.70152983,0.5938353,0.94645405,28.52215623,2.855646991,59,2.092935369,1.474497442,282.7461666,6.475027417,0.006436251,4.742489583,99949.22923,317.9373928,123.4618734,56.59757996,3.192923784,2.200000763,19,37,44,1.409999967,0,0,0,0,550,0.015,6.863826436,35.30463929,51,0,Chalk,loam,
1536,Annual,507345,305125,FALSE,-6.789075,0.28371722,0.56154865,0.620216862,0.8270714,1.5393698,8.866930476,0.618391016,57,1.688663744,1.461440902,283.7933474,7.961938764,0.006667288,3.70450101,101126.3681,322.685949,117.6341048,40.23517609,6.61888504,19.20000076,22,42,36,1.399999976,0,0,0,0,130,0.0005,0.364350137,187.2662861,101,89935.02344,Oolites,loam,
1559,Annual,449255,128455,TRUE,0.26676017,0.19537026,0.75280213,0.758604281,0.94844437,0.23602115,2.428662992,0.690434159,61,2.346495081,1.436137816,284.2172814,8.427272862,0.006937404,3.475700059,101019.3153,323.4645952,120.5751965,37.68784332,0.709595144,0,19,37,44,1.409999967,0,0,0,0,550,0.015,40.54547477,569.7507667,1,0,Chalk,loam,
1563,Annual,549501,100648,TRUE,-3803.6665,-50.005898,-0.054828033,0.079455401,0.78783774,51.994728,45.39945294,0.291144366,58,2.037897037,1.470111083,284.2310347,6.103997887,0.007091747,4.151607167,100831.0769,322.0222289,125.5889905,46.54876328,9.980051041,16.40000153,22,42,36,1.399999976,25,41,34,1.379999995,550,0.015,11.19494565,561.2206574,1,0,Chalk,loam,loam
1565,Annual,412060,117120,TRUE,0.09859121,0.6469758,0.7374963,0.692192939,1.2348028,1.0242157,0.79571781,0.310061605,53,2.393154431,1.484198443,284.1840513,7.617962865,0.006957113,3.576666442,100827.3794,323.7557515,125.1570627,39.99062347,1.54231143,0,51,17,32,1.220000029,52,19,29,1.230000019,550,0.015,12.73805174,77.76431989,51,0,Chalk,clay,clay
1570,Annual,502455,109865,TRUE,-197.22427,-2.2086425,0.7566528,0.705703195,1.191248,4.193695,20.62634691,0.289255677,58,2.364129243,1.440056602,284.3755242,6.336254195,0.007031188,3.382600119,101221.097,323.0182881,122.8353267,21.70669174,3.241278172,20.29999924,47,14,39,1.230000019,45,15,40,1.24000001,550,0.015,14.0439964,103.8025122,1001,0,Chalk,clay,clay
1608,Annual,443955,152555,TRUE,0.6365756,0.47557253,0.94564116,0.931162569,0.98481447,0.47861868,40.12054382,3.063424967,62,2.128203726,1.452619278,283.6591705,8.427272862,0.006749147,3.510927794,99985.0093,321.4238321,122.970451,123.2192535,8.589391708,5.700004578,11,35,54,1.49000001,20,37,43,1.399999976,550,0.015,38.57992007,85.67096466,1,199.7364655,Chalk,silt loam,loam
1609,Annual,498295,341675,TRUE,-10797.974,-1.9176011,0.5888822,0.630572456,0.045252796,3.7261543,26.96994419,0.247906674,55,1.762650605,1.489719359,283.2759668,8.170701117,0.006523837,4.489371421,100375.6933,320.5892513,118.1666407,88.3250351,1.883364201,2.400001526,22,42,36,1.399999976,0,0,0,0,130,0.0005,1.89818681,49.89268305,751,0,Oolites,loam,
1633,Annual,431755,135155,TRUE,-45.147076,0.6628034,0.890912,0.880433671,0.6839868,0.9559893,33.89406238,1.580336256,59,2.128587074,1.45159856,284.0100438,8.146276078,0.006876052,3.529196651,100580.9221,322.9627438,122.2558267,76.06423187,0.712786376,11.89999771,22,41,37,1.399999976,29,37,34,1.350000024,550,0.015,23.7391649,47.34218074,1,0,Chalk,loam,clay loam
1638,Annual,635152,155598,FALSE,-0.34852266,0.3554693,0.6624087,0.656475085,1.0085815,1.5489861,0.973659331,0.232742866,53,1.781544358,1.530137804,284.5093505,6.701862052,0.007145965,4.728671886,101247.6273,323.4175325,124.381471,0.914414048,2.304973364,0,22,41,37,1.399999976,29,37,34,1.350000024,550,0.015,48.37588578,548.7289604,1001,0,Lower Greensand,loam,clay loam
1640,Annual,515985,406085,FALSE,-40.450554,-0.004511952,0.30165327,0.59328186,1.6534996,0.6929264,38.13888631,3.921794271,58,1.873493974,1.46742791,283.2079368,6.699781022,0.00654484,4.710947379,100500.465,320.1222404,117.7764724,62.30216217,2.16786623,20.59999847,22,42,36,1.399999976,25,41,34,1.379999995,550,0.015,4.640447989,59.36310269,1001,0,Chalk,loam,loam
1648,Annual,493325,420065,FALSE,-3.9485478,-0.13296378,0.6201018,0.664573674,0.3895106,0.124450564,6.974872194,2.106156453,58,1.8415115,1.479482541,283.333777,7.297097527,0.006559449,4.58948178,101094.6437,321.0041808,118.9917885,24.36832047,1.797225356,12.89999962,22,42,36,1.399999976,0,0,0,0,130,0.0005,4.659290389,136.1320185,1001,0,Oolites,loam,
1669,Annual,496135,403075,FALSE,-30.013155,0.39120722,0.6908429,0.704401475,0.5768594,0.6901599,3.503369411,0.268465771,58,1.866867468,1.488942075,283.3767021,7.297097527,0.006568365,4.581315447,101027.8334,321.1894642,119.0575905,26.03285217,1.582030296,3.199998856,22,42,36,1.399999976,0,0,0,0,130,0.0005,5.274913122,89.38209795,1001,0,Oolites,loam,
1690,Annual,458525,132895,TRUE,-13.075408,-0.19083631,0.73435783,0.762549601,1.1937282,2.1445618,3.197584766,0.181676672,55,2.2898138,1.418848535,283.9938669,8.427272862,0.006864325,3.459979984,100578.7684,322.335957,119.4353576,67.40322113,3.742405415,3.100002289,19,37,44,1.409999967,0,0,0,0,550,0.015,43.26567455,87.47982643,1,90.63555908,Chalk,loam,
1719,Annual,535185,379535,FALSE,-536.90967,-0.29913533,0.63767505,0.6708349,2.2417889,0.8798589,21.8647021,1.171385919,60,1.996276009,1.508189273,283.2407982,6.437349428,0.00655937,4.796708693,100516.1053,319.9478316,121.4633747,72.59986877,6.448134422,11.60000229,22,42,36,1.399999976,25,41,34,1.379999995,550,0.015,3.552481927,22.51102936,751,220.9683838,Chalk,loam,loam
1722,Annual,497225,398725,FALSE,-67.422676,0.23211437,0.43477383,0.45451961,0.49320018,0.8845835,6.432804739,0.397078754,55,1.837458927,1.443150352,283.4741053,7.722836944,0.00659465,3.823568805,101251.3415,321.6378672,118.79076,15.42171383,0.716881156,2.600000381,22,39,39,1.389999986,28,37,35,1.350000024,130,0.0005,2.238398647,67.52358219,1001,1720.647095,Oolites,loam,clay loam
1726,Annual,504315,345355,TRUE,0.27082622,0.20027697,0.6691035,0.603720634,1.0442579,0.27329138,4.057757427,1.263388785,60,1.722289158,1.464180146,283.6783568,7.961938764,0.006639721,3.767594291,101243.4363,322.4029292,118.7531511,19.18209076,1.769720435,4.600000381,54,22,24,1.230000019,44,34,22,1.279999971,130,0.0005,6.934636665,288.2825871,751,0,Oolites,clay,clay
1744,Annual,502495,373225,FALSE,-367.5623,-0.07221544,0.87064755,0.863689229,0.1617838,0.34402215,17.70252392,0.773467333,54,1.907119389,1.507462751,283.5314608,7.04030681,0.00660576,4.564178812,101071.6133,321.8159144,119.0147422,25.37289429,0.305419207,5,22,39,39,1.389999986,28,37,35,1.350000024,184,0.02,0.613468056,570.8215199,751,0,Oolites,loam,clay loam
1755,Annual,506425,354925,TRUE,-1.9095101,-0.10374546,0.61035013,0.66922206,0.50100857,0.095879264,7.176696073,2.521309915,41,1.687897042,1.515263658,283.6241007,7.04030681,0.006627826,4.549889838,101087.6937,322.1420353,118.694041,25.66035461,1.87886703,6.099998474,49,19,32,1.24000001,51,18,31,1.230000019,0.1,0.06,10.56315477,79.50830491,751,0,Oolites,clay,clay
1767,Annual,495005,414325,FALSE,-4.3595424,0.23831332,0.33964768,0.353724756,0.8023952,0.675881,7.894322165,0.746924988,58,1.836746985,1.437189088,283.3638468,7.297097527,0.006566746,3.831050033,101101.5429,321.1436408,119.0162232,14.91863251,0.766047359,12.10000038,22,39,39,1.389999986,28,37,35,1.350000024,130,0.0005,1.254223187,151.2916726,1001,0,Oolites,loam,clay loam
1768,Annual,555675,367865,FALSE,-2.3584344,-0.083998084,0.06567475,0.038753233,0.5669552,0.6615341,1.471374326,0.449683217,59,1.772946332,1.517217526,283.6556598,6.437349428,0.006690392,4.930369506,101254.3058,321.5615797,119.7435174,1.991882801,0.558163404,0.899999976,47,14,39,1.230000019,45,15,40,1.24000001,550,0.015,15.95448497,381.899042,751,0,Chalk,clay,clay
1777,Annual,417605,195685,TRUE,-0.67601705,0.002159178,0.34179807,0.377107503,1.4623845,0.4095277,0.955861592,0.497811172,61,1.778915664,1.445963154,283.8775091,7.806790904,0.006796464,3.609394862,100529.6286,323.6014534,119.4120647,73.83651733,0.182182804,1.599998474,51,17,32,1.220000029,52,19,29,1.230000019,0.1,0.06,4.880389444,162.0983382,251,0,Oolites,clay,clay
1783,Annual,418226,121962,TRUE,-146.35846,-2.9624321,0.485975,0.556297327,1.6077996,4.8816624,9.128858595,0.491823859,53,2.305969336,1.419485343,284.1593856,8.146276078,0.006940618,3.55794527,100831.9337,323.6233757,119.3818695,45.25753784,0.837823927,5.799999237,22,42,36,1.399999976,25,41,34,1.379999995,550,0.015,12.07723298,106.0939813,51,0,Chalk,loam,loam
1790,Annual,540406,245699,TRUE,-207.24487,-6.586831,0.7593769,0.758887015,3.2366168,8.245725,0.777212661,0.141100866,49,1.417853228,1.483443777,284.0780396,8.084611253,0.006757014,3.699817919,101236.1241,322.8468567,118.5719448,20.38333511,0.943191409,1.900001526,10,82,8,1.590000033,17,75,8,1.5,550,0.015,48.04681483,149.7262845,5001,0,Chalk,loamy sand,sandy loam
1804,Annual,505485,373565,FALSE,0.24837399,0.16528815,0.7552209,0.786045017,1.0620567,0.20440222,2.518920473,1.14667649,58,1.814950712,1.503888711,283.5997043,7.04030681,0.006627002,4.580608188,101212.4784,322.0905841,118.3241465,9.599437714,0.441551566,0,19,37,44,1.409999967,31,31,38,1.330000043,0.1,0.06,3.503309378,134.2769779,751,0,Oolites,loam,clay loam
1814,Annual,346005,445005,TRUE,-2.4468403,0.1280725,0.35200927,0.376447877,0.81508577,1.553334,1.580257512,0.275186112,1825,2.998411834,1.424510072,283.3767733,6.350821513,0.006544621,4.307058759,101224.4056,323.2189405,113.9721402,7.397148609,6.042413235,3.500000477,19,37,44,1.409999967,31,31,38,1.330000043,33,0.01,4.602332277,165.7888936,1,0,Triassic Sandstone,loam,clay loam
1822,Multiannual,498905,408765,FALSE,-0.28743327,-0.14177477,0.3683856,0.368660788,0.277968,0.3808222,0.513772293,0.57037939,58,1.779463311,1.435821625,283.461664,7.297097527,0.006596051,3.845803362,101249.7399,321.5572559,118.3021451,1.877617121,0.497081369,0.899999976,32,35,33,0.230985165,25,52,23,0.237838149,0.1,0.06,0.456683735,97.73974749,1001,0,Oolites,clay loam,sandy clay loam
1827,Annual,570359,129219,FALSE,-716.8493,-1.0718195,0.7628225,0.714021703,3.0570326,0.9307077,8.915647663,0.684719144,60,2.24780942,1.486735161,284.0393495,8.545290384,0.006970383,3.505539001,100528.1896,321.3026917,128.6491258,90.58781433,2.211167574,57.49999619,51,17,32,1.220000029,52,19,29,1.230000019,50,0.00014,1.949917663,109.1490641,501,0,Corallian Limestone,clay,clay
1831,Multiannual,518824,245735,FALSE,-242.54436,-0.92495966,0.6625149,0.648592579,2.5489728,2.0919204,1.551469263,0.154821945,44,1.45569551,1.474017493,284.0406205,8.083954113,0.006749029,3.619992147,101161.9352,323.1260385,118.3167271,26.36874199,0.512015283,3.400001526,22,41,37,1.399999976,29,37,34,1.350000024,270,0.0006,31.5252088,466.1033375,251,99.05208588,Lower Greensand,loam,clay loam
1832,Multiannual,470084,184289,TRUE,-26.856018,-2.1986454,-0.20178454,-0.175935939,1.0485528,3.9639006,76.95067844,1.209388819,59,2.001204821,1.524848953,283.5520225,8.154764635,0.006673431,4.247597588,99878.25301,320.9945246,123.5164794,140.0015259,1.280273199,13.6000061,11,35,54,1.49000001,20,37,43,1.399999976,550,0.015,5.245207607,134.5972932,251,0,Chalk,silt loam,loam
1841,Annual,608471,320417,TRUE,-45.970238,-16.686302,0.17218506,0.203629351,18.666842,0.89712495,0.083772564,0.219471115,56,1.880668124,1.54548363,283.791421,7.324315532,0.006736504,4.54008472,101129.7244,320.9804441,123.7519982,17.36073685,1.826531529,3.100000381,22,41,37,1.399999976,29,37,34,1.350000024,550,0.015,80.3206895,60.26367284,1001,0,Chalk,loam,clay loam
1846,Annual,436720,169680,TRUE,-3.0573425,0.36502057,0.94788885,0.932258664,1.1641303,1.6111847,10.42310053,0.912367072,58,1.86467689,1.461312441,283.6387501,8.427272862,0.006731848,3.541325023,100023.7039,321.7542514,122.8733392,105.4027557,5.0989604,4,24,48,28,1.399999976,34,41,25,1.330000043,550,0.015,36.44723537,92.0422958,51,0,Chalk,sandy clay loam,clay loam
1853,Annual,424055,188965,TRUE,-5681.1646,-35.771206,0.6078472,0.700732627,6.755727,37.316,2.478875725,0.216724592,59,1.734392113,1.449459336,283.7217817,7.806790904,0.006750157,3.588828741,100181.3795,322.682171,120.499642,98.55497742,2.517423868,11.79999542,51,17,32,1.220000029,52,19,29,1.230000019,0.1,0.02,13.86926816,118.5264337,51,0,Corallian Limestone,clay,clay
1869,Annual,516838,171678,FALSE,-7033.1455,-5.02179,0.56494254,0.553002348,4.240212,6.0570765,5.055942158,0.195760077,654,1.645673602,1.472075707,284.3886717,8.550876397,0.00692345,3.474823017,101503.6745,323.9266738,120.5902821,8.820140839,0.649184644,0.399999619,22,41,37,1.399999976,29,37,34,1.350000024,100,0.005,6.4696843,4102.804651,251,1.90979147,Lower Greensand,loam,clay loam
1872,Annual,470825,137595,TRUE,-44.929947,-0.7893561,0.88928676,0.881834387,2.7797647,1.1482457,7.740519458,2.038893839,57,2.409419495,1.509046086,283.7337197,8.449890581,0.006779409,4.199345262,100084.0597,321.0039701,123.9649516,112.5752563,1.243947744,3.900001526,19,37,44,1.409999967,0,0,0,0,550,0.015,32.08582271,318.1985187,501,0,Chalk,loam,
1876,Annual,421102,142370,TRUE,-44.319267,0.25944644,0.9247991,0.924584217,0.72471815,1.6833633,47.04541291,1.939240363,53,2.080175248,1.459549786,283.7827234,8.146276078,0.006808612,3.565722897,100148.804,322.2114861,123.3485524,126.701828,1.995380044,27.29999542,19,37,44,1.409999967,0,0,0,0,550,0.015,17.92170586,163.6386504,51,0,Chalk,loam,
1877,Annual,525462,109983,TRUE,-301.37402,0.24327517,0.45317334,0.637942445,1.4263803,1.303008,38.39461289,0.943815734,58,2.577272725,1.582653042,283.4681483,6.292935412,0.006784746,5.652352057,99354.69214,318.5731064,129.6836149,124.2071991,3.258602142,13.79999542,22,42,36,1.399999976,25,41,34,1.379999995,550,0.015,12.27812019,1000.675133,1,0,Chalk,loam,loam
1902,Annual,498585,385795,FALSE,-0.6400901,-0.10767996,0.50679314,0.521678946,0.5994751,0.09265137,8.211452911,3.86149925,58,1.787075573,1.490655489,283.4023732,7.722836944,0.006570865,4.563292961,100985.3829,321.2821345,118.6826794,32.75593567,1.897475481,4.899999619,49,19,32,1.24000001,51,18,31,1.230000019,184,0.02,10.40176301,52.99518779,1001,0,Oolites,clay,clay
1924,Annual,484125,177305,TRUE,-2.367753,0.42047113,0.5801262,0.577303514,0.6185662,0.8813924,5.177622408,1.221617169,61,1.662102958,1.456643937,284.1613596,8.449890581,0.006852315,3.473165737,101113.5737,323.5003442,119.7715371,37.09844208,0.138265237,6.299999237,22,41,37,1.399999976,29,37,34,1.350000024,550,0.015,9.922601804,531.2494858,251,0,Chalk,loam,clay loam
1927,Annual,474855,112455,TRUE,-90.40635,-1.0711815,0.67563766,0.76299024,0.49169213,2.9814663,51.00285457,2.802989581,59,2.434063526,1.445248136,284.1208434,6.336254195,0.006931723,3.41247087,100715.3753,322.2237408,123.6960327,85.85336304,6.021987438,23.30000305,19,37,44,1.409999967,0,0,0,0,550,0.015,29.50974965,383.3150305,101,0,Chalk,loam,
1931,Annual,445705,139405,TRUE,-5.208611,0.70334214,0.72362626,0.712219522,1.0971837,0.9533233,26.64633848,1.086615681,60,2.148959469,1.423588196,283.9974527,8.427272862,0.00686127,3.495117653,100614.6717,322.7324514,119.6145567,83.71517181,1.161425948,21.19999695,22,41,37,1.399999976,29,37,34,1.350000024,550,0.015,38.31026729,75.46708829,1,0,Chalk,loam,clay loam
1936,Annual,456955,137055,TRUE,-1965.2789,-1.6312342,0.86546326,0.897151494,1.6197059,3.5536873,21.71919722,0.304112481,59,2.21456736,1.4869098,283.8539233,8.427272862,0.006817356,3.468686793,100314.3309,321.8143846,125.9482034,96.34292603,5.602194786,22.59999847,19,37,44,1.409999967,0,0,0,0,550,0.015,43.02612793,79.66336867,1,0,Chalk,loam,
1946,Annual,517355,409105,FALSE,-0.6066412,0.20322323,0.316684,0.40772131,0.79307085,0.6462875,6.562070191,1.755521498,59,1.777491785,1.437521743,283.3907354,6.699781022,0.00660069,3.97662099,100902.4639,320.9577244,118.5881294,19.98529053,1.913647413,7.400000572,19,37,44,1.409999967,31,31,38,1.330000043,550,0.015,7.599987326,125.6112458,1001,0,Chalk,loam,clay loam
1953,Annual,534991,106689,TRUE,-1.9715312,-0.07509971,0.47425658,0.469157256,1.0232832,1.9374924,32.95926277,3.260613957,1018,2.301533406,1.408428202,283.920215,6.292935412,0.006946123,4.897940607,100255.9703,320.6160675,115.00025,86.63684082,7.202265263,0,19,37,44,1.409999967,0,0,0,0,550,0.015,12.56847901,2154.016953,1,0,Chalk,loam,
1957,Annual,500795,361435,FALSE,-5451.537,-2.2401822,0.3041087,0.293226944,4.093223,1.668201,8.290716136,0.347387591,59,1.747699891,1.502960108,283.3835481,7.04030681,0.006559341,4.532726684,100659.6893,321.1253726,119.0131156,55.14783478,1.810185432,10.10000229,49,19,32,1.24000001,51,18,31,1.230000019,130,0.0005,5.836463533,137.1023227,751,0,Oolites,clay,clay
1965,Annual,427455,143755,TRUE,-30.80458,-0.2893994,0.8688532,0.871583979,0.08952069,0.09646322,15.95851152,2.611208846,60,2.146604599,1.445196121,283.8727258,8.146276078,0.00683021,3.547735084,100335.3215,322.5493558,121.6571135,95.02534485,2.479885817,2.099998474,19,37,44,1.409999967,0,0,0,0,550,0.015,23.59392854,121.0873187,1,0,Chalk,loam,
1975,Multiannual,585718,243969,FALSE,-38.862106,0.37022108,0.7046937,0.688743753,1.5441905,1.11521,4.459121659,0.387624898,49,1.487732747,1.530331484,284.065176,8.134556528,0.006761437,3.967031584,101181.4109,321.8619804,121.8593299,29.79055023,2.342398643,2,11,80,9,1.570000052,19,72,9,1.480000019,550,0.015,70.15428719,286.1306258,1001,0,Chalk,sandy loam,sandy loam
1986,Annual,458655,120655,TRUE,0.5412419,0.86637384,0.9050359,0.936072593,0.9184255,0.9532736,32.36538907,5.029884407,59,2.456845554,1.479243733,283.9629249,6.406078896,0.006870765,4.204012849,100424.0537,321.9184419,121.3347298,89.116745,3.401431799,0,22,42,36,1.399999976,25,41,34,1.379999995,550,0.015,43.23191497,149.49534,101,9.214373589,Chalk,loam,loam
1989,Annual,637448,321063,TRUE,-5.756179,-1.0142422,0.8627356,0.885350524,2.998346,1.2122182,0.134350551,0.106305538,1572,1.731270534,1.596547617,283.8867785,6.690909165,0.006807593,5.691363898,101343.1325,321.0538508,124.0397488,0.938652396,1.043775678,0.899999976,22,41,37,1.399999976,29,37,34,1.350000024,400,0.075,109.0023437,96.70228909,1001,0,Crag,loam,clay loam
1994,Multiannual,365480,386580,FALSE,-502.83823,-2.861851,-0.016245749,-0.023499802,0.8143222,4.7211394,19.24565423,0.163039583,1708,2.332694413,1.395445876,283.4651641,6.877820409,0.006596345,3.627010884,100915.0116,323.4353108,114.8520523,36.03205109,0.989191771,15.10000229,19,37,44,1.409999967,31,31,38,1.330000043,33,0.01,3.782890541,1114.048691,101,0,Triassic Sandstone,loam,clay loam
2000,Annual,616405,149524,TRUE,0.16601813,0.37772536,0.61124897,0.562569214,1.1172482,0.5284587,24.93449261,6.524916173,58,2.239047095,1.408634078,283.8683691,6.701862052,0.006935173,4.555779703,99974.89548,320.4254182,115.9034197,79.31156158,3.465539694,0,24,48,28,1.399999976,34,41,25,1.330000043,550,0.015,29.80057425,99.91848813,1001,0,Lower Greensand,sandy clay loam,clay loam
2030,Annual,487060,106438,TRUE,-7.840002,-0.13945758,0.7184254,0.609305354,0.1499824,0.2953376,3.930001057,1.168207595,1712,2.155695512,1.455536851,284.3619909,6.336254195,0.007020385,3.391053109,101189.6925,323.063005,124.0230811,21.51186752,0.397068501,0.300001144,49,19,32,1.24000001,47,21,32,1.24000001,550,0.015,23.41809104,472.622146,1001,0,Chalk,clay,clay
2058,Decadal,434419,150392,TRUE,-1.38148,0.19640148,0.45926392,0.45106384,0.6545033,0.5162574,13.1209834,3.596062209,775,2.052081051,1.508326983,283.7782445,8.146276078,0.006791343,4.288379132,100174.1725,322.1110334,122.8895044,100.4237518,1.640674353,4,19,37,44,1.409999967,0,0,0,0,550,0.015,33.17425263,386.6392923,1,131.5416718,Chalk,loam,
2060,Annual,607760,144780,FALSE,-1427.9937,-44.62822,0.34817183,0.520592647,44.0156,16.204775,0.240538432,0.301634272,58,2.047316542,1.395787991,284.114662,7.604655088,0.00701062,3.722405824,100541.0619,321.6252881,119.4798489,76.52226257,3.336275578,6,24,48,28,1.399999976,34,41,25,1.330000043,550,0.015,20.05103772,163.4722684,1001,0,Lower Greensand,sandy clay loam,clay loam
2066,Annual,541185,376415,FALSE,-180.41425,-0.008045316,0.5611706,0.745769345,0.13665542,0.72032213,12.23952229,0.786076825,57,1.932749184,1.477926872,283.3918894,6.437349428,0.006606737,4.836846315,100797.8296,320.5623376,117.4550137,33.37039948,2.048175573,0,22,42,36,1.399999976,25,41,34,1.379999995,550,0.015,2.350806974,33.06881389,751,0,Chalk,loam,loam
2070,Annual,413280,137500,TRUE,-7734.4595,-18.36824,0.36682355,0.483039932,7.174108,19.347002,2.354414557,0.169275965,1619,2.15837897,1.389364509,283.9328333,8.146276078,0.006863252,3.588442713,100429.7098,322.9669462,116.6503163,60.61789703,2.687620163,4.099998474,22,41,37,1.399999976,29,37,34,1.350000024,550,0.015,9.283968651,173.3694308,51,0,Chalk,loam,clay loam
2077,Annual,570211,315823,TRUE,-26.556047,-3.2808232,0.68260735,0.694201716,5.245039,0.5478078,0.358044774,0.292486787,59,1.786637462,1.504857489,283.867434,7.787020949,0.006714757,4.122556284,101266.21,321.9073875,120.0863301,9.429570198,1.123747826,1.699999809,22,41,37,1.399999976,29,37,34,1.350000024,270,0.0006,41.97430046,67.45759798,1001,0,Lower Greensand,loam,clay loam
2104,Annual,501115,319985,FALSE,0.299123,0.21290189,0.66278917,0.625707161,1.0047437,0.2888113,3.105098032,0.84045148,52,1.742771084,1.475911092,283.5490481,8.170701117,0.006598594,3.705757179,100746.4382,321.7507637,120.1625716,41.96105957,0.95740509,0.799999237,49,19,32,1.24000001,51,18,31,1.230000019,130,0.0005,2.120678469,57.19528579,101,0,Oolites,clay,clay
2127,Annual,381460,92494,TRUE,-126.10739,-3.0110927,0.8336759,0.818438339,0.90657437,5.006565,48.8833976,0.436656496,54,2.624863087,1.545954967,284.1686542,7.90585989,0.006996279,4.412318526,100680.6511,323.670201,128.310117,83.95765686,0.604294062,37.70000076,21,39,40,1.399999976,21,41,38,1.399999976,75,0.05,8.503461035,65.66658481,101,0,Corallian Limestone,loam,loam
2145,Annual,507575,105255,TRUE,-254.48445,0.30775315,0.86982197,0.871876556,0.5046022,0.5343395,25.13697662,0.779628371,59,2.093428258,1.44702063,284.3305796,6.292935412,0.007032507,3.376291168,101091.1052,322.6798839,124.4910338,27.66307831,3.700358629,13.20000076,22,41,37,1.399999976,29,37,34,1.350000024,100,0.005,19.26554255,1136.758409,1001,0,Chalk,loam,clay loam
2155,Annual,627871,140025,TRUE,-4.0708947,0.23925352,0.54388154,0.524146417,0.92347807,0.39598396,100.9011161,3.704209956,56,2.416867473,1.545606945,283.8302786,6.701862052,0.006993854,5.349829567,99868.2915,320.399498,129.0320222,135.0234375,1.162145734,49.19999695,22,41,37,1.399999976,29,37,34,1.350000024,550,0.015,34.70921158,733.4069342,1001,0,Chalk,loam,clay loam
2168,Multiannual,455795,84695,TRUE,-10.212071,0.31508672,0.8272527,0.731112342,0.81907606,0.36240256,16.55047613,0.916249918,58,2.269112813,1.478683314,284.3382036,6.406078896,0.007034996,4.17397636,101094.3961,322.7900067,122.3888956,46.1763382,1.662551045,19.09999847,10,75,15,1.580000043,15,68,17,1.50999999,270,0.0006,60.89996393,436.1251836,251,1727.681152,Lower Greensand,sandy loam,sandy loam
2172,Annual,598140,317310,TRUE,-0.33830464,-0.16963804,0.55891883,0.625472147,1.9409778,0.463277,0.316504174,0.371830093,57,1.832475356,1.539394608,283.7450398,7.787020949,0.006707567,4.409223731,101022.1585,320.8760358,123.4485432,28.00703049,1.895769119,4.5,19,37,44,1.409999967,31,31,38,1.330000043,550,0.015,69.59634245,166.6382102,1001,0,Chalk,loam,clay loam
2173,Annual,576482,301571,TRUE,-0.5115886,0.6280538,0.6359424,0.592120199,1.0520599,0.9443617,9.231092898,0.530412898,1748,1.757447973,1.514748191,283.9371567,7.787020949,0.006728615,4.120896593,101269.4926,321.9906274,120.2531564,19.04660225,0.878127098,13,5,90,5,1.710000038,8,87,5,1.629999995,550,0.015,47.01051062,29.34610653,5001,0,Chalk,sand,loamy sand
2174,Multiannual,622423,158787,TRUE,0.09137744,0.28865987,0.8772795,0.851904113,1.0033067,1.7006772,0.777633945,0.160019007,55,1.702628695,1.479794472,284.4770061,6.701862052,0.007092863,3.882900789,101214.3495,323.2158439,123.2107343,3.636543036,0.388803869,2.099999905,22,41,37,1.399999976,29,37,34,1.350000024,550,0.015,40.29935864,147.7036325,1001,0,Oolites,loam,clay loam
2175,Multiannual,478014,137240,TRUE,-45.71518,-1.71052,0.7855565,0.768139992,0.6881794,3.6839838,5.744050171,0.290819626,1629,2.193975904,1.451323254,284.0168139,8.449890581,0.006862662,3.434321245,100653.9322,322.2282128,122.4068473,74.68289185,5.889430523,5.400001526,49,19,32,1.24000001,51,18,31,1.230000019,270,0.0006,25.15862054,274.7677072,501,43518.94531,Lower Greensand,clay,clay
2177,Annual,589009,280979,TRUE,-1049.185,0.29336554,0.84423727,0.769681021,0.31548113,0.9193546,18.56928529,0.392290972,41,1.689375683,1.505805991,283.8899713,8.134556528,0.006711672,4.146216987,101135.8979,321.3301794,119.4198638,31.92757797,3.559773922,11.20000076,5,90,5,1.710000038,8,87,5,1.629999995,550,0.015,64.13809537,255.3746893,5001,0,Chalk,sand,loamy sand
2183,Annual,408365,174325,TRUE,0.5452316,0.5305858,0.8029138,0.801392733,0.9286811,0.57997596,18.17280195,5.811443826,55,2.076451259,1.478996827,283.3140724,8.146276078,0.006655436,4.386020919,99352.96447,320.7694104,121.5535374,179.1873474,1.491859317,7,19,37,44,1.409999967,0,0,0,0,550,0.015,14.08685632,73.29502475,51,0,Chalk,loam,
2185,Annual,501705,108405,TRUE,-807.2259,-0.79533875,-0.02160941,0.055915292,0.43859106,2.3654284,17.00207838,0.337149063,53,2.302354873,1.562060403,284.2163551,6.336254195,0.006985005,4.137376655,100896,322.2543435,130.6766527,19.87264442,15.13762379,29.20000076,47,14,39,1.230000019,45,15,40,1.24000001,550,0.015,15.53597357,189.6942508,1001,0,Chalk,clay,clay
2214,Multiannual,645401,288532,FALSE,-10967.189,-2.062437,0.5549604,0.630410002,0.3703238,3.9638112,18.73995722,0.112735902,1439,1.664622125,1.628921575,283.9787884,6.899069073,0.006792954,5.609575296,101213.0542,320.8334454,124.1070107,22.31356239,0.8458848,14.29999924,5,89,6,1.700000048,5,89,6,1.700000048,400,0.075,116.981099,207.9405394,1001,0,Crag,sand,sand
2218,Annual,410773,115946,TRUE,-2.7509606,0.06346369,0.8325585,0.882182525,0.9595283,1.9205629,12.74008847,0.342952964,54,2.426834611,1.475422234,284.2055893,7.617962865,0.006965104,3.579106058,100867.0567,323.8531001,124.5993758,51.9460144,5.463245869,12.59999847,51,17,32,1.220000029,52,19,29,1.230000019,550,0.015,13.6220635,73.40149765,51,21.20060158,Chalk,clay,clay
2223,Annual,465218,113244,TRUE,-6.4875183,0.34793788,0.87279207,0.871161655,0.7066006,0.4317397,29.10878813,3.215454148,1530,2.413472072,1.469124003,284.0996919,6.406078896,0.00692165,3.428229893,100679.5428,322.2842115,125.2816926,68.59017944,1.196691632,16.70000076,22,41,37,1.399999976,29,37,34,1.350000024,550,0.015,38.23988508,491.7894112,101,0,Chalk,loam,clay loam
2224,Annual,627137,160209,TRUE,-22.836653,-0.23596323,0.30621102,0.416221948,0.37549946,0.18990076,11.01172718,1.436515833,1662,1.604381162,1.484347412,284.4692314,6.701862052,0.007092789,3.931402511,101193.503,323.1509419,123.4347898,12.21335983,4.456539631,10.60000038,22,41,37,1.399999976,29,37,34,1.350000024,520,0.005,44.81944333,124.5639637,1001,237.5946045,Chalk,loam,clay loam
2226,Multiannual,589929,155935,TRUE,-6113.2915,-2.9479907,0.02738411,-0.091110932,0.23287413,4.748631,53.02638779,0.52121192,57,2.010350494,1.517978239,283.5476668,7.604655088,0.006763975,5.175162322,99455.63257,318.9361236,121.4518861,121.980072,9.251391411,0,24,48,28,1.399999976,34,41,25,1.330000043,550,0.015,18.76864839,139.9645695,251,0,Chalk,sandy clay loam,clay loam
2234,Annual,400285,201265,TRUE,0.07906586,0.46576494,0.7387759,0.739415893,1.0590748,0.53774565,30.87894627,2.793832568,1826,2.175848851,1.496121873,283.5188929,7.806790904,0.006703844,4.423826641,99837.84726,322.2347073,121.3174086,134.0570984,0.689033866,19.40000153,19,37,44,1.409999967,31,31,38,1.330000043,184,0.02,7.150995304,294.5704148,251,0,Oolites,loam,clay loam
2236,Annual,507360,311200,FALSE,-2.137841,0.43811494,0.6990497,0.846078988,1.3190945,0.6488286,1.526169619,0.300636177,56,1.672343918,1.476979978,283.8286724,7.961938764,0.006677504,3.716057688,101249.8243,322.8918221,118.8973681,15.32134819,1.284047604,0,22,42,36,1.399999976,0,0,0,0,184,0.02,5.615833947,151.6986801,101,0,Oolites,loam,
2241,Annual,559119,121857,TRUE,-1573.2246,-6.4289556,0.6590345,0.692851686,8.348024,2.0390832,4.2084447,0.780009455,60,2.512267257,1.529816961,283.584744,6.103997887,0.006841445,4.966762347,99538.30973,319.1312881,127.6070831,180.5589447,4.580274582,81.20000458,9,77,14,1.600000024,17,67,16,1.480000019,50,0.00014,2.438550632,215.1956278,501,0,Corallian Limestone,sandy loam,sandy loam
2246,Annual,414340,124140,TRUE,0.5621904,0.8022728,0.8584688,0.879469132,1.0233885,0.8639196,61.69522238,3.451816429,1821,2.425794084,1.487939712,283.8471417,8.146276078,0.006848648,4.328821299,100205.8502,322.2664835,122.4758529,115.2863693,0.739109933,42.40000153,22,41,37,1.399999976,29,37,34,1.350000024,550,0.015,7.705536563,201.6861724,51,0,Chalk,loam,clay loam
2261,Annual,503725,313615,FALSE,-8.396446,-0.09695315,0.6286384,0.654392963,0.30727187,0.23480436,7.837544354,1.847452573,59,1.674205913,1.46600263,283.7483006,7.961938764,0.006654683,3.704472544,101104.1275,322.5992567,118.3364061,24.37381554,0.596459568,0,49,19,32,1.24000001,51,18,31,1.230000019,130,0.0005,7.255161889,91.42759139,101,0,Oolites,clay,clay
2273,Annual,504985,102165,TRUE,-1.4358113,0.6563839,0.87734205,0.874530521,0.77580863,0.77029496,2.963685855,0.448564053,59,1.989539979,1.495988729,284.4884257,6.336254195,0.007083563,4.129228725,101438.4938,323.3899304,123.4169054,6.503007889,0.613992214,2.900000334,22,41,37,1.399999976,29,37,34,1.350000024,550,0.015,21.85576603,1404.148173,1001,0,Chalk,loam,clay loam
2284,Annual,465555,130655,TRUE,-131.55887,0.42835492,0.9168398,0.871742151,0.4687717,1.1940596,60.05198633,2.773266225,60,2.621796278,1.432189469,283.4916235,8.427272862,0.006717606,4.200508524,99556.68169,319.7971361,117.9300448,143.728653,4.102758408,8.5,21,44,35,1.409999967,25,40,35,1.370000005,550,0.015,36.07027254,102.9461982,1,1699.570435,Chalk,loam,loam
2298,Annual,510135,111325,TRUE,-61.20035,0.2191847,0.64705265,0.669830561,1.2623757,0.35481822,78.57170311,2.62805021,54,2.636856515,1.555878148,283.5039741,6.292935412,0.006774654,4.894175557,99432.86831,318.8638146,128.9357407,169.8092957,6.55175972,59.8999939,19,37,44,1.409999967,31,31,38,1.330000043,550,0.015,14.58948821,175.7230249,1001,0,Chalk,loam,clay loam
2300,Multiannual,348280,366850,TRUE,-187.63876,-1.2418494,-0.011718703,0.227092975,2.8496299,1.7623571,5.671425633,0.772305095,1714,1.916155535,1.394756144,283.5474302,6.877820409,0.006649619,3.711331035,100900.7421,323.9310479,114.8706444,35.60946274,1.872715831,19.80000114,19,37,44,1.409999967,31,31,38,1.330000043,33,0.01,2.255444004,231.8176433,101,0,Triassic Sandstone,loam,clay loam
2326,Multiannual,629871,145756,TRUE,-1267.2656,0.16754818,0.62028396,0.575670346,0.28521994,1.1946315,84.59457277,1.698524395,59,2.488828046,1.460317454,283.8101753,6.701862052,0.006967837,4.632072621,99829.4874,320.2404705,123.3305775,110.0679626,3.960403681,8,22,42,36,1.399999976,25,41,34,1.379999995,550,0.015,38.81076624,509.1721082,1001,0,Chalk,loam,loam
2327,Annual,431855,126755,TRUE,-40.283993,-1.037298,0.6385411,0.664559635,0.8852775,3.001698,24.4582692,0.473561385,59,2.259857612,1.485502234,284.2560465,8.146276078,0.006958067,3.521205256,101045.9218,323.9300123,124.7922783,49.60979462,1.532946587,26.99999809,19,37,44,1.409999967,31,31,38,1.330000043,550,0.015,23.28631383,70.33246806,1,0,Chalk,loam,clay loam
2331,Annual,472225,196855,TRUE,-7.0424824,-0.003620505,0.7121027,0.674091586,0.89811844,1.9560294,29.48201747,1.226018804,44,1.865717414,1.368938598,283.1635895,8.154764635,0.006548401,4.256975363,99160.26324,319.277305,109.2897403,152.1942902,2.413280964,0,19,37,44,1.409999967,0,0,0,0,550,0.015,8.661074254,118.6087121,51,0,Chalk,loam,
2357,Annual,502967,177054,FALSE,-244.23534,-3.1847568,0.24520457,0.212315946,5.1053023,1.298399,0.602569341,0.158629044,55,1.581161008,1.468309202,284.2727902,8.449890581,0.006881114,3.473313531,101323.2053,323.7051016,120.3675484,20.05566025,1.195360422,2.399999619,22,41,37,1.399999976,29,37,34,1.350000024,100,0.005,20.88201392,1409.693722,101,121.9133301,Chalk,loam,clay loam
2361,Annual,494505,316085,FALSE,0.38256615,0.48924416,0.89432645,0.89928862,0.8455569,0.5247614,9.366176937,2.730416546,57,1.793921136,1.49690413,283.2548119,8.170701117,0.006515233,4.433840974,100117.0097,320.4475562,118.6404434,102.0282822,4.533793449,0,53,25,22,1.24000001,56,23,21,1.220000029,130,0.0005,9.667932366,58.79756787,101,0,Oolites,clay,clay
2363,Annual,545070,152140,TRUE,-2477.129,-16.053493,0.45279622,0.423375398,18.033018,1.631485,2.067012086,0.707561397,1826,2.176506018,1.416369759,283.5253927,8.545290384,0.006717533,4.241686261,99578.42749,319.2012412,115.39115,160.4451904,4.376672745,25.6000061,10,75,15,1.580000043,15,68,17,1.50999999,270,0.0006,7.012190521,199.4691021,1,0,Lower Greensand,sandy loam,sandy loam
2378,Annual,371400,146800,TRUE,-32.906414,-1.2522252,0.66434133,0.591740423,3.0423715,0.11198415,9.124514362,3.241955011,1822,2.747097478,1.524197932,283.5778863,7.812595891,0.006790916,4.520732204,99710.56565,322.1511485,126.6375128,157.8608704,3.175242662,33.99999237,24,48,28,1.399999976,34,41,25,1.330000043,15,0.005,1.589138578,77.44208149,51,0,Carboniferous Limestone,sandy clay loam,clay loam
2385,Annual,411780,215820,TRUE,-17978.596,-9.004019,0.22537842,0.312983846,9.146815,6.754124,7.765473779,0.472381323,58,2.159036147,1.47795143,283.0899206,7.806790904,0.006558513,4.388949009,99060.39781,320.2158774,120.8367193,196.6882324,0.66536957,28.69999695,22,42,36,1.399999976,0,0,0,0,184,0.02,2.163863786,34.00203082,51,0,Oolites,loam,
2398,Multiannual,443935,196885,TRUE,-17514.396,-23.548372,-0.013868695,0.002107243,3.8935142,25.356304,7.481619512,0.166668698,57,1.530284777,1.45788724,283.9675184,7.847316624,0.006800165,3.542549942,100773.1608,323.6117632,119.9516187,67.2256546,1.236096859,9.400005341,19,37,44,1.409999967,31,31,38,1.330000043,700,0.0005,13.88056598,253.2521728,51,131.6147308,Corallian Limestone,loam,clay loam
2406,Annual,629257,157387,TRUE,-6.236194,0.128223,0.90746254,0.929833637,0.4937673,0.29632416,3.529626737,0.691018265,1723,1.734008757,1.518735805,284.4419326,6.701862052,0.007102056,4.688751772,101126.7622,323.0597858,122.958002,8.851601601,1.887846112,2.199999809,22,41,37,1.399999976,29,37,34,1.350000024,90,0.001,44.77227983,155.9336376,1001,0,Lower Greensand,loam,clay loam
2412,Annual,622449,153435,TRUE,-258.42953,0.13875741,0.8238999,0.866392491,0.1604705,1.0769281,18.26508916,0.952732022,60,2.078587074,1.49453006,284.2401607,6.701862052,0.007043119,4.615885814,100722.4624,322.1491754,121.9657265,40.40492249,1.7630409,0,9,77,14,1.600000024,17,67,16,1.480000019,550,0.015,36.99209255,154.3460812,1001,0,Lower Greensand,sandy loam,sandy loam
2415,Annual,510645,108545,TRUE,-167.69127,0.038179994,0.89554846,0.91093826,0.1390005,0.5842267,55.67198469,3.693798951,57,2.335761228,1.525947387,284.0259531,6.292935412,0.006937588,4.134944039,100478.2449,321.2736923,128.2444478,62.84619522,2.523160219,0,51,17,32,1.220000029,52,19,29,1.230000019,550,0.015,17.27214023,671.507068,1001,0,Chalk,clay,clay
2416,Annual,605910,148350,TRUE,-227.78954,0.27970606,0.8164182,0.808570659,0.3107282,1.1001291,11.48549714,0.523860295,57,1.971412926,1.474152798,284.3265125,7.604655088,0.007053288,3.725520054,100981.3053,322.6006856,124.6856716,39.77409363,8.804780006,8,22,41,37,1.399999976,29,37,34,1.350000024,550,0.015,21.1144022,143.0204769,1001,0,Chalk,loam,clay loam
2425,Annual,486955,370505,FALSE,-9.166528,-0.1578654,0.37106723,0.199850867,1.2390072,1.942336,1.577232959,0.144187474,57,1.785925512,1.499341684,283.6328916,7.722836944,0.006624415,4.482969088,101311.7755,322.5534773,117.6939887,5.910390854,0.971729517,0,51,17,32,1.220000029,52,19,29,1.230000019,20,0.0015,12.27407049,92.64076945,751,0,Triassic Sandstone,clay,clay
2434,Annual,584656,241072,FALSE,-143.81287,0.32050234,0.7300324,0.693833073,0.7828527,0.41546544,28.74666737,0.519742995,42,1.470591453,1.487195783,283.9904777,8.134556528,0.006741097,3.947420493,101007.6603,321.501104,118.150407,54.9127388,0.755642474,18.09999847,48,23,29,1.25,45,26,29,1.25999999,550,0.015,67.1159876,266.1974288,1001,0,Chalk,clay,clay
2439,Decadal,348702,351874,TRUE,-50.124187,-2.0876923,0.54916584,0.576231308,1.1208855,4.0522165,27.98839299,0.547746803,50,1.848466591,1.426593263,283.3456796,6.877820409,0.006603818,4.494772809,100371.1365,322.9361614,114.4845476,87.85719299,3.542562485,15.5,5,89,6,1.700000048,5,89,6,1.700000048,33,0.01,1.190339373,70.06829293,1,0,Permian Sandstone,sand,sand
2447,Annual,451475,152505,TRUE,-59.978672,-0.9870714,0.82654977,0.799717949,0.7484918,2.9634457,43.32394579,1.454842331,62,2.063307773,1.498327787,283.5965496,8.427272862,0.00672675,4.248055051,99856.70556,320.9836468,122.7057822,132.3821716,4.903529167,13.50000763,19,37,44,1.409999967,0,0,0,0,550,0.015,33.04370666,99.47861551,1,0,Chalk,loam,
2449,Annual,439655,144355,TRUE,-213.16072,-0.33173788,0.13768902,0.059808945,0.56212777,1.915543,21.04124386,0.635754839,58,2.0347207,1.488257876,283.9090361,8.427272862,0.006832837,3.51454973,100456.572,322.5242802,125.356601,76.08072662,6.074844837,0,24,48,28,1.399999976,34,41,25,1.330000043,550,0.015,34.35400958,528.5146411,1,49.49323654,Chalk,sandy clay loam,clay loam
2462,Multiannual,621480,164660,TRUE,-25.54934,-0.2534871,-0.15666014,-0.131193715,0.5297515,0.8893963,4.686316501,0.445406442,1826,1.548083241,1.549627921,284.3852488,6.701862052,0.007039397,4.658028786,101046.4419,322.7229389,124.1655046,17.09158325,1.925553441,6.900000572,22,41,37,1.399999976,29,37,34,1.350000024,520,0.005,43.66250002,449.2103413,1001,0,Chalk,loam,clay loam
2472,Annual,504025,107065,TRUE,-571.52795,-0.3553735,0.5412867,0.614552746,0.47359276,2.1616895,29.81465983,0.657841263,59,2.188554215,1.405861905,284.4270056,6.336254195,0.007052152,3.379873692,101321.9514,323.2113948,119.9516404,30.60821915,2.417862892,20.5,24,48,28,1.399999976,34,41,25,1.330000043,550,0.015,16.8893196,545.5186157,1001,100010.9375,Chalk,sandy clay loam,clay loam
2474,Multiannual,614729,275194,FALSE,0.16532487,0.09014332,0.6222898,0.450487489,0.99387735,0.17227054,12.36091772,0.543326512,26,1.591621028,1.601063402,283.90575,7.481927803,0.006730906,5.137959659,101060.65,320.8477163,122.5097569,41.40130234,0.732029974,10.40000153,19,37,44,1.409999967,31,31,38,1.330000043,400,0.075,90.24476819,78.5879949,1001,0,Crag,loam,clay loam
2516,Annual,568828,123806,FALSE,-1325.0992,0.40142465,0.7519574,0.768807137,0.47766018,0.84531355,34.07750339,0.488883711,58,2.42343921,1.379867235,284.1920552,6.103997887,0.007034462,3.484750523,100757.1846,322.0074978,118.9094445,55.34319305,3.32689476,28.20000076,9,77,14,1.600000024,17,67,16,1.480000019,50,0.00014,1.915872245,79.54919143,501,0,Corallian Limestone,sandy loam,sandy loam
2521,Annual,602363,147261,FALSE,-3563.1372,-13.731394,0.8987446,0.89848169,15.6890335,2.1118467,2.696591894,0.663640123,59,1.915553122,1.4711522,284.1120909,7.604655088,0.006986828,3.704051459,100549.3796,321.592273,125.3699993,68.67167664,3.543687344,19.5,9,77,14,1.600000024,17,67,16,1.480000019,550,0.015,17.91783107,434.283918,1001,0,Chalk,sandy loam,sandy loam
2522,Multiannual,359315,326625,TRUE,-114.1684,0.2752599,0.5126772,0.693942393,0.51009893,0.78145653,18.16935955,0.832363051,1625,1.959145675,1.471550352,283.3421658,7.561281574,0.006609825,4.496150464,100180.8188,322.7639068,118.6174406,93.21994019,2.766451597,7.700004578,5,89,6,1.700000048,5,89,6,1.700000048,33,0.01,0.402299116,61.12887246,1001,364.6697693,Triassic Sandstone,sand,sand
2537,Annual,555918,103838,TRUE,-110.34945,-0.05675268,0.804142,0.932626885,1.9815595,1.3389797,30.85927662,2.878782512,54,2.27743702,1.448247703,283.838339,6.103997887,0.006975581,4.167106168,100037.4862,320.2106945,124.9833588,65.87890625,3.786423683,48.5,51,17,32,1.220000029,52,19,29,1.230000019,550,0.015,5.036712948,573.4388844,1,0,Chalk,clay,clay
2542,Annual,464515,169575,TRUE,-15.921976,-0.36556923,-0.21256255,-0.128716932,1.3886764,1.4933604,6.269173389,0.674336787,56,1.795071194,1.433072579,284.046838,8.427272862,0.006835122,3.484029347,100838.5056,323.1887367,118.4414861,47.17560196,1.569186568,2.400001526,11,80,9,1.570000052,19,72,9,1.480000019,100,0.005,11.91271902,614.6612939,51,0,Chalk,sandy loam,sandy loam
2553,Annual,531495,107640,TRUE,-316.61722,-0.2959565,-0.26826957,-0.140191512,1.2147034,1.157792,73.69276245,0.891961344,1256,2.179956186,1.454933277,283.8156671,6.292935412,0.006906557,4.141263408,100047.0146,320.1441933,124.1899041,133.7196045,6.923110962,61.00000763,22,42,36,1.399999976,25,41,34,1.379999995,550,0.015,11.90576275,3094.838462,1,0,Chalk,loam,loam
2570,Annual,408210,206030,TRUE,0.12916565,0.4777127,0.891624,0.881514583,1.1761229,0.5203967,28.06371281,6.802000868,61,2.13789704,1.493000909,283.4693304,7.806790904,0.006677936,4.396951652,99768.23287,321.9472607,120.7608915,145.8517456,0.843259215,13.8999939,19,37,44,1.409999967,31,31,38,1.330000043,184,0.02,0.220453616,49.3459804,51,0,Oolites,loam,clay loam
2608,Annual,640913,309568,TRUE,-0.48665237,0.006198347,0.8745419,0.862233642,0.92539567,1.9830383,0.273590958,0.135441455,56,1.688773275,1.619110138,283.9503611,6.690909165,0.006808363,5.664456283,101333.691,321.11402,124.6777841,0.210019529,0.078775592,0.899999976,49,19,32,1.24000001,47,21,32,1.24000001,400,0.075,111.3898517,114.6053244,1001,0,Crag,clay,clay
2610,Multiannual,545020,182100,FALSE,-6570.868,-4.8902426,0.11336813,0.222534149,6.8158865,1.2904012,4.505616896,0.323298803,49,1.534063529,1.476310489,284.3885751,8.170865377,0.006912333,3.554035519,101484.4268,323.5991092,120.0604756,3.911535263,0.597245097,2.500000238,58,8,34,1.190000057,57,11,32,1.200000048,520,0.005,3.014670533,7875.84543,1001,0,Chalk,clay,clay
2615,Annual,497175,323195,FALSE,-20.494215,0.34970284,0.76653606,0.878174684,0.42352617,0.8101087,11.14346976,1.399154993,56,1.777108428,1.480952553,283.3560656,8.170701117,0.006544113,4.455369758,100381.1171,320.9079661,116.5434551,79.3913269,2.942554474,4,49,19,32,1.24000001,51,18,31,1.230000019,130,0.0005,5.430111095,50.0605096,101,0,Oolites,clay,clay
2617,Annual,521435,405615,FALSE,0.102036536,0.001464009,0.43636203,0.333196623,0.9308342,0.17865819,3.93152306,1.834832673,56,1.829025192,1.441987709,283.3938678,6.699781022,0.006604438,3.997891999,100875.0071,320.9181286,118.9301395,17.49277306,1.922569513,4.300000191,19,37,44,1.409999967,31,31,38,1.330000043,550,0.015,9.630439153,473.7412576,1001,0,Chalk,loam,clay loam
2618,Annual,506085,419395,FALSE,-129.73193,-0.37113273,0.88965523,0.870804568,1.6259711,2.2149045,24.44306132,1.348364644,56,1.878148958,1.458764503,283.2857324,6.699781022,0.00656076,4.665876653,100769.7153,320.614995,116.71934,28.68109703,10.05873203,13.80000019,19,37,44,1.409999967,0,0,0,0,550,0.015,9.455166744,200.0935857,1001,0,Chalk,loam,
2629,Annual,606405,334345,TRUE,-11885.508,-7.275567,0.33017707,0.306698158,1.5688748,9.228836,28.51127615,0.149270505,1717,1.873055864,1.493807214,283.541516,7.324315532,0.006684122,4.584748166,100772.6601,320.0114172,120.8953486,57.50976563,0.338197231,27.70000076,22,42,36,1.399999976,25,41,34,1.379999995,550,0.015,76.54432901,58.92325495,5001,0,Chalk,loam,loam
2631,Annual,493495,367095,FALSE,-2228.636,-3.2471952,0.32156122,0.386705582,5.1809654,1.312964,1.741677365,0.154280267,57,1.771741517,1.452336448,283.6299837,7.722836944,0.006626363,3.753901176,101282.0743,322.420129,118.1653815,9.670624733,6.054347038,6.000000477,9,80,11,1.600000024,22,68,10,1.450000048,20,0.0015,7.95955141,956.3746411,751,0,Triassic Sandstone,loamy sand,sandy clay loam
2654,Annual,350974,97557,FALSE,-422.0919,-0.6317518,0.5676935,0.663500139,0.5546236,2.5090969,38.92461713,0.847282915,1823,2.578094192,1.330685386,283.9954071,7.141511569,0.006972312,3.797949046,100318.1469,323.6145134,114.2775183,123.057579,3.273148537,59.90000153,9,77,14,1.600000024,17,67,16,1.480000019,20,0.0015,1.164660402,98.27290924,101,0,Oolites,sandy loam,sandy loam
2663,Annual,332990,246972,FALSE,-9.9233465,0.030833721,0.8603683,0.920366056,0.28430954,0.3615858,3.351659553,0.743292467,1632,2.080777656,1.441117376,283.7891021,7.730120603,0.006829803,3.958347872,100515.9317,324.5724575,119.9562905,63.78453064,1.218007445,0,21,39,40,1.399999976,21,41,38,1.399999976,15,0.05,9.078580313,33.27355722,501,0,Unallocated to aquifers,loam,loam
2664,Decadal,619334,155563,TRUE,-11.546369,-0.00620532,0.59961766,0.51894095,0.23442224,0.48421642,2.483306975,0.551291727,51,1.870920041,1.446742747,284.3675403,6.701862052,0.007066204,3.847180409,100990.6861,322.7303278,121.0236006,18.6276207,0.975800931,2.799999237,22,41,37,1.399999976,29,37,34,1.350000024,550,0.015,35.85142539,406.2649125,1001,0,Oolites,loam,clay loam
2674,Annual,565400,268138,TRUE,-26.175066,0.65067697,0.92750204,0.924309516,1.3079889,0.8519693,9.379216224,0.555624942,1355,1.525575027,1.504522248,284.0313082,8.084611253,0.006740307,3.911224325,101288.8329,322.3291522,119.4563957,23.80667877,0.428411067,9.599999428,10,82,8,1.590000033,17,75,8,1.5,550,0.015,51.50393416,208.1568382,5001,0,Chalk,loamy sand,sandy loam
2699,Annual,571094,115069,TRUE,-500.2627,-2.473646,0.25395244,0.18111664,1.5880109,4.341243,31.97347775,0.854914515,59,2.248849943,1.389429764,284.0936602,6.103997887,0.007040783,4.22751064,100550.1243,321.5223616,117.3500269,109.2465286,3.669173241,65.19999695,51,17,32,1.220000029,52,19,29,1.230000019,50,0.00014,1.716679115,118.5274658,1,0,Corallian Limestone,clay,clay
2717,Annual,463755,123655,TRUE,-696.95135,-18.011345,0.54706633,0.591285036,19.999971,1.4775591,0.897508763,0.646200039,59,2.578696604,1.387325574,283.9271968,8.427272862,0.006855938,3.441735189,100412.3908,321.7351355,117.292384,77.77937317,4.080029011,3.599998474,22,41,37,1.399999976,29,37,34,1.350000024,550,0.015,37.95290113,81.38068514,101,443.4398499,Chalk,loam,clay loam
2719,Annual,495555,389465,FALSE,-1.1584778,-0.01586461,0.31524622,0.243073704,0.6202039,0.35281557,3.581768101,1.213600926,57,1.798904711,1.47673091,283.2834442,7.722836944,0.006536624,4.553581372,100777.8745,320.7679539,118.0649958,52.13562775,1.143220901,9.199996948,22,42,36,1.399999976,0,0,0,0,130,0.0005,7.168631782,31.9,1001,0,Oolites,loam,
2720,Decadal,334730,390680,TRUE,-0.9132925,0.20825928,0.42515394,0.387857855,1.0437603,0.45733076,23.34252323,0.977048754,1826,2.289704275,1.451752277,283.5889275,6.877820409,0.006656941,4.464989615,101164.586,324.2629989,116.0149166,9.967542648,0.785206974,0,22,41,37,1.399999976,29,37,34,1.350000024,33,0.01,3.982963765,5310.349441,101,552.5316772,Triassic Sandstone,loam,clay loam
2727,Annual,648197,317237,TRUE,0.6017596,0.6608802,0.8406774,0.850736018,1.1005926,0.7180467,0.484121673,0.162383773,35,1.66292442,1.60836624,283.8969171,6.690909165,0.00682089,5.835304336,101311.9028,320.899294,124.8678302,1.333835959,0.657977521,0,22,41,37,1.399999976,29,37,34,1.350000024,400,0.075,119.1990699,219.1195486,1001,229.9494781,Crag,loam,clay loam
2730,Annual,457405,87305,TRUE,0.075541615,0.66820955,0.8210298,0.818913746,1.0453998,0.72433126,48.44733116,2.865457755,59,2.227601313,1.422210069,283.9877234,6.406078896,0.006926236,4.92849813,100390.9352,321.1886808,112.8663064,65.09309387,22.62734604,49.40000153,19,37,44,1.409999967,31,31,38,1.330000043,550,0.015,57.97829619,517.5629717,251,0,Chalk,loam,clay loam
2738,Multiannual,349255,321055,TRUE,-2776.4668,0.071563244,0.18576674,0.233123835,0.58725965,1.1693082,62.76510541,0.49172439,59,1.999561887,1.467786543,283.272511,7.561281574,0.006604133,4.541575323,99992.18205,322.4762723,118.9811364,127.7313766,2.107393265,31.99999237,9,78,13,1.600000024,23,64,13,1.429999948,33,0.01,2.857572401,117.3963822,251,377.5330505,Triassic Sandstone,sandy loam,sandy clay loam
2751,Multiannual,445380,171128,TRUE,-929.6023,-2.8270395,0.715069,0.838999745,1.633433,4.763505,10.39069253,0.217739722,56,1.879408543,1.40896439,283.7457167,8.427272862,0.006755395,3.520983492,100246.9746,322.1359928,117.9416915,98.19533539,4.545917988,6.299995422,24,48,28,1.399999976,34,41,25,1.330000043,550,0.015,28.78171785,285.5830405,51,0,Chalk,sandy clay loam,clay loam
2752,Annual,623067,157493,TRUE,-113.88609,0.008652449,0.87396294,0.842523892,0.13814186,0.5266246,6.466397929,0.520762843,1826,1.748083241,1.472425902,284.4376308,6.701862052,0.007085247,3.878371415,101131.9082,323.0398854,122.8942404,11.22738266,1.064315677,3.399999619,22,41,37,1.399999976,29,37,34,1.350000024,550,0.015,39.94862087,124.9018948,1001,0,Chalk,loam,clay loam
2757,Annual,570964,157381,TRUE,-240.17432,-0.017430425,0.20586452,0.260161663,1.3453877,0.46594113,11.57924238,0.258075435,59,1.830832418,1.45147455,284.3339897,8.545290384,0.006969165,3.579918574,101194.1146,322.8056551,120.6243779,25.26992035,1.614085317,10,24,48,28,1.399999976,34,41,25,1.330000043,270,0.0006,12.11702782,1065.741237,251,0,Lower Greensand,sandy clay loam,clay loam
2760,Annual,509315,336015,FALSE,-16.097216,-0.21121132,0.7830889,0.797889687,0.22752026,0.09266468,12.80165539,2.454390761,58,1.645345018,1.460036474,283.6912665,7.961938764,0.006642924,3.773943386,101189.1415,322.3369886,118.1540952,27.36096573,0.774360061,5.600000381,22,41,37,1.399999976,29,37,34,1.350000024,184,0.02,0.808902969,49.12925147,751,0,Oolites,loam,clay loam
2763,Annual,440484,172875,TRUE,-151.73091,-4.9796376,0.8044604,0.786511012,0.83791804,6.974273,14.43240487,0.218790386,59,1.879791896,1.425616888,283.6147333,8.427272862,0.006719447,3.533355876,99988.98075,321.6205789,119.5793911,112.7718964,4.81866169,5,24,48,28,1.399999976,34,41,25,1.330000043,550,0.015,33.07193279,54.3569109,51,0,Chalk,sandy clay loam,clay loam
2787,Annual,399455,139314,TRUE,-461.93695,-0.099637985,0.548255,0.696053703,0.1115555,1.4645411,18.38601683,0.760466468,43,2.11746988,1.496204684,283.7429382,7.812595891,0.006816911,3.64144456,100029.7377,322.3542943,127.4324194,92.54624939,3.424113512,0,21,44,35,1.409999967,25,40,35,1.370000005,550,0.015,6.403286406,37.89189719,51,0,Chalk,loam,loam
2790,Multiannual,365385,328345,TRUE,-724.87823,-0.89553547,0.45308298,0.465327018,2.8033519,1.2046053,3.294394697,0.220714685,60,1.956790799,1.417428242,283.4552284,7.561281574,0.006634601,3.717228335,100430.2996,323.2629144,117.1544099,74.32122803,0.971921742,7,4,87,9,1.730000019,4,88,8,1.74000001,30,0.14,3.337929634,81.00242788,1001,0,Permian Sandstone,sand,sand
2796,Annual,446580,216540,TRUE,-6.233337,-0.17930031,0.758692,0.783755755,0.24846312,0.123808295,9.442851845,2.803911439,57,1.704216864,1.451796358,283.7571825,7.847316624,0.00672168,3.549279002,100463.1026,322.8293513,119.5199614,83.38846588,0.138981357,1.099998474,49,19,32,1.24000001,51,18,31,1.230000019,184,0.02,0.54275578,277.245991,51,0,Oolites,clay,clay
2802,Annual,518485,408285,FALSE,-5.4923472,-0.053748727,0.058049344,0.135417884,0.5504836,0.85491353,9.399916261,1.916545657,59,1.791511499,1.480431204,283.3649325,6.699781022,0.006594211,4.737426085,100841.5461,320.8225967,118.4448355,23.0431366,1.390081644,2.199998856,19,37,44,1.409999967,31,31,38,1.330000043,550,0.015,7.936877986,134.7245144,1001,0,Chalk,loam,clay loam
2806,Annual,542795,381065,FALSE,-37.067394,-1.4404688,0.6421975,0.647814703,1.1525834,3.4092858,7.929248468,0.221545734,55,1.81067908,1.500806403,283.5723093,6.437349428,0.006663649,4.859938682,101215.3369,321.420692,119.1221535,11.08706665,0.62842232,8.600000381,19,37,44,1.409999967,31,31,38,1.330000043,550,0.015,7.223922384,47.64759838,751,0,Chalk,loam,clay loam
2812,Annual,587386,305276,TRUE,-372.29367,0.4518708,0.7611743,0.728536262,1.4480422,1.2065593,38.33819155,0.889785993,38,1.897207012,1.540362808,283.5787211,7.787020949,0.00663748,4.995416681,100569.357,320.1354652,119.4123978,73.35398102,1.437948108,27.70000076,22,41,37,1.399999976,29,37,34,1.350000024,550,0.015,57.77626982,83.45251716,5001,0,Chalk,loam,clay loam
2847,Annual,434975,221835,TRUE,-2985.256,-6.2743526,0.17261094,0.244739112,6.4179196,5.7830815,7.093809934,0.707165319,58,1.906243151,1.451224596,283.6264749,7.847316624,0.006689821,3.574545563,100233.5766,322.4721584,120.2148839,125.6508789,2.104421139,33.59999847,22,41,37,1.399999976,29,37,34,1.350000024,184,0.02,8.09032223,81.7411386,51,0,Oolites,loam,clay loam
2848,Annual,646118,259734,TRUE,-17.065132,-0.43252754,0.6209624,0.665639974,2.3447726,1.31634,0.488624865,0.159521638,57,1.566538879,1.6578373,284.2022524,6.899069073,0.006838895,5.430163629,101375.1897,321.5185439,125.0644542,1.99055469,1.25229001,0.200000048,49,19,32,1.24000001,47,21,32,1.24000001,400,0.075,122.3336414,190.9984502,2501,0,Crag,clay,clay
2865,Annual,390610,136320,TRUE,-163.59138,-5.6077633,0.78008175,0.839036329,1.0772892,7.603664,82.74155303,0.58961414,1743,2.596933186,1.469132997,283.2827049,7.812595891,0.006690879,5.185630216,99087.94652,320.2768884,118.5405743,216.3614044,3.257191181,50.30000305,22,41,37,1.399999976,29,37,34,1.350000024,550,0.015,5.310664838,35.83764903,51,0,Chalk,loam,clay loam
2867,Annual,497021,448091,TRUE,-5.192259,0.46131444,0.8457842,0.808424914,1.2823503,0.5679378,22.06660112,2.580325475,60,1.931380064,1.455045952,283.0414371,7.297097527,0.006493942,4.651148001,100760.526,319.5012069,119.618161,39.78593445,4.08155489,19.30000114,22,41,37,1.399999976,29,37,34,1.350000024,550,0.015,10.99084184,48.00311052,51,0,Chalk,loam,clay loam
2871,Multiannual,379765,304205,TRUE,-40.497402,-0.6702423,0.4139564,0.553953864,1.3777139,2.517767,5.702416707,0.357776236,55,1.880777655,1.416610181,283.5037769,7.783296916,0.0066514,3.700262574,100366.2923,323.2742138,116.7766099,82.84914398,1.385446191,8.400001526,5,89,6,1.700000048,5,89,6,1.700000048,33,0.01,1.828480426,191.7359155,1001,0,Triassic Sandstone,sand,sand
2880,Annual,581500,154690,FALSE,-16650.24,-10.069175,0.03275772,-0.017586028,11.263215,5.0320926,2.56430889,0.204112469,54,1.787623215,1.480595441,284.193285,7.604655088,0.0069504,3.618406313,100765.3512,322.0427928,124.4604224,56.31967926,2.193308115,13.70000076,22,41,37,1.399999976,29,37,34,1.350000024,270,0.0006,14.96898461,704.1622614,251,0,Lower Greensand,loam,clay loam
2885,Annual,597318,293441,TRUE,-255.97815,-0.34722638,0.67502636,0.640993549,2.2794652,1.2690396,6.034160233,0.482454834,45,1.735761233,1.5788609,283.8462322,7.787020949,0.006711895,5.042651616,100987.0144,321.0862986,120.9958976,38.8288269,0.536561847,8,22,41,37,1.399999976,29,37,34,1.350000024,550,0.015,68.71737641,82.34702031,5001,0,Chalk,loam,clay loam
2886,Annual,312812,99233,TRUE,-7.9239063,-0.051505566,0.79171896,0.782245004,0.92555714,2.0279846,13.26818375,0.372727703,1694,2.636473168,1.459621736,284.181695,7.064950844,0.007075847,3.985198092,100505.8378,325.2277009,124.8693463,78.43438721,4.481563568,13.09999847,22,41,37,1.399999976,29,37,34,1.350000024,33,0.01,4.974053656,200.2690538,51,0,Triassic Sandstone,loam,clay loam
2901,Annual,503595,344265,TRUE,-0.93294907,0.18070418,0.48181975,0.43622045,0.67064744,0.45754126,5.026895964,1.534226247,58,1.730996715,1.467845486,283.6593259,7.961938764,0.006633773,3.761096484,101195.4145,322.3267834,119.1691893,20.29034424,0.991567373,2.899999619,49,19,32,1.24000001,51,18,31,1.230000019,130,0.0005,6.267917412,264.8984142,751,0,Oolites,clay,clay
2910,Annual,565597,122641,FALSE,-251.02658,-0.8621501,0.6112015,0.648007973,1.7720667,2.6493552,8.883223054,0.436175104,59,2.520755747,1.514050235,284.1058037,6.103997887,0.007006109,4.229240217,100584.0042,321.5956733,127.1848039,50.8983078,6.705149174,3.599998474,9,77,14,1.600000024,17,67,16,1.480000019,330,0.003,0.897610948,81.94240931,501,0,Corallian Limestone,sandy loam,sandy loam
2915,Annual,499825,323385,FALSE,-2.778016,0.6210365,0.8899008,0.887699386,0.6425503,0.93899995,5.408964974,1.023635776,58,1.765936469,1.517972286,283.485662,8.170701117,0.006580834,4.462713054,100643.7242,321.4847886,119.4467903,54.84103394,3.82901907,0,49,19,32,1.24000001,51,18,31,1.230000019,130,0.0005,3.079554009,50.64181696,101,0,Oolites,clay,clay
2919,Annual,586637,327012,TRUE,-51.799084,-0.16651857,0.55967176,0.340779247,2.0802104,1.0048594,2.487677515,0.372957829,1617,1.894030665,1.496858918,283.6270974,7.787020949,0.006673021,4.324510273,100889.9016,320.6207103,120.6357714,45.20183563,1.66444242,6.099998474,11,80,9,1.570000052,19,72,9,1.480000019,550,0.015,61.0652638,39.61988717,1001,0,Chalk,sandy loam,sandy loam
2930,Annual,386440,176290,FALSE,-23.253773,0.003999412,0.48737955,0.458334185,0.5172476,0.29559427,28.81606204,2.872405226,53,2.219112813,1.465968925,283.6500503,7.812595891,0.006774754,4.472113271,100012.0137,322.7205262,119.0125094,119.2809677,1.55279839,12.80000305,48,23,29,1.25,45,26,29,1.25999999,184,0.02,1.521776483,196.5176042,51,0,Oolites,clay,clay
2938,Annual,418293,136088,TRUE,-1.8502843,-0.08719182,0.8887643,0.91491243,1.2001978,2.0628045,1.274541157,0.227151276,54,2.191894854,1.485369783,284.0229469,8.146276078,0.00688715,3.570627257,100609.2804,323.2827235,125.075903,61.99250412,1.708024144,4.799999237,19,37,44,1.409999967,0,0,0,0,550,0.015,11.66993355,141.0691645,51,0,Chalk,loam,
2945,Annual,552228,137037,FALSE,-4.8038564,-0.22419417,0.55699086,0.611286279,1.8411146,0.22868878,4.480810454,1.684429251,58,2.121467693,1.462168622,284.1541379,8.545290384,0.006950116,3.472928068,100795.7758,321.9669736,124.7305037,54.90425873,0.161123633,16.5,19,45,36,1.419999957,27,39,34,1.360000014,50,0.00014,0.369610933,144.4230247,251,0,Corallian Limestone,loam,loam
2948,Annual,499911,444161,TRUE,-6.0865498,-0.08608079,0.5724678,0.55025426,0.40470165,0.19849682,6.104580283,1.450787478,60,1.89594742,1.462148564,283.2307535,6.699781022,0.006549333,4.666355844,100882.4112,320.3702897,118.4758584,19.04374695,1.66729939,3.699999809,22,41,37,1.399999976,29,37,34,1.350000024,550,0.015,12.99765735,178.8855266,51,0,Chalk,loam,clay loam
2972,Multiannual,542202,126857,TRUE,-4332.266,-0.10422456,0.6443852,0.573299045,0.21713814,1.6928087,30.11982586,0.358273254,59,2.285377876,1.39931215,284.0541372,8.545290384,0.00693858,3.430603916,100578.4766,321.4521925,120.5469973,77.99575806,0.430284441,26.10000229,9,77,14,1.600000024,17,67,16,1.480000019,50,0.00014,0.510123124,75.74136272,1,0,Corallian Limestone,sandy loam,sandy loam
2981,Annual,598956,285441,TRUE,0.36612242,0.5952444,0.8451187,0.856338494,1.1378229,1.3476299,0.876783131,0.390855794,58,1.747864181,1.530233629,283.9772875,8.134556528,0.006744829,4.260470427,101339.2402,321.5979546,121.0157872,19.75402451,0.859431386,2.100000381,5,90,5,1.710000038,8,87,5,1.629999995,550,0.015,72.09932238,56.64090788,5001,308.186554,Chalk,sand,loamy sand
2989,Multiannual,613164,154883,TRUE,-8.456398,0.4163593,0.6239402,0.542378377,1.0348196,1.4449773,63.64269965,0.775208309,57,1.975301207,1.485058117,283.9646458,6.701862052,0.006937018,4.556163419,100184.5749,320.8342667,121.7722889,84.17585754,2.875423431,39.00000381,9,77,14,1.600000024,17,67,16,1.480000019,550,0.015,30.85227005,607.0753255,1001,0,Lower Greensand,sandy loam,sandy loam
2993,Multiannual,509406,444019,TRUE,-6.7400618,-0.36594033,0.27843133,0.128616409,1.1645919,2.148077,1.373374304,0.124021326,55,1.704600216,1.470266496,283.3225678,6.699781022,0.006591874,4.741732758,101083.4608,320.6816426,119.3097972,1.564101577,2.283691645,0.800000012,19,37,44,1.409999967,31,31,38,1.330000043,550,0.015,18.98668992,66.91318719,51,0,Chalk,loam,clay loam
3066,Annual,410345,302925,TRUE,-165.72105,-0.97052944,0.29638326,0.375560972,2.1440814,2.4418786,3.246893072,0.292573211,1826,2.005805033,1.41028525,283.3080227,7.60476465,0.006569781,3.624385344,100010.1453,321.9928911,116.2833333,106.453392,0.852436185,5.900001526,5,90,5,1.710000038,8,87,5,1.629999995,33,0.01,1.065374249,651.1656216,501,145.0207977,Triassic Sandstone,sand,loamy sand
3067,Annual,410345,302905,TRUE,-434.5774,-1.3311734,0.43315065,0.45137562,2.2811122,2.8632913,3.489598136,0.215876378,1826,2.005805033,1.41028525,283.3080227,7.60476465,0.006569781,3.624385344,100010.1453,321.9928911,116.2833333,106.3433914,3.076170683,5.900001526,5,90,5,1.710000038,8,87,5,1.629999995,33,0.01,1.05232601,651.9742359,501,145.0207977,Triassic Sandstone,sand,loamy sand
3077,Annual,358934,524421,FALSE,-7196.3247,-35.267376,-0.11749789,-0.102865057,35.274075,12.805553,0.34058022,0.139228468,1817,2.736746986,1.338441068,282.3147418,6.999397718,0.006195126,3.368979259,99672.22874,317.9197919,115.2075853,110.4740448,2.145484209,0,9,78,13,1.600000024,23,64,13,1.429999948,30,0.14,3.592158206,30.63494726,1,0,Carboniferous Limestone,sandy loam,sandy clay loam
3078,Annual,358929,524418,FALSE,-4163.0215,-34.345215,0.35373265,0.057586321,35.843796,6.8978534,0.32761668,0.177838579,1824,2.736746986,1.338441068,282.3147418,6.999397718,0.006195126,3.368979259,99672.22874,317.9197919,115.2075853,111.0536346,2.965365171,0,9,78,13,1.600000024,23,64,13,1.429999948,30,0.14,3.586336426,30.66033008,1,0,Carboniferous Limestone,sandy loam,sandy clay loam
3087,Multiannual,359390,369230,FALSE,-15393.764,-25.30242,-0.09603254,-0.045230535,4.844859,26.99694,5.642516015,0.179180207,1402,2.250273823,1.444050568,283.2891665,6.877820409,0.00656402,4.427187191,100412.4033,322.6340687,115.9061747,76.55667877,5.275698662,5,4,87,9,1.730000019,4,88,8,1.74000001,33,0.01,7.138638787,305.0416448,1,0,Triassic Sandstone,sand,sand
3091,Multiannual,359527,369445,FALSE,-3645.94,-3.5216894,0.58703756,0.633961008,5.3068595,2.3138266,3.003786532,0.214329607,1567,2.250273823,1.444050568,283.2891665,6.877820409,0.00656402,4.427187191,100412.4033,322.6340687,115.9061747,71.40744019,0.550632298,4.400001526,4,87,9,1.730000019,4,88,8,1.74000001,33,0.01,6.921341075,323.1294127,1,0,Triassic Sandstone,sand,sand
3128,Decadal,445753,461751,TRUE,-672.03156,-0.20140123,0.71623886,0.707831463,0.038247008,1.6617305,5.15087557,0.191149393,1824,1.870974811,1.459312997,283.1737386,7.298685801,0.006472555,4.377416926,100941.5475,320.7772953,117.4626753,21.16728592,0.760853052,6.700000763,19,37,44,1.409999967,31,31,38,1.330000043,33,0.01,5.512199825,62.66414837,251,0,Triassic Sandstone,loam,clay loam
3136,Multiannual,358148,367598,FALSE,-3223.0273,-0.956815,0.37917793,0.426364063,2.3489556,2.2743855,7.160933886,0.1702424,1268,2.227929901,1.448275431,283.2750441,6.877820409,0.006562371,4.433555685,100366.5661,322.5716012,116.4301311,79.51822662,0.943544209,3.900001526,4,87,9,1.730000019,4,88,8,1.74000001,33,0.01,5.318129451,191.1858957,1,0,Triassic Sandstone,sand,sand
3249,Annual,429575,283405,TRUE,-0.021717072,0.10236174,0.38316762,0.450017772,0.8199961,0.37320608,4.443936099,1.949096565,74,1.980613364,1.486057228,283.2804036,8.078422874,0.006557827,4.353400686,99846.92933,321.483783,118.7463025,118.7438812,2.923688412,0,22,41,37,1.399999976,29,37,34,1.350000024,300,0.00064,5.174829258,1531.037819,501,0,Unallocated to aquifers,loam,clay loam
3251,Annual,429565,283405,TRUE,-1.5598288,-0.12202752,0.110599436,0.123631241,0.61920595,0.43175012,5.636926662,1.771058337,52,1.980613364,1.486057228,283.2804036,8.078422874,0.006557827,4.353400686,99846.92933,321.483783,118.7463025,118.3353882,2.299567699,0,22,41,37,1.399999976,29,37,34,1.350000024,300,0.00064,5.164849964,1526.705635,501,0,Unallocated to aquifers,loam,clay loam
3360,Multiannual,391096,377494,FALSE,-3153.7002,-12.657198,0.2546882,0.256325896,2.162636,14.587275,8.446034603,0.180845476,1826,2.546768897,1.361759027,282.9116931,6.901916814,0.006429284,3.595291337,99736.22482,320.5378343,113.3996414,124.418251,1.5235641,15.70000458,5,89,6,1.700000048,5,89,6,1.700000048,33,0.01,1.247652304,713.0517624,101,0,Triassic Sandstone,sand,sand
3361,Multiannual,591287,164798,TRUE,-5.8395066,-1.0573933,-0.032077,-0.04467263,2.7720685,0.8341943,0.287773509,0.226030892,1826,1.447809416,1.470156461,284.4533094,7.604655088,0.00701075,3.702476273,101308.3051,323.2130651,120.9350464,2.43599987,3.28891921,0,22,41,37,1.399999976,29,37,34,1.350000024,90,0.001,27.38413861,758.91207,251,0,Chalk,loam,clay loam
3372,Annual,500045,333785,FALSE,-5.4956145,-0.10544205,0.7062988,0.914516911,0.24115004,0.2517432,17.86056881,5.63368423,58,1.750219061,1.503023712,283.3383856,8.170701117,0.00654039,4.479856909,100431.8706,320.8341475,118.958695,69.67005157,3.061220407,2.5,49,19,32,1.24000001,51,18,31,1.230000019,184,0.02,4.654866092,46.75532264,101,0,Oolites,clay,clay
3378,Multiannual,381770,390045,FALSE,-347.07364,-2.0398953,0.38050586,0.328355467,2.4530923,3.5972836,1.441745576,0.11414323,1593,2.486801748,1.404574153,283.4483906,6.901916814,0.006577593,3.591619393,100920.7497,323.1919025,115.4432823,32.74523544,0.6833148,6.5,19,37,44,1.409999967,31,31,38,1.330000043,33,0.01,2.199399543,3795.116632,101,0,Triassic Sandstone,loam,clay loam
3416,Annual,339245,396655,TRUE,-1128.1788,-5.327872,0.7785999,0.730026365,5.834024,5.077447,0.814720313,0.118194197,1826,2.460624317,1.444523341,283.5288006,6.877820409,0.006630099,4.434400116,101098.1022,323.958377,115.311862,16.58448029,0.664932191,3.200000763,10,76,14,1.580000043,26,60,14,1.409999967,33,0.01,0.457186957,3237.758721,101,0,Triassic Sandstone,sandy loam,sandy clay loam
3438,Multiannual,428401,147621,TRUE,-9.254798,0.51036537,0.8967012,0.906889476,1.2479706,0.5906324,25.6722101,2.016604027,1729,2.074041616,1.460465746,283.8848734,8.146276078,0.006829426,3.547865473,100376.9016,322.666231,122.8283443,107.3703613,0.105370231,24.5,19,37,44,1.409999967,0,0,0,0,550,0.015,26.81146838,237.3397491,1,0,Chalk,loam,
3445,Annual,486406,112749,TRUE,-308.09564,-4.506199,0.67942566,0.7623248,5.8769093,3.5359888,4.291298135,1.207495111,1700,2.671905807,1.428641268,284.1084842,6.336254195,0.006933394,4.152941563,100688.6701,322.0002465,116.8428631,53.38272095,1.917137623,4.5,21,44,35,1.409999967,25,40,35,1.370000005,550,0.015,19.41798677,90.20287372,1001,0,Chalk,loam,loam
3447,Annual,445400,182970,TRUE,0.24856085,0.7735165,0.8445828,0.851523038,0.90090096,0.86839616,20.40028514,2.967269347,49,1.993263961,1.512341152,283.3729658,7.847316624,0.006636061,4.285186169,99502.72835,320.5645227,123.3079858,145.7896729,2.288139105,3.800003052,19,37,44,1.409999967,0,0,0,0,550,0.015,26.6080228,93.34928676,51,4.667307377,Chalk,loam,
3469,Annual,431189,181029,TRUE,-52.57151,-1.1360965,0.8706801,0.863419539,3.072673,1.5002126,9.957931229,2.836844174,1792,1.917907994,1.436895359,283.3195085,7.806790904,0.006632217,3.562163118,99328.54847,320.5231485,121.5649007,137.068222,2.495629787,0,22,42,36,1.399999976,25,41,34,1.379999995,550,0.015,24.43502458,66.01818471,51,0,Chalk,loam,loam
