No,Wavelet transform,easting,northing,lat,long,NSE_train,KGE_train,Pearson_r_train,Spearman_r_train,Mean_ratio_train,STD_ratio_train,NSE_test,KGE_test,Pearson_r_test,Spearman_r_test,Mean_ratio_test,STD_ratio_test,P,PET,TAS,DTR,HUSS,WIND,PSURF,RLDS,RSDS,elev,slope,hand,t_clay,t_sand,t_silt,t_bd,s_clay,s_sand,s_silt,s_bd,ts,sy,sdf,pop_dens,irri_int,gw_abs,Aquifer,Top Soil,Sub Soil
2,Annual,420565,199295,51.692029,-1.703877,0.3296908,0.5121739,0.8524148,0.811561334,1.2414361,0.6026327,0.49214798,0.5153657,0.87581056,0.876765554,1.1794487,0.5672823,1.774808322,1.449792648,283.8722098,7.806790904,0.006789171,3.601816307,100541.3821,323.5834183,119.619524,72.23679352,0.437775344,3.100006104,11,80,9,1.570000052,19,72,9,1.480000019,0.1,0.06,3.630712238,120.7160504,251,100.3227158,Oolites,sandy loam,sandy loam
10,Multiannual,564245,171712,51.420622,0.360804,0.75328827,0.77480435,0.9062748,0.912940618,1.0160956,0.7958692,0.641284,0.5754128,0.8430259,0.81823553,1.0067923,0.605555,1.55312158,1.441988728,284.1749941,8.545290384,0.006881943,3.595321925,100933.1047,322.1982433,118.697084,29.95890617,8.036122322,2.699998856,9,77,14,1.600000024,17,67,16,1.480000019,550,0.015,17.75109429,1628.325082,251,8.552083015,Chalk,sandy loam,sandy loam
16,Annual,559541,251790,52.141359,0.329989,0.81051993,0.83311266,0.90821636,0.90022693,0.99404925,0.8607463,0.7314142,0.73735964,0.87693834,0.883883981,1.0070342,0.7680818,1.659912373,1.520334182,283.6082373,8.084611253,0.006621065,4.570798286,100299.7665,320.283539,117.9390734,94.82769775,2.581180811,0.599998474,49,19,32,1.24000001,51,18,31,1.230000019,550,0.015,56.57861324,79.5966272,5001,0,Chalk,clay,clay
19,Annual,398635,198815,51.688083,-2.021137,0.7422248,0.780867,0.88367397,0.893760079,0.9661597,0.8174015,0.82035965,0.83290404,0.9100212,0.901800299,0.9888134,0.8596449,2.135761228,1.455074024,283.6789407,7.50607898,0.00675482,3.675112559,100112.9999,322.9832031,121.2067578,108.0771637,6.447398186,3.100006104,54,22,24,1.230000019,44,34,22,1.279999971,184,0.02,5.50101399,191.3660449,251,0,Oolites,clay,clay
20,Decadal,343971,449275,53.936531,-2.854924,0.680561,0.64992344,0.8605119,0.842671147,0.9189228,0.68931943,0.40410227,0.74886435,0.79547596,0.806012195,0.893789,0.9002131,2.910186199,1.423306154,283.3801806,6.350821513,0.006544172,4.30205114,101263.0669,323.2557912,113.9052436,5.284296989,1.035665751,2,40,20,40,0.275924206,27,47,26,0.282238722,33,0.01,4.736840749,107.7348115,1,0,Triassic Sandstone,silty clay loam,sandy clay loam
25,Annual,578560,259851,52.207941,0.611861,-6.048946,-0.18665707,-0.07304091,-0.035707913,0.9905748,1.506613,-7.6225834,-0.049895525,0.18669349,0.09737616,0.990974,1.6638867,1.635104048,1.536528911,283.5276495,8.134556528,0.006600667,4.727977888,100221.3077,319.5905124,119.5125218,106.7295685,1.41345036,8.599998474,49,19,32,1.24000001,51,18,31,1.230000019,550,0.015,66.71101306,62.53911903,5001,0,Lower Greensand,clay,clay
27,Annual,448933,465244,54.080785,-1.253548,-0.30910218,0.22598588,0.36393428,0.35014525,1.4123329,0.8434657,-4.4688835,-0.5710015,0.70331275,0.707303173,2.2129126,1.9533818,1.804764514,1.450493758,283.169312,7.298685801,0.006473304,4.39065183,100971.3674,320.6883556,116.8230968,11.51841831,3.990374088,2.5,10,76,14,1.580000043,26,60,14,1.409999967,33,0.01,2.098813414,54.82825985,251,1.755312324,Triassic Sandstone,sandy loam,sandy clay loam
28,Multiannual,607216,229729,51.927485,1.012393,0.65455115,0.7948064,0.8295915,0.806677311,0.9774199,0.88795024,0.5828345,0.74494207,0.8059342,0.832817675,1.0312794,0.8374758,1.557228912,1.595576227,284.1248836,7.091237781,0.006799936,4.841553541,101108.8555,321.6139865,122.2307161,36.98066711,0.18478559,1.099998474,11,80,9,1.570000052,19,72,9,1.480000019,100,0.005,73.2195829,146.1015437,1001,403.6683655,Chalk,sandy loam,sandy loam
30,Annual,396769,197268,51.674166,-2.048116,0.88122094,0.8437419,0.9438715,0.945886895,0.9767829,0.85603106,0.80732524,0.817956,0.96710145,0.96952668,0.8520507,0.8991604,2.191566265,1.507869814,283.5724853,7.50607898,0.006726442,4.437943883,99892.3466,322.4941285,122.4190621,105.9273071,5.86828661,0,49,19,32,1.24000001,51,18,31,1.230000019,184,0.02,3.601596885,118.5838186,251,0,Oolites,clay,clay
39,Annual,565789,308887,52.652362,0.44945,0.534487,0.7686881,0.7697347,0.758059185,1.0049356,0.97858566,-0.57560146,0.5418142,0.8139773,0.816093336,1.0204419,1.418233,1.655038334,1.542443326,283.8114913,7.692880738,0.006690547,4.809887074,101140.5627,321.6680478,118.8323424,25.75464821,2.866908073,9.100000381,24,47,29,1.389999986,34,39,27,1.330000043,270,0.0006,36.36913814,86.16199832,1001,0,Oolites,loam,clay loam
40,Annual,425845,177785,51.498413,-1.62907,0.9560867,0.95559746,0.9781923,0.979848245,0.98868054,0.9630153,0.9044521,0.87330574,0.9620164,0.964078741,0.9552807,0.887711,2.085323112,1.430224045,283.4221576,8.146276078,0.006670139,3.57681094,99585.69107,321.0483747,120.5927805,145.401825,4.977367401,2.900009155,22,42,36,1.399999976,25,41,34,1.379999995,550,0.015,23.26764567,63.91252609,51,0,Chalk,loam,loam
41,Annual,413670,155000,51.293964,-1.805328,0.75679135,0.70966446,0.8994787,0.910565049,1.1064008,0.74926376,0.7175522,0.6026442,0.8903571,0.896267785,1.0200799,0.61859995,2.065060243,1.424075134,283.8368797,8.146276078,0.006819661,3.602016673,100314.2531,322.8489577,119.2308011,91.65601349,1.219533682,0,22,41,37,1.399999976,29,37,34,1.350000024,550,0.015,17.86687235,38.70026976,51,0,Chalk,loam,clay loam
43,Annual,448976,432699,53.7883,-1.258096,0.13311392,0.6963093,0.7734155,0.81075554,0.9921177,1.2020581,0.3921687,0.7849915,0.807824,0.83592072,0.99290764,1.0961643,1.782858708,1.463109762,283.2326318,7.170043959,0.00649442,4.384559272,101020.3054,321.1436988,117.522461,32.67578125,1.742551088,18.59999847,22,42,36,1.399999976,25,41,34,1.379999995,260,0.01,1.035799115,209.830765,501,0,Magnesian Limestone,loam,loam
44,Annual,410831,173495,51.460324,-1.845486,0.94844115,0.9447371,0.97415906,0.973238522,0.9985896,0.9511714,0.92658454,0.8430764,0.9719576,0.972702342,1.0160506,0.8464391,2.090032861,1.414637589,283.3713217,8.146276078,0.006671166,3.622997394,99463.05551,320.9927486,119.8312534,169.6733551,2.168588877,0,19,37,44,1.409999967,0,0,0,0,550,0.015,16.68386135,55.30039445,51,0,Chalk,loam,
47,Multiannual,353845,323455,52.806649,-2.686111,0.5191487,0.79636204,0.8118249,0.846188761,0.9959362,0.92227143,-3.2012887,0.2974828,0.6148361,0.530011812,0.9926519,1.587482,1.978641838,1.470433681,283.2644253,7.561281574,0.006596053,4.522811254,99995.14311,322.4232399,119.1296246,109.8624115,2.851191759,21.8999939,9,78,13,1.600000024,23,64,13,1.429999948,33,0.01,0.746485285,58.38724439,1001,0,Permian Sandstone,sandy loam,sandy clay loam
56,Annual,453385,171915,51.443713,-1.233251,0.8071017,0.8264281,0.89931613,0.896723568,1.0005463,0.85861623,0.7346196,0.8402558,0.92708564,0.939500604,0.975347,1.1399807,1.904435923,1.445932033,283.8928053,8.427272862,0.006793639,3.504383624,100541.3867,322.6904051,120.256108,75.01563263,1.732971549,7.099998474,51,17,32,1.220000029,52,19,29,1.230000019,550,0.015,20.96205399,285.8142319,51,0,Chalk,clay,clay
58,Multiannual,551843,166864,51.380518,0.180509,0.5083492,0.8127879,0.8132194,0.784632754,0.9959359,1.0120373,0.7085499,0.6967411,0.85113937,0.807100121,0.9993653,0.7357927,1.80520263,1.486567394,283.8676973,8.545290384,0.006793129,4.29217972,100310.4435,320.8698561,119.2385405,99.65593719,2.191395521,36.89999771,22,42,36,1.399999976,25,41,34,1.379999995,550,0.015,14.00146388,790.3823844,1,0,Lower Greensand,loam,loam
63,Annual,448505,129295,51.060948,-1.309225,0.6418879,0.7430726,0.8021367,0.878821685,0.9973121,0.8361287,0.5779318,0.68130827,0.76969147,0.832460513,0.98989207,0.77995735,2.334118291,1.492894216,284.2321417,8.427272862,0.006940891,3.478965306,101053.1699,323.5752847,125.3829818,36.06915283,0.886274159,2.700000763,19,37,44,1.409999967,0,0,0,0,550,0.015,39.7843388,577.4225931,1,1324.546875,Chalk,loam,
67,Annual,442090,472497,54.14657,-1.357128,0.6867711,0.8528552,0.8969357,0.898093633,1.0378361,1.0979723,0.38974684,0.67103827,0.8197865,0.798332953,0.9702689,1.2736022,1.848138005,1.447844086,283.1568835,7.298685801,0.006463241,4.36136628,100999.2444,320.699201,116.6318292,18.49160576,3.662299156,3.700000763,10,76,14,1.580000043,26,60,14,1.409999967,33,0.01,0.143062262,65.31352166,251,0,Triassic Sandstone,sandy loam,sandy clay loam
75,Multiannual,383541,264701,52.280196,-2.242666,0.7775887,0.79676306,0.8935143,0.90344031,1.0285785,0.82926893,0.4188643,0.57026845,0.65930057,0.67448846,1.0159842,0.7385862,1.860624318,1.509949268,283.7021859,7.772891658,0.006731617,4.473324615,100513.8787,323.9325984,120.3383844,66.90311432,4.698286533,22.70000076,19,45,36,1.419999957,27,39,34,1.360000014,33,0.01,2.762280056,125.1209151,1001,0,Triassic Sandstone,loam,loam
79,Annual,518302,448799,53.921812,-0.200043,0.59774613,0.7409178,0.8221922,0.798643424,1.1049776,0.84351516,-0.46387696,0.2436744,0.5896611,0.640249697,1.4517012,0.55321527,1.761829132,1.456948586,283.2147232,6.699781022,0.006582028,4.824029507,100914.8492,320.0631503,119.5338798,19.15652275,1.215430617,6.399999619,19,37,44,1.409999967,31,31,38,1.330000043,550,0.015,25.91513592,105.0961988,51,0,Chalk,loam,clay loam
82,Annual,427625,287725,52.48674,-1.594605,0.72928596,0.86326504,0.89510584,0.913227695,0.98216933,0.914119,-0.8091806,0.6743165,0.6841972,0.515667693,0.953583,0.9353199,2.03543264,1.476348369,283.2553545,8.078422874,0.006550084,4.356141879,99825.81858,321.4211187,117.8008268,118.1890106,3.098351002,3.800003052,22,41,37,1.399999976,29,37,34,1.350000024,300,0.00064,1.146802223,178.8040171,501,3710.9375,Unallocated to aquifers,loam,clay loam
85,Annual,464601,421302,53.684177,-1.023343,0.7581785,0.6589595,0.90170133,0.912295445,0.9347194,0.6800254,0.62735856,0.5406601,0.87859595,0.897775865,0.7804014,0.61525357,1.724808325,1.468676392,283.4262992,7.170043959,0.006558483,4.44135813,101333.7428,321.857515,116.9879701,5.946015835,1.077541709,3.5,19,37,44,1.409999967,31,31,38,1.330000043,33,0.01,1.214954487,140.2040489,51,0,Triassic Sandstone,loam,clay loam
89,Annual,462352,481645,54.22672,-1.045082,0.62088454,0.6191546,0.80357325,0.84770835,0.99535394,0.67375183,0.6542385,0.65619445,0.815853,0.891087249,1.0005084,0.70966995,2.144030667,1.419791766,282.7708896,7.298685801,0.006378721,3.711484696,100319.1654,318.5060203,120.9635355,71.12849426,6.01686573,25.70000076,51,17,32,1.220000029,52,19,29,1.230000019,0.1,0.02,2.519740571,20.22620447,751,0,Corallian Limestone,clay,clay
90,Annual,386475,262865,52.26377,-2.199586,0.6514597,0.6070812,0.83949554,0.855876049,1.0634367,0.64701426,0.61437476,0.5680076,0.80755186,0.847044985,1.0014111,0.61324596,1.830120482,1.522876965,283.9057363,7.772891658,0.00678863,4.463854511,100914.5803,324.8520293,120.3742035,37.08323669,6.494699478,5.5,22,41,37,1.399999976,29,37,34,1.350000024,33,0.01,0.371337496,481.1097267,1001,0,Triassic Sandstone,loam,clay loam
94,Annual,332235,325805,52.825485,-3.007123,0.6359693,0.69328517,0.85057294,0.846062329,1.1790893,0.80082077,0.6140205,0.6448927,0.82090366,0.820663823,0.8973264,0.71106714,2.028641843,1.420651125,283.4562464,6.964348333,0.006673145,3.852067867,100208.9122,323.4348426,118.0521118,77.65715027,2.241098881,1.599998474,9,78,13,1.600000024,23,64,13,1.429999948,33,0.01,2.50660904,220.7467912,251,0,Triassic Sandstone,sandy loam,sandy clay loam
99,Annual,355825,319105,52.767714,-2.656152,0.45868492,0.7734339,0.8177516,0.791346488,1.008082,1.1343648,0.5050819,0.71610516,0.7326497,0.72741642,0.99888784,0.9045119,1.831653888,1.423265937,283.5311753,7.561281574,0.006673111,3.765587659,100506.0203,323.6572066,117.6608748,67.76834869,0.685847819,3.599998474,5,89,6,1.700000048,5,89,6,1.700000048,30,0.14,0.178960653,116.0637785,1001,0,Permian Sandstone,sand,sand
107,Annual,419454,172560,51.451688,-1.721421,0.94236696,0.95824116,0.97226393,0.973047108,0.98420125,0.9730763,0.9046508,0.8676438,0.9548925,0.95071582,1.0081908,0.87583756,2.106516978,1.424991458,283.4438774,8.146276078,0.006685371,4.347945887,99604.37405,321.1725091,115.4419778,141.0203552,3.681048393,4.5,19,37,44,1.409999967,0,0,0,0,550,0.015,23.71928791,148.7496959,51,0,Chalk,loam,
111,Annual,576126,301843,52.585849,0.598347,0.6128702,0.86871725,0.9170527,0.915183596,1.0200399,1.099769,0.46161544,0.918792,0.9250898,0.929122032,1.0276921,0.9852937,1.757447973,1.514748191,283.9371567,7.787020949,0.006728615,4.120896593,101269.4926,321.9906274,120.2531564,17.40144539,0.39579463,10.19999981,5,90,5,1.710000038,8,87,5,1.629999995,550,0.015,46.63534513,30.06412326,5001,0,Chalk,sand,loamy sand
116,Annual,415687,146780,51.22,-1.776759,0.74610615,0.77738994,0.8715519,0.85855553,0.9701597,0.8206546,0.03984362,0.7183148,0.84138143,0.841011955,0.84622264,0.8252495,2.053504927,1.475082859,283.9302454,8.146276078,0.006853157,3.588728295,100463.0556,323.0929493,123.968786,78.47982788,1.641875148,4.199996948,19,37,44,1.409999967,0,0,0,0,550,0.015,18.61297705,182.7381644,51,0,Chalk,loam,
117,Annual,415674,146792,51.220108,-1.776945,0.74575436,0.88512516,0.90012264,0.896947637,1.0476156,0.9691239,0.8568407,0.89374876,0.9461704,0.945690941,0.971787,0.9128507,2.053504927,1.475082859,283.9302454,8.146276078,0.006853157,3.588728295,100463.0556,323.0929493,123.968786,79.05967712,2.379065037,4.199996948,19,37,44,1.409999967,0,0,0,0,550,0.015,18.6175394,182.2749278,51,0,Chalk,loam,
118,Annual,404780,193710,51.642166,-1.932313,0.13405752,0.623212,0.76274616,0.75268178,1.0700675,1.2842104,-0.5415813,0.68778205,0.79666066,0.863489619,1.2189754,1.0904695,1.860186198,1.440753148,283.800845,7.806790904,0.006788026,3.652046548,100362.2999,323.4089062,119.5111818,83.46429443,0.191424772,0.400001526,22,42,36,1.399999976,25,41,34,1.379999995,0.1,0.06,5.988597057,113.806982,251,0,Oolites,loam,loam
128,Annual,479475,148665,51.231643,-0.863102,0.866515,0.8755014,0.9413529,0.946319398,0.97158223,0.89392114,0.7460271,0.87945205,0.8855465,0.893651204,1.0198433,1.032226,1.962705362,1.427074733,283.8851581,8.449890581,0.006808466,3.443880902,100427.2445,321.7829931,119.9607737,91.49639893,3.107840776,7,19,37,44,1.409999967,0,0,0,0,550,0.015,19.59968282,517.1250436,251,0,Chalk,loam,
131,Multiannual,572288,171659,51.41776,0.47634,-0.44177866,0.54494476,0.63565737,0.575909479,1.0031921,1.2726213,-0.23973715,0.41132116,0.4125926,0.305484319,0.99853724,0.96136314,1.649780943,1.47276504,284.2035206,8.545290384,0.006896981,3.629324914,100977.2587,322.2351621,121.569295,56.71195221,1.497074246,24.5,11,80,9,1.570000052,19,72,9,1.480000019,90,0.001,24.47339055,1074.38586,251,0,Chalk,sandy loam,sandy loam
136,Multiannual,552259,226414,51.915438,0.212382,0.82488644,0.8479201,0.9166459,0.912613539,0.9955979,0.87287474,0.6952357,0.61923486,0.8664409,0.868864027,1.002504,0.64343673,1.581106239,1.461786966,283.699007,8.170865377,0.006660219,3.701196744,100328.6079,320.6162787,118.788952,99.39503479,10.81232929,14.79999542,4,87,9,1.730000019,4,88,8,1.74000001,100,0.005,43.26085039,252.0835559,101,0,Chalk,sand,sand
139,Annual,607453,285624,52.42921,1.049995,0.60841596,0.73526156,0.8117591,0.845773056,1.0233064,0.8153159,-6.588197,0.54912937,0.6001886,0.616543321,1.1639346,1.1286911,1.687732746,1.580856464,283.7854632,7.481927803,0.00669666,5.110700672,100921.7433,320.5228896,121.5999924,51.03430939,0.415271312,0,22,41,37,1.399999976,29,37,34,1.350000024,550,0.015,80.26077029,81.06147605,5001,8.77319622,Chalk,loam,clay loam
143,Annual,552677,163876,51.353447,0.191201,0.7930653,0.8889814,0.9130329,0.924311443,1.068314,0.9902474,-0.7424872,0.49391598,0.759089,0.776515258,1.2134935,1.3905225,1.862705366,1.504126994,284.0814532,8.545290384,0.006863022,3.532449297,100730.0791,321.8434722,125.4257969,46.84046936,6.628939629,1.599998474,9,77,14,1.600000024,17,67,16,1.480000019,550,0.015,16.39938893,387.0153468,1,0,Chalk,sandy loam,sandy loam
146,Annual,433405,153605,51.280609,-1.522434,-0.1471721,0.7402723,0.8338598,0.837192115,0.9909486,1.1994356,-4.303531,0.13894266,0.68626595,0.674548441,0.98869556,1.8017912,2.277929899,1.526114043,283.2432422,8.146276078,0.006631776,5.048969182,99111.99449,319.6531516,122.9230293,200.5324402,3.674587965,18.8999939,22,42,36,1.399999976,25,41,34,1.379999995,550,0.015,34.56270198,105.1835938,1,0,Chalk,loam,loam
151,Annual,446155,152255,51.267583,-1.339817,0.88557255,0.8586638,0.9440214,0.95256595,0.99714917,0.8702536,0.8784315,0.86666155,0.9474847,0.937836035,1.0215443,0.8793474,2.112102958,1.504572999,283.6728276,8.427272862,0.006751586,4.259260917,100011.8782,321.4346801,123.1500028,104.7096481,6.08608675,9.900001526,19,37,44,1.409999967,0,0,0,0,550,0.015,37.07334892,85.92842909,1,0,Chalk,loam,
153,Annual,401936,206076,51.753367,-1.973348,0.8830257,0.86783636,0.9438515,0.950590078,1.0545884,0.89353585,0.8555205,0.78366584,0.95499206,0.955986893,0.877148,0.8277156,2.309309963,1.478261465,283.3965685,7.806790904,0.006663631,3.665536332,99620.83809,321.7031673,124.2880762,123.4022064,1.677462578,0,22,42,36,1.399999976,0,0,0,0,184,0.02,4.419534381,194.6280935,51,0,Oolites,loam,
157,Multiannual,557690,167110,51.381135,0.264566,0.39026976,0.73216355,0.8043704,0.783550475,0.99562496,0.81711805,0.49090606,0.72987044,0.8524338,0.795993401,1.0014946,1.22626,1.70640745,1.482532048,283.9003305,8.545290384,0.006804748,4.314099311,100371.1792,320.9554519,118.5579835,104.5039063,3.228269339,8.199996948,24,48,28,1.399999976,34,41,25,1.330000043,550,0.015,16.64911602,398.7543659,1,0,Chalk,sandy clay loam,clay loam
164,Decadal,334360,392220,53.422661,-2.989207,0.838107,0.9417729,0.9438843,0.928970922,0.99320364,0.9860287,-17.814638,0.23069483,0.24332713,0.239494642,0.9500734,0.87045026,2.26993428,1.4334808,283.5335003,6.877820409,0.006639741,4.460422006,101068.2013,324.0046103,114.452974,18.92000008,0.511613369,0,19,37,44,1.409999967,31,31,38,1.330000043,33,0.01,4.288917043,5253.566562,101,0,Triassic Sandstone,loam,clay loam
170,Multiannual,414935,236635,52.027922,-1.783724,0.5725105,0.8168554,0.87296045,0.870867805,1.058981,0.88200116,0.40170777,0.67448115,0.7340734,0.690790065,1.035601,0.8156707,2.201369113,1.486694874,282.6738169,8.078422874,0.006422,5.137881642,98309.42605,318.4334692,118.8840482,223.177536,4.186089993,0,22,42,36,1.399999976,0,0,0,0,20,0.0015,4.617745516,89.72379056,501,0,Triassic Sandstone,loam,
183,Annual,331455,412895,53.608095,-3.037443,0.7878286,0.84546065,0.8924124,0.893338316,0.97409505,0.892132,-0.53543556,0.7002436,0.859176,0.851513669,0.7380679,0.96240294,2.36286966,1.442798336,283.5159739,6.855202712,0.006621917,4.423502018,101012.0595,323.9741524,114.9868724,12.58535576,1.128607273,3.699999809,6,79,15,1.659999967,6,79,15,1.659999967,33,0.01,3.890955407,967.4226659,1,859.6873169,Triassic Sandstone,loamy sand,loamy sand
198,Annual,454968,202040,51.714399,-1.205771,0.5929011,0.8138228,0.8160926,0.825716301,1.0185832,1.0222459,-4.2657857,0.27543795,0.8397891,0.830155608,1.1065125,1.6985675,1.575848849,1.459395761,283.9417424,7.847316624,0.006780013,3.527071591,100750.0911,323.3797584,119.8601377,61.6640625,1.743529677,0,49,19,32,1.24000001,51,18,31,1.230000019,700,0.0005,6.364006219,1296.275839,251,0,Corallian Limestone,clay,clay
199,Multiannual,409685,343975,52.993009,-1.857154,0.7402135,0.74838746,0.8669351,0.866763553,0.97051173,0.78849894,-1.3629124,0.21224958,0.66832757,0.722375297,0.8859906,1.7053729,2.503723986,1.457611449,282.8239338,7.60476465,0.006411557,3.604560677,99361.98437,319.8677487,123.1761362,117.265274,22.43667221,0,22,42,36,1.399999976,25,41,34,1.379999995,33,0.01,0.193519238,76.27861278,51,0,Triassic Sandstone,loam,loam
201,Annual,412835,196695,51.66888,-1.815801,0.6256173,0.70205337,0.831853,0.835791303,0.94440114,0.7604036,0.7523354,0.8617127,0.881441,0.91020138,1.0260389,0.9337527,1.829846656,1.44795728,283.8558121,7.806790904,0.006794074,3.625636358,100491.2032,323.5896878,119.7354865,77.45097351,1.90690434,2.5,19,41,40,1.419999957,19,44,37,1.419999957,0.1,0.06,0.698360077,102.2323306,251,0,Oolites,loam,loam
208,Multiannual,577589,163996,51.347292,0.548667,0.6243263,0.5385885,0.83411705,0.820767616,1.0012894,0.5694405,0.49709153,0.36950374,0.84867513,0.716204673,1.0038643,0.38794512,1.92809419,1.473495068,283.9302469,7.604655088,0.006838891,4.386330236,100272.4425,320.8547403,118.0009821,77.01148224,1.07695508,0,22,41,37,1.399999976,29,37,34,1.350000024,550,0.015,20.99154549,2323.999256,251,0,Chalk,loam,clay loam
212,Annual,495770,459389,54.021611,-0.539688,0.8740547,0.89400715,0.93620586,0.954492524,0.99264395,0.9156754,0.88880295,0.8479412,0.95179063,0.968486339,0.9838538,0.85669273,2.05125958,1.430256391,282.960595,7.124206013,0.006474843,3.904746439,100454.7973,319.0859143,121.2497749,42.91136932,2.166847944,3.299999237,19,37,44,1.409999967,0,0,0,0,550,0.015,12.49834141,36.34496131,51,0,Chalk,loam,
215,Annual,539286,110151,50.874079,-0.021704,0.917986,0.87202454,0.9642154,0.967817762,0.9858895,0.8779425,0.91023487,0.81634927,0.9651558,0.950834941,1.0023777,0.81970096,2.569605697,1.515263682,284.0234199,6.292935412,0.006973302,4.154124954,100466.8641,321.1422448,128.649225,39.60405731,5.538887501,0,19,37,44,1.409999967,0,0,0,0,550,0.015,8.541541122,355.4582339,1,83.046875,Chalk,loam,
216,Annual,561311,266770,52.275407,0.362962,0.5704709,0.79700285,0.8697833,0.857138595,0.99291885,0.844435,0.36935872,0.7693526,0.8145703,0.800179438,0.99191797,0.863077,1.494304489,1.5174097,284.0416214,8.084611253,0.00674239,3.877482833,101298.374,322.4407196,120.7636216,27.78457069,3.071474552,20,8,76,16,1.610000014,8,76,16,1.116897106,550,0.015,49.22736176,337.0170208,5001,0,Chalk,sandy loam,sandy loam
227,Annual,513965,108505,50.864826,-0.381931,-0.20899594,0.5858075,0.6102661,0.636383243,0.99547064,0.8598502,-1.3147843,0.2112692,0.4202066,0.522228279,0.9907938,0.4653502,2.324151147,1.462951549,283.8610151,6.292935412,0.006891824,4.890391678,100144.55,320.4711682,119.0361029,128.1636658,5.773172379,40.90000153,19,37,44,1.409999967,31,31,38,1.330000043,550,0.015,19.05303409,897.953891,1001,0,Chalk,loam,clay loam
230,Annual,418175,167485,51.406099,-1.740086,0.8501554,0.92625886,0.9267427,0.941487314,1.002696,0.9920102,0.76273876,0.7614036,0.89509445,0.893762979,0.99494267,0.7857637,2.221851037,1.394601764,283.3169646,8.146276078,0.006652855,3.592794117,99324.95113,320.5073551,118.1628287,165.2292175,3.182320356,0,22,41,37,1.399999976,29,37,34,1.350000024,550,0.015,20.92693362,160.3575095,51,0,Chalk,loam,clay loam
232,Annual,507065,102705,50.814006,-0.481634,0.6634629,0.67558146,0.8389473,0.857660691,1.0472548,0.72237486,0.46688342,0.7267129,0.84055626,0.853414396,1.1081173,0.8061611,1.974260677,1.496369762,284.4840557,6.292935412,0.007084656,4.128549653,101398.7209,323.3536124,123.477586,7.614554882,0.125360832,0.700000286,24,47,29,1.389999986,34,39,27,1.330000043,550,0.015,21.63607317,1581.954882,1001,0,Chalk,loam,clay loam
233,Annual,621914,158529,51.282648,1.180793,-0.26451182,0.32990247,0.8259251,0.824865065,0.8161487,1.6204338,0.13496035,0.46156305,0.82864404,0.787860143,1.0798132,1.504173,1.736418397,1.49827787,284.4450618,6.701862052,0.00708118,3.875321893,101151.4296,323.065309,124.9962449,5.79953146,0.209874511,1.899999619,22,41,37,1.399999976,29,37,34,1.350000024,550,0.015,39.74744827,195.4747745,1001,0,Oolites,loam,clay loam
234,Decadal,406085,343255,52.986589,-1.9108,0.32078344,0.391769,0.57321703,0.494205208,0.9977885,0.56664735,-3.2434735,0.2835657,0.3760587,0.481251321,0.9651994,0.64962584,2.552354876,1.476330685,282.9025455,7.60476465,0.00643657,3.609623992,99509.68715,320.2875155,123.919769,109.832901,31.67957115,0,20,42,38,1.409999967,20,45,35,1.419999957,33,0.01,0.342651929,135.2234448,51,0,Triassic Sandstone,loam,loam
246,Multiannual,463335,389875,53.401896,-1.04886,-0.2030015,0.25175416,0.34771538,0.322986075,0.97676265,0.63413805,-0.35613346,0.5165569,0.5795581,0.39768507,0.98887616,1.2383834,1.661719609,1.423154573,283.5438225,7.156845677,0.006591239,3.660943283,101279.6898,322.4986397,116.1553673,11.50585938,4.294807911,0,5,89,6,1.700000048,5,89,6,1.700000048,33,0.01,0.220188851,222.9472379,2501,0,Triassic Sandstone,sand,sand
248,Annual,501050,457019,53.999313,-0.459914,0.8042606,0.8160292,0.9153003,0.927331948,0.95979655,0.841714,0.40389383,0.5737524,0.6980677,0.776024014,1.0722134,0.70792377,1.826998907,1.430029672,283.1592256,6.475027417,0.006537645,3.93904966,100689.3211,319.9696522,119.9815325,19.38921928,0.258103907,1.700000763,22,41,37,1.399999976,29,37,34,1.350000024,550,0.015,16.69321431,148.3573323,51,0,Chalk,loam,clay loam
253,Annual,554105,170672,51.414123,0.214639,0.7561251,0.87674636,0.8947481,0.904056121,1.0158956,0.9378659,0.18897098,0.79613924,0.7996725,0.798053684,1.034321,1.0158193,1.667907995,1.434214513,284.1867407,8.545290384,0.006879809,3.55282585,100970.786,322.3915922,117.9320733,22.91054726,0.499783307,0,5,90,5,1.710000038,8,87,5,1.629999995,550,0.015,11.64140807,1362.177435,1,0,Lower Greensand,sand,loamy sand
263,Annual,524940,203960,51.720449,-0.192679,0.72518337,0.7833633,0.8848543,0.875863654,0.993878,0.81660086,0.35213792,0.6198799,0.8059473,0.743115081,0.98780566,0.67337215,1.737951805,1.493783501,283.745483,7.941128241,0.006694012,4.305767121,100315.4073,321.151896,117.6734909,110.5442734,4.990694523,29.09999847,22,41,37,1.399999976,29,37,34,1.350000024,100,0.005,28.83197276,683.1850395,101,0,Chalk,loam,clay loam
275,Multiannual,508420,211120,51.788235,-0.429499,0.86099654,0.85409415,0.9300609,0.921999567,1.0014887,0.8719582,0.8680686,0.93091476,0.95895976,0.965483067,0.99347615,0.94481134,1.724698797,1.529457484,283.5752551,7.941128241,0.006640968,4.289075075,100033.6551,320.7405034,121.6938776,127.1229324,2.813300133,11.40000153,24,48,28,1.399999976,34,41,25,1.330000043,550,0.015,30.84269048,797.5709818,101,0,Chalk,sandy clay loam,clay loam
278,Annual,547208,101122,50.790978,0.08719,0.47867906,0.71219546,0.7684549,0.717259991,1.0131989,0.8295794,-0.09636545,0.6957798,0.7330241,0.711135801,1.0264798,0.85657173,1.995673604,1.422240028,284.3036907,6.103997887,0.007105243,4.15025643,100978.8102,322.36978,120.7098002,8.557402611,4.328362465,0,22,42,36,1.399999976,25,41,34,1.379999995,550,0.015,11.71584538,732.0786994,1,0,Chalk,loam,loam
284,Annual,455860,117070,50.950362,-1.20616,0.50578606,0.6027273,0.72253364,0.77134462,1.1756368,0.7764143,0.34613144,0.11281955,0.7445683,0.758642856,1.8470355,0.93369925,2.323548743,1.470149274,284.2587951,6.406078896,0.006962699,3.451858992,101014.1297,323.2985309,124.2981081,30.26263237,3.686888218,0,19,37,44,1.409999967,31,31,38,1.330000043,520,0.005,46.46935319,247.4097858,101,0,Chalk,loam,clay loam
295,Annual,432275,186275,51.574418,-1.535669,0.70779824,0.68166053,0.85422075,0.884605729,1.0036544,0.7170248,0.7110554,0.7666122,0.84805423,0.877656913,1.0044947,0.8229066,1.84129244,1.426969731,283.2078569,7.806790904,0.006594962,4.317875158,99130.86745,320.05395,115.5509462,203.5362396,0.626265943,17,22,41,37,1.399999976,29,37,34,1.350000024,550,0.015,21.10739165,72.85110005,51,0,Chalk,loam,clay loam
299,Multiannual,629311,331030,52.827962,1.402414,0.44014305,0.7290506,0.737325,0.723505604,1.014029,0.9350535,-1.65978,0.5038315,0.77462435,0.759608082,1.0604748,1.4378808,1.807612269,1.575435057,283.7519963,7.324315532,0.006775521,5.631958328,101165.4517,320.6767552,123.6974491,17.10412979,1.85874331,4.700000763,11,80,9,1.570000052,19,72,9,1.480000019,400,0.075,98.26214746,252.6477799,1001,28128.38281,Crag,sandy loam,sandy loam
310,Annual,356005,320305,52.778515,-2.653646,0.38323545,0.6866831,0.8174434,0.836349973,1.017584,1.2540369,0.16698056,0.8505797,0.8912831,0.894731063,1.050762,1.0890574,1.856790805,1.422786295,283.5141609,7.561281574,0.006667506,3.764130154,100479.1393,323.5808418,117.6836588,63.30538559,2.48537755,3.200000763,9,77,14,1.600000024,17,67,16,1.480000019,30,0.14,0.881883815,78.52236149,1001,0,Permian Sandstone,sandy loam,sandy loam
313,Multiannual,379555,275845,52.380246,-2.301773,0.4306199,0.57352227,0.70315343,0.705174572,1.0291895,0.69518435,-1.3956461,0.011962175,0.014239542,0.008105493,1.0415537,1.0526179,1.933077763,1.466112988,283.8693115,7.772891658,0.006776392,3.724894373,100927.9804,324.841394,120.1962058,35.30760574,4.092895031,3.799999237,10,75,15,1.580000043,15,68,17,1.50999999,30,0.14,1.007688316,878.0579674,251,0,Unallocated to aquifers,sandy loam,sandy loam
315,Annual,544838,111828,50.887786,0.057817,0.62410486,0.6904589,0.83893657,0.878218867,1.2116919,0.84169316,0.5819135,0.7377322,0.82928497,0.874795058,1.1975257,0.9750012,2.44671413,1.393986449,284.2824181,6.103997887,0.007056984,3.407119551,100942.9273,322.3684698,120.4459119,22.56301117,1.283045888,1.900001526,22,42,36,1.399999976,25,41,34,1.379999995,550,0.015,2.993495964,245.9796552,1,0,Chalk,loam,loam
328,Multiannual,470625,399765,53.489853,-0.937017,0.54818857,0.71369195,0.7724215,0.772407458,0.9513139,0.8332388,-1.4116821,0.38332886,0.3944298,0.192978265,0.88892317,1.035074,1.683515882,1.482199822,283.537141,7.722836944,0.006592387,4.449299814,101366.8238,322.3449434,117.1637496,0.807346106,0.156971052,0.5,10,76,14,1.580000043,26,60,14,1.409999967,33,0.01,4.659315238,127.2376673,2501,0,Triassic Sandstone,sandy loam,sandy clay loam
334,Multiannual,453765,173045,51.453837,-1.227613,0.81992346,0.81895655,0.9116758,0.910944441,0.96281195,0.84640294,0.5742898,0.8276562,0.88232505,0.892828507,0.91656965,1.0943135,1.91686747,1.469234886,283.8923237,8.427272862,0.006791588,3.506018638,100550.2343,322.7216677,122.2366098,74.31488037,0.448367774,0,51,17,32,1.220000029,52,19,29,1.230000019,550,0.015,20.22135305,159.8698208,51,0,Chalk,clay,clay
341,Multiannual,460046,422932,53.699368,-1.091986,0.8841054,0.91447777,0.9557972,0.908289583,0.96319026,0.93671405,-16.276525,0.094619334,0.32818922,0.415476272,1.1733785,1.5816638,1.699780942,1.469464217,283.4153874,7.170043959,0.006552165,4.421662555,101315.482,321.8775626,117.0677505,4.519355297,3.794411659,0,21,39,40,1.399999976,21,41,38,1.399999976,33,0.01,0.280319648,106.6328754,251,0,Triassic Sandstone,loam,loam
343,Annual,443416,173940,51.46277,-1.376432,0.9487497,0.95159495,0.9749608,0.979516446,1.00603,0.959016,0.8397174,0.9288986,0.93550754,0.944430147,1.0166392,1.024886,1.853176346,1.45295871,283.6706347,8.427272862,0.006732923,3.526985435,100105.8303,321.8490857,121.9435778,110.2136612,5.429123878,0,24,48,28,1.399999976,34,41,25,1.330000043,550,0.015,29.98477362,62.45016797,51,0,Chalk,sandy clay loam,clay loam
344,Annual,598759,286938,52.444235,0.923082,0.004732311,0.2739554,0.8845265,0.907204107,0.93485755,1.7138424,-0.5044327,0.11307198,0.9399687,0.928685408,1.1322643,1.874961,1.745345014,1.540011483,283.9733492,8.134556528,0.006744283,4.265089877,101340.7304,321.5904962,122.052391,18.97187424,0.975905776,3.700000763,5,90,5,1.710000038,8,87,5,1.629999995,550,0.015,71.51354397,59.80272818,5001,0,Chalk,sand,loamy sand
352,Multiannual,381095,299785,52.595518,-2.280517,0.7518487,0.805327,0.86826855,0.851891905,1.0013338,0.8566748,0.57938623,0.7373156,0.7699052,0.814804123,1.0013335,0.8732832,1.861719604,1.41517515,283.5336977,7.783296916,0.006662363,3.701799681,100390.3112,323.3817917,116.4651526,94.55975342,1.816493988,12.70000458,9,77,14,1.600000024,17,67,16,1.480000019,33,0.01,1.262120573,209.216954,1001,0,Triassic Sandstone,sandy loam,sandy loam
357,Annual,461048,132026,51.084309,-1.129802,0.8765156,0.92674106,0.9452895,0.959901306,1.0231032,0.95710766,0.78208053,0.88486594,0.8947464,0.902529572,1.0136247,0.95537144,2.362486305,1.439690307,283.9573218,8.427272862,0.006853171,3.456072194,100504.2479,322.1283251,122.053179,80.40840912,3.812104464,1.899993896,19,37,44,1.409999967,0,0,0,0,550,0.015,40.66985296,93.507419,1,0,Chalk,loam,
365,Annual,522055,361935,53.140583,-0.176762,0.35427672,0.70716214,0.7548603,0.79251003,1.0325127,1.1568638,-0.19520652,0.74747324,0.8136941,0.79619763,1.1530559,1.0750685,1.71056955,1.510949407,283.6435902,7.04030681,0.0066459,4.650767537,101197.41,322.0047944,118.5167504,15.57534409,0.82957226,0,9,80,11,1.600000024,22,68,10,1.450000048,0.1,0.02,14.87463534,131.9030205,751,0,Oolites,loamy sand,sandy clay loam
366,Annual,522135,361785,53.139217,-0.175624,0.33599776,0.7796485,0.837132,0.847156754,0.92687297,1.1291633,0.7391105,0.8729904,0.88323635,0.878130986,1.0206462,1.0455196,1.717524644,1.514826184,283.6325227,7.04030681,0.006643581,4.657171307,101175.2153,321.9358792,118.9659057,14.74739456,0.721139789,2.199999809,9,80,11,1.600000024,22,68,10,1.450000048,0.1,0.02,14.99186046,134.0513054,751,0,Oolites,loamy sand,sandy clay loam
367,Annual,522355,362345,53.144198,-0.172123,0.26281,0.6478981,0.8474035,0.866809152,1.0198358,1.3167039,0.41573447,0.7171495,0.7184167,0.840045619,1.0034039,1.0265317,1.732858706,1.509167278,283.5961297,7.04030681,0.006633912,4.659551922,101110.3846,321.767395,118.6720777,20.8289299,1.751345158,9.699999809,9,80,11,1.600000024,22,68,10,1.450000048,0.1,0.02,15.06340768,124.9738445,751,0,Oolites,loamy sand,sandy clay loam
369,Annual,522305,363505,53.154631,-0.172428,0.057938516,0.65371954,0.756247,0.755282493,1.188854,0.842431,0.34308898,0.54116213,0.606732,0.663390961,0.9949423,0.7636842,1.74403067,1.504397205,283.5876897,7.04030681,0.006632106,4.6619321,101102.6365,321.7311186,118.2406421,18.5412426,0.337021559,2.599998474,9,78,13,1.600000024,23,64,13,1.429999948,0.1,0.02,14.78657318,107.8357307,751,0,Oolites,sandy loam,sandy clay loam
372,Annual,556267,263365,52.246275,0.287521,0.67963904,0.8801733,0.88078153,0.882590674,1.0098554,0.9930554,0.7668729,0.8389399,0.8998666,0.833603785,0.9943852,0.8739782,1.478368019,1.493455522,284.0769515,8.084611253,0.006751884,3.836121728,101352.3701,322.6828106,118.5305032,15.38433552,1.381528258,13.50000095,10,82,8,1.590000033,17,75,8,1.5,550,0.015,46.73096157,129.179411,5001,0,Chalk,loamy sand,sandy loam
375,Annual,430060,169400,51.422814,-1.569062,-0.5296922,0.31516045,0.8131119,0.884735588,1.0046825,1.6588336,-4.911297,0.35605782,0.70213366,0.817022045,1.0112528,1.5708034,1.981215769,1.493965948,283.4509924,8.146276078,0.006681893,4.315926028,99603.29279,320.9868566,122.0551253,163.1639099,2.385558128,40.00000763,22,41,37,1.399999976,29,37,34,1.350000024,550,0.015,32.46010018,92.45910653,51,0,Chalk,loam,clay loam
382,Decadal,430800,107988,50.870575,-1.563655,0.7926224,0.69779694,0.9273318,0.913057829,1.0237371,0.7076272,0.6637819,0.61219335,0.8393384,0.802681399,0.99223614,0.6471253,2.388608985,1.516310738,284.3074549,7.617962865,0.006993234,4.26200949,101055.6351,323.7508148,123.4983321,38.00640869,2.889840126,11.20000076,4,87,9,1.730000019,4,88,8,1.74000001,75,0.05,30.76528695,87.05778363,251,0,Chalk,sand,sand
385,Annual,434544,172256,51.448238,-1.504298,0.926855,0.9337324,0.9630079,0.968292964,0.9989931,0.94502795,0.83975935,0.8019676,0.93512124,0.926007104,1.0065567,0.8130123,1.904819276,1.496604517,283.4562342,8.146276078,0.006677248,4.304089383,99627.8011,320.974802,122.2635126,138.9803925,0.808099985,0,24,48,28,1.399999976,34,41,25,1.330000043,550,0.015,33.07525359,90.07322585,51,0,Chalk,sandy clay loam,clay loam
394,Annual,445373,466558,54.092919,-1.307761,0.734913,0.7930486,0.86180735,0.867756775,1.0076407,0.846141,0.54828715,0.7916624,0.8309765,0.854656072,1.0269158,0.88121253,1.815443594,1.445640429,283.17317,7.298685801,0.006471754,4.377868685,100984.4733,320.747401,116.2836706,16.70097733,1.009135365,3.400000572,5,89,6,1.700000048,5,89,6,1.700000048,33,0.01,2.042599387,67.90283002,251,0,Triassic Sandstone,sand,sand
395,Annual,638320,313500,52.66677,1.523146,0.2779395,0.64017063,0.6415841,0.598992971,1.0316803,0.99658114,-0.16387928,0.55280656,0.6347189,0.634964126,1.2418895,1.0896915,1.702300112,1.606671072,283.9354646,6.690909165,0.006808099,5.658905664,101350.1435,321.1374271,123.8584762,0.519332051,0.477496058,0,40,20,40,0.275924206,27,47,26,0.282238722,400,0.075,109.0285002,124.8036082,1001,0,Crag,silty clay loam,sandy clay loam
397,Annual,436155,148055,51.230539,-1.483567,0.9007647,0.89288056,0.9512523,0.962222394,0.9951678,0.9047386,0.7452612,0.8640977,0.8836959,0.837443909,0.9978674,1.0702739,2.026122671,1.459881211,283.8993632,8.427272862,0.006827714,3.525808361,100454.1211,322.610854,122.8443034,81.86170959,1.673288703,19.8999939,19,37,44,1.409999967,0,0,0,0,550,0.015,33.16884987,654.7802013,1,0,Chalk,loam,
404,Annual,639430,313860,52.669512,1.539789,0.32208908,0.4095837,0.7505317,0.809295853,0.5866258,0.66018134,0.5875193,0.60782015,0.772231,0.797651382,0.96211666,0.6829987,1.702957284,1.570529578,283.9508318,6.690909165,0.006814042,4.918113564,101380.8664,321.1969223,124.4020954,-0.626980543,0.168305218,0.399999976,49,19,32,1.24000001,47,21,32,1.24000001,400,0.075,110.1630898,119.937709,1001,0,Crag,clay,clay
408,Annual,537980,212960,51.798266,-0.000452,0.4209751,0.34531438,0.7356355,0.69365026,1.0012095,0.40106723,0.100159526,0.104831934,0.6098485,0.652964148,0.9928785,0.19435997,1.520043811,1.506905721,284.0929768,7.941128241,0.006784791,3.60666905,101055.2991,322.6496564,122.3817353,42.43677902,11.71886349,15.30000114,54,22,24,1.230000019,44,34,22,1.279999971,550,0.015,32.38028443,791.7629537,101,523802.5938,Chalk,clay,clay
409,Annual,423870,173807,51.462732,-1.657788,0.7404249,0.6485692,0.89042073,0.907519537,1.0024189,0.6660988,0.8463158,0.7218374,0.94563574,0.946387141,1.0005958,0.7272024,2.165772177,1.47987741,283.1529285,8.146276078,0.006595995,4.336045063,99025.98477,319.7444517,122.3858614,211.9088745,3.35795331,28.80000305,22,41,37,1.399999976,29,37,34,1.350000024,550,0.015,25.3451062,36.89665216,51,0,Chalk,loam,clay loam
421,Multiannual,459149,418024,53.655362,-1.106504,0.744377,0.81132764,0.87374306,0.855894032,0.9844257,0.8606679,-4.299302,0.4940703,0.507427,0.516479506,1.115472,1.0017228,1.693592549,1.472712547,283.4385266,7.170043959,0.006558738,4.419588889,101327.0022,321.9998365,117.1589593,5.384476662,1.013658166,2.299999714,51,17,32,1.220000029,52,19,29,1.230000019,33,0.01,3.827292356,129.0978367,51,0,Triassic Sandstone,clay,clay
425,Multiannual,355695,325825,52.828108,-2.658992,0.71140146,0.8500101,0.8545795,0.829045035,1.0020521,0.9633207,-1.1265697,0.27635646,0.8464537,0.866835847,1.0120616,1.7070762,1.964841181,1.437588408,283.4466103,7.561281574,0.006644518,3.756716318,100380.5712,323.2812751,119.4251836,78.35467529,3.559056759,14.1000061,5,89,6,1.700000048,5,89,6,1.700000048,30,0.14,1.304997051,75.46989286,1001,0,Permian Sandstone,sand,sand
445,Multiannual,548828,161628,51.334268,0.135029,0.734426,0.89028096,0.8994988,0.899181375,0.99474293,0.9562957,0.4497139,0.73340344,0.7367296,0.757809169,1.0032516,0.958146,2.070536696,1.462163089,283.5319419,8.545290384,0.006702904,4.271706838,99618.2541,319.272166,119.027352,154.7189484,1.212004066,7.900009155,22,41,37,1.399999976,29,37,34,1.350000024,550,0.015,15.027078,632.0047297,1,0,Chalk,loam,clay loam
447,Decadal,373595,228665,51.955832,-2.385642,0.14747304,0.54224753,0.62636596,0.602761018,0.9872472,0.7358567,-0.2000997,0.117054045,0.25566506,0.21831018,0.9901782,0.5251719,1.967305589,1.524527973,283.8247727,7.50607898,0.006803664,4.529256465,100576.4143,324.3085305,122.3840133,72.47563171,1.953407645,26.69999695,19,45,36,1.419999957,27,39,34,1.360000014,33,0.01,1.249333258,111.6222095,101,17.41145897,Triassic Sandstone,loam,loam
460,Annual,564223,251597,52.138255,0.398251,-4.9122086,0.53102255,0.75254273,0.711481303,0.98575306,1.3981277,-4.1681194,0.6403441,0.77749753,0.823724652,0.9876731,1.2823045,1.672782038,1.528473676,283.5351997,8.084611253,0.006600953,4.601366865,100144.4449,319.834925,119.0973029,115.5661316,0.730939806,9.5,49,19,32,1.24000001,51,18,31,1.230000019,550,0.015,60.2206241,76.44172174,1001,0,Chalk,clay,clay
467,Annual,416534,171759,51.444578,-1.76348,0.9343475,0.9352013,0.96735835,0.967471067,1.0112635,0.9451684,0.91244054,0.8700447,0.9710593,0.974862455,1.0455978,0.88179845,2.138225625,1.434479638,283.4035446,8.146276078,0.006676858,3.601612738,99518.24663,321.0155571,121.3771363,146.2315216,3.235126019,6.800003052,22,41,37,1.399999976,29,37,34,1.350000024,550,0.015,20.72758718,155.8186848,51,0,Chalk,loam,clay loam
473,Decadal,439486,472957,54.15091,-1.39693,0.70989716,0.86677516,0.87025595,0.868581552,1.0185367,1.023914,0.2217521,0.6693598,0.9038141,0.86974663,1.059697,1.3106614,1.884501647,1.447041697,283.1381308,7.298685801,0.006456575,4.353237006,100958.6183,320.6425709,116.6193653,23.68450737,1.391286016,6,10,82,8,1.590000033,17,75,8,1.5,33,0.01,1.092191798,61.90922163,251,0,Triassic Sandstone,loamy sand,sandy loam
476,Multiannual,497340,188104,51.583392,-0.596496,0.91105354,0.9024969,0.9554796,0.953053974,1.0005358,0.9132565,0.4431951,0.72165173,0.79030097,0.737189713,0.9873646,0.81739616,1.805147866,1.442163143,283.8495749,8.154764635,0.006745723,3.487182316,100475.6412,321.947351,119.0051492,85.54277039,0.514302075,0,22,42,36,1.399999976,25,41,34,1.379999995,520,0.005,25.86123708,543.8728815,101,1918.977539,Chalk,loam,loam
479,Annual,553847,248319,52.111791,0.245284,0.85964715,0.9018619,0.95331764,0.956880499,1.0549967,0.9334632,0.9325776,0.89926594,0.9697815,0.954859254,0.9892783,0.9045061,1.479682365,1.484212371,284.0032063,8.084611253,0.006734592,3.771878718,101087.7207,322.2523472,118.5273444,33.49882889,0.414654613,4,8,76,16,1.610000014,8,76,16,1.116897106,550,0.015,55.13639767,108.2565561,5001,0,Chalk,sandy loam,sandy loam
480,Annual,465785,117755,50.955476,-1.064766,0.8628678,0.87365526,0.9328406,0.93453605,1.0172906,0.8943893,0.8408061,0.8456094,0.94561625,0.928909821,1.0422701,0.86182594,2.571905803,1.457951367,283.9052582,6.406078896,0.006858025,3.432196867,100297.8626,321.4597283,124.8073807,102.8194199,5.609148026,13,22,41,37,1.399999976,29,37,34,1.350000024,550,0.015,36.57953766,147.6304416,101,0,Chalk,loam,clay loam
481,Annual,446427,441784,53.870182,-1.295414,0.8483056,0.86348563,0.924634,0.915738989,1.0024071,0.886201,0.80070245,0.77675754,0.9005735,0.739392331,0.9994472,0.80012244,1.940525736,1.443619288,283.1066905,7.170043959,0.006457407,4.378981707,100841.1617,320.5421773,116.4848479,54.3529892,0.504333079,29.90000153,22,42,36,1.399999976,25,41,34,1.379999995,260,0.01,0.526383154,193.1515843,501,0,Magnesian Limestone,loam,loam
490,Annual,463605,140495,51.160175,-1.091809,0.7584273,0.8752232,0.8889303,0.895819224,1.0043687,0.94331115,-0.58506525,0.93696386,0.942837,0.914489968,1.0232041,1.0129436,2.288389921,1.453058627,283.5385123,8.427272862,0.00671908,4.213703436,99687.44416,320.2609607,119.2179806,158.4697418,2.372224331,21.20001221,22,42,36,1.399999976,25,41,34,1.379999995,550,0.015,37.44265743,88.45793184,1,0,Chalk,loam,loam
494,Annual,567377,272459,52.324693,0.454611,0.8573226,0.9472076,0.94944215,0.919824442,1.013434,1.0071065,0.43528944,0.69889647,0.7184789,0.649112354,0.98643,0.8940537,1.424370208,1.510490167,284.064859,8.084611253,0.006750546,3.93949619,101388.7842,322.4862773,119.7326205,13.35249996,0.221325278,5.600000381,5,90,5,1.710000038,8,87,5,1.629999995,550,0.015,49.96676794,128.8474127,5001,3945.994873,Chalk,sand,loamy sand
498,Annual,328085,408245,53.565855,-3.087294,0.43123847,0.80035985,0.8613472,0.796470939,1.0182133,1.1424818,0.027776718,0.662855,0.762486,0.722211292,0.9812708,1.2385486,2.288444688,1.484524565,283.5589345,6.855202712,0.006641428,5.202722629,101060.7232,324.1948393,114.5799559,14.97536755,6.597689152,14.60000038,7,85,8,1.649999976,7,84,9,1.649999976,33,0.01,3.680077336,688.1714774,101,1094.307739,Triassic Sandstone,loamy sand,loamy sand
503,Decadal,546317,205512,51.72923,0.117229,0.000475764,0.65933275,0.6850487,0.592943471,1.0038321,0.8702131,-0.1886071,0.63355666,0.6886723,0.716295573,1.0025961,1.1932633,1.670700983,1.533590538,283.8213759,8.170865377,0.006715428,4.373671737,100453.0421,321.1055571,120.78557,88.97563934,0.945330322,6.400001526,49,19,32,1.24000001,51,18,31,1.230000019,100,0.005,22.75608531,1083.374575,1001,0,Chalk,clay,clay
504,Annual,428255,139755,51.156352,-1.597357,0.9371387,0.9271152,0.9687568,0.969473447,0.99775374,0.93419,0.8743683,0.9213843,0.9355595,0.915104277,0.9968839,0.9550766,2.114731654,1.455287528,283.9229035,8.146276078,0.006848163,3.541460303,100420.3055,322.6884692,122.5949639,91.68016815,1.052223563,11,19,37,44,1.409999967,0,0,0,0,550,0.015,22.10314239,88.38141192,1,0,Chalk,loam,
510,Multiannual,469875,403405,53.522665,-0.947509,0.7514915,0.79805,0.8703476,0.848787557,0.9858118,0.84581745,-1.1507821,0.22564477,0.39553922,0.13086635,0.97528964,1.4833738,1.713581599,1.487723877,283.5355374,7.297097527,0.006591525,4.448642866,101328.5986,322.3454779,117.5978005,1.85598433,0.500571251,0,10,76,14,1.580000043,26,60,14,1.409999967,33,0.01,1.632606395,188.862605,2501,0,Triassic Sandstone,sandy loam,sandy clay loam
514,Annual,397915,193005,51.635842,-2.031516,0.8681488,0.9102057,0.9318223,0.9451156,0.99731815,0.9416255,0.87777126,0.8407091,0.9540271,0.96088595,1.0624442,0.86085707,2.056955089,1.501721475,283.7409479,7.50607898,0.006777604,4.433287052,100209.7133,323.2264958,120.9363005,94.61988831,6.547657013,4.699996948,49,19,32,1.24000001,51,18,31,1.230000019,184,0.02,5.922877409,113.6664202,251,0,Oolites,clay,clay
522,Annual,447653,182373,51.538249,-1.314311,0.9312498,0.91906077,0.9663063,0.970127385,0.989985,0.9270921,0.9320252,0.95181835,0.9678669,0.972034738,0.9976329,1.0358238,1.953066817,1.511439187,283.4976833,7.847316624,0.006671953,4.280299752,99747.32653,321.1041186,122.7913271,130.534729,5.211822033,8.599998474,19,37,44,1.409999967,0,0,0,0,550,0.015,25.2966164,87.21154546,51,0,Chalk,loam,
533,Annual,444535,175915,51.48044,-1.360078,0.9556108,0.94266284,0.97877175,0.980652107,1.0167625,0.94944394,0.8321274,0.9182974,0.93450284,0.914218001,1.0487003,1.0037035,1.874479731,1.50986884,283.5914211,8.427272862,0.006707336,4.281667655,99955.70313,321.4890708,122.5003625,121.1842804,3.630132914,3.400001526,24,48,28,1.399999976,34,41,25,1.330000043,550,0.015,28.5522708,53.73756267,51,5.540248871,Chalk,sandy clay loam,clay loam
535,Annual,439205,176585,51.486858,-1.436751,0.9296582,0.940384,0.96439177,0.972697337,1.0079263,0.9528486,0.7309738,0.8663711,0.9403825,0.928552333,1.119561,0.9972311,1.904490688,1.425783648,283.4982316,8.427272862,0.006682623,4.294038927,99774.52677,321.1518757,114.855563,111.644722,2.121057272,0,24,48,28,1.399999976,34,41,25,1.330000043,550,0.015,32.55478227,56.69932685,51,0,Chalk,sandy clay loam,clay loam
540,Annual,537310,213570,51.803912,-0.00992,-0.42058074,0.684302,0.82092154,0.817018785,0.9884113,1.2597411,0.038264453,0.70855105,0.7088587,0.726315369,0.99307984,0.98854417,1.520043811,1.506905721,284.0929768,7.941128241,0.006784791,3.60666905,101055.2991,322.6496564,122.3817353,45.61492538,6.542411804,16.70000076,49,19,32,1.24000001,51,18,31,1.230000019,550,0.015,33.20653855,791.5704916,101,2948.8125,Chalk,clay,clay
546,Multiannual,457443,85007,50.661909,-1.188635,0.9073136,0.9366326,0.96495384,0.9643553,1.0096734,0.9481007,0.7160423,0.8562105,0.88479805,0.828414821,0.98982644,0.91455877,2.228039426,1.45523678,284.4372289,6.406078896,0.007063921,3.415402121,101298.5813,323.2560569,124.6783111,36.35668564,1.667419672,30.79999924,10,75,15,1.580000043,15,68,17,1.50999999,270,0.0006,59.45885787,484.6976649,251,0,Lower Greensand,sandy loam,sandy loam
548,Annual,386235,267845,52.308536,-2.203308,0.6195463,0.6789754,0.7988361,0.802711701,1.0352808,0.75232166,-0.0738157,0.51350635,0.82213247,0.866329581,0.8295262,0.58050394,1.837787514,1.456187803,283.8637934,7.772891658,0.006773044,3.705637422,100864.1402,324.6901678,119.1399563,44.08988571,2.618712664,7.800003052,22,41,37,1.399999976,29,37,34,1.350000024,33,0.01,0.845438066,167.6196124,1001,0,Triassic Sandstone,loam,clay loam
564,Annual,420365,178835,51.508077,-1.707952,0.82998115,0.8390095,0.9124309,0.934576703,0.9980896,0.86492264,0.4498729,0.52754235,0.7533739,0.817777655,0.96081907,0.5989307,2.061445782,1.461893788,283.2517045,7.806790904,0.006623588,4.348013551,99178.349,320.340849,119.8380081,183.6378021,1.904853344,23.6000061,24,52,24,1.409999967,36,43,21,1.320000052,550,0.015,19.23293983,209.2389652,51,0,Chalk,sandy clay loam,clay loam
569,Annual,444488,171762,51.443105,-1.361276,0.73214984,0.7797827,0.85675037,0.870926523,0.99929655,0.8327446,0.47378576,0.6669458,0.80695516,0.881088104,1.0055507,0.7286565,1.861719606,1.473107778,283.654963,8.427272862,0.006729468,3.523238937,100064.0469,321.723754,123.6672125,132.8582611,5.613492012,27.79999542,24,48,28,1.399999976,34,41,25,1.330000043,520,0.005,29.45375981,149.566452,51,0,Chalk,sandy clay loam,clay loam
581,Annual,397799,105402,50.848131,-2.032626,0.70860314,0.79274404,0.84885925,0.864553258,1.0125116,0.8587394,0.80039054,0.672453,0.92849517,0.93956778,1.0011891,0.6803566,2.408433737,1.477648979,284.3051556,7.90585989,0.00701376,3.613597595,101013.9901,324.3101201,124.7638782,34.8279686,3.499176264,1.900001526,24,48,28,1.399999976,34,41,25,1.330000043,550,0.015,14.22887441,62.12879628,101,0,Lower Greensand,sandy clay loam,clay loam
585,Annual,551984,201580,51.692396,0.197508,0.5036216,0.5441148,0.71882117,0.683093582,1.0026482,0.6411652,0.22865582,0.32723826,0.7558634,0.77315199,1.0173973,0.37334004,1.635323109,1.534550683,283.9312514,8.170865377,0.006753061,4.382140112,100644.052,321.4964376,120.4642402,57.36269379,1.99897182,0,54,22,24,1.230000019,44,34,22,1.279999971,100,0.005,18.4436087,210.3992603,1001,219.1993256,Chalk,clay,clay
593,Annual,407606,204211,51.736551,-1.891249,0.79932356,0.82818645,0.89838195,0.904256624,0.9915249,0.8617186,0.87360346,0.78208005,0.9489679,0.956069911,1.0034331,0.7881677,2.107283679,1.49475002,283.5318847,7.806790904,0.006698555,4.399878289,99882.43113,322.2332125,120.845157,125.2258301,2.647252083,3,19,37,44,1.409999967,31,31,38,1.330000043,184,0.02,2.131199874,108.6218746,51,0,Oolites,loam,clay loam
594,Decadal,465405,405705,53.543909,-1.014441,0.6662902,0.6341131,0.8500131,0.80900749,0.95235366,0.6696874,-0.44613385,0.45068508,0.6281415,0.582262113,0.95247185,1.4015146,1.718346114,1.481121073,283.4971583,7.170043959,0.006578667,4.434483824,101335.8119,322.2208577,117.3849745,3.019832134,0.672449768,1.999999881,51,17,32,1.220000029,52,19,29,1.230000019,33,0.01,1.717115872,600.0238292,2501,1756.585571,Triassic Sandstone,clay,clay
595,Multiannual,465815,407825,53.562911,-1.007809,0.6913318,0.74043167,0.8479874,0.811799773,0.9924065,0.789739,-2.6852121,0.18687469,0.32298124,0.297886655,0.94372135,0.5531779,1.730722892,1.47959944,283.4750084,7.170043959,0.006572513,4.435889361,101308.4518,322.1115953,117.4174424,13.42694473,7.417674065,4.800000191,5,89,6,1.700000048,5,89,6,1.700000048,33,0.01,0.299342121,497.2546264,2501,2875.316406,Triassic Sandstone,sand,sand
598,Multiannual,338865,332555,52.886949,-2.910011,0.79487944,0.90450364,0.9141059,0.901897064,1.011474,0.9598759,-0.033352613,0.46365213,0.76764035,0.81256528,0.9902173,1.4833093,1.984939756,1.418210167,283.3244165,7.561281574,0.006623002,3.813032724,100168.9784,322.8196713,118.5424349,92.32580566,0.839964747,5.5,5,89,6,1.700000048,5,89,6,1.700000048,33,0.01,7.899101121,72.94099869,1001,21.65989685,Triassic Sandstone,sand,sand
608,Annual,456404,154793,51.289482,-1.192528,0.8610665,0.841709,0.9309311,0.916270027,1.0005679,0.8575741,0.79679,0.7545447,0.93737304,0.904647635,1.0066799,0.762763,2.079518071,1.458704285,283.4627975,8.427272862,0.006683197,4.239586355,99594.43403,320.2985145,119.5679073,172.5652924,6.6125741,30.69999695,24,48,28,1.399999976,34,41,25,1.330000043,550,0.015,28.06078116,227.1395577,1,0,Chalk,sandy clay loam,clay loam
609,Annual,404385,197035,51.672065,-1.937981,0.0678488,0.39183444,0.8109406,0.824292031,0.9967126,1.5780361,-0.28631616,0.41631514,0.7136523,0.688406291,1.037106,1.5072753,1.890361446,1.452122144,283.7553055,7.806790904,0.006771784,3.653116772,100292.7288,323.2460524,120.6538696,92.28624725,1.56784296,4,19,41,40,1.419999957,19,44,37,1.419999957,0.1,0.06,3.881100423,163.6254393,251,0,Oolites,loam,loam
610,Annual,504962,461228,54.036348,-0.398808,0.7364223,0.7643939,0.8596027,0.898869158,0.99965054,0.8107949,0.7149595,0.6366055,0.8777604,0.892586992,0.99724764,0.6577936,1.938061338,1.459657092,282.7764959,6.475027417,0.006441198,4.732373356,99956.17303,318.1069524,121.4730204,79.3381958,3.433442116,48.89999771,24,48,28,1.399999976,34,41,25,1.330000043,550,0.015,12.61601635,137.0156069,51,331.2395935,Chalk,sandy clay loam,clay loam
615,Annual,441601,439799,53.85275,-1.369071,0.5209429,0.6724733,0.75133795,0.756272022,1.0078989,0.78697944,0.29652816,0.834659,0.8513398,0.844473882,1.0229688,1.0686339,1.979901426,1.44050186,282.8872457,7.170043959,0.006394579,4.361721025,100372.1351,319.5915385,117.2309085,85.3473587,0.381733477,29.30000305,19,37,44,1.409999967,31,31,38,1.330000043,16,0.00004,0.333663092,223.4938131,501,0,Magnesian Limestone,loam,clay loam
618,Annual,408913,169846,51.427547,-1.873183,0.94477516,0.9577787,0.9721528,0.973413398,1.0083305,0.96937704,0.7374094,0.7648315,0.94887745,0.953769042,1.1961515,0.8807722,2.165005475,1.421678253,283.4239407,8.146276078,0.006691444,3.627986296,99548.39214,321.211296,120.3342135,155.3448792,0.779788315,1.199996948,19,37,44,1.409999967,0,0,0,0,550,0.015,13.08982211,47.28354223,51,0,Chalk,loam,
625,Annual,377335,293135,52.535592,-2.335567,0.67136824,0.6537936,0.83758104,0.845700247,1.0499933,0.698372,0.50731885,0.56422144,0.77767956,0.761787579,1.1257145,0.6469104,1.865498354,1.485425103,283.4377987,7.783296916,0.006641915,4.472594161,100150.1643,322.9229178,119.0451861,92.72994995,9.320672035,6,5,89,6,1.700000048,5,89,6,1.700000048,33,0.01,1.007358939,101.2598926,1001,963.333252,Triassic Sandstone,sand,sand
627,Annual,525135,106825,50.847419,-0.223858,0.8287153,0.8024236,0.91558564,0.928178445,1.0051432,0.82143867,0.8707001,0.78958464,0.94643444,0.936062876,1.0097036,0.7967486,2.128094197,1.457907867,284.2690332,6.292935412,0.007035898,3.380241738,100964.076,322.2955463,126.4220648,32.83959961,5.746098042,6.000001907,22,41,37,1.399999976,29,37,34,1.350000024,550,0.015,15.01582685,2305.606555,1,0,Chalk,loam,clay loam
631,Annual,572219,324437,52.79001,0.55255,0.57759476,0.6622205,0.7730495,0.780798092,1.0089475,0.74998444,0.17387742,0.46579653,0.670493,0.714544306,1.0369809,0.5811561,1.769660462,1.490697662,283.7250451,7.787020949,0.006683767,4.174976136,101063.2933,321.2831658,119.7413782,26.61187363,2.068614244,5.199998856,4,87,9,1.730000019,4,88,8,1.74000001,550,0.015,46.76085944,63.23317628,1001,0,Oolites,sand,sand
639,Annual,443885,186595,51.576513,-1.36811,0.8828129,0.87948656,0.94079655,0.95781214,0.99814767,0.895048,0.80125403,0.7647969,0.9228513,0.93995518,1.0163612,0.77841336,1.940909093,1.413283052,283.6212773,7.847316624,0.00670741,3.536034176,100018.6161,321.822098,117.5571318,118.8628387,4.033800602,4.899993896,24,47,29,1.389999986,34,39,27,1.330000043,550,0.015,23.44031011,283.5496768,251,0,Chalk,loam,clay loam
642,Annual,396079,108528,50.876232,-2.057092,0.8468025,0.92616445,0.9351665,0.938517312,1.0110584,0.96644413,0.84254766,0.7654739,0.93476206,0.923713982,1.0050573,0.7747872,2.437623223,1.508452543,283.9918698,7.90585989,0.006919256,4.38043277,100387.5581,322.941497,124.7397136,98.79566193,2.225594282,28.09999847,22,42,36,1.399999976,25,41,34,1.379999995,550,0.015,11.15315119,55.9365988,101,0,Chalk,loam,loam
646,Annual,501216,455163,53.982606,-0.457999,0.67531705,0.85127914,0.8888924,0.913699713,1.0439209,0.91143626,0.45413846,0.7522319,0.8227817,0.848249268,1.058573,0.8370548,1.759912377,1.420694524,283.1912203,6.699781022,0.006547282,3.943445571,100905.8978,320.1169844,119.3577947,18.27195358,1.793856978,7.600000381,22,41,37,1.399999976,29,37,34,1.350000024,550,0.015,17.17046665,144.6422477,51,118.453125,Chalk,loam,clay loam
648,Annual,407199,139101,51.15112,-1.898446,0.4965322,0.76694375,0.79586864,0.853617905,1.0334684,1.1073599,0.60469264,0.79575586,0.7995126,0.810576924,1.0134917,0.96341795,2.06035049,1.485291122,283.9701517,8.146276078,0.006877354,3.61143337,100511.7419,323.2902649,125.4050145,67.78804016,0.644217849,0,19,37,44,1.409999967,0,0,0,0,550,0.015,7.85532203,60.94634177,51,326.53125,Chalk,loam,
657,Multiannual,396835,271615,52.342594,-2.047873,0.84599113,0.8839803,0.9248507,0.928007203,0.978633,0.9142298,-0.00876832,0.5342547,0.53670126,0.686332814,1.013162,1.0458248,1.937677986,1.431328728,283.4823779,7.772891658,0.006650498,3.671664021,100123.6886,322.7995558,118.311254,103.2339554,1.386307359,3,20,42,38,1.409999967,20,45,35,1.419999957,33,0.01,0.896270748,734.7883097,1001,0,Triassic Sandstone,loam,loam
661,Annual,541872,244476,52.080462,0.068939,0.8414565,0.9195273,0.9300262,0.937120765,1.0144763,0.962988,0.6850374,0.8023217,0.8733834,0.839860734,1.0011009,1.1518033,1.421084338,1.48071676,284.0182685,8.084611253,0.006740339,3.701533354,101105.5179,322.5326437,118.6233566,31.81477737,2.008157015,5.800001144,8,76,16,1.610000014,8,76,16,1.116897106,550,0.015,49.94848495,145.1860869,5001,0,Chalk,sandy loam,sandy loam
663,Multiannual,395145,324675,52.819578,-2.073476,0.86140466,0.8632265,0.9350039,0.928322148,1.0070429,0.8798642,-0.20309162,0.61453015,0.80875224,0.79528623,0.9833249,1.3342712,2.050766707,1.451961471,283.2761432,7.783296916,0.006559747,4.395989932,100067.7905,322.1169183,115.8934883,94.94390869,2.257261992,4.900001526,5,89,6,1.700000048,5,89,6,1.700000048,33,0.01,0.361569003,647.7060364,251,0,Triassic Sandstone,sand,sand
664,Annual,386033,162933,51.365282,-2.202,0.8540985,0.8191558,0.9299531,0.937158102,0.97026336,0.835946,0.91207796,0.7911657,0.9762082,0.96790547,0.9298421,0.8047476,1.961336254,1.477405416,284.0691191,7.812595891,0.006909764,3.714290845,100788.1815,324.5151349,123.1831083,53.98159409,1.267273307,11.40000153,54,22,24,1.230000019,44,34,22,1.279999971,184,0.02,3.016984748,626.6111722,51,108108.1797,Oolites,clay,clay
666,Multiannual,517465,104575,50.828801,-0.333477,0.5577312,0.585919,0.75137126,0.722486467,1.0006623,0.6688723,0.541232,0.7374323,0.79183143,0.795373095,1.0242769,0.84183097,2.01177437,1.493931595,284.4685347,6.292935412,0.007089384,4.130252375,101368.6162,323.2458172,123.6870728,7.200245857,1.095646024,3.900000334,22,41,37,1.399999976,29,37,34,1.350000024,550,0.015,21.72087656,2134.102691,1001,0,Chalk,loam,clay loam
678,Annual,341442,104956,50.84115,-2.833027,0.5099884,0.6446873,0.7527778,0.808843637,1.1380745,0.785376,0.6375946,0.5679757,0.8330535,0.881154758,1.0390025,0.6034499,3.047809415,1.436374066,283.9745523,7.141511569,0.006971733,3.854770659,100291.7063,323.8380141,122.9062975,106.1113281,2.164698362,10.5,9,77,14,1.600000024,17,67,16,1.480000019,20,0.0015,1.5977943,87.44241194,51,0,Triassic Sandstone,sandy loam,sandy loam
679,Multiannual,398515,318795,52.766741,-2.023441,0.711856,0.85076404,0.88263845,0.865256706,1.0108933,0.9084652,0.22916871,0.7948922,0.8187807,0.826044262,0.98047495,0.90594137,2.133296829,1.44218541,282.9180615,7.783296916,0.006459212,4.394331104,99302.09057,320.3655387,116.5794661,141.2170258,4.614554882,9.900009155,5,90,5,1.710000038,8,87,5,1.629999995,33,0.01,1.754752788,354.838272,251,0,Triassic Sandstone,sand,loamy sand
680,Annual,430025,338395,52.942101,-1.554651,0.6670817,0.6736592,0.82976174,0.872499505,0.9956308,0.7216164,0.53365314,0.65495855,0.7919309,0.801735152,0.9876723,0.7250306,2.098357063,1.485356287,283.2311083,7.60476465,0.006518844,4.351393909,100142.6902,321.5069873,118.413606,97.26789093,2.155403852,11.59999847,22,41,37,1.399999976,29,37,34,1.350000024,33,0.01,0.507381347,847.3477484,1,0,Triassic Sandstone,loam,clay loam
684,Annual,499801,433899,53.791831,-0.486486,0.7899674,0.7454964,0.90362847,0.922442258,1.0064902,0.7645379,0.6735972,0.6413307,0.86620647,0.868622428,1.0134428,0.6674912,1.984446878,1.467332164,282.8913795,6.699781022,0.006449838,4.648615057,100092.8072,318.8060323,120.3289575,84.10964966,1.321807861,30.80000305,22,41,37,1.399999976,29,37,34,1.350000024,550,0.015,5.611007832,288.7819269,51,0,Chalk,loam,clay loam
687,Decadal,459726,427307,53.738723,-1.095989,0.9422732,0.9368844,0.97207725,0.965649696,0.98999035,0.9442898,-5.0714946,0.23136348,0.30544502,0.346210354,1.0800003,1.3193743,1.720262868,1.468224226,283.4047885,7.170043959,0.006549059,4.424227914,101338.5812,321.8100982,117.1358792,6.41206646,0.684981883,1,10,76,14,1.580000043,26,60,14,1.409999967,33,0.01,3.547902102,224.0116843,51,0,Triassic Sandstone,sandy loam,sandy clay loam
690,Annual,629363,167872,51.363571,1.293431,0.71303844,0.79858005,0.8570513,0.83504013,1.0166932,0.859088,0.12148464,0.7197244,0.75157523,0.748457906,1.0538843,0.8819529,1.556516979,1.538542388,284.4301866,6.701862052,0.007056661,4.737334858,101129.7361,322.8799301,122.4891112,3.926679611,0.69535321,0,8,76,16,1.610000014,8,76,16,1.116897106,550,0.015,51.53270867,511.5756333,1001,0,Chalk,sandy loam,sandy loam
702,Annual,581321,319657,52.744109,0.68473,0.92357665,0.8956066,0.9643898,0.951999591,0.9973083,0.9019053,0.8210908,0.88350207,0.9198638,0.850605803,0.99419606,0.9156426,1.926506023,1.53879884,283.4578469,7.787020949,0.0066111,4.995744646,100466.3947,319.8170384,120.6654655,80.15976715,0.131170928,5.699996948,19,37,44,1.409999967,31,31,38,1.330000043,550,0.015,53.70086457,53.61539872,1001,0,Chalk,loam,clay loam
709,Multiannual,503140,215900,51.832194,-0.5046,0.95585257,0.95706975,0.9801867,0.978529469,0.9827664,0.96603787,0.6726949,0.8402168,0.84142184,0.847304238,0.98762774,0.98481596,1.778039429,1.497130498,283.3051504,7.941128241,0.006561177,4.288956378,99520.07719,319.6074896,119.8892743,156.6808929,7.2409935,6.600006104,24,48,28,1.399999976,34,41,25,1.330000043,550,0.015,25.31795385,208.4883938,101,0,Chalk,sandy clay loam,clay loam
710,Annual,416545,199235,51.691621,-1.762037,0.53434604,0.80855834,0.8378519,0.862968506,1.0974174,1.0294682,-0.67706704,0.46844918,0.7229663,0.830405288,1.154739,1.4264543,1.861938662,1.450172429,283.8387469,7.806790904,0.006783092,3.613897296,100473.7561,323.4873193,119.8460197,78.42441559,0.084516384,4.099998474,19,45,36,1.419999957,27,39,34,1.360000014,0.1,0.06,2.654283117,132.733198,51,0,Oolites,loam,loam
711,Annual,365161,88822,50.697988,-2.494645,0.9207762,0.95392835,0.95990825,0.972412129,1.0096447,0.97945213,0.92425615,0.9122246,0.96270645,0.969733934,0.98184085,0.9226443,2.977163201,1.434165872,283.9611853,7.90585989,0.006951687,4.470724433,100229.6838,322.9401542,118.7133583,77.65643311,2.584362745,0.899993896,19,37,44,1.409999967,0,0,0,0,550,0.015,2.593172441,353.0976433,101,428.0833435,Chalk,loam,
717,Annual,415095,196165,51.664059,-1.783145,0.5187067,0.56758547,0.898523,0.909307423,1.1638973,0.6129321,0.5210603,0.48606294,0.9357698,0.934243441,1.1552439,0.5143002,1.820481924,1.448942286,283.8651215,7.806790904,0.006794896,3.619179072,100510.1261,323.6030817,119.7520559,75.81097412,0.587736845,1.600006104,22,42,36,1.399999976,25,41,34,1.379999995,0.1,0.06,2.396403253,126.2516351,251,0,Oolites,loam,loam
719,Multiannual,583440,331530,52.850006,0.722737,0.8449963,0.7893842,0.9279233,0.928625821,0.98967785,0.8023712,-0.26723135,0.053373694,0.15546857,0.429413731,0.8892113,0.5869708,1.974698799,1.552929141,283.5351189,7.787020949,0.006648376,5.065910669,100744.4825,320.2749041,122.4786832,46.28410339,1.233706594,0,10,81,9,1.590000033,23,67,10,1.440000057,550,0.015,59.93571137,30.1002305,1001,1985.223022,Chalk,loamy sand,sandy clay loam
725,Multiannual,544949,212362,51.791132,0.100289,0.71018314,0.76342225,0.8829148,0.777446778,0.9919843,0.7945851,-0.7016244,0.5004965,0.71291864,0.818614589,0.9551789,0.5937016,1.676451256,1.500161018,284.0164261,8.170865377,0.006763938,3.628920621,100893.9953,322.1400286,121.8115783,44.9877243,1.28063035,5.900001526,21,39,40,1.399999976,21,41,38,1.399999976,100,0.005,29.74131844,1253.030684,101,0,Chalk,loam,loam
734,Annual,555158,237027,52.009983,0.259287,0.59238863,0.8474609,0.87343043,0.840308328,0.9898289,0.91547364,0.123508275,0.4716447,0.6954306,0.679773336,0.9866748,0.5684694,1.507119389,1.51200177,283.6773621,8.084611253,0.006646744,4.504361436,100341.1705,320.5596793,117.3755417,89.87503815,3.488032818,16.29999542,49,19,32,1.24000001,51,18,31,1.230000019,550,0.015,54.03012973,245.4958838,5001,0,Lower Greensand,clay,clay
737,Decadal,447443,466389,54.091214,-1.276142,0.6117779,0.6969316,0.79084665,0.797373964,1.0062157,0.78076065,-4.098944,0.2132538,0.8000231,0.639782693,1.0427381,1.7597159,1.81675794,1.446443348,283.159705,7.298685801,0.006469717,4.386439888,100959.3667,320.6528703,116.4731821,20.93717957,2.007177353,9.600000381,5,89,6,1.700000048,5,89,6,1.700000048,33,0.01,1.61347698,57.62744579,251,57.73958206,Triassic Sandstone,sand,sand
739,Annual,577902,279029,52.380389,0.612361,0.8546424,0.79703104,0.93593097,0.925238081,0.99333614,0.8075239,0.8315019,0.9034897,0.9370394,0.900494984,0.9826674,0.9289385,1.680065718,1.496960525,283.8724833,8.134556528,0.006700518,4.042608575,101095.7359,321.4421237,119.0688371,48.78324127,1.019212723,23.60000229,8,76,16,1.610000014,8,76,16,1.150323987,550,0.015,54.91569087,124.7592273,5001,13875.83301,Chalk,sandy loam,sandy loam
745,Annual,457050,139850,51.155066,-1.185638,0.9107503,0.892772,0.96300685,0.968620676,0.993502,0.8995659,0.73516333,0.8083892,0.94193494,0.947960317,0.98530006,0.8179923,2.185049294,1.422543612,283.7951198,8.427272862,0.006797649,3.470531626,100203.0333,321.5775248,120.2365297,112.1908951,1.272776127,8,24,48,28,1.399999976,34,41,25,1.330000043,550,0.015,40.44165394,75.20337096,1,323.7802734,Chalk,sandy clay loam,clay loam
746,Multiannual,343906,349183,53.036956,-2.837988,0.65668154,0.8082979,0.8192863,0.843878441,1.0006934,0.9360362,-0.4601345,0.23824906,0.26896492,0.35221867,0.99277484,0.7859952,1.764512594,1.408765534,283.6448634,6.877820409,0.006695652,3.761542581,100957.1464,324.3745367,116.0118994,36.13990021,0.559446454,7.900001526,19,37,44,1.409999967,31,31,38,1.330000043,33,0.01,4.352954397,82.15152641,1,0,Triassic Sandstone,loam,clay loam
750,Annual,596282,312398,52.673717,0.90174,0.7989015,0.82990026,0.9208294,0.910619066,1.0632927,0.86339986,0.39986145,0.6861577,0.7213763,0.705837944,1.062222,0.8696401,1.885377871,1.503126482,283.6548345,7.787020949,0.006673981,4.364073935,100788.0386,320.4217264,120.2326415,51.0389061,2.757305145,14.29999924,19,45,36,1.419999957,27,39,34,1.360000014,550,0.015,67.06232614,284.717091,1001,0,Chalk,loam,loam
752,Annual,496522,445190,53.893897,-0.5327,0.9202354,0.9105848,0.96013343,0.960021931,1.0005953,0.9199667,0.80982125,0.7539432,0.9309876,0.928360711,1.0327926,0.7661073,1.921358164,1.461548035,283.1284009,7.297097527,0.006516695,4.646610087,100910.1604,319.922189,119.7362188,31.34250069,1.418153644,11.99999809,22,41,37,1.399999976,29,37,34,1.350000024,550,0.015,10.60895361,59.58638701,51,3073.374023,Chalk,loam,clay loam
762,Annual,491101,436199,53.814091,-0.617829,0.7413274,0.8512498,0.86683416,0.871317168,0.9660008,0.9431026,0.6181121,0.6052274,0.8270487,0.871152293,1.1538414,0.6802097,1.920536691,1.458717465,283.1355574,7.297097527,0.0065065,4.59354865,100834.2661,320.0651644,118.7470235,39.56718445,2.450745344,4.900001526,19,37,44,1.409999967,0,0,0,0,130,0.0005,4.409345371,95.93705853,51,0,Triassic Sandstone,loam,
768,Annual,418025,204515,51.739048,-1.740355,0.82471883,0.8261442,0.9107864,0.927009171,0.9925113,0.85096776,0.63464725,0.6434848,0.920117,0.929846122,0.9229085,0.6612101,2.000164292,1.428322123,283.645672,7.806790904,0.00672222,3.612444189,100112.2964,322.6219603,118.4693051,108.1365662,5.97275877,13,19,37,44,1.409999967,31,31,38,1.330000043,184,0.02,2.519601438,76.78066244,251,0,Oolites,loam,clay loam
769,Multiannual,344325,322295,52.795322,-2.827121,0.3052858,0.5750232,0.6180316,0.629950996,0.997814,0.8137222,0.44396555,0.66607165,0.694057,0.737719041,0.9988714,0.86619085,1.915717415,1.411574557,283.4455362,7.561281574,0.006658467,3.80493121,100344.0808,323.3250008,117.2954248,81.01083374,2.706865788,4,9,77,14,1.600000024,17,67,16,1.480000019,33,0.01,0.044718539,54.73335412,1001,0,Triassic Sandstone,sandy loam,sandy loam
779,Annual,509575,468102,54.097144,-0.325922,0.8747595,0.82295257,0.9417792,0.95565735,0.97724074,0.8343558,0.75245416,0.8160927,0.8714059,0.861948839,1.0561203,0.8811055,1.953121578,1.424632961,283.0330103,6.475027417,0.006526718,4.030451604,100547.2986,319.2278827,121.0352852,27.86746216,1.36724937,0.200000763,22,41,37,1.399999976,29,37,34,1.350000024,550,0.015,6.114642445,59.24053916,51,0,Corallian Limestone,loam,clay loam
783,Multiannual,571102,167825,51.383677,0.457453,-0.9370904,0.6649023,0.66757536,0.648230775,0.99327976,0.9582989,-0.79193497,0.7331584,0.76143795,0.71857806,0.9934378,0.88063085,1.733022995,1.516582878,284.1439696,8.545290384,0.006887195,3.608643737,100843.7147,321.9544965,126.5577701,74.29995728,2.898566484,16.60000229,21,44,35,1.409999967,25,40,35,1.370000005,550,0.015,22.23398519,1304.739508,251,0,Chalk,loam,loam
786,Annual,417320,200058,51.698998,-1.750784,-1.8917658,-0.27231908,0.844136,0.841614379,1.0705975,2.260781,-2.5857196,-0.23109722,0.73603225,0.77303841,1.0857214,2.1994255,1.880339538,1.447115084,283.8400621,7.806790904,0.006781806,3.611160313,100482.1349,323.4913511,119.5336275,78.72499084,0.341239542,3,19,45,36,1.419999957,27,39,34,1.360000014,0.1,0.06,1.599296066,130.2168448,251,0,Oolites,loam,loam
801,Annual,457045,177915,51.497301,-1.179628,0.7724326,0.74449646,0.8866298,0.883614316,1.001001,0.77102804,0.8346643,0.89250773,0.91405857,0.8946507,1.0007458,0.9354395,1.831708651,1.522668816,283.6200665,8.427272862,0.00670658,4.259400584,100018.4152,321.4429411,123.2438343,130.9153137,2.418182135,31.40000153,11,35,54,1.49000001,20,37,43,1.399999976,550,0.015,15.88869595,145.7490284,51,0,Chalk,silt loam,loam
813,Multiannual,342881,368122,53.20707,-2.856651,-0.11596453,0.40507692,0.48406568,0.537658503,0.99433297,0.70383894,-8.314277,-0.07978952,-0.070011646,-0.087276562,0.9883913,1.1445307,1.906736033,1.449472569,283.5036298,6.877820409,0.006641844,4.48374104,100820.9352,323.7649335,115.9822814,41.11271667,0.471231937,4.399997711,19,37,44,1.409999967,31,31,38,1.330000043,33,0.01,0.166645869,1066.681227,101,0,Triassic Sandstone,loam,clay loam
814,Annual,418320,138780,51.147988,-1.739464,0.8458947,0.9551412,0.95583403,0.961949554,0.9926873,0.99713707,0.7843631,0.91404986,0.91731,0.892791576,0.99531156,0.97702765,2.15010953,1.473731153,283.8438766,8.146276078,0.006832374,3.57229951,100255.1687,322.4755932,124.5942104,97.71122742,2.543733358,3.900001526,19,37,44,1.409999967,0,0,0,0,550,0.015,13.41239013,178.4716516,51,0,Chalk,loam,
816,Annual,416905,196385,51.665986,-1.756966,0.512012,0.6408683,0.8488542,0.846634846,1.1622926,0.71752745,0.5158777,0.55769694,0.9047605,0.907319564,1.1783438,0.60661215,1.809583788,1.448117344,283.8696487,7.806790904,0.006794345,3.612865157,100519.3649,323.5934913,119.6454719,74.39199066,1.020208001,1.5,19,45,36,1.419999957,27,39,34,1.360000014,0.1,0.06,4.00277147,152.7777447,251,0,Oolites,loam,loam
819,Annual,451385,174845,51.470241,-1.261601,0.8643004,0.8569068,0.9561383,0.95220349,0.98199165,0.86499095,0.23316115,0.8621473,0.8724301,0.8594766,0.9625074,1.0363818,1.977601317,1.422557428,283.6832104,8.427272862,0.006730684,3.51067988,100133.1838,321.7828996,118.8019101,115.2714081,12.85370922,5.400001526,24,48,28,1.399999976,34,41,25,1.330000043,550,0.015,22.00320059,119.1646506,51,0,Chalk,sandy clay loam,clay loam
825,Annual,473785,147315,51.220269,-0.944859,0.91079193,0.8937665,0.9564309,0.958816975,1.002713,0.90315026,0.8911748,0.8536154,0.94783854,0.937060445,1.0005417,0.8632256,2.061007675,1.413695688,283.7281127,8.449890581,0.006764336,3.449819249,100109.1571,321.1226192,119.3373813,125.4695282,3.389561892,17.40000153,22,42,36,1.399999976,25,41,34,1.379999995,550,0.015,25.35315055,174.6075427,251,0,Chalk,loam,loam
831,Annual,436232,479718,54.21191,-1.445937,0.68389213,0.73538834,0.8478981,0.850848973,0.9552099,0.7881575,0.20070636,0.54456514,0.80674917,0.792235021,0.8390655,0.62029785,1.806516976,1.381987387,283.089247,7.298685801,0.006439659,3.584917396,100916.6811,320.4194165,115.3425454,21.79026985,5.231495857,1.799999237,9,77,14,1.600000024,17,67,16,1.480000019,33,0.01,3.725720824,53.70144044,251,0,Triassic Sandstone,sandy loam,sandy loam
833,Multiannual,309010,88029,50.684774,-3.289347,0.76599145,0.8698965,0.89380366,0.866812988,0.9999671,1.075165,-2.6796033,0.37420535,0.6867752,0.684190249,1.0237501,1.5412524,2.449123765,1.500586575,284.4427173,7.064950844,0.007167224,3.977864094,100986.0773,326.3881216,127.8300577,29.76581192,4.057991505,19.80000114,5,89,6,1.700000048,5,89,6,1.700000048,33,0.01,2.988105589,309.8462162,51,0,Triassic Sandstone,sand,sand
835,Annual,620949,156972,51.269044,1.166016,0.7262145,0.72737145,0.86146677,0.872324636,1.0536422,0.7714028,0.61566293,0.64419276,0.8649982,0.836644917,1.2009461,0.7392439,1.754819274,1.500708647,284.3876329,6.701862052,0.007066005,3.863364772,101034.2564,322.804202,125.6027963,10.32230854,0.25000909,0,22,41,37,1.399999976,29,37,34,1.350000024,550,0.015,37.99466094,288.7508259,1001,0,Chalk,loam,clay loam
836,Annual,620950,156970,51.269025,1.166029,-0.10429227,0.56002563,0.777658,0.751207619,0.6958602,0.77275753,0.40354204,0.63202834,0.7775048,0.738669364,0.82752985,0.7630362,1.754819274,1.500708647,284.3876329,6.701862052,0.007066005,3.863364772,101034.2564,322.804202,125.6027963,10.49419594,0.371400893,0,22,41,37,1.399999976,29,37,34,1.350000024,550,0.015,37.99410646,288.6226589,1001,0,Chalk,loam,clay loam
837,Multiannual,486225,192835,51.627728,-0.755711,-0.035560727,0.51298,0.77040625,0.738709285,1.0094403,1.4294089,-0.787313,0.22639316,0.73798966,0.681001787,0.9938969,1.7278775,1.983515879,1.420361296,283.7739823,8.154764635,0.006723053,3.490947299,100354.939,321.8508616,117.1919804,77.50005341,4.83494854,10.09999847,24,48,28,1.399999976,34,41,25,1.330000043,550,0.015,18.68824068,1446.256253,51,0,Chalk,sandy clay loam,clay loam
840,Annual,425455,322305,52.797701,-1.623906,0.6107745,0.79082257,0.8054141,0.808414857,0.9733697,0.9280157,0.48697585,0.75309074,0.75542593,0.802093651,1.0288746,0.98228484,1.89972618,1.406596715,283.5838492,7.60476465,0.006627565,3.599766257,100727.3277,323.1853752,114.2871922,46.08796692,3.000210047,0,10,75,15,1.580000043,15,68,17,1.50999999,33,0.01,0.110234031,1276.273598,501,36336.15625,Triassic Sandstone,sandy loam,sandy loam
856,Annual,420776,368997,53.217615,-1.690313,0.60491645,0.77757007,0.806081,0.845508544,0.9957787,0.8911318,0.7709182,0.7875766,0.89033955,0.893845476,0.99739575,0.8180911,2.750438117,1.28695074,282.8080446,6.480668222,0.006391162,2.082502991,99506.87284,319.6748341,117.0310224,153.2779846,3.453789473,7.199996948,24,48,28,1.399999976,34,41,25,1.330000043,20,0.01,10.05063628,59.823258,1,0,Carboniferous Limestone,sandy clay loam,clay loam
861,Annual,599467,291039,52.480796,0.935934,0.6222402,0.5331205,0.9258157,0.946208204,1.0264688,0.53981346,0.47920215,0.5844965,0.93880117,0.946634798,1.0387787,0.5908631,1.712322017,1.512598595,283.8961968,8.134556528,0.006726243,4.298598318,101230.3954,321.2635399,119.722433,27.8012886,5.625906944,9.600000381,19,37,44,1.409999967,31,31,38,1.330000043,550,0.015,71.2730254,100.4924611,5001,8.77319622,Chalk,loam,clay loam
865,Annual,434655,146655,51.218044,-1.505184,0.82859063,0.8513261,0.91117585,0.935451263,1.0018299,0.8807922,0.6735385,0.722155,0.82144773,0.881987592,0.9995994,0.7871242,2.010240963,1.440258614,283.9825137,8.146276078,0.006855355,3.529724925,100570.0288,323.002044,120.5695031,73.50700378,4.684915066,0.099998474,19,37,44,1.409999967,0,0,0,0,550,0.015,31.14291858,642.9133648,1,0,Chalk,loam,
870,Annual,426755,109725,50.886395,-1.621011,0.79223865,0.87917775,0.93633753,0.936999842,1.0254476,0.90051514,0.69704854,0.7246407,0.85134214,0.82471175,1.0096848,0.7684206,2.468236579,1.513693945,284.1279568,7.617962865,0.006940226,4.274952906,100692.7812,323.0032139,124.4029162,77.1333847,3.250163555,34.90000153,9,77,14,1.600000024,17,67,16,1.480000019,75,0.05,26.6989247,73.63705273,251,0,Chalk,sandy loam,sandy loam
871,Annual,500472,453664,53.969283,-0.469833,0.72867966,0.8380777,0.87200326,0.89670095,1.02429,0.9038468,0.2091918,0.6546314,0.82418734,0.857772868,1.094818,0.71825814,1.811664838,1.455585247,283.1809874,6.699781022,0.006541652,4.688146033,100865.2691,320.089053,118.6122225,22.5427742,0.388129622,3.600000381,24,47,29,1.389999986,34,39,27,1.330000043,550,0.015,15.83675045,118.6723237,51,0,Chalk,loam,clay loam
873,Annual,405920,201920,51.715973,-1.915703,0.8721385,0.9084123,0.93392813,0.950327912,0.9987844,0.93658674,0.8677123,0.8281748,0.9409469,0.950160063,1.0118093,0.83907485,2.062760131,1.48949855,283.6072702,7.806790904,0.006724651,4.406065636,100016.794,322.5815799,120.0010869,108.977951,3.031821012,9.200004578,49,19,32,1.24000001,51,18,31,1.230000019,184,0.02,2.630493155,212.9803408,51,0,Oolites,clay,clay
895,Annual,433596,177933,51.499338,-1.517401,0.8699325,0.8883021,0.93789554,0.915920019,1.0724025,0.9418851,0.4070266,0.6698779,0.8105542,0.815641775,1.2700802,1.0121678,2.024808327,1.435002961,283.4631794,8.146276078,0.006675898,3.554417954,99666.98657,321.1061398,120.7730699,121.2497711,2.62139535,0,24,48,28,1.399999976,34,41,25,1.330000043,550,0.015,28.30368775,60.91964193,51,0,Chalk,sandy clay loam,clay loam
903,Annual,443455,129215,51.060632,-1.381291,0.7969942,0.87221646,0.9219763,0.935461706,0.9804444,0.9007103,0.7479781,0.82258594,0.9530466,0.917622812,0.9703995,0.83149236,2.365553119,1.485052532,283.6659555,8.427272862,0.006775077,4.246697218,99907.21554,320.9852136,122.7514224,118.200325,3.774055243,27.19999695,19,37,44,1.409999967,0,0,0,0,550,0.015,34.73472705,487.903101,1,0,Chalk,loam,
906,Annual,418834,197239,51.673603,-1.729029,0.5726813,0.7045344,0.7849261,0.843697905,1.0588253,0.80613977,0.5025271,0.61106235,0.7302839,0.743757563,1.0489402,0.7240845,1.79282585,1.51091308,283.8445011,7.806790904,0.006784408,4.36257222,100474.0404,323.4564719,120.6167521,73.32284546,0.66105175,1.200004578,51,17,32,1.220000029,52,19,29,1.230000019,0.1,0.06,4.488604095,155.0005802,251,0,Oolites,clay,clay
913,Annual,435756,130753,51.074991,-1.490995,0.8947563,0.81351286,0.9562496,0.958110069,0.99353987,0.81883407,0.79198116,0.7696948,0.90283394,0.902525476,0.98125833,0.7920402,2.263526834,1.421640159,284.1815348,8.427272862,0.006929848,3.513391901,100954.1468,323.5933923,118.8230761,33.8973999,1.469320297,3.399999619,19,37,44,1.409999967,0,0,0,0,550,0.015,27.06837319,64.90042246,1,0.004970312,Chalk,loam,
926,Annual,455615,171065,51.435857,-1.201301,0.8963472,0.95018524,0.95820254,0.958054598,0.98434466,0.9778792,0.67000496,0.898459,0.9150796,0.910716146,0.97567236,1.0500748,1.877601315,1.520799897,283.9213992,8.427272862,0.006800892,4.25614959,100598.4001,322.7899917,122.1281853,65.72549438,0.450166017,0,51,17,32,1.220000029,52,19,29,1.230000019,550,0.015,19.19145372,210.8570841,51,0,Chalk,clay,clay
944,Annual,471667,139431,51.149658,-0.976751,0.40077996,0.7690074,0.8012866,0.795922342,1.0984873,1.0645865,-0.35659492,0.5866194,0.83279145,0.861361165,1.1415346,1.3505671,2.316538884,1.464172565,283.7807443,8.449890581,0.006790521,3.444385203,100185.9203,321.2499771,124.3598093,102.0892258,0.550595462,4.599998474,19,37,44,1.409999967,0,0,0,0,550,0.015,30.83749979,312.6566533,501,31303.64648,Chalk,loam,
946,Annual,506555,108475,50.865968,-0.487194,0.26431233,0.6672329,0.7231159,0.784085259,0.9981955,1.1845733,0.25156265,0.65526545,0.6567631,0.799468364,0.99830097,1.0320573,2.246440305,1.484947943,283.9263625,6.292935412,0.00690347,4.13561159,100277.9668,320.8365253,124.6379433,100.652565,2.316289663,21.3999939,51,17,32,1.220000029,52,19,29,1.230000019,550,0.015,15.89371063,229.0141614,1001,82.30786133,Chalk,clay,clay
956,Annual,621658,156502,51.264549,1.175872,0.8186779,0.7680033,0.919826,0.927214035,0.9969379,0.78231955,0.5237713,0.5721396,0.93275094,0.893637729,0.98667026,0.57766885,1.81204819,1.462165917,284.3681327,6.701862052,0.007066462,3.866352801,100990.3427,322.7216605,122.3581721,31.55267906,2.176720619,23.29999924,22,41,37,1.399999976,29,37,34,1.350000024,90,0.001,38.23127175,210.7514253,1001,0,Chalk,loam,clay loam
960,Multiannual,330507,91412,50.718161,-2.985744,-0.9568058,0.39728993,0.49541065,0.509845405,0.9960494,1.3295991,-3.5361104,-0.40436208,0.37821168,0.320707019,0.99916285,2.259225,2.666429344,1.50868808,283.6569234,7.141511569,0.006897795,5.389648122,99584.23191,322.3026377,125.2075844,158.6656189,4.761864662,37.00000763,11,35,54,1.49000001,20,37,43,1.399999976,550,0.015,3.447651804,91.1504568,51,0,Triassic Sandstone,silt loam,loam
962,Decadal,468222,428659,53.749832,-0.966908,0.56712943,0.72860694,0.78839004,0.787987147,0.9787185,0.8314118,-0.46158528,0.50054085,0.568089,0.625997038,0.9528987,0.75364155,1.744852135,1.468471933,283.4161271,7.297097527,0.006558994,4.464041298,101309.0105,321.7266206,117.0776306,3.720308781,0.623661339,0,21,39,40,1.399999976,21,41,38,1.399999976,33,0.01,9.414013815,166.084657,751,0,Triassic Sandstone,loam,loam
963,Annual,498165,457075,54.000372,-0.503891,0.71150327,0.67912644,0.866184,0.872212543,1.0280994,0.7097184,0.3988729,0.44198298,0.8131614,0.799569331,1.0917134,0.48225215,1.90728368,1.422106097,283.1171541,6.475027417,0.006522438,3.923954999,100600.8907,319.7954638,119.3603331,31.79355431,2.149077177,6.799999237,9,77,14,1.600000024,17,67,16,1.480000019,550,0.015,15.53642233,120.5875856,51,1591.418335,Chalk,sandy loam,sandy loam
967,Annual,480775,116135,50.939008,-0.85175,0.6442064,0.7171219,0.8121399,0.816189059,1.0032343,0.788534,0.4626025,0.53551507,0.76131743,0.803987736,1.006212,0.60158086,2.810131431,1.507115217,283.7130407,6.336254195,0.006806053,4.163962614,99901.36031,320.3003735,126.132268,133.158371,4.093994141,37.40000153,22,42,36,1.399999976,25,41,34,1.379999995,550,0.015,22.6132067,68.22033929,1001,0,Chalk,loam,loam
973,Annual,596253,292374,52.493947,0.889457,0.85034233,0.82695985,0.9430251,0.938668142,1.1540576,0.94556403,0.73100936,0.753073,0.927228,0.927925994,1.2349963,0.97868454,1.765060242,1.530140406,283.8510005,8.134556528,0.006711781,4.272307752,101151.2394,321.115583,121.893614,34.00492096,0.551792443,2.899999619,22,41,37,1.399999976,29,37,34,1.350000024,550,0.015,67.86141654,68.63298563,5001,0,Chalk,loam,clay loam
975,Annual,346365,321895,52.791934,-2.796804,0.20341241,0.26359975,0.47228193,0.612620699,0.9974844,0.48639345,-0.13537145,-0.32923758,-0.10267435,-0.256476741,0.99733037,0.25772372,1.950438117,1.437621334,283.35082,7.561281574,0.006629855,4.553763577,100147.1741,322.8625244,115.6875208,90.70995331,3.877815962,3.099998474,19,37,44,1.409999967,31,31,38,1.330000043,33,0.01,1.537194134,54.35413316,1001,0,Triassic Sandstone,loam,clay loam
977,Annual,447756,443533,53.88578,-1.274932,0.73555815,0.7320546,0.87106884,0.861828669,0.9972722,0.76513106,0.78261197,0.89831173,0.9045523,0.908465226,1.0044566,0.96521115,1.923439213,1.47481862,283.2184994,7.170043959,0.006488548,4.382948034,101087.9544,321.046007,118.954919,29.52817154,25.47060776,30.29999924,22,41,37,1.399999976,29,37,34,1.350000024,260,0.01,0.514961508,172.0717627,501,54823.16016,Magnesian Limestone,loam,clay loam
978,Annual,438175,127435,51.045001,-1.456817,0.8694814,0.8697887,0.93392324,0.951840536,1.0027955,0.88783497,0.78824055,0.7964082,0.9036862,0.89803121,0.98515487,0.8212464,2.280887184,1.505340567,283.7973944,8.427272862,0.006818038,4.257951237,100165.0909,321.6529821,124.2831541,88.02688599,1.690190554,0,24,48,28,1.399999976,34,41,25,1.330000043,550,0.015,29.52047977,150.0278408,1,0,Chalk,sandy clay loam,clay loam
989,Annual,571275,270019,52.301577,0.510509,0.85462314,0.93024546,0.93352956,0.922532742,1.0131123,0.983405,0.6230252,0.8070811,0.8318796,0.816486414,1.0246998,0.90866065,1.475575029,1.510390101,284.0333192,8.134556528,0.00674268,3.96141459,101352.7038,322.2362892,119.9280917,20.56355476,0.672048986,1,5,90,5,1.710000038,8,87,5,1.629999995,550,0.015,54.51524126,120.4650381,5001,0,Chalk,sand,loamy sand
991,Multiannual,593810,162941,51.332521,0.780732,0.79614186,0.8250576,0.901314,0.855539767,1.0195315,0.856877,0.3056376,0.56014836,0.7411989,0.726060881,1.0767775,0.65273035,1.500985765,1.477081111,284.4332904,7.604655088,0.007010678,3.710231019,101260.4114,323.1032865,121.8521706,11.47546959,4.014831066,3.699999809,22,41,37,1.399999976,29,37,34,1.350000024,550,0.015,26.77729474,539.6837227,251,56796.68359,Chalk,loam,clay loam
1005,Annual,534470,215060,51.81799,-0.050507,0.29570585,0.5067383,0.5897809,0.589563008,0.997073,0.72610575,0.49122697,0.66192853,0.8467957,0.793875758,0.9990219,1.3013692,1.485158819,1.486140734,283.9024707,7.941128241,0.006727928,3.601709912,100685.4818,321.8257753,121.0350513,64.09438324,9.231119156,34.39999771,11,80,9,1.570000052,19,72,9,1.480000019,550,0.015,35.77086512,726.4306108,101,0,Chalk,sandy loam,sandy loam
1009,Annual,360325,321455,52.789188,-2.589747,0.79270583,0.7452557,0.90351135,0.900124602,1.0190256,0.76500714,0.6431973,0.6187328,0.816237,0.817741315,0.99472463,0.66598433,1.849233298,1.455830241,283.4967609,7.561281574,0.006656529,4.499683743,100456.2029,323.4692405,116.1934799,68.07831573,1.567851543,2.199996948,5,89,6,1.700000048,5,89,6,1.700000048,30,0.14,0.375673412,77.6870882,1001,60.67718887,Permian Sandstone,sand,sand
1013,Annual,371695,219735,51.875453,-2.412553,0.820384,0.8605956,0.90739244,0.907209984,1.027721,0.8995567,0.80936897,0.7331518,0.9160178,0.929838944,1.019296,0.7474483,2.31681271,1.5363578,283.8017191,7.50607898,0.00680569,4.540369044,100472.6265,324.1312118,123.9217649,65.82968903,1.966069579,13.69999695,22,41,37,1.399999976,29,37,34,1.350000024,33,0.01,0.709354384,76.48555505,101,13.62312412,Triassic Sandstone,loam,clay loam
1018,Annual,440604,219308,51.870868,-1.411649,0.8353211,0.87949884,0.92913616,0.916758622,0.9936831,0.9027435,0.7710675,0.8696888,0.8945991,0.898753977,1.0062844,0.9236321,1.864731654,1.499057384,283.5006139,7.847316624,0.006649913,4.317103686,99965.72056,321.7517851,120.1170148,132.2684937,2.096538782,23.69999695,48,23,29,1.25,45,26,29,1.25999999,184,0.02,5.386044587,123.511315,51,0,Oolites,clay,clay
1026,Annual,477736,484861,54.253517,-0.808327,0.5869888,0.4721452,0.85119605,0.845389238,1.0388888,0.4950494,0.59044003,0.6119673,0.8421974,0.847522785,1.0856018,0.65599513,1.987623216,1.398214737,283.0128366,7.124206013,0.006467239,3.807435498,100758.2235,319.4161613,118.1886031,30.62462997,0.615640998,4.800001144,9,77,14,1.600000024,17,67,16,1.480000019,0.1,0.02,0.662529179,34.34434886,751,0,Corallian Limestone,sandy loam,sandy loam
1027,Annual,371067,89099,50.700804,-2.411046,0.8694776,0.9317163,0.93722343,0.947112112,1.0212197,0.98352426,0.8816093,0.8928287,0.95326424,0.942833954,1.0413198,0.912857,2.934830228,1.484462192,284.191573,7.90585989,0.007015383,3.696223307,100705.2635,323.9432623,127.0130034,52.02031708,1.613611221,4,22,41,37,1.399999976,29,37,34,1.350000024,550,0.015,4.686984572,335.7865376,101,0,Chalk,loam,clay loam
1032,Multiannual,489819,200922,51.69986,-0.701728,0.94197875,0.90284944,0.9730768,0.965727216,0.9742545,0.9102758,0.29241246,0.6419625,0.6538514,0.637277756,0.9235964,0.94965804,2.0594195,1.447855395,283.4833396,8.154764635,0.006630136,3.501342697,99810.12883,320.5285012,120.4955216,120.9054108,2.158306599,0,11,35,54,1.49000001,20,37,43,1.399999976,550,0.015,18.56207921,348.1356988,101,0,Chalk,silt loam,loam
1040,Multiannual,479775,197855,51.673805,-0.847729,0.707747,0.8217166,0.93402946,0.923426216,1.015495,0.83509797,0.5729562,0.8994675,0.90374017,0.898996799,1.0112976,1.026706,2.011610076,1.534141256,283.3489337,8.154764635,0.006597978,4.25413221,99532.00292,320.0384047,124.8486401,200.876709,2.75449872,72.90000916,24,48,28,1.399999976,34,41,25,1.330000043,550,0.015,14.86827645,185.7587979,51,28313.95117,Chalk,sandy clay loam,clay loam
1044,Annual,534170,232700,51.976568,-0.047998,0.5032766,0.5654352,0.74975216,0.796729283,0.9932476,0.6447864,0.6986461,0.6303866,0.8598959,0.796363146,1.0000173,0.6579702,1.600930997,1.476946737,283.5342443,7.941128241,0.006608635,3.642577354,100052.4287,320.2589313,121.1018607,136.4006805,1.947810292,25.80001068,54,22,24,1.230000019,44,34,22,1.279999971,550,0.015,47.01186855,87.10273694,101,0,Chalk,clay,clay
1049,Annual,370295,227975,51.949462,-2.433602,0.6591386,0.62142193,0.8405818,0.845494636,1.0453897,0.65963805,-1.0309544,0.32526296,0.6084547,0.628843948,1.4546729,0.6913983,1.954819279,1.491526798,283.8030519,7.50607898,0.006800813,4.542223599,100530.5192,324.2348184,119.7963924,62.39092255,1.075425267,9.100002289,22,41,37,1.399999976,29,37,34,1.350000024,15,0.05,0.60188182,112.2334733,101,0,Triassic Sandstone,loam,clay loam
1055,Multiannual,367925,332175,52.886058,-2.478114,0.8345123,0.8646554,0.9152668,0.908711228,1.0048035,0.89457124,-2.1363287,0.6627948,0.6685798,0.669594532,0.93783706,0.99806434,2.077710844,1.429074905,283.2320543,7.783296916,0.00656636,4.460810496,100021.0228,322.204682,114.6323236,115.6938248,3.503037453,10.90000153,10,75,15,1.580000043,15,68,17,1.50999999,33,0.01,2.3694888,223.6184611,1001,0,Permian Sandstone,sandy loam,sandy loam
1056,Annual,454325,129425,51.061597,-1.226164,0.82443774,0.87952673,0.91514397,0.90476672,1.0032985,0.9145468,0.67151296,0.6838397,0.8334354,0.694491042,1.0030292,0.7312919,2.417962764,1.492484932,283.9078544,8.427272862,0.006843447,4.220947786,100394.7265,321.9333019,122.0294404,95.59860992,5.602080822,10.29999542,22,42,36,1.399999976,25,41,34,1.379999995,550,0.015,45.60416669,129.4738035,1,0,Chalk,loam,loam
1060,Annual,441201,453298,53.9741,-1.373338,0.64151824,0.8063289,0.8478722,0.877219984,1.0585893,0.89544207,0.61708295,0.7621005,0.8120816,0.803823159,1.0508659,0.863271,1.925136914,1.44894915,283.2096935,7.170043959,0.006480881,4.361673324,101151.7862,321.0496391,116.6725902,22.41212463,9.651963234,2.400001526,19,37,44,1.409999967,31,31,38,1.330000043,33,0.01,0.815331528,129.629063,251,0,Triassic Sandstone,loam,clay loam
1061,Multiannual,310230,93968,50.738358,-3.273529,0.9082974,0.8744609,0.95586836,0.956047959,0.99997103,0.8824744,-0.5274135,0.7681873,0.78283477,0.731787418,0.96499676,0.9268501,2.661664837,1.422736867,284.1797262,7.064950844,0.007080918,3.983312717,100479.1789,325.188354,121.7639128,60.12137985,3.759369373,12.20000076,9,77,14,1.600000024,17,67,16,1.480000019,33,0.01,2.754501696,215.5568407,51,0,Triassic Sandstone,sandy loam,sandy loam
1063,Multiannual,308505,91463,50.715567,-3.297346,0.8833974,0.8988518,0.9405609,0.936945727,0.9982594,0.91817886,-0.32516813,0.43661153,0.48661792,0.462854058,1.0030627,1.2320288,2.540251909,1.508409142,284.3602459,7.064950844,0.007140354,3.985720617,100829.4936,326.037862,128.6771057,42.28378296,4.03877449,17.19999886,5,89,6,1.700000048,5,89,6,1.700000048,33,0.01,1.327549793,272.4778756,51,0,Triassic Sandstone,sand,sand
1075,Multiannual,419210,116518,50.947778,-1.727915,-0.3037566,0.52525735,0.5259022,0.489903152,0.9929408,0.9762955,-0.5175936,0.20425606,0.26051205,0.244341134,0.9940807,0.7061811,2.445783132,1.471788334,284.0123525,7.617962865,0.006902126,4.304213497,100479.1414,322.7660478,120.5783117,99.19120789,2.1947577,23.30000305,5,89,6,1.700000048,5,89,6,1.700000048,75,0.05,16.62207004,85.28728432,51,0,Chalk,sand,sand
1085,Annual,471835,149655,51.241555,-0.972307,0.8749608,0.89655966,0.945457,0.949788949,1.0357748,0.9197196,0.6606504,0.8295069,0.84081787,0.842317565,1.0386316,0.952709,2.004874036,1.413055302,283.8883803,8.449890581,0.006809285,3.454530624,100442.2947,321.9538636,118.4380042,84.30044556,3.699962139,1.200004578,22,41,37,1.399999976,29,37,34,1.350000024,550,0.015,26.42456869,177.2995024,251,0,Chalk,loam,clay loam
1087,Annual,417530,200470,51.702695,-1.747725,0.53826547,0.6368779,0.883553,0.889137187,1.0620025,1.3383188,-0.21739924,0.63986695,0.8074837,0.811924874,1.2742918,1.1319128,1.880339538,1.447115084,283.8400621,7.806790904,0.006781806,3.611160313,100482.1349,323.4913511,119.5336275,78.18107605,2.45629096,0,54,22,24,1.230000019,44,34,22,1.279999971,0.1,0.06,1.14908604,126.6717896,251,0,Oolites,clay,clay
1088,Multiannual,381185,300905,52.605589,-2.279252,0.6470579,0.7558634,0.8123073,0.809706114,1.0522084,0.85286796,0.5755252,0.6899512,0.81243825,0.767366397,1.1329798,0.79199386,1.871851042,1.396683134,283.4240252,7.783296916,0.006629328,3.697752084,100176.4169,322.8577883,115.158119,77.52242279,0.39616257,1.400001526,5,90,5,1.710000038,8,87,5,1.629999995,33,0.01,0.999722749,226.0021415,1001,0,Triassic Sandstone,sand,loamy sand
1093,Multiannual,507980,215060,51.823731,-0.43465,0.9480036,0.93350726,0.9747395,0.93449329,1.019864,0.9417886,0.31045854,0.55311525,0.827258,0.947062274,1.0641353,1.4071283,1.682858708,1.534730304,283.5234249,7.941128241,0.006622954,4.294485561,99954.77334,320.5630271,122.3762162,111.6160126,3.16768384,4.800003052,24,48,28,1.399999976,34,41,25,1.330000043,550,0.015,30.14523768,362.0739649,101,0,Chalk,sandy clay loam,clay loam
1097,Annual,421899,155400,51.297305,-1.687288,0.9015449,0.90811664,0.9514846,0.953146956,0.9826707,0.923918,0.82377297,0.7611625,0.930644,0.9241482,0.9626882,0.7745209,2.171741509,1.454171713,283.4484223,8.146276078,0.00669881,3.575410512,99532.50687,320.8716834,123.5976426,144.2942505,1.091381788,0,19,37,44,1.409999967,0,0,0,0,550,0.015,25.35992854,48.6876546,51,0,Chalk,loam,
1100,Multiannual,486475,195515,51.65178,-0.751439,0.70611185,0.78859174,0.87830603,0.898921004,1.0181675,0.8280886,0.5370721,0.46190518,0.8474852,0.850158762,0.984563,0.48420337,1.994523549,1.461030595,283.6770541,8.154764635,0.00669204,3.494708139,100175.5392,321.4339343,121.8348354,93.40332031,4.205440998,8.699996948,24,52,24,1.409999967,36,43,21,1.320000052,550,0.015,20.80844718,1385.177262,51,0,Chalk,sandy clay loam,clay loam
1104,Multiannual,593350,152390,51.237917,0.768431,-1.2521214,0.30221575,0.7181983,0.681608815,0.9957147,1.6383404,-1.521183,0.24455315,0.706646,0.668940378,0.99566764,1.696155,1.989594742,1.506438028,283.4079963,7.604655088,0.006741628,5.182679234,99158.17577,318.2613678,122.0681503,186.733551,1.837692738,15.3999939,24,48,28,1.399999976,34,41,25,1.330000043,550,0.015,17.32006471,95.22164754,251,0,Lower Greensand,sandy clay loam,clay loam
1112,Annual,541193,112242,50.892408,0.00619,0.5533453,0.7300068,0.7572404,0.804050811,1.0040846,0.8819029,0.2877246,0.70964175,0.7811191,0.822511408,1.0358456,0.8126142,2.468236581,1.447918085,284.4810106,6.103997887,0.007107832,3.404515777,101348.7274,323.3251972,124.4056845,8.857441902,3.668131351,2.700000286,21,39,40,1.399999976,21,41,38,1.399999976,550,0.015,5.997355595,299.3603126,1,0,Chalk,loam,loam
1113,Annual,544973,160614,51.326151,0.079318,0.33350754,0.67259645,0.74067676,0.83374857,1.0076985,0.8002879,0.5080531,0.7258531,0.82624096,0.848363063,1.0054569,0.78802335,2.0584885,1.442497863,283.5113203,8.545290384,0.006696262,4.259021931,99578.61115,319.2154031,117.0985896,169.5514526,2.523682117,15.90000916,24,48,28,1.399999976,34,41,25,1.330000043,550,0.015,15.19505478,608.8681494,1,0,Chalk,sandy clay loam,clay loam
1126,Annual,452805,185805,51.568647,-1.23952,0.7195661,0.88496464,0.8914279,0.899500286,1.0311338,1.0218183,0.16456491,0.64070326,0.8273528,0.842078965,1.039392,1.3126323,1.805366925,1.427633654,283.8412916,7.847316624,0.006766353,3.51739839,100453.8162,322.69013,118.0275965,66.42546082,0.892245889,6.800003052,21,44,35,1.409999967,25,40,35,1.370000005,550,0.015,20.08620194,428.1710395,251,0,Chalk,loam,loam
1138,Annual,471545,410005,53.581753,-0.920817,0.6141602,0.6244942,0.82120705,0.852881483,0.95755833,0.67253155,-0.5871353,0.48381948,0.6038537,0.489341392,0.957628,1.3282062,1.740197154,1.480211614,283.4806902,7.297097527,0.006577916,4.462912206,101281.3033,322.0405173,117.3807835,2.717832088,0.512131155,1.899999976,10,76,14,1.580000043,26,60,14,1.409999967,33,0.01,1.855176153,230.1268249,2501,0,Triassic Sandstone,sandy loam,sandy clay loam
1153,Multiannual,595660,163490,51.336819,0.807556,0.61806214,0.7842984,0.7987845,0.766754006,0.9905893,0.9228611,0.57397306,0.6662174,0.87379545,0.80145073,1.0010993,1.3090087,1.509309971,1.476964515,284.4452328,7.604655088,0.007017102,3.721777333,101281.0047,323.1458853,121.8023323,3.230355501,0.405922532,1.699999928,22,41,37,1.399999976,29,37,34,1.350000024,90,0.001,28.16520421,360.2652316,251,0,Chalk,loam,clay loam
1171,Annual,501160,108370,50.865993,-0.563861,0.6728239,0.76153266,0.8266604,0.828994857,1.0045819,0.8362983,0.5791679,0.7251296,0.85030836,0.87310901,0.9839465,0.7700274,2.302354873,1.562060403,284.2163551,6.336254195,0.006985005,4.137376655,100896,322.2543435,130.6766527,11.21782398,18.28285027,12.80000114,47,14,39,1.230000019,45,15,40,1.24000001,550,0.015,15.61685882,185.7561443,1001,0,Chalk,clay,clay
1176,Annual,542347,246775,52.100996,0.076824,0.8669371,0.867779,0.9545757,0.960910884,1.030531,0.8796392,0.809601,0.78475934,0.9061934,0.899462093,0.9947101,0.8063493,1.415334063,1.487005083,284.0767835,8.084611253,0.006756141,3.711446185,101238.247,322.8094785,118.8397043,25.2748127,0.549613059,1.5,8,76,16,1.610000014,8,76,16,1.116897106,550,0.015,49.07175245,154.2492909,5001,3.413801908,Chalk,sandy loam,sandy loam
1178,Annual,415298,120231,50.981283,-1.783446,0.8482479,0.8326031,0.92389274,0.937919339,0.99984676,0.8509051,0.8626703,0.8062221,0.9409293,0.944423268,1.0066437,0.81556517,2.313033953,1.493193677,284.0835771,7.617962865,0.00692187,3.566004958,100636.009,323.2746099,126.4875674,57.8943367,1.890081167,6,22,41,37,1.399999976,29,37,34,1.350000024,550,0.015,11.2942827,97.25297179,51,0,Chalk,loam,clay loam
1197,Multiannual,568960,157070,51.2877,0.421603,0.6277771,0.8190866,0.8297529,0.840093789,0.9983373,1.0611817,-0.4721229,0.81838876,0.8212051,0.862164795,0.9864849,0.9711538,1.815826943,1.441299338,284.2088804,8.545290384,0.006929888,3.572056748,100942.7245,322.2305028,120.1805217,48.8785553,4.545724392,19.79999924,24,48,28,1.399999976,34,41,25,1.330000043,270,0.0006,11.26775987,667.3795108,251,0,Lower Greensand,sandy clay loam,clay loam
1209,Annual,408195,371355,53.23915,-1.878663,0.7964439,0.76919615,0.8987429,0.925285633,1.0004575,0.7925942,0.78429925,0.72554624,0.8992958,0.922698685,0.9979988,0.7446973,3.569769994,1.332831123,281.7480639,6.480668222,0.006098293,3.587280851,97405.35269,314.833543,115.433784,344.8460083,0.338827163,25.5,22,42,36,1.399999976,25,41,34,1.379999995,20,0.01,3.731241805,227.1056496,1,0,Carboniferous Limestone,loam,loam
1218,Annual,488695,113025,50.909886,-0.739813,0.8706863,0.85451305,0.93589747,0.943637999,0.9777824,0.8713005,0.80561084,0.6544653,0.9484417,0.943618422,0.92036474,0.6677443,2.775903614,1.483437239,283.8848109,6.336254195,0.006866147,3.396548932,100238.3712,320.9389949,128.3946307,63.89577484,2.244663477,0,22,41,37,1.399999976,29,37,34,1.350000024,550,0.015,17.48631475,96.88816642,1001,0,Chalk,loam,clay loam
1219,Annual,499533,458169,54.009939,-0.482672,0.68542916,0.72547376,0.86933553,0.89160774,1.0509404,0.76399946,0.4947518,0.6567626,0.8554858,0.89042947,1.1017976,0.7057815,1.891621032,1.429896162,283.0857161,6.475027417,0.006515992,3.933037082,100547.6363,319.6310912,120.4227,25.8355484,1.974165916,5.5,9,77,14,1.600000024,17,67,16,1.480000019,550,0.015,15.11566416,135.7808339,51,0,Chalk,sandy loam,sandy loam
1221,Annual,600320,280514,52.38599,0.942173,0.80668765,0.86192137,0.9087798,0.910568625,1.0117685,0.8970173,0.24259824,0.65879107,0.6794121,0.823773499,1.0093986,1.1164472,1.677656079,1.528895276,283.9682126,8.134556528,0.006741006,4.257530818,101270.5961,321.4614933,120.926682,24.10119629,1.470728517,1.600000381,32,35,33,0.230985165,25,52,23,0.237838149,550,0.015,74.88711846,70.27853577,5001,66.44081879,Chalk,clay loam,sandy clay loam
1229,Annual,372065,225055,51.923302,-2.407611,0.71899235,0.69939554,0.8565636,0.860870955,1.000746,0.73582625,0.58754605,0.5773787,0.7937256,0.761668595,0.99228126,0.6312194,2.104162102,1.464969086,283.9611666,7.50607898,0.006847995,3.78330577,100832.6717,324.9463259,120.740406,45.9593277,0.56143862,19.20000076,22,41,37,1.399999976,29,37,34,1.350000024,33,0.01,0.80642801,121.4695653,101,3783.801514,Triassic Sandstone,loam,clay loam
1231,Annual,525725,214639,51.816241,-0.17746,0.70074534,0.8062927,0.8738619,0.874792209,1.0105793,0.85337484,0.13363361,0.82436234,0.83545464,0.79997317,1.0157574,1.0593795,1.55038335,1.492740474,283.9109801,7.941128241,0.006732016,3.573614874,100709.2971,322.0327866,121.6983174,62.73560333,4.951378345,11.40000534,22,42,36,1.399999976,25,41,34,1.379999995,550,0.015,38.79076834,862.1026617,101,0,Chalk,loam,loam
1239,Multiannual,490487,199850,51.690116,-0.692342,0.92496216,0.9427513,0.9663166,0.947997173,1.0446965,1.0120478,0.32448053,0.61793363,0.6310562,0.671666991,1.0076052,0.90102035,2.043921143,1.430147233,283.5162367,8.154764635,0.006640196,3.50022476,99869.74069,320.651836,118.8018212,115.5413742,0.097128414,1.800003052,24,48,28,1.399999976,34,41,25,1.330000043,550,0.015,19.81282941,448.86302,101,0,Chalk,sandy clay loam,clay loam
1240,Annual,490319,451402,53.950829,-0.625228,0.7279028,0.8037544,0.8649188,0.909196216,0.9951609,0.8577259,0.7065573,0.7612883,0.857966,0.907130553,0.99430424,0.80822647,2.097152247,1.442877773,282.688229,7.297097527,0.006388236,4.613831203,100062.4775,317.9022241,120.1880298,109.6292953,0.27924633,12.1000061,22,42,36,1.399999976,25,41,34,1.379999995,550,0.015,6.070352803,59.38277144,751,0,Chalk,loam,loam
1246,Decadal,428456,434151,53.802872,-1.56941,0.5534321,0.85668725,0.86755663,0.80077787,1.0547134,0.9980579,-0.29743063,0.4678707,0.53591496,0.500324946,1.0105234,1.2601533,1.915772179,1.399682633,283.1338247,6.553943174,0.006458912,3.571027861,100717.4731,320.9744231,116.6263299,31.70966721,0.949103653,2.399997711,19,37,44,1.409999967,31,31,38,1.330000043,16,0.00004,3.492294703,4185.55971,251,814.4216309,Unallocated to aquifers,loam,clay loam
1250,Annual,366155,88067,50.691258,-2.480502,0.922642,0.91248083,0.9615765,0.969264659,1.0121166,0.9223058,0.8828592,0.83107775,0.94554925,0.947146362,1.0056363,0.840194,2.926177436,1.556056881,283.9177699,7.90585989,0.006937635,4.466529324,100143.2948,322.713111,130.9524088,71.74482727,1.175238609,3.599998474,22,42,36,1.399999976,25,41,34,1.379999995,550,0.015,2.067668668,405.4597959,101,0,Chalk,loam,loam
1252,Annual,384085,85589,50.669745,-2.226562,0.8487995,0.84036773,0.9308951,0.926817952,1.0129313,0.8566837,0.41267258,0.76178956,0.79631233,0.841433183,1.041126,0.88353544,2.621686745,1.482712272,284.2616267,7.90585989,0.007027919,4.392884693,100850.2953,323.8820262,122.0309923,32.16226578,2.33413744,1.099998474,10,75,15,1.580000043,15,68,17,1.50999999,550,0.015,2.663672749,65.22486735,101,0,Chalk,sandy loam,sandy loam
1253,Annual,529927,236255,52.00952,-0.10839,0.8678251,0.7862573,0.96787304,0.960585412,1.04283,0.7930717,0.8375261,0.80334383,0.92130476,0.88895057,1.0053468,0.81985545,1.548302298,1.444655315,283.7490035,8.083954113,0.006668386,3.634640271,100491.6722,321.42162,116.9426319,89.68749237,1.614622951,9.199996948,9,77,14,1.600000024,17,67,16,1.480000019,550,0.015,42.34526744,59.86446147,251,0,Chalk,sandy loam,sandy loam
1266,Annual,546105,250196,52.130752,0.133117,0.79820263,0.7555212,0.90351224,0.898913299,0.9892052,0.77562785,0.7450774,0.7910503,0.9555399,0.918609989,0.9241523,0.8104485,1.448357062,1.4902579,284.0997303,8.084611253,0.006761015,3.736713713,101311.1352,322.89531,118.832265,17.98402405,0.642955422,4.299999237,9,77,14,1.600000024,17,67,16,1.480000019,550,0.015,48.90500941,401.3481279,5001,0,Chalk,sandy loam,sandy loam
1270,Multiannual,512008,204631,51.729209,-0.379591,0.8716813,0.89808416,0.93375826,0.918057927,0.99948084,0.92255,0.70115507,0.8134935,0.9032168,0.932983234,0.990684,0.8408443,1.742059147,1.477552313,283.7062303,7.941128241,0.006684508,3.525789996,100253.0053,321.2163466,121.8828856,97.04386902,1.568876028,10.69999695,24,48,28,1.399999976,34,41,25,1.330000043,550,0.015,35.57420198,1374.273028,101,51.47447586,Chalk,sandy clay loam,clay loam
1282,Annual,503845,465217,54.072411,-0.414492,0.9285589,0.92739725,0.9659312,0.962816408,1.0100437,0.9366789,0.834072,0.8941458,0.9223794,0.872920272,1.0184184,0.9304236,2.04271632,1.436663476,282.8645595,6.475027417,0.006465926,3.975550368,100168.9846,318.5138658,122.8757639,43.4140625,7.789336205,2.799999237,22,41,37,1.399999976,29,37,34,1.350000024,550,0.015,8.592227381,48.10778297,51,0,Chalk,loam,clay loam
1284,Annual,340881,365818,53.186143,-2.886164,0.75144035,0.8480641,0.8691757,0.859890727,1.0006516,0.92274404,-0.20322883,0.8350481,0.8362806,0.807817312,1.015234,0.9868515,1.90520263,1.393634446,283.6653294,6.877820409,0.006692088,3.741602187,101123.4738,324.5342543,114.4345902,17.25063324,2.256373405,13.40000153,19,37,44,1.409999967,31,31,38,1.330000043,33,0.01,1.626528512,1262.515488,1,0,Triassic Sandstone,loam,clay loam
1286,Annual,445765,199015,51.688028,-1.339363,-0.513181,0.73007214,0.84707266,0.84026344,1.1074096,1.1947778,-1.934205,0.11893189,0.13160944,0.382332689,1.1189893,0.91044474,1.58691128,1.451343061,283.8190417,7.847316624,0.006753099,3.540467853,100488.5791,322.9149667,119.8274245,82.17176056,1.274413943,4.099998474,10,75,15,1.580000043,15,68,17,1.50999999,700,0.0005,13.13624779,513.6990736,51,0,Corallian Limestone,sandy loam,sandy loam
1290,Annual,411329,127124,51.043356,-1.839771,0.7348474,0.85489595,0.89127517,0.902516778,0.9898038,0.9044494,0.4805159,0.45756304,0.7575164,0.903709689,0.9899052,0.51488435,2.333515877,1.522847107,283.9476954,8.146276078,0.006877898,4.342061768,100419.3417,322.8647228,124.8572767,78.15480804,3.099980354,6.600006104,19,37,44,1.409999967,0,0,0,0,550,0.015,3.46989922,440.7782491,51,116.0299988,Chalk,loam,
1298,Annual,531477,110750,50.88129,-0.132412,0.8677493,0.8818806,0.9324878,0.93391513,0.9930421,0.90332603,0.8271221,0.7548385,0.92301977,0.927761543,0.99494225,0.767293,2.374589268,1.410030654,283.7531921,6.292935412,0.006878944,4.145710356,99924.84903,319.8906513,119.7497654,89.75169373,2.208705187,0,19,37,44,1.409999967,0,0,0,0,550,0.015,8.850121362,1102.450033,1,0,Chalk,loam,
1302,Annual,474955,409795,53.57939,-0.869372,0.50249314,0.8720912,0.89056385,0.905497876,0.9508957,1.0444232,-1.2552218,0.5205693,0.612918,0.515131494,0.92759055,1.2734616,1.746604601,1.482892805,283.4904918,7.297097527,0.006582652,4.475301037,101295.0693,322.0441622,117.6121548,3.056792974,0.636294365,0,10,76,14,1.580000043,26,60,14,1.409999967,33,0.01,2.505676533,125.185411,2501,0,Triassic Sandstone,sandy loam,sandy clay loam
1304,Multiannual,615432,155355,51.256636,1.086079,0.25201023,0.79955614,0.8303721,0.8286448,0.9886903,0.8938118,0.55582064,0.69387317,0.8838846,0.859630514,0.9914238,0.7168803,1.905202629,1.451538517,284.1879027,6.701862052,0.007003959,3.818644009,100634.197,321.8814589,122.184751,59.98443604,0.719665289,16.10000229,9,77,14,1.600000024,17,67,16,1.480000019,550,0.015,32.80694143,697.3356565,1001,0,Lower Greensand,sandy loam,sandy loam
1309,Annual,511805,115445,50.927631,-0.410489,0.66886854,0.67728925,0.8436363,0.872184732,1.0259341,0.71889544,0.5681114,0.60058373,0.85039175,0.864881353,1.0529226,0.63346267,2.587349395,1.47442814,284.1973825,6.292935412,0.006973021,4.143736107,100838.0231,322.2052317,121.3785863,47.54940033,3.942586184,1.599998474,10,75,15,1.580000043,15,68,17,1.50999999,270,0.0006,12.39448315,164.6332833,1,0,Lower Greensand,sandy loam,sandy loam
1315,Annual,435323,182350,51.538946,-1.492082,0.8189313,0.84731716,0.9084101,0.915968414,1.0091392,0.8781814,0.7207121,0.7502399,0.8627174,0.85681757,1.0154055,0.7919226,1.929518073,1.487417728,283.2450546,7.847316624,0.006606636,4.307815495,99244.18108,320.1177589,121.7081081,182.0860443,2.253850222,7.5,22,42,36,1.399999976,25,41,34,1.379999995,550,0.015,26.05750618,67.90606462,51,0,Chalk,loam,loam
1320,Annual,548197,234466,51.988875,0.156837,0.86199355,0.8202203,0.93444216,0.932238003,1.002522,0.83261895,0.6399669,0.560742,0.8364377,0.846907483,0.9992539,0.5923308,1.593647318,1.549382129,283.6907088,8.170865377,0.006651947,4.461044201,100373.2523,320.7358616,121.5628047,84.92544556,4.631692886,0,54,22,24,1.230000019,44,34,22,1.279999971,550,0.015,51.34551938,89.94651423,5001,0,Lower Greensand,clay,clay
1322,Annual,457055,131715,51.081923,-1.186851,-1.375171,0.53999925,0.80606955,0.804283298,0.9885786,1.4169725,-2.6977823,0.69153863,0.7451479,0.759849949,0.98649544,0.82675153,2.327382259,1.406158326,284.0243469,8.427272862,0.006874984,3.463098288,100637.3353,322.4935042,118.1284432,82.4198761,2.778326988,30.29999924,24,48,28,1.399999976,34,41,25,1.330000043,550,0.015,44.62353244,86.7425041,1,296.3709412,Chalk,sandy clay loam,clay loam
1326,Multiannual,568642,158394,51.299688,0.417672,0.63872486,0.650583,0.80536795,0.852577698,0.9964322,0.70983243,0.5256145,0.6213521,0.72941923,0.835848459,1.0065724,0.7352055,1.799233296,1.45131893,284.2923688,8.545290384,0.006951886,3.574826483,101115.8797,322.6316519,120.6746834,21.6252346,6.424519539,0,24,48,28,1.399999976,34,41,25,1.330000043,270,0.0006,12.51652167,641.4535034,251,0,Lower Greensand,sandy clay loam,clay loam
1330,Multiannual,337656,106710,50.856524,-2.88709,0.8963448,0.94822466,0.9482881,0.930545289,0.99768335,1.0010931,0.3576522,0.7555125,0.82900417,0.812625398,0.9413464,1.1646066,2.901150056,1.485881605,283.8967189,7.141511569,0.006952603,3.875841404,100132.3396,323.5582585,128.1156973,128.166214,8.402842522,59.90000916,9,77,14,1.600000024,17,67,16,1.480000019,300,0.03,0.073891626,105.0537973,51,0,Triassic Sandstone,sandy loam,sandy loam
1338,Annual,604500,329590,52.825013,1.03382,0.7455398,0.6583161,0.90087044,0.912317255,1.221641,0.7595899,0.5634352,0.51119536,0.8664762,0.841151674,1.2781007,0.6208408,1.91374589,1.561117573,283.5356857,7.324315532,0.00667168,5.291449191,100706.9584,319.9463236,123.0640906,55.99625015,2.236633062,3,19,45,36,1.419999957,27,39,34,1.360000014,550,0.015,77.54877692,59.01199862,1001,0,Chalk,loam,loam
1359,Annual,587801,297801,52.545651,0.76818,0.8695281,0.8967932,0.93700194,0.940396894,0.99598956,0.9183502,0.83266413,0.77374697,0.9252451,0.859495297,0.99707866,0.786474,1.84446878,1.567308736,283.7428362,7.787020949,0.006677962,4.960996296,100825.2047,320.8243529,120.9393502,52.008358,0.982029319,16.90000153,5,89,6,1.700000048,5,89,6,1.700000048,550,0.015,58.65650183,86.2844897,5001,0,Chalk,sand,sand
1362,Annual,545393,248320,52.114085,0.121922,0.7387599,0.7997637,0.8773263,0.908466675,1.0118463,0.84218746,0.5562592,0.5240333,0.7688966,0.842920169,1.0020932,0.5839109,1.439594742,1.484157848,284.058888,8.084611253,0.006750137,3.731049999,101212.6265,322.6820832,118.4959182,28.00707817,2.398879051,8.700000763,10,82,8,1.590000033,17,75,8,1.5,550,0.015,50.06043263,250.8387839,5001,14.79792023,Chalk,loamy sand,sandy loam
1374,Annual,480015,105855,50.84669,-0.864813,0.6572738,0.80513424,0.8187697,0.820264396,1.002396,0.9284308,0.53809524,0.75331724,0.8385933,0.862939499,1.0263119,0.81531906,2.067524649,1.457719014,284.4825539,6.336254195,0.007053873,3.398321868,101433.2122,323.6979006,123.614122,8.696329117,0.633353531,0.599999905,22,41,37,1.399999976,29,37,34,1.350000024,100,0.005,28.73862035,256.9116557,1001,0,Chalk,loam,clay loam
1375,Annual,579730,116545,50.920369,0.555725,0.7553679,0.7418632,0.87551403,0.884488775,1.003103,0.773885,0.73495793,0.7921159,0.8745203,0.873275445,0.9826295,0.8351707,2.336473169,1.45823879,284.3358663,7.442552089,0.007132463,3.502940148,100972.8902,322.7038205,127.1930193,39.73134232,4.143666744,26.70000076,19,45,36,1.419999957,27,39,34,1.360000014,50,0.00014,1.344467113,293.737273,501,0,Corallian Limestone,loam,loam
1378,Multiannual,625865,329195,52.812949,1.35009,0.7261725,0.7925484,0.8920516,0.845296416,1.0552554,0.8316861,0.61582524,0.82517475,0.84525716,0.840065943,0.97313726,0.9232131,1.799342827,1.585036285,283.7124701,7.324315532,0.006753493,5.564233821,101062.5732,320.5065567,124.7057192,25.58055878,1.74075985,6.399999619,19,37,44,1.409999967,31,31,38,1.330000043,400,0.075,96.02015218,235.6106151,1001,0,Crag,loam,clay loam
1390,Annual,432835,310105,52.687636,-1.515672,0.70802295,0.71079147,0.8471261,0.851756832,1.006902,0.75459665,-0.09747994,0.6524971,0.81124246,0.87452112,1.1649357,0.75932527,1.883680178,1.435865352,283.4199959,7.60476465,0.006582644,3.596250427,100302.8248,322.2559099,117.7312317,83.00457001,2.480480433,4.099998474,20,42,38,1.409999967,20,45,35,1.419999957,33,0.01,5.06807759,211.9094801,501,0,Triassic Sandstone,loam,loam
1392,Annual,492272,444136,53.8852,-0.597668,0.862224,0.8567726,0.93703455,0.94349069,0.98880845,0.87184334,0.7111087,0.6846454,0.8594642,0.897511774,0.99052185,0.71785057,2.000547642,1.466164921,282.9365597,7.297097527,0.006457142,4.617703819,100505.1961,319.0730835,120.9297643,68.38388062,4.103516579,20.90000153,19,37,44,1.409999967,0,0,0,0,550,0.015,6.743670453,82.91438808,51,0,Chalk,loam,
1394,Annual,532167,111856,50.891073,-0.12221,0.84059155,0.8244433,0.9233107,0.93780773,0.9901482,0.84238714,0.7423718,0.6207527,0.9048294,0.939099942,0.99342614,0.6329471,2.557721797,1.43546465,283.5196067,6.292935412,0.006807602,4.903622059,99456.63712,318.7970647,118.9027591,119.8759766,1.589553475,0,22,41,37,1.399999976,29,37,34,1.350000024,550,0.015,7.636566027,644.9038533,1,0,Chalk,loam,clay loam
1396,Annual,429013,451669,53.960285,-1.559301,0.19923508,0.6562761,0.6683006,0.70375964,0.9966211,1.0900599,0.29258,0.65705824,0.7619535,0.759997317,0.9969632,1.246851,2.372672508,1.441548133,282.5526677,6.553943174,0.006294518,4.320613216,99689.82614,318.1624725,118.8758847,154.1938019,2.876669645,50.1000061,19,37,44,1.409999967,31,31,38,1.330000043,43,0.0002,3.299043354,598.9832655,251,0,Unallocated to aquifers,loam,clay loam
1409,Annual,407385,165585,51.389256,-1.895248,0.813437,0.82503605,0.90324974,0.910451259,1.0006175,0.85422164,0.8148874,0.76266736,0.91320413,0.904761905,1.0045757,0.77915555,2.132584881,1.474041716,283.1204838,8.146276078,0.006606081,5.140404544,98920.68217,319.728056,118.0811041,200.306778,0.962970734,1.099990845,22,41,37,1.399999976,29,37,34,1.350000024,550,0.015,9.988369896,54.16845615,51,0,Chalk,loam,clay loam
1411,Annual,543806,248739,52.118264,0.098939,0.60345805,0.4559062,0.9272237,0.919137427,0.95092994,0.46303368,0.42310596,0.41600907,0.89379877,0.876071959,0.91994214,0.43135557,1.428039425,1.489902928,284.1012099,8.084611253,0.006762243,3.72156032,101301.7065,322.9243122,118.9089597,16.82055473,1.401025891,0,9,77,14,1.600000024,17,67,16,1.480000019,550,0.015,48.85486391,239.704825,5001,3138.456299,Chalk,sandy loam,sandy loam
1412,Multiannual,574148,171668,51.417273,0.503066,0.56994224,0.5672395,0.78564847,0.778630547,0.997478,0.6240651,0.47377318,0.46885538,0.7675749,0.784277457,0.9964847,0.52242404,1.626451258,1.495158621,284.3615384,7.604655088,0.006945278,3.638488122,101179.0537,322.9617461,122.5938792,19.74031258,3.431903601,8.100001335,10,75,15,1.580000043,15,68,17,1.50999999,90,0.001,26.12505615,1430.758034,251,0,Chalk,sandy loam,sandy loam
1413,Annual,601620,280454,52.384974,0.961212,0.4592349,0.7133459,0.8406671,0.800653738,1.0054708,1.238235,-0.1596266,0.3565721,0.8532119,0.823177053,1.007068,1.626429,1.65240964,1.517469622,283.8978351,8.134556528,0.006721557,4.267718101,101125.6127,321.109028,120.0571156,36.75938416,1.759868264,9.199998856,9,80,11,1.600000024,25,63,12,1.419999957,550,0.015,76.13527348,68.26235894,5001,0,Chalk,loamy sand,sandy clay loam
1414,Annual,568982,309796,52.659542,0.49707,0.636024,0.7168075,0.83388495,0.852843446,0.9659486,0.7731895,0.002370894,0.20371312,0.4572569,0.669797713,0.91608727,0.42340642,1.690470979,1.500668984,283.9063064,7.692880738,0.006720004,4.08284637,101341.9006,322.0712367,119.4970285,6.267851353,0.996468902,2.400000095,22,41,37,1.399999976,29,37,34,1.350000024,270,0.0006,39.64246366,83.45861792,1001,0,Oolites,loam,clay loam
1416,Annual,400092,197331,51.674743,-2.000061,0.74869686,0.78789335,0.8671001,0.90217524,1.0132575,0.8352259,0.66735446,0.61821616,0.8380223,0.868821872,1.0118707,0.6544853,2.068565171,1.446583612,283.7187632,7.50607898,0.006766161,3.67119642,100187.8866,323.1449421,120.2913931,96.22795868,0.220716476,1.300003052,49,19,32,1.24000001,51,18,31,1.230000019,184,0.02,6.906181209,158.7491812,251,862.1499023,Oolites,clay,clay
1431,Annual,377065,266845,52.299237,-2.337735,0.46669608,0.7789681,0.8225076,0.803765969,0.9931799,0.86845297,0.37437773,0.72031355,0.7336817,0.749914391,0.99815893,1.0854179,2.048904709,1.540650843,283.4594256,7.772891658,0.006667574,4.497800574,100032.8645,322.8647692,124.6988871,85.18713379,3.130085945,14.29999542,22,41,37,1.399999976,29,37,34,1.350000024,33,0.01,0.264565851,129.0415102,1001,0,Unallocated to aquifers,loam,clay loam
1432,Multiannual,523387,105358,50.834608,-0.249169,0.73531294,0.75369686,0.8606176,0.860426133,0.9939644,0.7970197,0.6110202,0.748199,0.92001826,0.912816099,0.95325154,0.76586187,1.982584882,1.442845825,284.4649527,6.292935412,0.007094455,3.377895044,101361.5031,323.2156078,124.0830797,7.854706764,1.453177452,0,19,37,44,1.409999967,0,0,0,0,550,0.015,17.21225299,2143.097744,1,0,Chalk,loam,
1445,Multiannual,483465,129525,51.059005,-0.8104,0.59096336,0.63313127,0.774214,0.825527738,0.99552804,0.7108754,0.1804316,0.10049325,0.50684965,0.527190259,0.99392605,0.24775146,2.479846657,1.456365548,283.7797705,8.449890581,0.006805444,4.174466717,100144.6001,320.8502733,119.4139904,117.421814,4.75026989,16.5,5,89,6,1.700000048,5,89,6,1.700000048,270,0.0006,18.12467067,158.9218349,501,536.401062,Lower Greensand,sand,sand
1457,Multiannual,379395,264685,52.279911,-2.303436,0.5811625,0.840281,0.85952985,0.869538187,0.98929137,0.92474437,0.6260692,0.6095947,0.843005,0.812779477,0.99357134,0.64261097,1.941511499,1.462605211,283.7599565,7.772891658,0.006752573,3.732363273,100628.826,324.2463445,120.468452,67.67532349,3.831409216,23.50000381,49,19,32,1.24000001,47,21,32,1.24000001,33,0.01,3.440894787,92.97149601,251,0,Triassic Sandstone,clay,clay
1459,Annual,442275,448573,53.93155,-1.357618,0.424896,0.49476218,0.6573172,0.787099751,0.9968659,0.6287545,0.8002436,0.9194516,0.92525315,0.869719882,0.9933222,0.9707385,1.946440308,1.442972392,283.1802414,7.170043959,0.006474242,4.365225649,101048.6382,320.9191659,116.0914031,33.57381439,2.224297285,11.10000038,19,37,44,1.409999967,31,31,38,1.330000043,260,0.01,0.870379896,260.3516441,251,2348.743164,Magnesian Limestone,loam,clay loam
1460,Annual,600337,285230,52.428324,0.945243,0.834612,0.9439803,0.95120305,0.950052785,0.9901952,0.97429264,0.9179765,0.959966,0.95999265,0.964589051,0.9985891,1.0003779,1.706133624,1.572505734,283.8433881,8.134556528,0.00670798,5.036419843,101063.4656,320.9259936,120.569908,41.75093842,1.422596097,14.20000076,19,37,44,1.409999967,31,31,38,1.330000043,550,0.015,73.48554789,57.66561545,5001,0,Chalk,loam,clay loam
1467,Annual,504964,445759,53.897371,-0.404096,0.5229268,0.7608355,0.7790604,0.777433795,1.0177464,0.91016793,0.43328756,0.90130496,0.9091249,0.889518241,1.0336491,1.0187178,1.781270536,1.467257126,283.3088689,6.699781022,0.006579832,4.704913035,101057.6277,320.6730363,118.8522571,6.595664024,1.622460365,6.299999714,22,39,39,1.389999986,28,37,35,1.350000024,550,0.015,17.04032177,114.3259566,51,0,Chalk,loam,clay loam
1474,Annual,591528,278307,52.369315,0.811893,0.75393045,0.9126895,0.9235251,0.922432857,0.99291044,0.9584756,0.46184987,0.87998307,0.8966572,0.876014285,0.9878219,0.94020224,1.708324203,1.570497593,283.8628694,8.134556528,0.006704489,4.916453126,101049.1678,321.1122217,120.6592119,36.81011963,2.437580109,0,19,37,44,1.409999967,31,31,38,1.330000043,550,0.015,67.4961865,64.54994014,5001,0,Chalk,loam,clay loam
1476,Annual,447155,144755,51.200067,-1.326469,0.8749371,0.9030986,0.9394843,0.946743333,1.0042969,0.92444146,0.83866155,0.86872476,0.94288415,0.950023387,1.0097146,0.8822023,2.064512593,1.469632632,283.8608863,8.427272862,0.006814744,4.250176642,100357.8607,322.1516657,118.897559,82.99150085,3.816433907,0,19,37,44,1.409999967,0,0,0,0,550,0.015,41.38326197,74.44879113,1,179.0833282,Chalk,loam,
1492,Multiannual,553408,168375,51.393673,0.203631,0.6727561,0.86638033,0.885651,0.873385574,1.0186763,0.9334444,-0.77106905,0.76505524,0.8850303,0.841248505,1.0456549,0.8002593,1.721631982,1.478911582,284.0070977,8.545290384,0.006831218,4.303338094,100597.7157,321.5219646,117.4489724,61.0508194,3.903921843,2.899997711,10,75,15,1.580000043,15,68,17,1.50999999,550,0.015,13.23152185,766.8945393,1,0,Lower Greensand,sandy loam,sandy loam
1495,Annual,552986,99263,50.772778,0.168333,0.7211025,0.84341586,0.8777959,0.877409015,0.9986825,1.0978953,0.6810398,0.77279025,0.8284689,0.80312432,0.99680513,0.85103476,2.193702077,1.377136511,284.3471831,6.103997887,0.007138267,4.154729336,101066.2637,322.5729357,117.0706924,12.78417969,2.609052658,0,22,41,37,1.399999976,29,37,34,1.350000024,550,0.015,10.35891457,499.2268819,1,0,Chalk,loam,clay loam
1503,Annual,469515,385155,53.3587,-0.956962,0.45916522,0.70309997,0.71191406,0.680928551,0.9979238,0.92822814,-0.076141,0.7083794,0.7588686,0.699538141,1.0356584,1.1600909,1.655038334,1.439504217,283.5704396,7.722836944,0.006600952,3.678211193,101308.6673,322.5337392,117.5659393,10.5858593,4.692461967,6.400000572,4,86,10,1.730000019,5,85,10,1.700000048,33,0.01,2.36858354,220.6472741,2501,30461.66211,Triassic Sandstone,loamy sand,loamy sand
1510,Annual,382358,163582,51.371014,-2.254819,0.85485244,0.76974666,0.93887424,0.940948171,0.97433954,0.7794967,0.5862812,0.72075367,0.7747716,0.836803168,1.0742061,0.8525411,2.327820375,1.454349676,283.923099,7.812595891,0.006869095,3.727674175,100495.5009,323.8824088,121.7720878,74.12081146,4.192418098,1.799995422,22,42,36,1.399999976,0,0,0,0,184,0.02,0.938523685,327.92374,51,0,Oolites,loam,
1520,Annual,566057,312819,52.687595,0.455388,0.5412574,0.4419431,0.8119511,0.843924952,1.0218129,0.47503483,0.20231992,0.46446455,0.8141104,0.814062763,1.1682538,0.52678436,1.688499451,1.500018712,283.9106307,7.692880738,0.006721315,4.068921487,101381.2864,322.1746795,119.5650327,3.036913872,0.679659128,1.899999857,22,41,37,1.399999976,29,37,34,1.350000024,50,0.00014,37.2401949,110.2356843,1001,0,Oolites,loam,clay loam
1523,Multiannual,569586,167144,51.378014,0.435364,0.60317147,0.695275,0.80441296,0.655759633,0.97120744,0.7681081,-0.025714874,0.44320452,0.75173956,0.630897472,0.8924705,0.51335317,1.744359255,1.518432667,284.1247392,8.545290384,0.006880606,3.60440641,100806.358,321.8745766,126.8154542,18.02996445,1.792375088,3,19,37,44,1.409999967,0,0,0,0,550,0.015,21.31215078,944.931375,251,0,Chalk,loam,
1525,Annual,387896,209181,51.781153,-2.176849,-0.61511433,0.48782885,0.5034103,0.430104308,0.99521077,1.1252856,-0.93961966,0.049166262,0.07549539,0.036869935,0.994972,0.7778538,2.285761231,1.357636176,283.5388211,7.50607898,0.00671776,3.718706525,99890.65309,322.59827,112.6330403,173.5376434,10.08412838,81.19999695,22,42,36,1.399999976,0,0,0,0,20,0.0015,4.061408571,250.752221,101,0,Triassic Sandstone,loam,
1527,Annual,502901,453499,53.967323,-0.432875,-0.007913232,0.644436,0.879089,0.86778676,1.0666952,1.3276613,-3.705449,0.5530204,0.60881937,0.742590802,1.2061754,0.9347324,1.750876231,1.456299029,283.2088363,6.699781022,0.006552906,4.70329832,100924.8817,320.1962691,118.645126,13.44761753,1.072557092,4.699999809,22,41,37,1.399999976,29,37,34,1.350000024,550,0.015,18.01310918,140.2715788,51,0,Chalk,loam,clay loam
1530,Multiannual,533558,236982,52.015192,-0.055236,0.79922736,0.75246215,0.90415645,0.911472365,1.0017608,0.77177674,0.57302934,0.82203174,0.88564134,0.830041242,0.9816702,1.1351254,1.591949618,1.474189437,283.3156895,8.083954113,0.006543029,4.406668256,99617.89055,319.2951298,115.9369009,155.0548859,1.49719429,16.30000305,10,82,8,1.590000033,17,75,8,1.5,550,0.015,45.90309466,198.6666535,101,0,Chalk,loamy sand,sandy loam
1531,Multiannual,496755,138955,51.141693,-0.618294,0.68127656,0.6826677,0.8319846,0.831029216,1.0032804,0.7308172,0.5388488,0.537686,0.7461343,0.753759155,1.0015875,0.6136282,2.310624318,1.448544633,283.8981452,8.449890581,0.006827228,4.176888077,100409.4942,321.407997,117.2858547,103.1138229,2.024018049,17.59999847,5,89,6,1.700000048,5,89,6,1.700000048,270,0.0006,11.63376228,200.6794797,501,0,Lower Greensand,sand,sand
1532,Annual,406590,171730,51.444518,-1.906561,0.9319068,0.9200183,0.9669089,0.974040625,0.9880728,0.92816854,0.8916473,0.84324104,0.9563843,0.960176356,0.9682394,0.852819,2.151697698,1.476043107,283.3853639,8.146276078,0.006680446,4.391706506,99480.52157,321.0923722,121.1036629,167.2209473,3.876954556,7.299987793,19,37,44,1.409999967,0,0,0,0,550,0.015,12.40495756,56.99283497,51,0,Chalk,loam,
1534,Multiannual,452305,81855,50.63405,-1.261766,0.43212563,0.6884168,0.7611985,0.756128402,1.0198389,0.8008421,0.5570179,0.6321634,0.81101716,0.798871909,0.9862733,0.6847222,2.36303396,1.456953353,284.2479801,6.406078896,0.007011436,4.177139108,100904.2001,322.324382,120.7757798,44.49906921,2.066250086,15.69999886,10,75,15,1.580000043,15,68,17,1.50999999,270,0.0006,64.50817363,231.0456785,251,0,Lower Greensand,sandy loam,sandy loam
1539,Annual,418960,200040,51.698783,-1.727056,-0.8346783,0.35614157,0.81157994,0.80587431,1.1868958,1.5866299,-4.645779,0.09804058,0.5525143,0.526638994,1.3064326,1.7206997,1.846823659,1.447850685,283.8434313,7.806790904,0.006781864,3.608130812,100488.9153,323.4917281,119.5714383,75.37262726,2.032623053,1.900001526,19,45,36,1.419999957,27,39,34,1.360000014,0.1,0.06,1.967227767,124.5158101,251,0,Oolites,loam,loam
1548,Annual,381085,196695,51.668702,-2.274895,0.00626868,0.65094954,0.6518982,0.682400659,1.023977,0.99070406,-0.5470165,0.5985571,0.6025538,0.638984184,1.0327805,1.0460291,2.488608977,1.501251416,282.9156754,7.50607898,0.006551621,5.257998875,98565.31289,319.5847596,121.7502361,227.2210236,2.689974308,43.69999695,22,42,36,1.399999976,0,0,0,0,184,0.02,8.099651914,210.760366,101,0,Oolites,loam,
1550,Annual,402463,115033,50.934736,-1.966314,0.8913967,0.88708043,0.946743,0.957391211,0.9912977,0.9008096,0.9032007,0.89280105,0.96322024,0.959118718,0.97738457,0.9018809,2.504709748,1.526868682,283.9484175,7.617962865,0.006895109,4.36231989,100338.1436,322.7658292,125.8690517,92.90573883,2.933370352,18.90000153,19,37,44,1.409999967,0,0,0,0,550,0.015,15.68226089,56.34710141,101,0,Chalk,loam,
1562,Multiannual,500079,191108,51.609914,-0.556121,0.9261446,0.9355081,0.96451336,0.964094158,0.9768392,0.951385,-0.07062113,0.70280826,0.7275907,0.676268905,0.88219875,1.0154579,1.858324205,1.524818827,283.8692134,8.154764635,0.006747709,4.248014097,100529.2434,322.0455887,120.9504343,62.83918381,1.036597371,7.200000763,11,80,9,1.570000052,19,72,9,1.480000019,550,0.015,29.50629472,645.7137737,101,0,Chalk,sandy loam,sandy loam
1584,Annual,455355,137395,51.133159,-1.210249,0.8495563,0.9301677,0.9333464,0.915786281,1.0027691,0.9793571,0.79104424,0.8833771,0.9213021,0.935298777,0.9957437,0.91403943,2.23943045,1.465108041,283.7569537,8.427272862,0.006789026,4.226254466,100118.6808,321.3730725,119.4454882,117.5207748,4.033536434,16.79999542,19,37,44,1.409999967,0,0,0,0,550,0.015,43.38706855,78.87664762,1,192.5931396,Chalk,loam,
1591,Annual,426035,105775,50.850909,-1.631527,0.38256842,0.739342,0.74752986,0.793257465,1.064819,0.9998142,0.3562758,0.54296046,0.73723686,0.777211106,1.0884695,0.6366651,2.432146767,1.476889592,284.3083815,7.617962865,0.006998609,3.518208608,101046.3566,323.7712981,124.9845551,32.71561813,2.030004025,8.5,4,87,9,1.730000019,4,88,8,1.74000001,75,0.05,29.30044878,80.33313695,251,0,Chalk,sand,sand
1597,Annual,477825,116540,50.943054,-0.89364,0.5063094,0.6987369,0.729116,0.794273927,1.0012434,0.86816907,-0.25732172,0.565557,0.6865406,0.741073736,0.99548376,1.3007762,2.745454546,1.513630522,283.8740513,6.336254195,0.006852806,4.167839411,100226.4909,321.1045937,125.7581778,104.9848862,2.976974249,19.09999847,22,42,36,1.399999976,25,41,34,1.379999995,550,0.015,25.23293072,100.0307651,1001,0,Chalk,loam,loam
1600,Multiannual,596989,163608,51.33742,0.826676,-0.5738729,0.26926005,0.6874332,0.627901914,0.9251752,1.6562754,-0.8626306,0.22793293,0.5474209,0.44351438,0.99986464,1.6255211,1.522782036,1.48691208,284.4312207,7.604655088,0.007014412,3.72765522,101250.6072,323.0725591,122.8031434,1.602808595,2.340803146,0,22,41,37,1.399999976,29,37,34,1.350000024,90,0.001,28.88650875,291.8122938,251,0,Chalk,loam,clay loam
1602,Annual,496929,483556,54.238522,-0.514255,0.8524996,0.8810398,0.9234563,0.947343038,0.99946344,0.9089386,0.48042256,0.82664335,0.88268197,0.900360879,1.0374296,0.8779841,2.018400872,1.412944127,282.8711562,7.124206013,0.006462869,3.946991237,100490.1593,318.5264485,121.3016987,47.37896729,3.525193214,18.60000038,10,76,14,1.580000043,26,60,14,1.409999967,700,0.0005,1.850707139,71.57876316,751,0,Corallian Limestone,sandy loam,sandy clay loam
1605,Annual,429938,172448,51.450226,-1.57056,0.785015,0.7976495,0.89733225,0.908332349,1.001902,0.82564074,0.6227477,0.76055884,0.9142331,0.918465354,1.0053301,0.7765112,1.97502738,1.419872787,283.5027695,8.146276078,0.006694605,3.562302243,99722.16663,321.2815491,120.0410384,171.8453522,2.946432114,67.5,24,48,28,1.399999976,34,41,25,1.330000043,550,0.015,29.98648257,65.16875709,51,0,Chalk,sandy clay loam,clay loam
1614,Multiannual,552369,169622,51.405157,0.189244,0.7322595,0.8022986,0.8557695,0.846404372,0.99998033,0.8647851,0.4124251,0.5317005,0.71634346,0.713928423,1.0068636,0.62744725,1.688225627,1.444155553,284.1044348,8.545290384,0.00685708,3.547118839,100800.9251,322.0058734,119.4187886,54.47703171,4.737500668,9.400001526,4,87,9,1.730000019,4,88,8,1.74000001,550,0.015,11.65002319,1120.708186,1,252.8517914,Lower Greensand,sand,sand
1630,Annual,422455,321655,52.791991,-1.668443,0.28602356,0.7275369,0.73318976,0.714335734,1.0452704,0.9683966,0.3905586,0.75155807,0.7783042,0.791047292,1.0481553,0.8987345,1.848411831,1.432575083,283.6254948,7.60476465,0.006641617,3.602230661,100803.0297,323.4213632,116.6344002,47.8771553,1.289450169,1.5,9,77,14,1.600000024,17,67,16,1.480000019,33,0.01,2.193604463,967.7517764,501,0,Triassic Sandstone,sandy loam,sandy loam
1641,Decadal,412762,203418,51.729329,-1.816613,0.4986542,0.5975816,0.7064326,0.728440267,0.9993549,0.7247582,-2.1899273,0.002700985,0.21824911,0.205435071,0.89128625,0.39036745,2.028039425,1.490307039,283.5860346,7.806790904,0.006710236,4.383198541,99986.18028,322.4027749,119.9926101,121.4273376,0.56535393,14.3999939,48,23,29,1.25,45,26,29,1.25999999,184,0.02,1.100546016,74.91722251,251,0,Oolites,clay,clay
1647,Annual,445410,164780,51.380257,-1.348902,0.80358845,0.827337,0.8971993,0.893870206,1.0002906,0.86127627,0.81689554,0.673108,0.941673,0.936700256,0.99931383,0.6783548,2.016100766,1.442253457,283.670868,8.427272862,0.006739926,3.51566347,100062.2192,321.6614204,121.2806209,125.4835892,0.478078276,26.80000305,19,37,44,1.409999967,31,31,38,1.330000043,100,0.005,31.0650155,547.1017433,51,0,Chalk,loam,clay loam
1650,Annual,414445,171495,51.442261,-1.793548,0.8140769,0.8394712,0.9058524,0.934395184,1.003437,0.8700237,0.7321569,0.73666394,0.8670329,0.870139073,1.0046484,0.77274704,2.214786417,1.490167372,283.0876077,8.146276078,0.006585837,4.363776279,98885.33708,319.5539542,123.6489008,224.2875824,4.913440228,25.69999695,21,44,35,1.409999967,25,40,35,1.370000005,550,0.015,18.73166825,110.8919416,51,0,Chalk,loam,loam
1653,Annual,465665,148295,51.23007,-1.060931,0.80616426,0.87801886,0.8986826,0.916597153,0.99900544,0.93208,0.81886506,0.82772565,0.90638363,0.900023381,0.9996435,0.85538274,2.209857614,1.455686502,283.6513059,8.427272862,0.006742203,4.218012215,99945.08358,320.917135,118.3274752,124.6892624,2.75867939,4.300003052,21,44,35,1.409999967,25,40,35,1.370000005,550,0.015,29.43822886,600.6946476,251,0,Chalk,loam,loam
1654,Multiannual,346163,361198,53.145181,-2.806349,0.7334495,0.8707635,0.89530504,0.860324169,1.0359877,0.9333242,-1.3976004,0.43963975,0.47152722,0.389537495,1.0367421,1.1826847,1.842716317,1.456553322,283.5836454,6.877820409,0.006665755,4.483290973,100931.8648,324.1028799,116.122347,27.9631443,1.50192368,1.100000381,9,78,13,1.600000024,23,64,13,1.429999948,30,0.14,1.321080686,158.2163723,1,0,Triassic Sandstone,sandy loam,sandy clay loam
1655,Annual,535222,156951,51.295633,-0.06193,0.9748251,0.9436369,0.98887753,0.989459144,1.0153451,0.9469188,0.75108814,0.8746752,0.9281981,0.912446113,1.1009111,0.98082376,2.148849943,1.354745299,283.5662614,8.550876397,0.006714996,3.475596752,99749.70921,319.5475782,114.2636089,110.9016418,4.562336922,0,11,35,54,1.49000001,20,37,43,1.399999976,550,0.015,12.87757435,948.9920107,101,0,Chalk,silt loam,loam
1656,Annual,521616,107233,50.851836,-0.273684,0.77189213,0.7457098,0.88961554,0.870240492,0.99636006,0.7709468,0.77113426,0.7794029,0.90324366,0.858820858,0.992815,0.8018853,2.255421687,1.511939862,284.1596459,6.292935412,0.006994297,4.135268323,100744.5806,321.8143585,127.2536465,34.79604721,0.95347923,0,22,42,36,1.399999976,25,41,34,1.379999995,550,0.015,16.89656068,1264.083148,1,0,Chalk,loam,loam
1659,Annual,416320,129765,51.066985,-1.768461,0.8394841,0.84520495,0.9330762,0.938542918,1.0105648,0.8608215,-0.07478809,0.8033375,0.8214337,0.767976114,1.0449035,0.93090874,2.202464408,1.455402841,284.1017404,8.146276078,0.006918269,3.571190629,100740.7192,323.5446794,122.8332829,52.9793129,4.776631832,3.200000763,22,42,36,1.399999976,25,41,34,1.379999995,550,0.015,7.60733177,604.8653132,51,0,Chalk,loam,loam
1661,Multiannual,380635,264765,52.280676,-2.285265,0.814198,0.7879447,0.908023,0.905245323,0.99863696,0.80893576,0.4830553,0.7357718,0.75925696,0.830746795,0.98759174,0.8918099,1.906407453,1.471821516,283.8037114,7.772891658,0.006764141,3.728673171,100718.1519,324.4440835,120.872844,58.05082703,4.00911808,41.80000305,9,77,14,1.600000024,17,67,16,1.480000019,33,0.01,4.274714429,103.5520951,251,0,Triassic Sandstone,sandy loam,sandy loam
1662,Annual,430805,276665,52.387144,-1.548793,0.74220663,0.7187954,0.87790287,0.885768627,1.0089138,0.74684286,0.43816143,0.62375236,0.6825594,0.558665803,0.9923002,0.7981732,1.919386638,1.440770725,283.5578351,8.078422874,0.006640031,3.595954777,100356.0819,322.7343711,118.0925826,96.70162964,1.278845072,14.19999695,9,78,13,1.600000024,23,64,13,1.429999948,300,0.00064,0.799594239,2387.686483,501,0,Unallocated to aquifers,sandy loam,sandy clay loam
1663,Multiannual,435299,490365,54.307657,-1.458992,0.7160554,0.8247658,0.8493198,0.856743368,1.0009705,0.91055125,0.517461,0.8743854,0.8760522,0.881635221,1.0099343,0.9821912,1.77064622,1.391688973,282.9852343,7.298685801,0.006408361,3.57891751,100799.3278,319.8780228,116.9688543,39.75876617,4.996384621,16.89999962,9,77,14,1.600000024,17,67,16,1.480000019,33,0.01,6.598627277,169.4687009,251,0,Triassic Sandstone,sandy loam,sandy loam
1664,Annual,637732,320410,52.729029,1.519457,0.09554702,0.32698798,0.6515366,0.666652467,0.59828794,0.58751667,0.3139776,-0.44440913,0.84795415,0.893980072,2.3666244,0.5577351,1.73263965,1.597250723,283.8959021,6.690909165,0.006808252,5.685488224,101350.2064,321.0802843,123.9198926,0.753183663,0.032283425,0.300000072,22,41,37,1.399999976,29,37,34,1.350000024,400,0.075,109.1902925,97.10080006,1001,0,Crag,loam,clay loam
1676,Annual,636748,321307,52.737509,1.50556,0.028781652,0.67965615,0.7231628,0.6509766,0.84723186,0.94860154,-1.2429023,0.6175365,0.7960781,0.766806972,0.69755024,0.8850392,1.736089811,1.596334079,283.8940345,6.690909165,0.006808037,5.676589352,101358.3158,321.1007063,123.9360666,1.006816506,0.655207515,0.600000143,32,35,33,0.230985165,25,52,23,0.237838149,400,0.075,108.3459297,96.43040099,1001,0,Crag,clay loam,sandy clay loam
1682,Annual,495485,451916,53.954521,-0.546377,0.79351383,0.78971094,0.8943399,0.920848255,0.99785185,0.818196,0.73282856,0.6748217,0.8758047,0.914710151,1.005745,0.69952816,1.961171964,1.448957267,283.0628134,7.297097527,0.006499599,4.648523115,100830.1848,319.6021775,118.9951692,47.36000061,0.605465293,13.5,24,47,29,1.389999986,34,39,27,1.330000043,550,0.015,10.58660497,40.23913862,51,0,Chalk,loam,clay loam
1684,Multiannual,439488,465767,54.086294,-1.397836,0.7936123,0.9209962,0.92380023,0.928590502,0.97924215,1.0020763,-0.3572749,0.7151345,0.73837876,0.83237666,0.9363726,0.90697443,1.899945236,1.439067048,283.1235505,7.298685801,0.00645383,4.353751093,100867.4633,320.6127438,115.6999695,25.03578949,3.105294228,5.700000763,19,37,44,1.409999967,31,31,38,1.330000043,33,0.01,2.135384943,92.2726456,251,0,Triassic Sandstone,loam,clay loam
1688,Multiannual,593620,163880,51.341019,0.778518,0.3705904,0.5158957,0.6570375,0.645218816,0.758522,0.75830054,-0.18668795,-0.046306133,0.59809303,0.54690132,1.9552474,0.85591316,1.500985765,1.477081111,284.4332904,7.604655088,0.007010678,3.710231019,101260.4114,323.1032865,121.8521706,1.807265639,0.346895099,0,22,41,37,1.399999976,29,37,34,1.350000024,90,0.001,27.51917556,594.1481702,251,56796.68359,Chalk,loam,clay loam
1689,Annual,506716,225249,51.915548,-0.449837,0.8958957,0.85982406,0.95143175,0.953781744,1.0094503,0.86884785,0.5957078,0.68547726,0.77672195,0.733444086,0.99022985,0.77869606,1.608324208,1.455387456,283.5029117,7.941128241,0.006609871,3.554653081,99977.76391,320.6033326,119.9709211,119.0562897,3.664833546,1,49,19,32,1.24000001,51,18,31,1.230000019,550,0.015,24.18338687,2651.680193,101,0,Chalk,clay,clay
1696,Annual,460435,228545,51.952115,-1.122029,0.8663241,0.8964861,0.9317337,0.940901813,0.9968012,0.92225367,0.9129688,0.84262,0.9624616,0.958031694,1.0006479,0.8471645,1.731051472,1.49381315,283.6057205,7.847316624,0.006659883,4.295803898,100225.2271,322.0079516,118.3822129,111.4225922,0.954211354,14,22,42,36,1.399999976,0,0,0,0,0.1,0.06,0.462813138,134.6922299,251,0,Oolites,loam,
1700,Multiannual,540123,130835,51.05976,-0.001855,0.82794416,0.91567194,0.9187511,0.906194442,1.017477,1.0142983,0.6730858,0.8059255,0.8471539,0.828118064,0.96912295,0.8844612,2.500821465,1.41249347,283.7797614,8.545290384,0.006843095,4.190161045,100033.7287,320.2100148,117.3596948,88.99711609,4.946404457,5.299995422,9,77,14,1.600000024,17,67,16,1.480000019,50,0.00014,3.045153796,105.5346043,1,0,Corallian Limestone,sandy loam,sandy loam
1701,Multiannual,540122,130853,51.059922,-0.001862,0.8144543,0.90304726,0.9279702,0.929939145,1.031803,0.9434317,0.59371144,0.77618134,0.8647476,0.85869113,1.0458983,0.8276791,2.500821465,1.41249347,283.7797614,8.545290384,0.006843095,4.190161045,100033.7287,320.2100148,117.3596948,90.96150208,7.110888004,5.299995422,9,77,14,1.600000024,17,67,16,1.480000019,50,0.00014,3.063164148,105.9579922,1,0,Corallian Limestone,sandy loam,sandy loam
1703,Annual,473005,149645,51.241317,-0.955552,0.91191936,0.9343622,0.9599446,0.960008401,1.0017759,1.0519694,0.8181455,0.91343373,0.9207994,0.886021426,0.9931794,0.9657307,1.986746988,1.408445985,283.8188856,8.449890581,0.006788661,3.453186557,100301.1328,321.6073793,118.5093567,105.8057098,2.313564777,3.799995422,22,41,37,1.399999976,29,37,34,1.350000024,550,0.015,25.30535383,207.4233495,251,0,Chalk,loam,clay loam
1707,Multiannual,565833,233458,51.97484,0.412956,0.88283885,0.9081735,0.941363,0.924827705,0.9817457,0.9317318,-3.324863,-0.52173114,-0.47577196,-0.463414635,1.0606886,1.3661699,1.520920046,1.498844015,283.8376299,8.170865377,0.00669676,3.791346141,100636.1734,321.0811659,120.9897176,62.97000122,0.534640014,0,54,22,24,1.230000019,44,34,22,1.279999971,550,0.015,52.50567378,68.29985994,1001,0,Chalk,clay,clay
1715,Annual,455455,152955,51.27305,-1.20642,0.9237948,0.9632641,0.9640727,0.965486047,0.99439794,0.9947687,0.8996556,0.82389563,0.965511,0.964925501,1.0075604,0.82747185,2.079025189,1.523330289,283.6073525,8.427272862,0.006727125,4.240662707,99881.39345,320.9818644,124.7468842,124.5908508,4.731775761,4.000007629,22,41,37,1.399999976,29,37,34,1.350000024,550,0.015,30.08610285,181.4745177,1,0,Chalk,loam,clay loam
1717,Annual,375635,260005,52.237683,-2.358208,0.7344725,0.87398547,0.87961197,0.899943905,0.9956234,1.0369781,0.849886,0.91782796,0.9349291,0.920708826,1.0048022,0.9500528,1.963033955,1.504736603,283.652745,7.772891658,0.006728723,4.505617676,100381.7575,323.7462765,120.4569826,76.48636627,3.616807461,12.09999847,22,41,37,1.399999976,29,37,34,1.350000024,33,0.01,0.056696102,72.83286465,101,0,Triassic Sandstone,loam,clay loam
1718,Annual,438304,479298,54.207985,-1.414222,0.64510524,0.83055705,0.83532566,0.836935903,1.0359215,1.0174084,0.6256078,0.7663562,0.80350965,0.788234054,0.97378093,0.87633544,1.797480829,1.393186564,283.070515,7.298685801,0.006436086,3.593036882,100880.8444,320.2986799,116.5604586,26.4545517,0.746531963,1.699998856,9,77,14,1.600000024,17,67,16,1.480000019,33,0.01,3.23491211,60.72989426,251,0,Triassic Sandstone,sandy loam,sandy loam
1720,Annual,640904,309543,52.630126,1.558395,0.6006152,0.67630804,0.8729438,0.867584546,0.70340526,0.97424525,0.55927026,0.6849804,0.8848379,0.876050979,0.71351326,1.0624487,1.688773275,1.619110138,283.9503611,6.690909165,0.006808363,5.664456283,101333.691,321.11402,124.6777841,0.218269527,0.083510652,0.899999976,49,19,32,1.24000001,47,21,32,1.24000001,400,0.075,111.3798755,114.6543589,1001,0,Crag,clay,clay
1727,Multiannual,606321,156838,51.27332,0.956551,0.7161995,0.72432065,0.86498535,0.830238805,0.9945873,0.7597072,0.45308596,0.4691537,0.71676594,0.647651057,0.9924749,0.55109096,1.881872947,1.477334276,283.9558424,7.604655088,0.006913345,4.518074151,100247.3926,320.7931847,120.9379912,84.27012634,4.13216877,25.60000229,24,48,28,1.399999976,34,41,25,1.330000043,90,0.001,27.84691476,196.7863589,251,0,Lower Greensand,sandy clay loam,clay loam
1731,Annual,597150,285332,52.430398,0.898493,0.9033466,0.9181725,0.95901644,0.960115015,0.9672938,0.9371814,0.8395301,0.80466294,0.9233035,0.949739099,0.9873329,0.8207983,1.754600216,1.528328243,283.9815231,8.134556528,0.006745345,4.250377949,101349.1377,321.6366708,120.851811,18.83394623,1.484428763,4.800001144,5,90,5,1.710000038,8,87,5,1.629999995,550,0.015,70.39466847,54.48866713,5001,0,Chalk,sand,loamy sand
1737,Multiannual,445945,175525,51.476821,-1.339826,0.9498767,0.95454115,0.9750789,0.976412091,1.0137511,0.96455514,0.7428009,0.86317277,0.88664657,0.869117274,1.0608865,0.953465,1.860186199,1.459131225,283.6240632,8.427272862,0.006716227,3.523941037,100021.137,321.6259818,122.4386469,114.309845,0.981306732,0,24,48,28,1.399999976,34,41,25,1.330000043,550,0.015,27.21488952,62.69190431,51,5.540248871,Chalk,sandy clay loam,clay loam
1741,Annual,625875,329165,52.812675,1.350218,0.6499177,0.55809706,0.84990156,0.861398532,0.990165,0.5844881,0.4729076,0.44588935,0.80573356,0.804191807,0.9431199,0.4841881,1.799342827,1.585036285,283.7124701,7.324315532,0.006753493,5.564233821,101062.5732,320.5065567,124.7057192,22.12712479,5.686579227,0,19,37,44,1.409999967,31,31,38,1.330000043,400,0.075,96.04301674,235.7499102,1001,0,Crag,loam,clay loam
1745,Annual,556213,118826,50.947706,0.222406,0.77740264,0.7814419,0.8855871,0.915106128,1.0032883,0.81381136,0.6899672,0.5582758,0.9191947,0.902075753,1.0172573,0.5660731,2.37535597,1.499634904,284.1331503,6.103997887,0.00701093,4.197993151,100641.4359,321.7078588,126.0424119,86.58694458,3.497899532,35.80000305,49,19,32,1.24000001,51,18,31,1.230000019,50,0.00014,3.789093325,203.4193028,1,0,Corallian Limestone,clay,clay
1753,Annual,463255,128155,51.049266,-1.098973,0.93901205,0.9081259,0.97110087,0.973897649,1.0028075,0.9128349,0.9495293,0.9717791,0.9773805,0.974381773,0.9936932,1.0156529,2.532749175,1.473835203,283.7775885,8.427272862,0.006804903,4.20211777,100126.3682,321.1396681,121.2519857,106.949295,2.985681534,11.90000153,22,42,36,1.399999976,25,41,34,1.379999995,550,0.015,38.2974767,92.59865365,1,625.6021118,Chalk,loam,loam
1778,Decadal,444510,462273,54.054485,-1.321583,0.6412391,0.8396948,0.84139025,0.846955159,1.0180317,1.0146849,-1.0037589,0.40437025,0.74389386,0.536564654,1.049024,1.5355273,1.874972615,1.444274212,283.1465866,7.298685801,0.006464218,4.37342617,100893.8236,320.6593655,116.1494918,23.9175663,9.974603653,3.799999237,22,41,37,1.399999976,29,37,34,1.350000024,33,0.01,4.272568574,69.06766559,251,0,Triassic Sandstone,loam,clay loam
1780,Annual,491819,459686,54.024997,-0.599884,0.86334735,0.90243983,0.93549067,0.95031597,0.9883251,0.927749,0.7972542,0.88248855,0.9285334,0.906073696,0.9706108,0.91146916,2.163800664,1.402340482,282.8181798,7.124206013,0.006428826,3.87598168,100160.1533,318.4651718,119.1550618,63.0193367,0.774588287,1,19,37,44,1.409999967,0,0,0,0,550,0.015,9.521945612,35.24018632,51,71.61538696,Chalk,loam,
1782,Annual,443505,135305,51.115387,-1.379846,0.87841254,0.8499132,0.9421592,0.967749197,1.0040532,0.8615659,0.7070193,0.8441509,0.88041246,0.898964886,0.98606056,0.90103835,2.266484114,1.492514152,283.8424696,8.427272862,0.006820699,4.252070192,100285.7436,321.9504633,122.1127038,108.9103775,2.508900404,26.80000305,19,37,44,1.409999967,0,0,0,0,550,0.015,35.27971866,140.3321308,1,0,Chalk,loam,
1788,Annual,424905,125805,51.031071,-1.646215,0.6094798,0.750869,0.92498887,0.918008374,1.0091398,0.762606,0.47542167,0.7149989,0.87852436,0.848345912,1.0076295,0.742297,2.447590362,1.532748811,283.7052925,8.146276078,0.006799527,4.296986432,99926.36294,321.4304773,127.2830886,143.6113739,4.39396286,94.20000458,19,37,44,1.409999967,0,0,0,0,550,0.015,16.58137366,84.93206978,1,0,Chalk,loam,
1789,Multiannual,571354,156528,51.282116,0.455641,0.6872071,0.8273032,0.8751788,0.865535098,1.077403,0.9091578,-0.110814214,0.7674806,0.8001971,0.791246606,0.8810782,0.9987679,1.860021905,1.43840464,284.1927775,8.545290384,0.006931326,3.58110421,100902.0284,322.1225845,120.1423747,41.81261826,1.120606184,0,22,42,36,1.399999976,25,41,34,1.379999995,270,0.0006,11.47231173,1181.934229,251,0,Lower Greensand,loam,loam
1791,Annual,519850,105990,50.841032,-0.299166,0.7317096,0.74578357,0.8590915,0.888436245,0.99867314,0.78841525,0.71857655,0.8953496,0.90175354,0.928767791,1.0080459,0.96486676,2.154381162,1.542856101,284.3743914,6.292935412,0.007058527,4.133285834,101179.4334,322.8243305,128.359197,11.45721912,15.05022621,6.300000191,49,19,32,1.24000001,47,21,32,1.24000001,550,0.015,19.02135851,1358.719274,1,0,Chalk,clay,clay
1795,Multiannual,377465,338825,52.946322,-2.336804,0.71840024,0.8842101,0.89489526,0.898123809,1.0176693,0.954746,0.084427536,0.5078645,0.54444504,0.603487364,1.0133017,0.8142875,2.222015332,1.425753815,283.1209842,7.783296916,0.006521804,4.424120146,99851.68389,321.6116713,114.3430819,121.4259796,5.778671265,14.5,5,89,6,1.700000048,5,89,6,1.700000048,33,0.01,0.116001256,81.33592406,1001,0,Unallocated to aquifers,sand,sand
1797,Multiannual,335005,324295,52.812254,-2.965719,-0.52543736,0.4900003,0.66063994,0.657932052,1.1394591,1.3542454,-1.9341757,0.09027314,0.67025554,0.659553147,1.1114877,1.8405141,1.982803944,1.408788594,283.440768,7.561281574,0.006667112,3.844832735,100338.0962,323.3509037,117.4597095,79.1995163,1.608315229,0,10,80,10,1.590000033,22,65,13,1.440000057,33,0.01,0.524997528,67.84407498,251,0,Triassic Sandstone,loamy sand,sandy clay loam
1805,Annual,404186,192900,51.634888,-1.940907,0.61175084,0.5501093,0.81810665,0.827037207,0.96729505,0.58982265,0.6058556,0.5582513,0.8568964,0.86543814,1.1304946,0.602969,1.864184011,1.444379065,283.7979979,7.806790904,0.006787927,3.651756229,100351.0259,323.3819532,119.9132025,83.71085358,0.975168824,1.599998474,22,42,36,1.399999976,25,41,34,1.379999995,0.1,0.06,6.91484633,111.5414277,251,0,Oolites,loam,loam
1809,Annual,365225,324185,52.814068,-2.517383,0.7456844,0.8672511,0.87000823,0.869982108,0.99635136,0.97333694,0.7339667,0.80006474,0.88508874,0.895673851,1.0336734,0.8398915,1.886527928,1.465757347,283.5166624,7.561281574,0.006654957,4.478159419,100523.9495,323.5388466,116.8880886,62.30638123,3.853850603,7.900001526,5,89,6,1.700000048,5,89,6,1.700000048,30,0.14,0.696429286,71.26973418,1001,0,Permian Sandstone,sand,sand
1810,Annual,498238,455196,53.983476,-0.503383,0.77423924,0.7744812,0.89400005,0.911231727,1.089096,0.82199895,0.71753025,0.8077283,0.8534104,0.855956998,1.0522223,0.88707316,1.879025188,1.427173642,283.1274276,6.699781022,0.006524324,3.920863484,100771.7195,319.8525287,120.1608475,20.25468826,0.546952724,0,24,47,29,1.389999986,34,39,27,1.330000043,550,0.015,14.6312097,90.31944763,51,0,Chalk,loam,clay loam
1812,Multiannual,454645,169905,51.425522,-1.215433,0.7154532,0.84282637,0.9004477,0.897200564,0.9927921,0.8785888,-10.897571,0.7153863,0.7489967,0.738976988,0.9597297,1.1279894,1.904490691,1.459781351,283.7419686,8.427272862,0.006750877,4.256334898,100226.1376,321.923577,117.0004223,96.00782776,4.931013107,12.29999542,22,42,36,1.399999976,25,41,34,1.379999995,100,0.005,20.54692129,346.2659545,51,0,Chalk,loam,loam
1816,Annual,405026,195364,51.657035,-1.928735,-2.7096007,-0.09637034,0.8586057,0.861062496,1.9835864,1.4632726,-11.294893,-1.1425364,0.7166364,0.665065836,3.073809,1.4577878,1.885487408,1.446732165,283.7986767,7.806790904,0.006785927,3.652599664,100369.1167,323.425303,120.0218677,86.52226257,1.451385856,4.300003052,19,41,40,1.419999957,19,44,37,1.419999957,0.1,0.06,4.829614112,118.6106593,251,0,Oolites,loam,loam
1820,Annual,467365,386475,53.370841,-0.98898,0.68112373,0.83949894,0.8515607,0.839461136,1.0007943,1.0610431,0.72026455,0.83425206,0.94104296,0.922110504,0.9845788,1.1541448,1.643373494,1.486261275,283.5648386,7.722836944,0.00659863,4.427597169,101304.8098,322.538112,117.0949374,12.24871063,1.472122669,3,10,76,14,1.580000043,26,60,14,1.409999967,33,0.01,4.036936907,147.1341745,2501,0,Triassic Sandstone,sandy loam,sandy clay loam
1821,Annual,425007,135427,51.117586,-1.644098,0.84595704,0.89109683,0.9204359,0.956445001,0.99700934,0.92570007,0.82522416,0.9097177,0.91138387,0.906517855,0.9988948,0.9827708,2.196385541,1.516965987,283.7333528,8.146276078,0.006798392,4.305904741,100021.0825,321.7813356,124.90795,125.5464935,4.401920795,16.70000458,19,37,44,1.409999967,0,0,0,0,550,0.015,17.36122734,66.48386924,1,0,Chalk,loam,
1855,Annual,550746,249846,52.126362,0.200711,0.8611034,0.83565575,0.93343,0.940379852,0.9960978,0.84979373,0.6416561,0.73162293,0.93661225,0.928263031,0.976915,0.74024105,1.445892661,1.491526919,284.0414641,8.084611253,0.006744929,3.758998673,101177.6366,322.5056381,119.1702563,32.81933594,2.181215763,6.100000381,8,76,16,1.610000014,8,76,16,1.116897106,550,0.015,51.97945103,230.7007104,5001,0,Chalk,sandy loam,sandy loam
1857,Annual,599915,288303,52.456068,0.940883,0.7682143,0.84440124,0.9141883,0.922395412,1.0363705,0.8754043,0.4659816,0.9068984,0.95998967,0.949819595,1.0805666,1.0240055,1.709529029,1.54087137,283.9217995,8.134556528,0.006731516,4.284612549,101253.5179,321.3502819,122.4294511,24.31378937,15.54828167,1,9,80,11,1.600000024,25,63,12,1.419999957,550,0.015,72.301267,65.4812984,5001,0,Chalk,loamy sand,sandy clay loam
1861,Annual,551254,116146,50.924945,0.150755,0.7627373,0.7738588,0.8782861,0.882086389,0.97163785,0.81152993,0.5732218,0.49773562,0.8455601,0.849620718,1.1555127,0.548078,2.249561888,1.458027766,284.224393,6.103997887,0.007035739,4.183646599,100827.0714,322.1302238,121.6933888,53.39342117,1.736115336,8.900001526,19,37,44,1.409999967,31,31,38,1.330000043,50,0.00014,1.163400109,108.1917118,1,51.22916794,Corallian Limestone,loam,clay loam
1867,Annual,449015,356045,53.099352,-1.269416,0.63294566,0.7113437,0.8358351,0.874340538,1.0188391,0.76332104,0.6723721,0.7324035,0.8216077,0.893010085,1.0031646,0.800567,2.101752466,1.459942177,282.7341306,7.156845677,0.006368105,4.365530501,99345.97377,318.9037216,118.6535283,167.3728638,2.311054468,30.8999939,22,42,36,1.399999976,25,41,34,1.379999995,260,0.01,2.551198664,1117.797127,1001,0,Carboniferous Limestone,loam,loam
1871,Annual,479680,112375,50.905356,-0.868151,0.9563874,0.95199496,0.97833455,0.978379504,1.0056088,0.9575309,0.8551298,0.7737953,0.9402655,0.925168726,1.0179845,0.7825675,2.558324207,1.539969722,284.0086487,6.336254195,0.006900275,4.161052698,100487.6594,321.62184,128.0200222,62.3308754,3.792867661,0,22,41,37,1.399999976,29,37,34,1.350000024,550,0.015,25.24013652,88.87112896,1001,0,Chalk,loam,clay loam
1873,Annual,421825,360715,53.143128,-1.675166,0.77144974,0.84465885,0.8837061,0.892672128,0.9955621,0.897108,0.7750886,0.81220293,0.9018136,0.898470481,0.99069476,0.8401864,2.867086528,1.3655499,282.0320573,6.480668222,0.006176873,4.346145361,97886.02274,315.9916446,112.4704671,278.7577515,3.457238436,60.80001831,24,48,28,1.399999976,34,41,25,1.330000043,20,0.01,1.723389803,92.04760844,1,0,Carboniferous Limestone,sandy clay loam,clay loam
1878,Annual,438255,131155,51.078445,-1.455284,0.9184412,0.94963664,0.96025074,0.966602581,1.0043652,0.96938324,0.8548284,0.8271468,0.9295098,0.908931499,1.0024362,0.84219223,2.31544359,1.40459346,284.0673856,8.427272862,0.006893629,3.50605241,100726.2304,323.019898,117.9666096,68.78948975,5.795218945,23.79999924,22,42,36,1.399999976,25,41,34,1.379999995,550,0.015,29.58551792,104.105716,1,34.41073227,Chalk,loam,loam
1880,Annual,439900,165520,51.387323,-1.427986,0.94582206,0.9582197,0.9725512,0.972046014,0.9987788,0.96852535,0.92639226,0.91625017,0.9662951,0.974686698,0.98551506,0.92471284,2.106188389,1.434938837,283.6972902,8.427272862,0.006750512,3.530835955,100121.9343,321.910455,120.4094725,106.8883057,3.770567894,7.299995422,22,42,36,1.399999976,25,41,34,1.379999995,520,0.005,35.83389454,55.53962487,51,0,Chalk,loam,loam
1882,Annual,374483,95227,50.756071,-2.363102,-0.47350097,0.34643465,0.8768717,0.876546621,1.4841504,1.4214191,-0.051536918,0.397672,0.889086,0.882315907,1.2909647,1.5156028,2.911719612,1.491056986,284.1011008,7.90585989,0.006980099,3.690024135,100545.7307,323.5742156,127.6954371,61.26390839,1.253742218,0,19,37,44,1.409999967,0,0,0,0,550,0.015,7.659405862,45.86190385,101,0.029876256,Corallian Limestone,loam,
1885,Multiannual,383645,268355,52.313049,-2.241321,0.5448333,0.60847884,0.74756527,0.718339962,0.9965229,0.70074564,-2.0051746,-0.18523681,-0.06211611,-0.01556168,1.0308648,0.47488812,1.920810516,1.46500693,283.5423032,7.772891658,0.006682741,4.47094402,100218.0607,323.2036182,116.7692403,97.73478699,1.536718369,29,20,42,38,1.409999967,20,45,35,1.419999957,33,0.01,1.445369095,288.3810205,1001,650.473938,Triassic Sandstone,loam,loam
1886,Annual,490093,101370,50.80489,-0.722799,0.73376626,0.59916943,0.91101456,0.927252153,1.1069468,0.6240894,0.5479575,0.49884665,0.87780106,0.89292531,1.3650945,0.67917496,1.952738226,1.502849654,284.4776065,6.336254195,0.00706738,4.138262033,101415.0832,323.4586776,123.5219462,5.027038097,1.115554333,2.099999905,24,47,29,1.389999986,34,39,27,1.330000043,550,0.015,25.84587143,1082.891781,1001,4704.42041,Chalk,loam,clay loam
1892,Decadal,470355,376585,53.28157,-0.946242,0.8778634,0.9049909,0.94314784,0.944048973,0.99145037,0.9243607,-11.632968,0.48936492,0.6459391,0.683469485,1.051272,1.3643707,1.762595839,1.446751678,283.5425085,7.722836944,0.006593567,3.673908017,101172.1882,322.3881792,118.2226457,25.01382828,1.226430893,10.39999962,22,41,37,1.399999976,29,37,34,1.350000024,33,0.01,2.801319215,231.3441188,2501,0,Triassic Sandstone,loam,clay loam
1893,Annual,419100,199350,51.692575,-1.725068,-0.22960055,0.35588634,0.8201597,0.801816755,1.0788834,1.61346,-1.3577542,0.23625124,0.830338,0.803096813,1.1477947,1.7298678,1.798959476,1.448644501,283.8632746,7.806790904,0.006787477,3.604780765,100523.3603,323.5567898,119.5773809,73.71081543,4.076919079,2.799995422,11,80,9,1.570000052,19,72,9,1.480000019,0.1,0.06,2.61733892,131.6118668,251,0,Oolites,sandy loam,sandy loam
1898,Annual,432905,146255,51.21455,-1.530276,0.9046741,0.9118548,0.9579724,0.974523847,0.9901097,0.92315364,0.7267387,0.748853,0.89443964,0.89218928,0.98511976,0.7726014,2.024917851,1.455841289,283.9246879,8.146276078,0.006839529,3.535378127,100453.0746,322.7640172,122.297092,88.03330231,0.874383628,12.30000305,22,41,37,1.399999976,29,37,34,1.350000024,550,0.015,29.47100911,528.9057529,1,0,Chalk,loam,clay loam
1903,Annual,510555,106575,50.848139,-0.430949,0.80756503,0.81754786,0.90020454,0.917814258,0.9999845,0.8472598,0.6380018,0.6058343,0.87313735,0.910483604,1.0182719,0.62725544,2.184830234,1.511635018,284.1406299,6.292935412,0.006976785,4.132494206,100706.9671,321.7777901,126.4899861,61.96684647,5.727022648,35.00000381,51,17,32,1.220000029,52,19,29,1.230000019,550,0.015,19.00832544,1243.822183,1001,0,Chalk,clay,clay
1907,Annual,413185,174495,51.469266,-1.811566,0.76700747,0.65815365,0.9081925,0.919232834,0.99814653,0.6707177,0.80138874,0.66812944,0.93458086,0.930668186,0.99713594,0.6746539,2.214348305,1.54652646,282.9622982,8.146276078,0.006547725,5.124221485,98650.16385,319.0249056,125.7858095,265.6378174,2.129617929,55.1000061,22,42,36,1.399999976,25,41,34,1.379999995,550,0.015,18.58457741,77.2836682,51,0,Chalk,loam,loam
1911,Multiannual,591032,287808,52.4548,0.810037,0.8617861,0.8861684,0.9289991,0.924435327,0.987617,0.9118917,0.75756824,0.6730648,0.9096402,0.912317091,0.95865524,0.6885324,1.781161006,1.569050501,283.8446846,8.134556528,0.006702747,4.946349517,101097.1765,321.1415634,120.5835656,32.89945221,2.2053473,0,5,90,5,1.710000038,8,87,5,1.629999995,550,0.015,63.83014237,99.19762096,5001,0,Chalk,sand,loamy sand
1921,Annual,392285,201345,51.710778,-2.113052,0.79294956,0.8511431,0.90166456,0.917850775,1.0032731,0.8882963,0.7449672,0.69854057,0.8835814,0.90425581,1.0023085,0.72193706,2.402190579,1.477584633,283.2629155,7.50607898,0.006637233,4.45396125,99292.16345,321.1329802,120.9736195,175.8085175,0.862934828,18.5,22,42,36,1.399999976,0,0,0,0,184,0.02,0.580876954,192.0542417,251,0,Oolites,loam,
1922,Annual,442635,168294,51.412066,-1.388352,0.58915854,0.76822984,0.7844428,0.799809103,0.9960036,0.91493326,0.63388765,0.6972474,0.818913,0.83883909,0.9936646,0.75745934,1.889813804,1.452491259,283.7215697,8.427272862,0.006752964,3.525684684,100184.4865,322.0240185,122.0055151,102.4285431,2.717182398,17.80000305,24,48,28,1.399999976,34,41,25,1.330000043,550,0.015,32.30292932,232.6308766,51,0,Chalk,sandy clay loam,clay loam
1928,Annual,504530,459412,54.02012,-0.406026,0.8664911,0.85405254,0.9350125,0.939841447,0.9939945,0.8694585,0.7266829,0.7378504,0.88443345,0.87674545,1.0178169,0.7653746,1.799999999,1.458358274,283.1036022,6.475027417,0.006530721,4.728978217,100600.6078,319.6533961,119.4660708,31.12011719,0.969408095,4.5,22,41,37,1.399999976,29,37,34,1.350000024,550,0.015,14.41672103,165.4006873,51,1122.758545,Chalk,loam,clay loam
1937,Multiannual,308909,111826,50.898699,-3.296684,0.6105443,0.8092486,0.81878537,0.808728699,0.9977882,1.0595212,-1.0663705,0.19952935,0.49660838,0.440797908,1.0059528,1.6223536,2.606462215,1.422217206,283.8658784,7.064950844,0.00697833,4.03169826,99907.49443,323.9340054,122.1841597,109.975708,1.87446177,7.900001526,20,42,38,1.409999967,20,45,35,1.419999957,33,0.01,2.140748684,79.39084546,51,0,Triassic Sandstone,loam,loam
1948,Annual,548880,102726,50.804966,0.111545,-1.3924725,0.20682162,0.6309936,0.597721287,1.0029757,1.7021133,-1.4007246,0.3582161,0.38024965,0.625970561,1.0041548,1.1666721,2.081927706,1.468913336,283.9833114,6.103997887,0.007006896,4.153418502,100330.7399,320.8673695,126.613101,115.2001038,3.907377005,50.60000229,19,37,44,1.409999967,0,0,0,0,550,0.015,9.702675177,480.1515017,1,0,Chalk,loam,
1952,Multiannual,545340,226750,51.920304,0.112,0.81457144,0.792294,0.9127205,0.900501622,0.995145,0.81158465,0.64425755,0.6893469,0.87324464,0.834395746,0.9855378,0.71675265,1.597864184,1.511557133,283.6481584,8.170865377,0.006645202,4.42558863,100236.8845,320.5149455,118.4083662,110.9561157,1.434252858,9.199996948,49,19,32,1.24000001,51,18,31,1.230000019,520,0.005,43.89670377,192.302946,101,0,Chalk,clay,clay
1954,Annual,429571,178713,51.506575,-1.575319,0.90941226,0.893198,0.9551665,0.964056958,0.9972161,0.903104,0.88190114,0.9301608,0.9444256,0.950266748,0.9857955,0.9601603,2.082968237,1.477511271,283.2706628,7.806790904,0.006621836,4.321411152,99215.53122,320.2791842,120.7556293,163.2089691,2.640049934,8.100006104,22,42,36,1.399999976,25,41,34,1.379999995,550,0.015,24.93981947,59.95205823,51,0,Chalk,loam,loam
1955,Annual,359615,323015,52.803158,-2.600468,0.83578837,0.91082084,0.92498124,0.923832457,1.0196475,0.95596695,0.64284855,0.72688377,0.836526,0.855336652,1.0351351,0.78405213,1.899178532,1.423332163,283.486302,7.561281574,0.006653126,3.744961122,100449.416,323.4347027,117.7078671,71.06117249,0.613132954,5.700004578,9,77,14,1.600000024,17,67,16,1.480000019,30,0.14,1.13551128,71.19730999,1001,0,Permian Sandstone,sandy loam,sandy loam
1956,Multiannual,451475,79785,50.61551,-1.273788,0.4764012,0.7006613,0.8319742,0.822528148,1.0092105,1.247566,0.19180435,0.7883999,0.81371987,0.806516823,1.0421423,0.9089077,2.443044906,1.405994178,284.2197184,6.406078896,0.007005664,3.421624004,100842.7816,322.1500582,121.3052558,42.23931122,0.083327457,0.199996948,5,90,5,1.710000038,8,87,5,1.629999995,270,0.0006,65.50432812,169.4790957,251,0,Lower Greensand,sand,loamy sand
1962,Annual,553810,163780,51.352279,0.207418,0.76447433,0.79849803,0.8771509,0.890334952,1.0047983,0.84035045,0.7866007,0.8021712,0.9517937,0.929392333,1.0223601,0.8094423,1.811993431,1.368806248,283.824225,8.545290384,0.006788116,3.53550746,100207.7332,320.6118269,113.8869199,67.1762085,3.571174383,0,22,41,37,1.399999976,29,37,34,1.350000024,550,0.015,16.24837176,319.8147828,1,0,Chalk,loam,clay loam
1963,Annual,601285,277705,52.360416,0.954648,0.7924639,0.8968789,0.89741695,0.88703088,0.999516,1.0105127,0.5788437,0.8543487,0.8651262,0.830360837,1.0131981,1.0533819,1.610186197,1.521467835,283.9342764,8.134556528,0.006730643,4.253625465,101171.7552,321.2490228,120.1784976,30.72333908,5.591773987,7.199998856,19,37,44,1.409999967,31,31,38,1.330000043,550,0.015,76.75882202,80.19675842,5001,0.300000042,Chalk,loam,clay loam
1964,Multiannual,582923,165092,51.355446,0.625737,0.81397134,0.8330065,0.9115349,0.887426063,1.0060962,0.85849595,0.52998483,0.46716297,0.7750757,0.738624839,1.0036075,0.51697725,1.768784224,1.465992365,284.2645694,7.604655088,0.006940597,3.658135701,100944.3903,322.395645,121.1792592,34.03531265,0.68056792,0,9,77,14,1.600000024,17,67,16,1.480000019,90,0.001,25.00748446,1077.042372,251,0,Chalk,sandy loam,sandy loam
1970,Multiannual,440478,465078,54.080025,-1.382795,0.7548109,0.9016327,0.9122462,0.917817024,0.99003416,0.9566876,-1.0025275,0.4840517,0.53074765,0.461961095,0.9788748,0.7865576,1.894523552,1.430937288,283.0842096,7.298685801,0.006443751,4.357597648,100788.4339,320.4114451,115.0914782,40.53210449,2.989959955,8.199996948,19,37,44,1.409999967,31,31,38,1.330000043,33,0.01,1.412552317,93.44471789,251,0,Triassic Sandstone,loam,clay loam
1972,Annual,436550,173140,51.456061,-1.475342,0.69660753,0.7616707,0.90870965,0.920885648,1.0108519,0.78011596,0.4560097,0.6811831,0.77075696,0.840368816,1.0095146,0.77863806,1.925355967,1.484767,283.3748875,8.427272862,0.006651163,4.299528511,99512.24063,320.5713504,121.390686,165.987381,2.1448493,26.8999939,22,41,37,1.399999976,29,37,34,1.350000024,550,0.015,33.77417209,77.87529999,51,0,Chalk,loam,clay loam
1984,Annual,571064,325816,52.802761,0.53616,-1.1375337,0.22825384,0.5172205,0.536913968,1.0266554,1.6015182,-1.1681795,0.31925708,0.4579961,0.51959265,1.0432136,1.4096158,1.795618845,1.49678087,283.7956207,7.787020949,0.006702956,4.160581153,101217.8794,321.6607687,119.9389111,14.88070297,0.874269009,0,5,89,6,1.700000048,5,89,6,1.700000048,50,0.00014,46.30887408,67.55312162,1001,0,Oolites,sand,sand
1985,Annual,413570,208800,51.777699,-1.804706,0.4568349,0.7450635,0.7561832,0.814174695,1.0070913,1.0741357,0.5547902,0.69755363,0.7837634,0.86451795,1.019957,0.7894848,2.079572833,1.4211882,283.4577752,7.806790904,0.006668395,3.625790957,99757.00523,321.8431514,118.5682676,127.2141113,6.256939411,1.699996948,48,23,29,1.25,45,26,29,1.25999999,184,0.02,0.417077946,41.34935424,51,0,Oolites,clay,clay
1990,Annual,417440,200130,51.699641,-1.749045,0.3266738,0.6297375,0.8819249,0.877193349,1.0902662,1.3391311,-1.5397525,0.5561162,0.8573855,0.853156428,1.2259151,1.3544897,1.880339538,1.447115084,283.8400621,7.806790904,0.006781806,3.611160313,100482.1349,323.4913511,119.5336275,78.45342255,2.519583702,4.600006104,19,45,36,1.419999957,27,39,34,1.360000014,0.1,0.06,1.500311616,129.7177478,251,0,Oolites,loam,loam
1991,Annual,453175,82465,50.639456,-1.249378,0.7062758,0.6922578,0.8709184,0.883434811,1.0418812,0.7237957,0.20410073,0.50623864,0.78315604,0.761498952,0.87615055,0.57404256,2.293592558,1.48400495,284.3727071,6.406078896,0.00704764,4.176069672,101159.8259,322.9265363,122.8188233,28.43565559,5.054894447,9.700000763,11,80,9,1.570000052,19,72,9,1.480000019,270,0.0006,64.34026874,285.6685818,251,0,Lower Greensand,sandy loam,sandy loam
2006,Annual,544166,240235,52.041767,0.100602,0.8244231,0.75341666,0.9250484,0.923237573,0.9949193,0.765139,0.6109678,0.69721955,0.86522007,0.857799421,0.9841368,0.7293369,1.55158817,1.507361225,283.5413442,8.084611253,0.006605576,4.459539347,100104.1859,320.1690242,117.7911881,113.0422821,1.101907849,4.599998474,49,19,32,1.24000001,51,18,31,1.230000019,550,0.015,54.2981267,109.2462947,5001,0,Chalk,clay,clay
2013,Annual,451095,132965,51.093722,-1.271752,0.5990967,0.6927072,0.8760077,0.839369513,0.99842197,1.2811675,0.11356622,0.76844543,0.87322986,0.863186616,0.98579043,1.1932545,2.236144579,1.465315866,283.999482,8.427272862,0.006866787,3.477987111,100595.202,322.5251001,123.8528172,52.61116791,1.068876743,10.79999924,19,37,44,1.409999967,0,0,0,0,550,0.015,42.52281067,272.6971725,1,0,Chalk,loam,
2014,Annual,426105,329695,52.8641,-1.613677,0.64372706,0.62139213,0.8169827,0.82420587,1.0081505,0.6686676,0.5588152,0.5240136,0.90584135,0.908920148,0.9273477,0.539112,1.960186198,1.435474338,283.5680962,7.60476465,0.006619281,3.598029366,100751.3875,323.1208282,117.1032941,52.96136856,2.06524992,2.799999237,21,39,40,1.399999976,21,41,38,1.399999976,33,0.01,0.074502413,524.0922278,1001,0,Triassic Sandstone,loam,loam
2028,Annual,483527,114384,50.922874,-0.812992,0.9272684,0.9070122,0.9643669,0.96820352,1.0058043,0.9143069,0.8831703,0.7641871,0.960642,0.960771546,1.01761,0.76816267,2.805805037,1.46210893,283.9734886,6.336254195,0.00688809,3.402798804,100420.969,321.4459331,125.686845,76.98816681,1.010550141,0,22,41,37,1.399999976,29,37,34,1.350000024,550,0.015,20.90247067,84.88453198,1001,124.6425171,Chalk,loam,clay loam
2031,Multiannual,352335,320515,52.780091,-2.708079,0.7641977,0.84445536,0.89365715,0.89083578,1.0068253,0.88669384,-0.121570826,0.6130202,0.7029257,0.787399887,0.98119926,0.752724,1.906297921,1.422651836,283.4790398,7.561281574,0.006660697,3.77571173,100405.0927,323.4327984,117.9194411,79.15325928,0.508554399,3.400001526,19,37,44,1.409999967,31,31,38,1.330000043,30,0.14,0.254590499,175.8418561,251,0,Triassic Sandstone,loam,clay loam
2035,Annual,402110,203120,51.726789,-1.970844,0.875825,0.84017766,0.9419764,0.937590222,0.9492956,0.8599811,0.86855173,0.86656535,0.93513715,0.932200236,1.0427612,0.891515,2.160405256,1.426503597,283.5357637,7.806790904,0.006705349,3.661491919,99883.67972,322.3112606,119.3128772,112.7326508,1.295816302,1.599998474,54,22,24,1.230000019,44,34,22,1.279999971,184,0.02,5.416338288,285.2649103,51,0,Oolites,clay,clay
2043,Annual,451155,122655,51.001016,-1.272349,0.93630457,0.90512335,0.9710375,0.967553972,0.99464273,0.9098112,0.8808086,0.9163126,0.95848525,0.94398302,0.9867914,0.92854655,2.366045998,1.53049672,284.0085473,6.406078896,0.006882508,4.220984769,100523.074,322.3023386,125.7522114,76.77615356,6.297720909,7.599998474,22,41,37,1.399999976,29,37,34,1.350000024,550,0.015,42.96886635,319.2759315,1,0,Chalk,loam,clay loam
2048,Annual,453955,133055,51.09427,-1.230903,0.471254,0.77030635,0.82449687,0.812550016,1.005694,1.148079,0.73307836,0.7993577,0.90194726,0.831595956,1.0010905,1.1750566,2.229189491,1.473746486,284.0292671,8.427272862,0.006874714,3.471316122,100655.0993,322.6128645,124.5359651,57.45245361,5.697706223,13,19,37,44,1.409999967,0,0,0,0,550,0.015,45.38057716,89.72347582,1,0,Chalk,loam,
2050,Annual,376645,311065,52.696745,-2.347012,0.9277224,0.95540375,0.9673277,0.967985563,1.0303191,1.0014601,-0.016923666,0.5210413,0.58729815,0.591613115,1.1257926,0.79202324,2.083680179,1.47555708,283.2656928,7.783296916,0.00658156,4.45806329,99935.49437,322.2058311,118.9756324,100.6879883,0.781339824,0,5,89,6,1.700000048,5,89,6,1.700000048,33,0.01,2.290457668,202.3952003,1001,0,Permian Sandstone,sand,sand
2053,Multiannual,452162,415252,53.631191,-1.212674,0.7180709,0.76428396,0.8643455,0.877791986,0.9930953,0.8073557,0.326069,0.6824038,0.682507,0.696214039,0.9962533,1.0071788,1.696111721,1.457658492,283.3630669,7.170043959,0.006534499,4.393569257,101139.5355,321.7583912,115.9113879,27.83276558,3.088986874,8.100000381,22,42,36,1.399999976,25,41,34,1.379999995,260,0.01,0.40694824,205.8324307,51,0,Magnesian Limestone,loam,loam
2067,Multiannual,370295,225234,51.924819,-2.433364,0.6590132,0.7684736,0.8141866,0.800749606,0.9975178,0.8619009,0.1767134,0.43704104,0.5606038,0.474346095,0.98116213,0.648577,2.030941946,1.429898545,283.9019861,7.50607898,0.006831876,3.787680541,100712.0061,324.6753644,117.8014136,64.04639435,2.484015703,15.50000381,19,37,44,1.409999967,31,31,38,1.330000043,33,0.01,0.338047434,116.6835168,101,5497.859375,Triassic Sandstone,loam,clay loam
2068,Annual,569264,329584,52.837168,0.511438,-3.2857523,0.38789964,0.41295528,0.429042318,0.9875993,0.827113,-4.6955295,0.3151567,0.46426973,0.468535724,0.98754144,0.5735673,1.81204819,1.52044929,283.6537469,7.787020949,0.006665596,4.922191207,100968.4663,321.0428355,118.0549222,35.35186768,1.340121746,18.70000076,5,90,5,1.710000038,8,87,5,1.629999995,270,0.0006,46.56465744,79.75510246,1001,0,Oolites,sand,loamy sand
2082,Annual,623562,300292,52.554513,1.296371,0.74700713,0.78016925,0.8664924,0.867565352,1.0198139,0.8264853,0.66105604,0.70932615,0.82859564,0.821070521,1.0584326,0.77263254,1.778148957,1.527410289,283.9255931,7.324315532,0.006765986,4.623050956,101179.303,321.1080591,119.9566022,9.899394989,0.367003858,3.5,19,37,44,1.409999967,31,31,38,1.330000043,550,0.015,94.0789733,161.2230227,1001,0,Chalk,loam,clay loam
2090,Multiannual,467845,407095,53.556092,-0.977324,0.84019727,0.8381283,0.91851825,0.90771762,1.001648,0.8601426,0.37078315,0.7218777,0.73966503,0.763572651,0.9818034,1.0961635,1.726670319,1.483131748,283.4924904,7.297097527,0.006578513,4.443769688,101274.7886,322.1638205,117.4620139,3.983366966,1.399728298,2.299999952,19,37,44,1.409999967,31,31,38,1.330000043,33,0.01,0.703315027,354.0510416,2501,0,Triassic Sandstone,loam,clay loam
2100,Annual,564321,248478,52.110209,0.398177,0.60927844,0.8352977,0.85150105,0.879092151,0.9948216,0.9289519,0.7041166,0.65385956,0.8624519,0.869571883,0.9984792,0.6823671,1.619058048,1.549415072,283.5896003,8.084611253,0.006617539,4.59118942,100231.2985,320.0643658,120.9557838,104.2395325,1.621792793,12,47,31,22,1.25999999,53,27,20,1.24000001,550,0.015,62.34120129,341.9332073,1001,0,Chalk,clay,clay
2105,Annual,417775,377625,53.295277,-1.734776,0.73875964,0.71347773,0.8727511,0.869381279,1.0145191,0.74369574,0.74979436,0.75917387,0.8690759,0.87480005,0.9963982,0.7979033,3.064129239,1.361061677,281.8840509,6.480668222,0.006130951,3.582521407,97728.9452,315.3542178,117.6242153,302.2536621,2.844488382,11.70001221,24,48,28,1.399999976,34,41,25,1.330000043,20,0.01,8.75514422,70.41717161,1,0,Carboniferous Limestone,sandy clay loam,clay loam
2108,Annual,374385,229315,51.961713,-2.374195,0.6333771,0.7533227,0.8000554,0.842290386,0.9971126,0.85556024,-0.70450604,0.0547598,0.25054413,0.320525014,1.0577517,0.4268868,1.900821463,1.47925408,283.9920452,7.50607898,0.006850602,3.769173876,100922.3475,325.1013142,121.6930849,50.66067505,9.425232887,34.5,22,41,37,1.399999976,29,37,34,1.350000024,33,0.01,0.795222581,102.8808902,101,0,Triassic Sandstone,loam,clay loam
2112,Annual,346783,357478,53.111807,-2.796462,0.8312512,0.8415154,0.9403331,0.937447461,1.0371501,0.8579562,0.3835672,0.71541667,0.72202927,0.729042726,0.9886778,1.0599371,1.767962762,1.40774455,283.6717298,6.877820409,0.006693821,3.73537652,101079.0964,324.5093156,115.6840595,23.08405495,1.99304533,10.80000114,19,37,44,1.409999967,31,31,38,1.330000043,30,0.14,1.688611164,63.62214601,1,0,Triassic Sandstone,loam,clay loam
2117,Annual,451255,130855,51.074736,-1.269766,0.8158839,0.810959,0.91026795,0.945734572,1.0069062,0.8337569,0.80463123,0.79995924,0.90000033,0.938093545,1.0001398,0.82674843,2.340635264,1.411316646,284.0033964,8.427272862,0.006871203,3.472970126,100592.125,322.4605631,118.7087949,59.19168472,1.641125083,4.100002289,22,42,36,1.399999976,25,41,34,1.379999995,550,0.015,42.5586151,448.4753169,1,0,Chalk,loam,loam
2125,Annual,414675,214053,51.824901,-1.788469,0.60140246,0.8966574,0.92543364,0.922945655,1.0089427,1.0709909,0.77442163,0.9484317,0.94952655,0.946875425,1.0061438,0.9914,2.107009855,1.438073485,283.2906857,7.806790904,0.006614737,4.379555477,99456.82102,321.1100139,115.6887242,185.6687775,1.000241399,58.5,22,42,36,1.399999976,0,0,0,0,184,0.02,0.889828149,34.13477331,51,0,Oolites,loam,
2134,Annual,444562,460685,54.040209,-1.321021,0.51697576,0.7072089,0.7551279,0.766400101,0.96729827,0.84285575,0.3988526,0.6649846,0.6795025,0.704381371,1.0120925,0.90320194,1.896604595,1.440347204,283.101381,7.298685801,0.006452094,4.373295534,100784.0693,320.4566809,115.9572176,28.5947113,2.635253191,7.600000381,19,37,44,1.409999967,31,31,38,1.330000043,33,0.01,4.510872329,66.63873972,251,149.4469452,Triassic Sandstone,loam,clay loam
2137,Annual,494648,432706,53.782073,-0.565047,0.2165525,0.675025,0.6759277,0.740268036,0.9980164,1.0241257,0.14897591,0.51498157,0.52822113,0.593436065,0.99983156,0.88745195,2.067415114,1.426309627,282.5764061,7.297097527,0.006355154,5.36907797,99668.67251,317.3915557,114.3148752,142.4079742,3.486482143,67.3999939,22,42,36,1.399999976,25,41,34,1.379999995,550,0.015,0.403000321,163.8536222,51,0,Chalk,loam,loam
2150,Multiannual,551040,168725,51.397453,0.16977,0.64425397,0.731987,0.83450675,0.84651254,0.99196965,0.7893386,0.2601772,0.28571916,0.53158593,0.581772923,0.9957398,0.4607719,1.717634172,1.438903638,284.0187347,8.545290384,0.006832729,3.538475391,100625.9255,321.6174855,119.3204908,76.93886566,2.319236994,18.60000229,5,90,5,1.710000038,8,87,5,1.629999995,100,0.005,11.98127783,1220.373793,1,0,Lower Greensand,sand,loamy sand
2158,Annual,308856,113414,50.912966,-3.297835,0.6625023,0.6962434,0.9034235,0.899146371,1.0020674,1.2879927,0.5014521,0.7025529,0.85235727,0.770961482,0.9941785,1.258158,2.504654979,1.433000641,284.0214411,7.064950844,0.007024315,4.035697085,100229.088,324.6900601,122.5780095,98.34846497,1.935444474,4.300003052,20,42,38,1.409999967,20,45,35,1.419999957,33,0.01,0.822196797,84.16455698,51,0,Triassic Sandstone,loam,loam
2161,Multiannual,555672,242211,52.05641,0.269127,-1.851867,0.4332394,0.4414843,0.463235464,0.99060583,0.90414023,-5.9046855,0.42781073,0.4285987,0.512502946,0.9879052,0.97252923,1.486637458,1.539923775,283.6067816,8.084611253,0.00662382,4.519715806,100234.7552,320.2729521,120.5061858,99.78031158,2.063726425,15.90000153,49,19,32,1.24000001,51,18,31,1.230000019,550,0.015,59.23892855,185.4544924,5001,0,Lower Greensand,clay,clay
2166,Annual,397640,142283,51.179771,-2.035136,0.8615527,0.86144966,0.9299873,0.908743481,0.972943,0.88354295,0.77975565,0.6946608,0.9070685,0.920125514,0.9384666,0.71573037,2.154435925,1.495333326,283.7775294,7.812595891,0.006826621,3.651670686,100111.4957,322.6077845,126.7381605,88.43577576,5.17134428,0,22,41,37,1.399999976,29,37,34,1.350000024,550,0.015,9.814178452,31.402695,51,0,Chalk,loam,clay loam
2176,Annual,551132,241854,52.054458,0.202806,0.55461836,0.8521443,0.91663826,0.901444582,1.0352368,1.1169236,0.59508944,0.8416378,0.8964738,0.845886933,1.0305446,0.8841231,1.488554216,1.473574296,283.9801657,8.084611253,0.006731121,3.740365579,100991.3384,322.1167391,117.8879619,43.36120987,2.922420263,6.5,8,76,16,1.610000014,8,76,16,1.116897106,550,0.015,58.62539156,138.6630497,5001,0,Chalk,sandy loam,sandy loam
2181,Multiannual,547809,167934,51.391196,0.123031,0.8526691,0.9265564,0.926898,0.928735559,1.001272,0.9930426,-0.09485793,0.6633049,0.6638743,0.675190358,1.0122492,0.9847378,1.778094198,1.442489804,284.1233103,8.545290384,0.006863626,3.527334514,100838.5033,322.1447881,119.2781341,57.08285141,1.59757483,8.099998474,10,75,15,1.580000043,15,68,17,1.50999999,90,0.001,12.1771169,1938.745513,1,0,Chalk,sandy loam,sandy loam
2187,Multiannual,611192,315762,52.698314,1.124083,0.71490943,0.7437327,0.8612933,0.845429997,1.0053085,0.78458273,0.18909949,0.33873683,0.5223169,0.724379346,0.99293286,0.54279494,1.890635269,1.581715907,283.6938292,7.324315532,0.00670527,5.307015118,100875.9315,320.4069634,123.0546511,49.16068649,0.270636171,11.5,22,41,37,1.399999976,29,37,34,1.350000024,550,0.015,82.26629255,129.0816302,1001,2054.864502,Chalk,loam,clay loam
2193,Decadal,454192,435973,53.817208,-1.178359,0.72614884,0.7962427,0.86090934,0.841964576,1.0189607,0.8523149,-0.08243537,0.55133194,0.66582924,0.716556539,1.0895575,0.71432287,1.748357068,1.46473096,283.3715879,7.170043959,0.006536102,4.407718699,101337.0233,321.6973021,117.0860937,7.858382702,0.203367621,1.499999523,10,76,14,1.580000043,26,60,14,1.409999967,33,0.01,0.832141737,122.7780159,501,0,Triassic Sandstone,sandy loam,sandy clay loam
2203,Annual,540772,104189,50.820139,-0.002887,0.35503346,0.6811567,0.7512817,0.756686313,0.99537235,0.80055505,0.5551927,0.48118263,0.8202297,0.853670563,0.99824125,0.5133274,2.260843382,1.554081134,284.0531976,6.292935412,0.007003889,4.901283163,100521.4754,321.2116626,128.8202039,58.00866318,10.09917641,4,22,42,36,1.399999976,25,41,34,1.379999995,550,0.015,11.48212811,738.9184317,1,0,Chalk,loam,loam
2212,Multiannual,370175,334735,52.9092,-2.444913,0.800233,0.9101905,0.91332424,0.917517718,1.0156988,1.0175123,0.3204047,0.7040353,0.7376079,0.687801748,0.9833203,1.1358975,2.121960571,1.375003595,283.2182917,7.783296916,0.006558279,3.693393085,100011.2406,322.1216172,114.1817353,96.44641113,5.12498045,6,9,77,14,1.600000024,17,67,16,1.480000019,33,0.01,1.534837739,221.3132577,1001,0,Permian Sandstone,sandy loam,sandy loam
2215,Annual,517205,109505,50.873168,-0.335591,0.78531367,0.7958986,0.8894469,0.901775757,1.0077119,0.8286061,0.90153617,0.85276073,0.95957184,0.947977922,1.0148298,0.85919875,2.568619929,1.503449748,284.137945,6.292935412,0.006977015,4.136709764,100704.6908,321.7698668,125.3579012,34.26308441,4.141681194,3.5,19,37,44,1.409999967,31,31,38,1.330000043,550,0.015,17.89079927,518.8802231,1,0,Chalk,loam,clay loam
2216,Multiannual,550927,167228,51.384032,0.167511,0.6060588,0.81885684,0.8615681,0.856893798,0.9908714,0.88352734,0.654915,0.5551366,0.88857883,0.759992414,0.99584675,0.5693367,1.769715223,1.49625807,283.9741459,8.545290384,0.006821679,4.291572203,100531.4308,321.3968486,119.5279255,76.42666626,3.218298197,4.900001526,11,80,9,1.570000052,19,72,9,1.480000019,90,0.001,13.37942209,1080.084769,1,0,Lower Greensand,sandy loam,sandy loam
2219,Annual,396985,201645,51.713522,-2.045031,0.7464985,0.8758656,0.92812836,0.935810325,1.0167445,0.9001833,0.85642976,0.8191931,0.94502044,0.957473708,1.0070533,0.82789975,2.278094196,1.491114539,283.4204777,7.50607898,0.006679166,4.438635097,99609.403,321.824528,121.4021018,156.5486908,0.170312494,24.69999695,22,42,36,1.399999976,0,0,0,0,184,0.02,3.945638769,182.7978381,251,0,Oolites,loam,
2220,Annual,451945,157315,51.31258,-1.256099,0.77706635,0.87170696,0.887721,0.866098838,1.0105659,0.938838,0.38340634,0.663823,0.865081,0.834043353,1.0721505,0.7006576,2.179299014,1.494973814,283.7184819,8.427272862,0.006757441,4.252300185,100124.429,321.6538674,121.3298727,111.3650436,1.459064126,5.800003052,21,44,35,1.409999967,25,40,35,1.370000005,550,0.015,29.38412761,94.47495101,51,0,Chalk,loam,loam
2222,Annual,600134,281844,52.397998,0.940238,0.6795422,0.7920887,0.8584237,0.881545951,1.0141459,0.848399,0.3141982,0.5176723,0.58746815,0.643437117,1.0029883,0.75010395,1.692661552,1.538137362,283.9349172,8.134556528,0.006731968,4.262201545,101212.0521,321.3147003,122.0681074,37.18890762,0.55653888,13.79999924,19,37,44,1.409999967,31,31,38,1.330000043,550,0.015,74.28312272,63.84862507,5001,3.46503067,Chalk,loam,clay loam
2227,Annual,499018,485246,54.253306,-0.481657,0.62774456,0.63383937,0.7996821,0.804385397,1.0081004,0.693601,0.0433802,0.48584354,0.6733246,0.675405144,1.2920204,0.7309943,2.088554216,1.473066057,282.7766426,6.475027417,0.006441887,4.721637081,100161.863,318.0486529,123.9207802,35.21403503,0.793548107,0,9,77,14,1.600000024,17,67,16,1.480000019,700,0.0005,3.391440428,295.7658695,751,0,Corallian Limestone,sandy loam,sandy loam
2235,Multiannual,592832,163193,51.335117,0.766847,0.7584765,0.8094503,0.876771,0.910049284,0.9847956,0.8554584,-0.49611723,0.8427917,0.92105854,0.882382632,1.1068062,1.0841166,1.504545452,1.471993453,284.3964994,7.604655088,0.006998358,3.704562304,101187.4241,322.9359336,121.5331785,10.02378845,1.270985007,0,24,48,28,1.399999976,34,41,25,1.330000043,90,0.001,26.55093477,618.9551235,251,57959.48828,Chalk,sandy clay loam,clay loam
2239,Multiannual,619194,156126,51.262125,1.14038,0.87843484,0.9285364,0.9415318,0.944072561,1.0041224,0.9591171,0.7939749,0.8803738,0.9284432,0.904781264,1.0113112,0.9048062,1.810295731,1.497658422,284.3701726,6.701862052,0.007062813,3.851570002,100998.3479,322.7324505,125.5525474,29.68446159,1.959919572,13.79999924,22,41,37,1.399999976,29,37,34,1.350000024,550,0.015,36.11804973,483.5087837,1001,7.273854733,Oolites,loam,clay loam
2243,Annual,545079,111760,50.887115,0.061214,0.7433727,0.6815208,0.8929863,0.903718858,1.074868,0.7095324,0.65991616,0.6442441,0.8921276,0.889570826,1.1893932,0.7188313,2.44671413,1.393986449,284.2824181,6.103997887,0.007056984,3.407119551,100942.9273,322.3684698,120.4459119,19.72024155,1.63969934,1,22,41,37,1.399999976,29,37,34,1.350000024,300,0.03,2.859488953,237.2796859,1,0,Chalk,loam,clay loam
2248,Annual,499650,454124,53.973575,-0.482209,0.60719156,0.69785345,0.82279015,0.871884807,1.0416124,0.75884205,-0.10200286,0.609305,0.77618337,0.819504698,1.1293546,0.7070571,1.833296822,1.417708632,283.1785073,6.699781022,0.006539721,3.926745543,100867.8962,320.0852375,119.0226135,22.38609314,0.675480604,1.699998856,24,47,29,1.389999986,34,39,27,1.330000043,550,0.015,15.3004907,111.8957236,51,1818.079468,Chalk,loam,clay loam
2251,Annual,474505,148375,51.229706,-0.934331,0.88729346,0.87276614,0.94802296,0.955077603,0.99228084,0.88412434,0.74932134,0.8465076,0.8843787,0.888580577,0.9868995,0.8999005,2.030777663,1.498885002,283.7390431,8.449890581,0.006766115,4.205089998,100134.6366,321.1760868,122.2139634,117.5660477,1.232910991,10.5,19,37,44,1.409999967,0,0,0,0,550,0.015,24.29377291,208.5131866,251,0,Chalk,loam,
2252,Decadal,462846,432104,53.781466,-1.047721,0.95698833,0.93849397,0.9790375,0.891115378,1.0067999,0.94257796,-1.1619923,0.36839247,0.8191099,0.842274102,0.8242605,0.42093053,1.733570648,1.460072534,283.3999923,7.170043959,0.006549842,4.439617135,101376.7767,321.7240403,116.5060724,3.771609306,1.683170319,1.900000334,10,76,14,1.580000043,26,60,14,1.409999967,33,0.01,9.131873156,362.2701687,51,22263.00977,Triassic Sandstone,sandy loam,sandy clay loam
2257,Annual,488115,109985,50.882645,-0.748793,0.90222305,0.8563032,0.95485675,0.943882629,1.0029242,0.8636099,0.8494493,0.77286065,0.9345454,0.924589781,0.9980934,0.78250456,2.503285864,1.576548501,283.7626215,6.336254195,0.006835463,4.904316619,99985.02589,320.2955938,129.3817652,89.82711792,4.914658546,7,19,37,44,1.409999967,0,0,0,0,550,0.015,20.03826119,211.8743824,1001,2719.436523,Chalk,loam,
2260,Annual,421855,124055,51.015458,-1.689813,0.7419832,0.7912833,0.86187714,0.916915563,0.99696356,0.8435537,0.60332465,0.72642386,0.7979888,0.872005968,1.0217233,0.8167968,2.309529027,1.527798399,283.7687652,8.146276078,0.00682101,4.305580153,100049.9234,321.7641166,126.3875531,89.46980286,2.816470623,5.300003052,19,37,44,1.409999967,0,0,0,0,550,0.015,14.18485584,101.2814631,1,0,Chalk,loam,
2278,Annual,452085,366355,53.191729,-1.221898,0.8470539,0.88046026,0.9213257,0.913598723,1.0033644,0.9100629,0.9274406,0.9188947,0.96374786,0.887857616,0.99951136,0.92744994,2.034611171,1.462649027,282.9071633,7.156845677,0.00641439,4.373887391,99780.23154,319.6829657,117.9785664,121.0346909,6.991698265,10.40000153,22,42,36,1.399999976,25,41,34,1.379999995,260,0.01,1.584291734,805.8989566,2501,0,Magnesian Limestone,loam,loam
2288,Annual,504346,438565,53.832862,-0.415941,0.81108093,0.7199612,0.9217727,0.933428012,1.0248281,0.7322588,0.75597966,0.7360513,0.8843882,0.883154177,0.95904434,0.7662801,1.822891565,1.427709857,283.3304163,6.699781022,0.006581971,3.937190364,101036.5562,320.7968376,118.752203,7.341367245,0.541559398,4.300000668,22,41,37,1.399999976,29,37,34,1.350000024,550,0.015,11.70942987,502.4035376,51,171.7779083,Chalk,loam,clay loam
2289,Annual,528525,112885,50.901143,-0.173602,0.74840707,0.7888113,0.87015903,0.808637874,0.9956453,0.8334982,0.67904204,0.66873944,0.8381933,0.759017708,1.0027056,0.7109594,2.491894851,1.539236859,283.7953252,6.292935412,0.006881362,4.901754345,100013.6183,320.1318519,126.4810659,106.1384659,3.982127428,13.09999847,22,42,36,1.399999976,25,41,34,1.379999995,550,0.015,8.101770267,421.2726028,1,0,Chalk,loam,loam
2291,Annual,432855,195865,51.660608,-1.526404,0.7565243,0.88775533,0.88909423,0.881614042,0.9914816,0.98496187,-0.060186505,0.3620466,0.7860656,0.779143664,0.9962701,1.6010073,1.607338439,1.510605205,283.7836312,7.806790904,0.006756007,4.322719894,100337.9318,322.9128598,120.6794386,98.64048004,3.375640392,8.900001526,22,42,36,1.399999976,0,0,0,0,700,0.0005,12.76770668,154.8219451,51,0,Corallian Limestone,loam,
2294,Multiannual,357765,326565,52.834927,-2.628368,0.8072202,0.8565924,0.91510534,0.922363291,1.0034548,0.8844741,-0.53006124,0.62761366,0.6354604,0.637198561,0.99069446,0.9245334,1.97371303,1.447674983,283.3567702,7.561281574,0.006616051,4.503356799,100208.4278,322.8466756,116.1770154,90.9342804,1.89907074,6.799995422,4,86,10,1.730000019,5,85,10,1.700000048,33,0.01,0.305986809,58.43390808,1001,0,Triassic Sandstone,loamy sand,loamy sand
2315,Annual,518294,107410,50.854115,-0.320797,0.7253561,0.74423337,0.85511917,0.868525811,0.998834,0.78922904,0.054909527,0.8432399,0.85318774,0.806862508,0.9870771,1.0534142,2.356133626,1.52532123,284.2160026,6.292935412,0.007006985,4.134329804,100859.5551,322.0981357,127.5225975,35.32048035,3.320299387,10.20000076,19,37,44,1.409999967,31,31,38,1.330000043,550,0.015,19.23884314,1107.0193,1,0,Chalk,loam,clay loam
2330,Annual,543126,244026,52.076096,0.087037,0.8632435,0.746945,0.9571581,0.951895522,1.0163348,0.7511338,0.6059334,0.5897913,0.79557025,0.890985613,1.0077369,0.6444448,1.415388828,1.480719366,284.0165262,8.084611253,0.006739809,3.710515483,101099.1481,322.4832675,118.5541721,35.62723541,0.789421022,5.400001526,10,82,8,1.590000033,17,75,8,1.5,550,0.015,51.23585498,136.4787972,5001,0,Chalk,loamy sand,sandy loam
2333,Annual,446589,435552,53.814159,-1.293893,0.58104336,0.74534786,0.7741679,0.820550611,0.99814826,0.8823424,0.6466682,0.8286708,0.83009887,0.862392232,0.99847853,1.0220271,1.851259581,1.478164118,283.162334,7.170043959,0.006473551,4.378142159,100901.4795,320.8300797,119.3925273,44.75619507,19.45184708,14.60000038,22,42,36,1.399999976,25,41,34,1.379999995,30,0.14,1.3898982,179.504861,501,0,Magnesian Limestone,loam,loam
2339,Annual,425695,160195,51.340262,-1.6325,0.91504645,0.9304409,0.9566519,0.961454228,0.99962854,0.9456012,0.89297837,0.9104787,0.9528837,0.93757583,0.99043316,0.92448497,2.153395403,1.415647357,283.4934663,8.146276078,0.006704862,3.566340432,99646.03672,321.1035738,119.6325448,154.8286896,0.638451695,18.90000916,19,37,44,1.409999967,0,0,0,0,300,0.03,28.11868795,37.85702016,51,0,Lower Greensand,loam,
2340,Annual,445495,178875,51.506977,-1.345874,0.94644195,0.9584045,0.9740954,0.976125261,0.99333405,0.9681457,0.87190664,0.8898519,0.9471047,0.925905845,0.98758596,0.90418494,1.967853235,1.465366517,283.3883363,7.847316624,0.006644738,4.28162707,99507.93062,320.5582781,119.0745241,159.7948761,5.366020679,4.600006104,22,41,37,1.399999976,29,37,34,1.350000024,550,0.015,27.34095131,58.21754152,51,0,Chalk,loam,clay loam
2342,Annual,503077,116282,50.936779,-0.534398,0.7922957,0.8597946,0.89322186,0.904683399,1.0246556,0.91254854,0.7266116,0.7357992,0.8987658,0.917848435,1.1068388,0.7805948,2.429901422,1.471171546,284.4282873,6.336254195,0.007031379,3.39090521,101343.2916,323.4080394,124.6406609,2.216324329,2.280308962,0.800000012,49,19,32,1.24000001,47,21,32,1.24000001,270,0.0006,7.631057481,143.6334768,1001,54286.46875,Lower Greensand,clay,clay
2343,Annual,486207,434092,53.795991,-0.692726,0.69743276,0.6508813,0.8862507,0.893943876,1.0887884,0.6820996,0.77947235,0.6230098,0.9358779,0.93712003,0.98221844,0.6289306,1.792935377,1.421649105,283.3592575,7.297097527,0.006562774,3.81066972,101267.6494,321.1809503,118.0415304,2.676664114,1.071086884,2.100000143,10,76,14,1.580000043,26,60,14,1.409999967,33,0.01,5.161533992,91.33495005,51,0,Triassic Sandstone,sandy loam,sandy clay loam
2344,Multiannual,295544,79377,50.60473,-3.477457,0.94881254,0.90572304,0.9778211,0.973793651,0.9932942,0.90861523,-0.3448186,0.8182487,0.8888374,0.851876022,0.9375552,1.1295276,2.538280397,1.442791939,284.4757622,7.064950844,0.007200691,4.015960674,100991.7327,326.6703016,123.0346094,30.56669998,4.897844791,17.09999847,4,87,9,1.730000019,4,88,8,1.74000001,30,0.14,7.707242438,462.8420523,51,0,Permian Sandstone,sand,sand
2353,Annual,451705,146905,51.219005,-1.261044,0.94185585,0.976253,0.9772668,0.972758836,0.9931722,0.99929136,0.84127927,0.9298885,0.94815207,0.924524028,0.9900939,0.9538567,2.122343923,1.407255429,283.7513371,8.427272862,0.006778625,3.487355235,100143.709,321.6005683,118.7719334,111.677948,2.228256464,4.900001526,24,48,28,1.399999976,34,41,25,1.330000043,550,0.015,37.16303417,91.23944314,1,0,Chalk,sandy clay loam,clay loam
2355,Multiannual,444065,460750,54.040836,-1.328601,0.80317265,0.8792735,0.9023679,0.902494909,0.99239993,0.9293963,-0.26639128,0.5485058,0.5981529,0.513966192,1.0293312,0.7962734,1.920262871,1.45787298,283.0213917,7.298685801,0.006429433,4.369330129,100620.1434,320.0948857,118.0893712,37.49137878,4.240950584,16.30000114,22,41,37,1.399999976,29,37,34,1.350000024,33,0.01,4.017310078,69.06395032,251,149.4469452,Triassic Sandstone,loam,clay loam
2369,Multiannual,478541,185540,51.563273,-0.868327,0.75844014,0.87427056,0.877182,0.868033255,1.0041183,0.97341865,0.31836212,0.75102735,0.8137194,0.775511731,0.96851057,0.8378444,1.807174146,1.401939841,284.1396768,8.154764635,0.006839538,2.730082387,101066.056,323.6310754,120.5287836,37.57532883,1.245411038,2.799999237,24,48,28,1.399999976,34,41,25,1.330000043,550,0.015,8.094516639,246.7183805,251,0,Chalk,sandy clay loam,clay loam
2370,Multiannual,486565,194065,51.638732,-0.750497,0.7130413,0.8297261,0.84923947,0.826450125,1.0090485,0.9213728,0.42079598,0.72990143,0.73913807,0.73695276,0.98711145,1.0688386,1.968072289,1.45992144,283.7663293,8.154764635,0.006718899,3.493452741,100350.4389,321.8431097,121.322826,76.75639343,1.690615535,1.300003052,24,48,28,1.399999976,34,41,25,1.330000043,550,0.015,19.79965949,1440.661222,51,3639.177979,Chalk,sandy clay loam,clay loam
2373,Decadal,436244,104992,50.84332,-1.486587,0.80500996,0.8982661,0.9074038,0.87295118,1.0004154,1.0421407,0.33682173,0.43422425,0.6836773,0.705571528,1.008287,0.5309886,2.458159909,1.469397507,284.3976278,6.406078896,0.00702187,3.486438026,101257.315,323.9865072,123.9995512,25.37182426,1.173018575,17.70000076,24,47,29,1.389999986,34,39,27,1.330000043,75,0.05,36.79524652,104.2194398,251,0,Chalk,loam,clay loam
2381,Annual,425435,318985,52.767858,-1.624459,0.67394626,0.72290117,0.82318187,0.813061131,0.9950795,0.7867064,0.57179743,0.710513,0.7608297,0.710148002,1.0028466,0.8369312,1.911062434,1.425513122,283.5523845,7.60476465,0.00662009,3.600252444,100639.7875,323.0247497,116.3494874,61.43367386,2.124005556,4.400001526,49,19,32,1.24000001,47,21,32,1.24000001,33,0.01,1.805660524,922.3246688,501,0,Triassic Sandstone,clay,clay
2392,Annual,571054,271742,52.317121,0.508146,0.107197106,0.885125,0.8883867,0.891597466,0.9811843,1.0196158,-0.36119986,0.79034716,0.8115001,0.783357004,0.98144805,1.0898795,1.461445782,1.507056447,284.0217455,8.134556528,0.006739111,3.957699941,101339.0023,322.211301,119.7676707,34.80934143,0.31717661,22.39999771,5,90,5,1.710000038,8,87,5,1.629999995,550,0.015,53.24815959,183.1385112,5001,3529.386475,Chalk,sand,loamy sand
2394,Annual,636652,321368,52.738098,1.504184,-0.4341123,0.35528886,0.74735606,0.715535763,1.5372319,0.74858576,0.26721388,0.5463886,0.6552935,0.690017194,1.1725899,0.76093453,1.736089811,1.596334079,283.8940345,6.690909165,0.006808037,5.676589352,101358.3158,321.1007063,123.9360666,0.907875061,0.751974642,1.299999952,32,35,33,0.230985165,25,52,23,0.237838149,400,0.075,108.2601082,96.36836838,1001,0,Crag,clay loam,sandy clay loam
2397,Annual,438155,153555,51.279862,-1.45434,0.8957756,0.9118411,0.9469488,0.930082442,0.97117174,0.9357626,0.8014425,0.71592426,0.9373938,0.956472207,0.8343795,0.77785325,2.22502738,1.460143763,283.730102,8.427272862,0.006771894,3.524396277,100133.4129,321.8679031,123.5853042,100.5672379,0.412538797,0,19,37,44,1.409999967,0,0,0,0,550,0.015,38.06869705,136.5563096,1,0,Chalk,loam,
2404,Annual,416055,195785,51.660616,-1.769283,0.66891426,0.53052163,0.88654613,0.86805974,0.9987177,0.5444397,0.6690475,0.5355009,0.90430546,0.912842667,1.0506322,0.54829526,1.803943043,1.447080873,283.8679656,7.806790904,0.006795535,3.615653865,100510.3019,323.5874938,119.5895232,75.05867004,0.828880608,1.400001526,19,45,36,1.419999957,27,39,34,1.360000014,0.1,0.06,3.420491621,144.6632773,251,0,Oolites,loam,loam
2424,Annual,498163,462247,54.04684,-0.502253,0.854858,0.8299613,0.93530446,0.949734352,0.9818326,0.84380287,0.75566727,0.7455081,0.9025489,0.885856224,0.9630392,0.7678293,2.121686747,1.479049397,282.8246118,6.475027417,0.006443898,4.687147285,100053.3643,318.3967806,123.1635295,49.11093903,3.036060095,1.200000763,19,37,44,1.409999967,0,0,0,0,550,0.015,10.86651884,47.61963702,51,0,Chalk,loam,
2431,Annual,639783,303318,52.574768,1.537357,0.6202073,0.79624635,0.827029,0.810520584,1.1026316,0.9673862,0.49781108,0.58321285,0.705683,0.723847304,1.007386,0.70498776,1.721029575,1.630920673,284.0003898,6.690909165,0.006811589,5.613945951,101369.2925,321.2661142,125.0852522,-0.065390624,0.380874068,1.100000143,22,41,37,1.399999976,29,37,34,1.350000024,400,0.075,110.1888252,108.9716568,1001,0,Crag,loam,clay loam
2444,Multiannual,506708,198436,51.674562,-0.458194,0.8918793,0.92863685,0.9472358,0.951935708,0.9957265,0.9521427,0.33985978,0.84418225,0.84480584,0.876840266,0.9866037,0.99619657,1.791511501,1.531322858,283.8153196,7.941128241,0.006723126,4.264649342,100445.252,321.7528476,121.3529812,84.57028198,2.013576269,5.899993896,24,48,28,1.399999976,34,41,25,1.330000043,550,0.015,32.9503063,1622.134049,101,0.034427084,Chalk,sandy clay loam,clay loam
2455,Annual,454665,133425,51.09753,-1.220709,0.85802364,0.90257734,0.92953587,0.944701246,1.0052415,0.93293065,0.6887166,0.7817101,0.86481607,0.848425067,1.0127755,0.82908493,2.222672503,1.474405666,284.0438206,8.427272862,0.006878749,3.469164492,100684.4032,322.6640924,124.5814326,62.84127045,1.593666434,0,22,41,37,1.399999976,29,37,34,1.350000024,550,0.015,46.11903811,85.22058816,1,0,Chalk,loam,clay loam
2464,Annual,570641,279452,52.386497,0.506009,0.16039896,0.8283066,0.9206121,0.909271078,1.1418692,1.0552267,-0.60612607,0.7599594,0.8559171,0.834537868,1.177104,1.0741268,1.496276012,1.513753918,284.0650139,8.134556528,0.006752572,3.987241915,101497.4315,322.4946888,120.0339088,3.254648447,2.514088154,2.5,10,76,14,1.580000043,26,60,14,1.409999967,550,0.015,48.42742845,186.5909275,5001,0,Chalk,sandy loam,sandy clay loam
2465,Annual,444115,192935,51.633496,-1.363995,0.45338917,0.77159965,0.7724663,0.802977717,1.0196956,0.99731606,0.30487794,0.4451347,0.5752463,0.608323338,0.9907707,0.6431074,1.594852135,1.447798001,283.9657729,7.847316624,0.006802175,3.537903015,100747.0579,323.5278847,119.126946,61.22138214,0.544545591,0.700000763,51,17,32,1.220000029,52,19,29,1.230000019,0.1,0.02,17.52811174,242.9930421,51,0,Corallian Limestone,clay,clay
2468,Annual,430555,152655,51.272226,-1.563376,0.9109681,0.920741,0.95758367,0.958722661,0.991489,0.93358934,0.8135134,0.86887777,0.9039602,0.894686523,0.9946339,0.9108901,2.142771083,1.449740838,283.5373576,8.146276078,0.006721161,3.545766836,99697.8519,321.0793522,123.1575672,145.406601,6.322039127,5.099990845,19,37,44,1.409999967,0,0,0,0,550,0.015,31.88949767,132.2936046,1,0,Chalk,loam,
2478,Annual,400360,134540,51.110151,-1.996228,0.7182232,0.70855904,0.8543972,0.90112991,1.0005769,0.7475378,0.6179879,0.5473737,0.8245716,0.875077724,1.0018398,0.5827568,2.183515883,1.497996515,283.4870735,8.146276078,0.006744114,4.388805792,99514.2911,321.0304116,124.6997333,168.6642303,0.849621117,52.20000458,19,37,44,1.409999967,19,37,44,1.088913918,550,0.015,1.669654283,43.28357043,51,0,Lower Greensand,loam,loam
2481,Multiannual,438380,473342,54.154453,-1.413814,0.60598254,0.8217807,0.82978266,0.864999438,1.045704,0.9735566,0.27431893,0.6028172,0.88330334,0.810573397,1.0678184,1.3735512,1.890909089,1.449889312,283.0877805,7.298685801,0.006441884,4.349165189,100863.5599,320.4153214,117.1696596,27.16055107,0.930552006,4.100000381,9,78,13,1.600000024,23,64,13,1.429999948,33,0.01,1.486411827,57.90722384,251,0,Triassic Sandstone,sandy loam,sandy clay loam
2483,Multiannual,383595,302455,52.619602,-2.243743,0.7241889,0.8536191,0.8884615,0.869557572,0.99412215,0.9053864,-0.42664647,0.41111827,0.53550625,0.5742575,1.0020052,1.3619751,1.942716322,1.433730757,283.13246,7.783296916,0.006542736,4.445358824,99604.36885,321.4678638,115.1669922,151.5157013,1.65011847,24,9,78,13,1.600000024,23,64,13,1.429999948,33,0.01,0.429335683,368.5004364,251,0,Triassic Sandstone,sandy loam,sandy clay loam
2486,Multiannual,453405,77205,50.592137,-1.246882,0.3035125,0.6137991,0.68211675,0.645835189,0.9934048,0.78078085,0.28160524,0.27863652,0.53943175,0.512903449,1.000281,0.44480583,2.374644028,1.542043514,283.7953453,6.406078896,0.0068826,4.926183126,99983.47133,320.0591582,128.0184391,108.899231,2.791321516,0,19,37,44,1.409999967,0,0,0,0,300,0.03,67.74649815,258.2615157,251,0,Unallocated to aquifers,loam,
2491,Annual,562481,159882,51.314847,0.330054,0.7264284,0.81771755,0.88133174,0.891823663,0.99508107,0.86172444,0.61109114,0.60381603,0.8584626,0.845267586,0.99514073,0.6299943,1.92212486,1.492074207,283.8333467,8.545290384,0.006807639,3.555215094,100197.8235,320.5217537,126.0903922,120.0963287,3.44813776,57.20000458,9,77,14,1.600000024,17,67,16,1.480000019,550,0.015,12.98471772,289.9344419,251,40507.78516,Chalk,sandy loam,sandy loam
2494,Decadal,439560,562024,54.951286,-1.383856,0.19756985,0.6222935,0.686883,0.656003756,0.9951178,0.78882504,0.013404727,0.64038324,0.6431116,0.587523939,1.0035747,1.0440739,1.728094194,1.461086727,282.6238785,6.11478648,0.006303325,5.101655345,100260.716,317.5850195,118.0647564,31.12601089,0.535960197,11.59999847,19,37,44,1.409999967,31,31,38,1.330000043,260,0.01,5.429233044,2648.685736,1,0,Magnesian Limestone,loam,clay loam
2498,Annual,416839,198800,51.687701,-1.757804,-0.11888397,0.6079554,0.64855707,0.636096973,1.1414402,1.1009119,0.31631708,0.70082694,0.74211097,0.740182047,1.0607646,1.1389514,1.847535596,1.448542124,283.8579518,7.806790904,0.006789439,3.61356057,100506.9366,323.5650375,119.6524138,76.9644165,0.379564047,4.5,11,80,9,1.570000052,19,72,9,1.480000019,0.1,0.06,2.943254128,138.4750945,51,0,Oolites,sandy loam,sandy loam
2500,Annual,514712,438877,53.833483,-0.25839,0.6286208,0.65453863,0.79645693,0.820470102,0.9996695,0.7208703,0.55576104,0.53603476,0.77934223,0.620810337,1.0156131,0.5921644,1.776560788,1.466407223,283.2903892,6.699781022,0.006588013,4.769910422,100968.9833,320.487716,119.0703461,15.94976616,0.792347431,4.499999046,19,37,44,1.409999967,31,31,38,1.330000043,550,0.015,21.32580878,87.39025623,51,0,Chalk,loam,clay loam
2506,Annual,431325,323985,52.812495,-1.536689,0.37207192,-0.025807023,0.83093977,0.837574847,2.0100384,0.9405088,0.033114254,-0.12759256,0.5878531,0.590646301,2.03028,0.79964983,1.987897044,1.435392377,283.3356987,7.60476465,0.006553209,4.352139235,100242.3445,321.9298582,112.7487864,114.8409348,3.787432194,48.5,20,42,38,1.409999967,20,45,35,1.419999957,33,0.01,3.037430847,554.2252628,1001,0,Triassic Sandstone,loam,loam
2509,Annual,410546,207983,51.770418,-1.848561,0.8221842,0.84801036,0.90717447,0.926174906,1.0007833,0.8796525,0.49603105,0.75986356,0.8329903,0.883963456,0.93386704,0.84062785,2.101533414,1.477181248,283.4250981,7.806790904,0.006661729,4.390818121,99691.10379,321.7331428,119.5679268,120.9997177,3.640845537,4,48,23,29,1.25,45,26,29,1.25999999,184,0.02,2.339796804,36.68648793,51,0,Oolites,clay,clay
2519,Annual,403295,165405,51.387675,-1.954029,0.7870502,0.8164044,0.88790894,0.914586715,0.99841547,0.85460275,0.8477695,0.80772674,0.92738223,0.932458505,1.0034634,0.82200116,2.14474261,1.479367554,283.3081649,8.146276078,0.006664963,4.399580887,99295.35983,320.6806134,122.0894649,184.4878845,1.971729875,6.600006104,19,37,44,1.409999967,0,0,0,0,550,0.015,6.04778866,189.4197458,51,0,Chalk,loam,
2520,Annual,604500,329600,52.825103,1.033826,0.6334647,0.66741335,0.9425131,0.945656177,0.72850364,0.8167038,0.45079458,0.5504006,0.8386235,0.793938406,0.8030634,0.62944466,1.91374589,1.561117573,283.5356857,7.324315532,0.00667168,5.291449191,100706.9584,319.9463236,123.0640906,56.25632858,1.813757181,3,19,45,36,1.419999957,27,39,34,1.360000014,550,0.015,77.54304118,59.00905501,1001,0,Chalk,loam,loam
2524,Annual,624590,299160,52.543931,1.310742,-3.3531623,0.69515777,0.75859296,0.771114089,1.1827596,0.9646421,-5.1240296,0.69625163,0.8022777,0.784346452,1.1675167,1.1584628,1.762595838,1.533880307,283.8811218,7.324315532,0.006753165,4.630454825,101077.0462,320.8671774,120.5425286,17.89951515,5.895463943,4.799999237,22,41,37,1.399999976,29,37,34,1.350000024,550,0.015,95.17043434,146.1386001,1001,27.28352356,Chalk,loam,clay loam
2526,Annual,414395,196255,51.664887,-1.793262,0.57079095,0.5630046,0.82398623,0.798306937,1.108771,0.6150948,0.6560652,0.58716464,0.8993839,0.908904484,1.1065005,0.61403877,1.820481924,1.448942286,283.8651215,7.806790904,0.006794896,3.619179072,100510.1261,323.6030817,119.7520559,75.68082428,1.656574607,0.799995422,22,42,36,1.399999976,25,41,34,1.379999995,0.1,0.06,1.768421178,116.5681482,251,0,Oolites,loam,loam
2528,Annual,430255,326405,52.83431,-1.55234,0.33136338,0.6566968,0.6909745,0.673911252,1.0631886,0.8644756,0.33323324,0.6252039,0.65264547,0.703614415,1.0381701,0.8645037,1.987130343,1.422413042,283.5426748,7.60476465,0.006611365,3.596839711,100677.0895,322.9325967,115.909857,53.50531006,1.748666525,0.099998474,20,42,38,1.409999967,20,45,35,1.419999957,33,0.01,1.426338326,487.6717723,1001,0,Triassic Sandstone,loam,loam
2531,Multiannual,463715,188625,51.592875,-1.081621,0.8897139,0.8772782,0.94593984,0.952737889,1.005579,0.88996845,0.2797398,0.8963385,0.9095217,0.895610499,0.9505597,1.0107259,1.66621029,1.433250735,283.8085395,7.847316624,0.006747565,3.502894728,100397.48,322.3816408,118.5495722,95.85798645,1.053905606,31.40000153,19,37,44,1.409999967,0,0,0,0,550,0.015,12.67024903,185.7462529,251,0,Chalk,loam,
2538,Annual,275648,101592,50.800503,-3.765972,0.9328682,0.9222859,0.9671314,0.970091175,0.9952678,0.92973876,0.73428106,0.9081578,0.9534759,0.95518568,1.0433972,0.9337651,2.345454543,1.518794137,283.9657654,6.870865304,0.007060209,4.937583284,99715.87765,324.7317468,128.5174598,104.6334076,4.224610806,5.900001526,20,42,38,1.409999967,20,45,35,1.419999957,30,0.14,5.991383986,39.89234852,51,524.0836792,Unallocated to aquifers,loam,loam
2539,Annual,506461,436432,53.81327,-0.384555,0.5916912,0.5915107,0.78546566,0.776935398,0.9432386,0.65704757,-2.7511475,0.46518147,0.6220061,0.591585934,0.69991,1.2304302,1.791018618,1.473671173,283.3490638,6.699781022,0.006589287,4.703956366,101058.6617,320.8653382,118.8770112,1.291132808,0.289288759,0,22,39,39,1.389999986,28,37,35,1.350000024,550,0.015,12.72333205,1218.50974,51,4925.585449,Chalk,loam,clay loam
2540,Annual,453505,133675,51.099887,-1.237237,0.8940247,0.9508624,0.9524922,0.944583894,0.99613154,1.0119406,0.8455652,0.93094957,0.9316957,0.909737674,0.99605817,1.0093261,2.229189491,1.473746486,284.0292671,8.427272862,0.006874714,3.471316122,100655.0993,322.6128645,124.5359651,69.81135559,4.05661869,4.100006104,22,41,37,1.399999976,29,37,34,1.350000024,550,0.015,44.98654816,89.96316426,1,0,Chalk,loam,clay loam
2543,Annual,427075,323175,52.805443,-1.599808,0.6087495,0.610477,0.79223555,0.788955818,1.0021224,0.6705198,0.22409219,0.3523503,0.55491644,0.652066259,1.009961,0.52962667,1.90958379,1.451996845,283.4493338,7.60476465,0.006588462,4.354485357,100462.8902,322.537082,113.8929026,101.9042206,3.925672054,41.30000305,19,45,36,1.419999957,27,39,34,1.360000014,33,0.01,1.244826232,1310.720598,501,0,Triassic Sandstone,loam,loam
2544,Multiannual,374055,228235,51.951988,-2.378916,0.41402817,0.62058413,0.72406447,0.701456233,0.9934669,0.739668,0.003484488,0.106708765,0.43965793,0.437293588,1.0106137,0.30439028,1.967305589,1.524527973,283.8247727,7.50607898,0.006803664,4.529256465,100576.4143,324.3085305,122.3840133,70.72022247,4.081654549,25.19999695,22,41,37,1.399999976,29,37,34,1.350000024,33,0.01,0.639913642,110.4090967,101,0,Triassic Sandstone,loam,clay loam
2545,Annual,453075,83865,50.652054,-1.250592,0.77890235,0.8562616,0.89257014,0.892786512,1.0124515,0.9053211,0.539382,0.79331553,0.83223975,0.88135052,1.0351845,0.88451624,2.370536691,1.467583024,284.3989013,6.406078896,0.007053495,3.42378526,101214.2821,323.0950523,125.9478931,23.27742577,2.773114443,7.699998856,10,75,15,1.580000043,15,68,17,1.50999999,270,0.0006,63.50615585,284.7290463,251,0,Lower Greensand,sandy loam,sandy loam
2547,Multiannual,461655,400955,53.501673,-1.071957,0.7916901,0.8291891,0.9044856,0.864657609,0.9924511,0.8585927,-12.81687,-0.02405262,-0.008271683,-0.005305773,0.972172,1.1769208,1.718455637,1.484469514,283.4849328,7.156845677,0.006573488,4.416741106,101255.7676,322.2346262,117.7030018,20.62575722,1.891179442,15,51,17,32,1.220000029,52,19,29,1.230000019,33,0.01,2.186156691,1168.401817,2501,0,Triassic Sandstone,clay,clay
2552,Annual,476095,149065,51.235699,-0.911418,0.7362213,0.72764266,0.86446154,0.851643831,0.9973787,0.7637779,0.6450274,0.6891397,0.9048054,0.915941831,0.9750512,0.705128,2.00618839,1.461859296,283.7742249,8.449890581,0.006775022,4.204915258,100209.1415,321.3442278,118.3471602,124.0067291,0.71415025,16.19999695,19,37,44,1.409999967,0,0,0,0,550,0.015,22.56261562,252.0755902,251,0,Chalk,loam,
2555,Multiannual,549574,154977,51.27431,0.142944,0.7890845,0.86250645,0.9080421,0.90533431,1.0446821,0.9080675,0.5723201,0.8666856,0.8819934,0.866743509,1.0607468,0.98747104,2.080887185,1.418830613,283.9384708,8.545290384,0.006836572,3.505175423,100415.311,321.1295309,119.0851111,94.48511505,5.385023594,4.199996948,10,75,15,1.580000043,15,68,17,1.50999999,270,0.0006,8.680010536,350.8713187,1,17.67124939,Lower Greensand,sandy loam,sandy loam
2560,Multiannual,646877,261150,52.193263,1.61079,0.2958973,0.6980038,0.7189733,0.660145497,1.0095112,1.1101656,-1.9296587,0.1422292,0.15662757,0.200275071,0.97222453,1.1540273,1.588554214,1.655437533,284.17139,6.899069073,0.006831279,5.456116573,101329.1868,321.3749165,125.0299094,6.95780468,1.020313501,0,5,89,6,1.700000048,5,89,6,1.700000048,400,0.075,123.8133574,203.8535468,2501,9452.5,Crag,sand,sand
2561,Multiannual,361515,315975,52.740015,-2.571457,0.74274474,0.7518882,0.864947,0.884410644,1.0013608,0.79187137,-0.08462727,0.7340164,0.8002393,0.815574891,1.1240897,0.8757258,1.757283681,1.431061755,283.5699052,7.561281574,0.006680026,3.747394469,100567.2869,323.787839,118.1030891,55.62187195,0.211372629,0,9,78,13,1.600000024,23,64,13,1.429999948,30,0.14,0.36470015,215.3767824,1001,0,Permian Sandstone,sandy loam,sandy clay loam
2564,Annual,453855,151155,51.257019,-1.229624,0.9433686,0.92232126,0.97254,0.96453742,1.0037153,0.92743236,0.85955477,0.928505,0.9436578,0.933264978,1.0159595,1.0410178,2.053066815,1.452869688,283.7555566,8.427272862,0.006773654,3.487462132,100172.4812,321.6815318,122.7472042,102.1416245,2.164087296,0,22,42,36,1.399999976,25,41,34,1.379999995,550,0.015,32.49136488,118.0646434,1,57.37416077,Chalk,loam,loam
2566,Annual,444394,464878,54.077906,-1.322974,0.6863097,0.71790075,0.8312956,0.878199229,0.9930689,0.7740133,0.56561744,0.675586,0.8432385,0.905750414,1.0658901,0.7237249,1.852738228,1.404066307,283.2082762,7.298685801,0.006480853,3.61804701,101037.2994,320.9396276,116.7078914,14.07970333,0.598420024,2.199999809,51,17,32,1.220000029,52,19,29,1.230000019,33,0.01,3.93617531,73.2324867,251,44618.38672,Triassic Sandstone,clay,clay
2567,Annual,448650,142050,51.175621,-1.305439,0.933486,0.9120505,0.9674207,0.967123879,1.0001804,0.91830814,0.8903061,0.84958625,0.9547875,0.943527844,0.9922926,0.8567502,2.098028477,1.458633637,283.911477,8.427272862,0.006831383,3.490609413,100451.9564,322.3329311,123.098243,81.78151703,1.94844079,0,22,41,37,1.399999976,29,37,34,1.350000024,550,0.015,41.88128668,73.48046574,1,587.9335327,Chalk,loam,clay loam
2572,Multiannual,617322,154311,51.246545,1.112489,0.6860752,0.8430899,0.8508639,0.857494606,0.99606574,0.95138335,0.75528914,0.6936478,0.8922696,0.866641045,0.9976913,0.713225,2.017031768,1.497969318,284.2236687,6.701862052,0.007022947,3.828464625,100700.5672,322.0589112,126.4859774,52.18128586,10.34893322,21.59999847,9,77,14,1.600000024,17,67,16,1.480000019,550,0.015,33.51306032,513.6045555,1001,0,Lower Greensand,sandy loam,sandy loam
2577,Annual,409715,340005,52.957321,-1.856825,0.49286824,0.6540339,0.70953524,0.794178014,1.0004023,0.8120583,0.38328147,0.7076832,0.71751976,0.742903156,1.0021882,1.075164,2.290744798,1.420679007,283.1128838,7.60476465,0.006495007,3.606953952,99911.23085,321.2256723,117.9722602,127.7371521,3.707337141,39.59999847,19,37,44,1.409999967,31,31,38,1.330000043,33,0.01,0.523528838,81.77948186,51,0,Triassic Sandstone,loam,clay loam
2580,Multiannual,566495,168737,51.39324,0.391738,0.6010326,0.7922719,0.79511106,0.778981784,0.9993918,0.9657794,0.41972077,0.41955978,0.67023987,0.738918344,0.99876237,0.5223316,1.714950712,1.488695984,283.8688102,8.545290384,0.006800327,4.350412975,100296.8277,320.7020517,119.4487513,92.56843567,4.033759117,15.90000153,22,42,36,1.399999976,25,41,34,1.379999995,90,0.001,21.40617466,910.9085275,251,0,Chalk,loam,loam
2595,Annual,424635,102875,50.824892,-1.651608,0.6779498,0.70936596,0.90414244,0.890401815,1.0034494,1.2743546,-0.36434972,0.3552407,0.6963762,0.750376652,1.0130178,1.568656,2.427601311,1.498619858,284.1776785,7.617962865,0.006963263,4.273457937,100771.3954,323.0917028,122.8939827,52.04152298,3.238246918,21.69999886,4,87,9,1.730000019,4,88,8,1.74000001,75,0.05,30.94357282,105.0074133,251,0,Chalk,sand,sand
2603,Annual,405684,205445,51.747669,-1.919062,0.750332,0.7498605,0.8703032,0.88569648,0.9990782,0.7861133,0.7548247,0.74586964,0.87888026,0.88075919,0.9713375,0.7784362,2.183187294,1.512422413,283.4383493,7.806790904,0.00667253,4.406884291,99699.71584,321.8316922,122.8769686,118.9909973,2.108321905,0,49,19,32,1.24000001,51,18,31,1.230000019,184,0.02,1.247910415,149.1301947,51,0,Oolites,clay,clay
2604,Multiannual,395495,320105,52.7785,-2.068218,0.7853404,0.8462386,0.9006006,0.905150543,0.98983204,0.8831291,-0.9767482,0.55023324,0.7456951,0.743132656,0.97103167,1.36984,2.042825846,1.465528685,283.2407036,7.783296916,0.006552061,4.399171772,99965.34909,321.9342847,117.412109,115.292244,0.391160339,24,22,41,37,1.399999976,29,37,34,1.350000024,33,0.01,1.240848926,642.0853071,251,0,Triassic Sandstone,loam,clay loam
2612,Annual,426165,166655,51.398325,-1.62528,0.86987275,0.8784144,0.93446124,0.920321087,0.996881,0.8976384,0.8177742,0.817842,0.93091416,0.952851309,0.9903038,0.831731,2.10071194,1.487707533,283.4993658,8.146276078,0.00670084,4.322768691,99686.24474,321.2172591,121.435826,155.1258392,4.08655405,14.8999939,24,48,28,1.399999976,34,41,25,1.330000043,550,0.015,28.66964427,44.7342133,51,0,Chalk,sandy clay loam,clay loam
2616,Multiannual,375575,297515,52.57489,-2.361838,0.37336975,0.8203232,0.84594166,0.8354134,1.0180045,1.0906997,-6.2667694,0.7863303,0.8030575,0.782784182,1.058398,1.0588121,1.849890467,1.446785472,283.6035381,7.783296916,0.006688731,3.720098765,100513.7876,323.7475688,119.128296,70.78164673,1.221858621,4.799995422,5,90,5,1.710000038,8,87,5,1.629999995,33,0.01,2.982788278,66.32300606,1001,0,Triassic Sandstone,sand,loamy sand
2622,Annual,546635,103913,50.816205,0.08018,0.57446456,0.80074936,0.80491686,0.774375224,1.001445,1.0405153,0.45225054,0.6409863,0.83836466,0.69234028,1.0066144,0.6794999,2.105421693,1.465490779,284.1205667,6.103997887,0.007040252,4.152099829,100608.7208,321.5220044,125.488779,40.32903671,1.041985393,0,22,42,36,1.399999976,25,41,34,1.379999995,550,0.015,9.294624018,429.2519007,1,0,Chalk,loam,loam
2627,Annual,506055,345905,52.999965,-0.421127,0.38699764,0.68177223,0.71288395,0.781042181,0.91733515,0.8904613,0.3487122,0.70178473,0.736251,0.784448399,0.90939194,0.89436936,1.705202624,1.50136089,283.6816119,7.961938764,0.006641017,4.527837201,101250.2325,322.4006122,117.1110236,15.26543808,0.957268178,1.699999809,54,22,24,1.230000019,44,34,22,1.279999971,184,0.02,5.206250411,290.7978134,751,35.31599426,Oolites,clay,clay
2630,Multiannual,384785,267505,52.30544,-2.22456,0.7901708,0.849959,0.89015937,0.903567664,1.0088005,0.89816856,0.48495573,0.6807111,0.75541484,0.769307069,0.95994055,0.7987088,1.889266155,1.505076097,283.7261073,7.772891658,0.006735407,4.46804595,100583.7074,324.05771,119.6314396,54.59759521,0.964940548,12.20000076,19,45,36,1.419999957,27,39,34,1.360000014,33,0.01,0.633326991,172.2133161,1001,0,Triassic Sandstone,loam,loam
2636,Annual,550027,248528,52.114717,0.189636,0.7887976,0.8637364,0.91000235,0.904503938,1.0449433,0.9080875,0.15664709,0.6178346,0.65239173,0.655107835,1.0914925,0.8702023,1.446276014,1.491096682,284.0683106,8.084611253,0.00675297,3.750886696,101226.2434,322.644237,119.0255481,23.53162956,1.555488467,2.5,8,76,16,1.610000014,8,76,16,1.116897106,550,0.015,52.56990194,215.3698737,5001,0,Chalk,sandy loam,sandy loam
2642,Multiannual,529260,229430,51.948347,-0.120671,0.8688216,0.8505532,0.9366006,0.93119816,0.9950322,0.86475927,0.78277165,0.72195476,0.9142872,0.891981733,0.9898448,0.73569137,1.596878423,1.480041246,283.6605164,7.941128241,0.00664743,3.618407257,100293.8759,320.9284345,121.1655029,107.2390289,3.935944796,13.5,49,19,32,1.24000001,51,18,31,1.230000019,550,0.015,42.88239833,234.2900812,101,0,Chalk,clay,clay
2643,Multiannual,430185,500446,54.39858,-1.536567,-0.2525885,0.4579093,0.47537065,0.523358602,1.0417111,1.1299547,-8.608963,0.2142942,0.29465377,0.306970485,0.76629674,1.2553587,1.816374588,1.426269377,282.8918949,6.891018672,0.006376816,4.310967044,100716.3693,319.4589384,116.4949099,39.95726776,1.276362658,4.200000763,19,37,44,1.409999967,31,31,38,1.330000043,33,0.01,3.836485527,70.0254192,251,0,Triassic Sandstone,loam,clay loam
2649,Annual,521730,110030,50.876952,-0.271136,0.8209963,0.8564168,0.906519,0.934268506,0.9991153,0.89102024,0.7388491,0.7086055,0.8731755,0.905560778,0.9973863,0.7376656,2.494797373,1.371162569,283.796874,6.292935412,0.006877616,4.894833199,100016.2217,320.1485509,110.503099,141.5724945,7.221812725,24.1000061,19,37,44,1.409999967,0,0,0,0,550,0.015,14.91919878,650.0079087,1,0,Chalk,loam,
2660,Multiannual,557260,249241,52.119114,0.295508,0.69488764,0.8290578,0.897136,0.901272121,0.9833048,0.8644958,0.6631219,0.66054344,0.9065776,0.871614004,0.98537606,0.6739802,1.57201533,1.523018476,283.6361726,8.084611253,0.006629488,4.552725112,100343.854,320.4380453,118.3851027,89.71354675,2.531382799,11.29999542,9,77,14,1.600000024,17,67,16,1.480000019,550,0.015,56.7414724,81.71491049,5001,0,Chalk,sandy loam,sandy loam
2662,Annual,572421,301015,52.579599,0.543286,0.8434436,0.8855482,0.91901296,0.92756291,0.9881476,0.9200024,0.83416486,0.8041319,0.9270669,0.945488301,0.95990807,0.8226944,1.715717412,1.5120674,283.952721,7.787020949,0.006730563,4.08635179,101304.4845,322.1390631,119.983939,7.143085957,2.605255127,6.300000191,5,90,5,1.710000038,8,87,5,1.629999995,550,0.015,43.01279393,41.37559212,5001,0,Chalk,sand,loamy sand
2666,Annual,452525,380175,53.315898,-1.213038,0.7918176,0.7859795,0.90482295,0.901916628,1.0274839,0.8102881,0.7665339,0.8894618,0.8990476,0.783744157,1.0340064,0.97048974,1.88625411,1.472521235,283.038288,7.156845677,0.006448783,4.381213265,100165.915,320.2863917,118.4471557,95.50093079,1.832235217,12.8999939,22,42,36,1.399999976,25,41,34,1.379999995,260,0.01,1.493167791,437.9721556,2501,0,Magnesian Limestone,loam,loam
2669,Multiannual,453525,174395,51.465997,-1.230862,0.60013497,0.77670455,0.83255655,0.872170106,1.1353807,0.94087565,0.32306224,0.5918131,0.81682086,0.852561746,1.0474491,1.3616853,1.890744796,1.473387391,283.8529947,8.427272862,0.006779144,3.506832032,100475.5595,322.5517891,122.722182,78.66268158,1.461915135,1.100006104,24,48,28,1.399999976,34,41,25,1.330000043,550,0.015,20.04130199,132.2317482,51,0,Chalk,sandy clay loam,clay loam
2673,Annual,448555,137755,51.137011,-1.307376,0.9056937,0.86009735,0.9557924,0.96828532,1.000303,0.86726654,0.6185243,0.85612637,0.90710914,0.897097224,0.96052027,0.8974714,2.219934286,1.43091871,283.9567026,8.427272862,0.006850256,3.486202848,100523.9275,322.4435044,120.4122241,75.58653259,1.98036468,0,19,37,44,1.409999967,0,0,0,0,550,0.015,40.69835857,89.13778663,1,0,Chalk,loam,
2676,Multiannual,430500,517401,54.550929,-1.529973,0.7158052,0.84858066,0.86928284,0.868518119,1.0163492,0.92534435,0.12966341,0.30127227,0.47661608,0.396848777,0.98394305,0.53736484,1.751861992,1.413577348,282.6910323,7.009857702,0.006318675,4.305678786,100302.1605,318.4012962,116.2428831,63.10109329,1.282402277,9.000003815,19,37,44,1.409999967,31,31,38,1.330000043,260,0.01,3.12557887,1128.374701,251,126.5104141,Magnesian Limestone,loam,clay loam
2677,Multiannual,480425,138285,51.138193,-0.851819,0.5781038,0.72426796,0.76655686,0.750147731,0.9981997,0.8532737,-0.9092444,0.39147794,0.6498859,0.639682488,0.9488874,0.5049185,2.182201539,1.425859507,284.0199722,8.449890581,0.006862227,3.43194345,100662.4509,322.2141422,120.0037799,76.04123688,6.86354208,7.800003052,19,37,44,1.409999967,31,31,38,1.330000043,270,0.0006,23.34369737,342.5616559,501,0,Lower Greensand,loam,clay loam
2679,Annual,405000,193150,51.637129,-1.929142,0.6398612,0.55397403,0.8441433,0.85412331,0.97880703,0.58263046,0.61948526,0.55804217,0.8875544,0.890632482,1.0898657,0.5821414,1.860186198,1.440753148,283.800845,7.806790904,0.006788026,3.652046548,100362.2999,323.4089062,119.5111818,83.32987976,1.781763315,0,22,42,36,1.399999976,25,41,34,1.379999995,0.1,0.06,6.096411197,114.7241497,251,0,Oolites,loam,loam
2680,Multiannual,568422,170672,51.410055,0.420327,0.57945204,0.7282897,0.8219218,0.773455459,0.99405265,0.7948686,0.19121498,0.14528072,0.44921458,0.449064923,1.0000691,0.34640995,1.679134723,1.479939268,283.9074387,8.545290384,0.006808801,4.36439776,100379.6186,320.8732598,118.109776,68.55554199,3.358971119,4,10,75,15,1.580000043,15,68,17,1.50999999,520,0.005,21.6948982,1189.721232,251,0,Chalk,sandy loam,sandy loam
2681,Annual,506921,466010,54.078907,-0.367225,0.9216953,0.95203763,0.960588,0.957126172,0.9837634,0.9780128,0.8473331,0.8804096,0.9261465,0.920046756,0.9475828,0.92189825,1.989156627,1.43768473,282.9229651,6.475027417,0.006488683,4.001708269,100301.0458,318.7512743,122.6701657,32.3237381,1.607780457,1.199996948,19,37,44,1.409999967,0,0,0,0,550,0.015,7.901484017,35.23626714,51,0,Corallian Limestone,loam,
2684,Annual,529025,240625,52.048998,-0.119878,0.7845562,0.8751039,0.92652893,0.93214254,1.035511,0.9054489,0.63582045,0.75772035,0.8673648,0.863724678,1.0394435,0.8011248,1.497590362,1.468557844,283.9108414,8.083954113,0.006712674,3.640556892,100849.7756,322.2516155,118.3458339,55.46868896,0.85294354,2.800003052,9,77,14,1.600000024,17,67,16,1.480000019,550,0.015,41.25264882,78.12251613,5001,464.9776306,Chalk,sandy loam,sandy loam
2690,Multiannual,507450,212720,51.802802,-0.443062,0.79348284,0.813742,0.8922317,0.881887298,0.9988711,0.84809005,0.68155855,0.86945635,0.89696836,0.894677431,0.9940511,1.0799434,1.712924427,1.513796063,283.4787003,7.941128241,0.006612508,4.289341049,99846.30116,320.3146604,120.7503879,144.9932098,1.871750593,20.90000916,11,35,54,1.49000001,20,37,43,1.399999976,550,0.015,29.71045069,507.0621665,101,0,Chalk,silt loam,loam
2697,Annual,405770,196920,51.671019,-1.917955,-0.7053373,-0.021218896,0.8378141,0.843228512,0.98981774,2.008224,-1.109149,0.3119468,0.58479846,0.745978229,1.048315,1.5465369,1.870974811,1.44746056,283.8074543,7.806790904,0.006786765,3.649339532,100392.6599,323.4654591,120.000745,87.36624908,1.095777631,0,22,41,37,1.399999976,29,37,34,1.350000024,0.1,0.06,3.10736249,135.7368698,251,324.1458435,Oolites,loam,clay loam
2716,Annual,398685,195735,51.660391,-2.020402,0.8332788,0.8314873,0.9182577,0.936101794,0.9847246,0.85343504,0.8161322,0.7560117,0.9147047,0.92406658,0.99915946,0.7714084,2.061719605,1.500967831,283.6804327,7.50607898,0.006757405,4.429985587,100099.0891,322.9516184,121.0555577,107.9853821,1.386519909,3.900001526,19,37,44,1.409999967,31,31,38,1.330000043,184,0.02,5.777405386,121.8428655,251,0,Oolites,loam,clay loam
2718,Multiannual,373125,226365,51.935132,-2.392301,0.56956935,0.7373855,0.76681733,0.754616019,0.99725324,0.879235,0.09825659,0.67434573,0.6747211,0.570808806,1.0114166,1.0106813,1.976341726,1.471371478,284.0604555,7.50607898,0.006873928,3.774357474,101041.725,325.4072153,120.8741587,37.48213959,4.131948948,8.899999619,20,42,38,1.409999967,20,45,35,1.419999957,33,0.01,0.537091967,121.0267404,101,0,Triassic Sandstone,loam,loam
2721,Multiannual,486785,190355,51.605349,-0.748237,0.94259346,0.9588609,0.9755424,0.976354538,0.9887237,0.9689021,0.014526427,0.5024294,0.85337365,0.825434518,0.97851056,1.4749911,1.925465499,1.557601619,283.7260532,8.154764635,0.006711094,4.243955226,100247.3325,321.5947184,125.0390485,74.24344635,2.047568798,2.900001526,24,48,28,1.399999976,34,41,25,1.330000043,550,0.015,17.49694156,1429.896267,251,0,Chalk,sandy clay loam,clay loam
2723,Annual,419730,199220,51.691384,-1.715961,-0.3194102,0.33668935,0.84061545,0.8248812,1.0848529,1.6382766,0.27909607,0.5375377,0.8581662,0.872123629,1.0523636,1.4370615,1.798959476,1.448644501,283.8632746,7.806790904,0.006787477,3.604780765,100523.3603,323.5567898,119.5773809,73.27336121,0.344581157,0.5,11,80,9,1.570000052,19,72,9,1.480000019,0.1,0.06,3.088791548,128.394797,251,0,Oolites,sandy loam,sandy loam
2724,Decadal,461405,349185,53.036416,-1.085703,0.79341686,0.81952256,0.89153695,0.856693474,1.0007482,0.8557538,-2.2882524,0.14695191,0.3074379,0.3134377,1.0130993,1.4978833,1.992880613,1.440347151,283.4296757,7.156845677,0.006563289,3.629115956,100697.5656,321.9750134,117.894855,55.11922073,0.690033138,1.900001526,9,77,14,1.600000024,17,67,16,1.480000019,33,0.01,4.263306852,539.5499485,1001,0,Triassic Sandstone,loam,clay loam
2726,Annual,453905,136405,51.124396,-1.231117,0.7721468,0.90887177,0.9204358,0.936681177,0.99220043,0.95626235,0.79046553,0.8571139,0.95888525,0.944520866,0.9924913,0.8633642,2.212814892,1.470376082,283.8128145,8.427272862,0.006807257,4.22957562,100228.1367,321.6519316,119.9718967,106.3993835,1.127379179,1.400001526,19,37,44,1.409999967,0,0,0,0,550,0.015,44.91799077,80.82275272,1,0,Chalk,loam,
2731,Annual,460706,141856,51.172726,-1.133031,0.93880475,0.9687064,0.9695024,0.970781188,0.99451876,0.9956258,0.9043428,0.878088,0.96732813,0.954836379,1.0170692,1.1162065,2.160295728,1.500156355,283.8122518,8.427272862,0.006799229,4.220092535,100244.1876,321.6290817,122.6598096,100.2900696,1.033420563,0,19,37,44,1.409999967,0,0,0,0,550,0.015,37.15328405,75.44839403,1,0,Chalk,loam,
2734,Multiannual,397185,319125,52.769702,-2.043155,0.75147414,0.7451768,0.8788154,0.880491472,0.9973487,0.77585334,-1.1803112,0.40378273,0.53261507,0.487595564,0.9898558,1.3700352,2.071193867,1.403055967,283.0145574,7.783296916,0.006486829,4.395681102,99503.08451,320.8374365,111.98066,155.9155273,3.964823246,38.59999847,5,89,6,1.700000048,5,89,6,1.700000048,33,0.01,0.384492583,405.5662714,251,0,Triassic Sandstone,sand,sand
2740,Annual,459195,135365,51.114524,-1.155707,0.92570573,0.961352,0.96481276,0.964130294,1.0108631,0.9882737,0.8751136,0.92829555,0.9431091,0.942961369,1.012946,0.95831925,2.275903613,1.409507173,283.8670602,8.427272862,0.006822937,3.460845609,100332.6744,321.7820522,119.1829476,85.46225739,1.348477244,0,19,37,44,1.409999967,0,0,0,0,550,0.015,42.93289833,85.42680571,1,0,Chalk,loam,
2741,Multiannual,620737,158298,51.281031,1.1638,0.7706418,0.8207716,0.89035577,0.879335733,0.9964522,0.85826814,-0.6418855,0.59961927,0.8537371,0.805086399,0.98073214,0.6277912,1.734173056,1.487589028,284.3441529,6.701862052,0.007048858,3.867817401,100948.5079,322.5876965,124.4624802,29.50727844,2.287804604,19.70000076,24,47,29,1.389999986,34,39,27,1.330000043,90,0.001,38.71533825,331.6391236,1001,0.141666666,Chalk,loam,clay loam
2742,Annual,468036,474647,54.163115,-0.959492,0.64392364,0.6893029,0.8232717,0.834807226,0.9920111,0.744587,0.6244277,0.6305911,0.80366707,0.802151595,0.995485,0.68711704,2.075191676,1.390651801,282.8558724,7.124206013,0.006407842,4.491734996,100337.2498,318.877219,112.8674843,64.2545166,6.864360332,24.5,9,77,14,1.600000024,17,67,16,1.480000019,700,0.0005,0.613563939,28.55253245,751,1193.255249,Corallian Limestone,sandy loam,sandy loam
2743,Annual,412015,378805,53.306044,-1.821148,0.71585786,0.8490447,0.8793068,0.914022503,1.0349598,0.91634405,0.1372847,0.7947923,0.8225031,0.860726202,1.0850992,1.0579945,3.312924424,1.303454537,281.7736649,6.480668222,0.006101673,3.58160638,97514.75329,314.9149731,112.2497855,337.8613892,4.364373684,36.90002441,22,42,36,1.399999976,25,41,34,1.379999995,0.6,0.0004,7.168028417,62.20842103,1,0,Carboniferous Limestone,loam,loam
2744,Multiannual,452937,176325,51.483404,-1.239038,0.8327383,0.8777733,0.9440286,0.946400164,1.1080332,1.0116419,0.59807396,0.7232122,0.7826823,0.767171345,1.0294462,0.8311302,1.88258489,1.477666371,283.7594298,8.427272862,0.006750529,3.510334281,100296.7316,322.1590662,123.3693307,85.58724976,1.196710348,2.400001526,24,48,28,1.399999976,34,41,25,1.330000043,550,0.015,20.18659437,121.5589942,51,0,Chalk,sandy clay loam,clay loam
2748,Multiannual,350605,322305,52.796025,-2.733996,0.8217116,0.872974,0.9152118,0.890535956,1.0040445,0.9055021,0.09082216,0.51071334,0.51909065,0.50599932,0.99662024,0.9099129,1.996002189,1.47058332,283.3928455,7.561281574,0.006636732,4.536038028,100243.9141,323.0446285,118.5763292,82.52000427,0.753203928,0,5,90,5,1.710000038,8,87,5,1.629999995,33,0.01,1.891377786,68.67492365,251,0,Triassic Sandstone,sand,loamy sand
2749,Annual,597273,290738,52.478891,0.903493,0.659885,0.50822556,0.8713051,0.916663444,0.8004728,0.56934077,0.5687461,0.5662087,0.7635675,0.816198029,1.1968265,0.6941658,1.759474259,1.528227601,283.9315609,8.134556528,0.006734147,4.273339252,101295.1622,321.4561572,121.1820791,22.1407032,1.399921179,3.600000381,5,89,6,1.700000048,5,89,6,1.700000048,550,0.015,69.18616029,69.86700716,5001,2288.762939,Chalk,sand,sand
2753,Annual,624592,299162,52.543948,1.310773,-2.1176555,0.625878,0.767887,0.773874663,0.9140154,1.2805418,-3.8431573,0.7044022,0.7652981,0.790924219,0.88654953,1.1393723,1.762595838,1.533880307,283.8811218,7.324315532,0.006753165,4.630454825,101077.0462,320.8671774,120.5425286,18.21378136,5.57332325,4.799999237,22,41,37,1.399999976,29,37,34,1.350000024,550,0.015,95.17230397,146.1564134,1001,27.28352356,Chalk,loam,clay loam
2759,Annual,465052,423106,53.700334,-1.016138,0.3772623,0.6133684,0.65218765,0.623009016,0.9853809,0.831786,-1.110506,0.6054199,0.6176351,0.581079123,0.9037403,1.0149896,1.727984666,1.472356939,283.4308893,7.170043959,0.006559782,4.442669091,101361.1627,321.8726772,117.3783622,3.865753889,0.491740912,0,21,39,40,1.399999976,21,41,38,1.399999976,33,0.01,3.027171408,130.6233245,251,0,Triassic Sandstone,loam,loam
2764,Annual,593630,313170,52.681602,0.863022,0.46597093,0.6595632,0.86101913,0.868205904,1.2496065,1.1851526,-0.080349326,0.43039185,0.80051136,0.72801292,1.1916981,1.4979154,1.905640743,1.517668647,283.5972187,7.787020949,0.006655729,4.336491468,100682.8282,320.2103332,122.1727232,52.99570465,1.864273429,7.099998474,19,45,36,1.419999957,27,39,34,1.360000014,550,0.015,64.5175029,131.6322588,1001,0,Chalk,loam,loam
2776,Annual,492907,101615,50.806648,-0.682813,0.6591562,0.80848205,0.8199894,0.827852922,0.9984095,0.93463594,0.62507707,0.8228047,0.83634925,0.862007506,1.0362662,0.94254506,1.96708653,1.501125834,284.4911655,6.336254195,0.0070741,4.135539079,101442.7429,323.4911416,123.4062919,1.81372261,2.005316973,0,49,19,32,1.24000001,47,21,32,1.24000001,550,0.015,24.36646685,1210.379307,1001,0,Chalk,clay,clay
2777,Annual,410035,195355,51.656888,-1.856326,0.62845194,0.7290667,0.8189999,0.852641951,1.04925,0.8045074,0.6625431,0.81720215,0.8929173,0.926560784,1.0785363,0.8743823,1.830065716,1.447918844,283.8407451,7.806790904,0.006793301,3.635286095,100454.8883,323.5503825,119.8827937,81.80992126,0.242420495,2.199996948,22,42,36,1.399999976,25,41,34,1.379999995,0.1,0.06,0.675371084,96.67961064,51,0,Oolites,loam,loam
2778,Annual,442055,139055,51.149213,-1.400123,0.8494184,0.91775405,0.9302331,0.928647622,0.9928875,0.95703083,0.8734033,0.9330151,0.9509933,0.954550348,0.99166334,0.9551026,2.180777658,1.432637506,284.049621,8.427272862,0.006878469,3.505135498,100720.901,323.0520122,120.0144261,84.91960144,0.050947733,17.40000153,19,37,44,1.409999967,0,0,0,0,550,0.015,34.70075638,70.91104268,1,62.4662056,Chalk,loam,
2781,Multiannual,383675,265345,52.28599,-2.240734,0.74599695,0.80903393,0.8804678,0.872784352,1.02411,0.8530359,0.79856896,0.8234893,0.89843214,0.849322618,0.9915559,0.8558882,1.878368024,1.506575369,283.6455717,7.772891658,0.006714584,4.472742605,100406.1148,323.6715168,120.3041479,72.60495758,7.454365253,35.39999771,19,45,36,1.419999957,27,39,34,1.360000014,33,0.01,2.415859512,126.4423673,1001,0,Triassic Sandstone,loam,loam
2782,Multiannual,438221,458289,54.019184,-1.418143,0.7661031,0.880665,0.88377386,0.881303738,1.0044765,0.9733136,0.4499796,0.66207874,0.6971178,0.686300588,0.99441826,0.8502625,1.960460019,1.445552261,283.0459567,7.298685801,0.006433201,4.35063907,100646.7846,320.2988369,116.6410736,44.20663071,4.634225845,4.399997711,19,37,44,1.409999967,31,31,38,1.330000043,260,0.01,2.21620256,216.0810933,251,0,Magnesian Limestone,loam,clay loam
2784,Annual,398824,143816,51.193559,-2.018203,0.8952127,0.9117281,0.9464958,0.943684469,1.0134205,0.9310863,0.7680015,0.719715,0.90375584,0.911111111,0.88473034,0.7633366,2.167141291,1.49388193,283.8137623,7.812595891,0.006835656,3.648559713,100189.4053,322.780541,126.3535878,95.98522949,1.748156428,0,19,37,44,1.409999967,0,0,0,0,550,0.015,10.91444302,36.8216936,51,317.8641663,Chalk,loam,
2799,Annual,452455,135055,51.112392,-1.252031,0.84509695,0.8374958,0.921502,0.921624297,1.0000049,0.85771316,0.8235605,0.7894037,0.94701886,0.941577046,0.9936367,0.796277,2.237458923,1.471681821,283.8316945,8.427272862,0.006814294,4.230840701,100262.7441,321.7379213,120.0685204,104.2891235,2.957059622,9.600006104,19,37,44,1.409999967,0,0,0,0,550,0.015,44.09664274,85.71508831,1,0,Chalk,loam,
2800,Annual,478065,146645,51.213677,-0.883732,0.8892864,0.87757,0.95618796,0.963501033,0.9789011,0.8876416,0.88638234,0.8692848,0.9566181,0.951748769,0.9820776,0.8780033,2.102409637,1.458511627,283.5298513,8.449890581,0.006706828,4.199401101,99703.32206,320.097395,119.4651042,146.6971436,4.786902905,30.30000305,19,37,44,1.409999967,0,0,0,0,550,0.015,21.76812251,299.4993064,251,0,Chalk,loam,
2809,Annual,403410,164286,51.377612,-1.952387,0.87769324,0.86297286,0.93893164,0.936877611,1.0055504,0.8774595,0.86436516,0.8113222,0.9406335,0.950203838,1.0405186,0.8255494,2.096878421,1.468968469,283.4839621,8.146276078,0.006717479,3.643518393,99643.37426,321.4963015,124.6279397,139.2126923,1.256531239,3,22,42,36,1.399999976,25,41,34,1.379999995,550,0.015,5.819358724,228.475933,51,0,Lower Greensand,loam,loam
2811,Decadal,440545,462323,54.05526,-1.382139,0.7493206,0.8576935,0.8712502,0.868659016,1.0073352,0.939828,-0.12987876,0.42147982,0.44704443,0.130288343,1.024961,0.8317682,1.942661564,1.431998176,282.9832398,7.298685801,0.006416586,4.357728803,100556.673,319.9512261,115.7404222,48.75991058,3.550174952,4.600002289,19,37,44,1.409999967,31,31,38,1.330000043,33,0.01,0.441713915,93.37524337,251,40.00677109,Triassic Sandstone,loam,clay loam
2818,Multiannual,491690,138410,51.137626,-0.690814,0.77549624,0.82908785,0.8952467,0.83137967,0.9919688,0.86519265,0.10971928,0.22783428,0.5955279,0.727873166,0.97570527,0.34269375,2.375301211,1.444779659,283.7854806,8.449890581,0.006794448,4.178126754,100181.476,320.9313295,117.5733339,118.4669037,2.375631094,32.19999695,5,89,6,1.700000048,5,89,6,1.700000048,270,0.0006,14.08318534,191.0763459,501,0,Lower Greensand,sand,sand
2820,Multiannual,441224,453303,53.974143,-1.372987,0.57894826,0.593614,0.7770591,0.77601376,1.1730963,0.7076221,-0.38794696,0.0645107,0.18040282,0.260880022,0.68029124,0.68190396,1.925136914,1.44894915,283.2096935,7.170043959,0.006480881,4.361673324,101151.7862,321.0496391,116.6725902,22.72541428,0.692401171,2.400001526,19,37,44,1.409999967,31,31,38,1.330000043,33,0.01,0.832862333,128.9726783,251,0,Triassic Sandstone,loam,clay loam
2826,Annual,390310,185982,51.572616,-2.141205,0.8982129,0.91735345,0.9481651,0.941512107,0.97781026,0.9395753,0.75216913,0.7397857,0.9056284,0.900088844,1.2248735,0.9092389,2.088061335,1.466173382,283.8709476,7.50607898,0.006828221,3.703405455,100431.4413,323.848277,121.9165234,76.36371613,3.102371693,2.299995422,22,42,36,1.399999976,0,0,0,0,184,0.02,6.055821376,86.66520295,51,0,Oolites,loam,
2828,Annual,425455,145155,51.205039,-1.637012,0.9177209,0.9218163,0.96021044,0.962872088,0.99121904,0.9332741,0.85396934,0.8793461,0.9615879,0.943949268,0.9696126,0.88973475,2.109364734,1.501380409,283.7262893,8.146276078,0.006786495,4.310949003,100047.9914,321.9307429,122.6956408,113.838768,2.039695024,3.099998474,19,37,44,1.409999967,0,0,0,0,550,0.015,22.97510681,178.3360488,1,25.18505287,Chalk,loam,
2832,Annual,507285,437161,53.819651,-0.371792,0.78480947,0.8223691,0.8861991,0.902737605,1.0055267,0.86372375,0.54619205,0.68704975,0.829232,0.847134042,1.2577802,1.0482366,1.76823658,1.468493516,283.3512211,6.699781022,0.006592115,4.713286397,101073.7585,320.8605121,118.4187208,1.746210933,1.313423991,0.399999976,22,39,39,1.389999986,28,37,35,1.350000024,550,0.015,13.74290989,1117.099848,51,0,Chalk,loam,clay loam
2833,Annual,506761,464214,54.062805,-0.370302,0.8413673,0.80431396,0.925856,0.935273746,0.92864233,0.83355635,0.7366238,0.71031857,0.8680171,0.906537463,0.9715718,0.7437046,1.936637462,1.422257064,283.0734351,6.475027417,0.006529197,3.998235807,100588.0755,319.4678071,120.2966261,23.34078217,2.61051631,0,24,47,29,1.389999986,34,39,27,1.330000043,550,0.015,9.691203429,45.3700896,51,48774.55859,Chalk,loam,clay loam
2840,Annual,598710,321850,52.757691,0.943312,0.86348236,0.8769752,0.93081903,0.952573069,0.99885947,0.8982774,0.7797499,0.8103615,0.90626943,0.849908889,1.0043932,0.8352048,1.858817083,1.532686076,283.6768006,7.787020949,0.006693145,4.427889853,100924.7892,320.6013644,123.4129204,46.86855698,1.317611337,25.69999886,19,37,44,1.409999967,31,31,38,1.330000043,550,0.015,71.08375473,63.73546883,1001,0,Chalk,loam,clay loam
2843,Multiannual,363225,319295,52.769978,-2.546504,0.6565702,0.8791536,0.88504386,0.885209981,0.98241013,0.9671469,-0.31046438,0.8221125,0.8463664,0.851381447,1.0401096,0.91980445,1.731872946,1.415834163,283.5749159,7.561281574,0.006677205,3.736223594,100602.0041,323.8098505,116.6057824,57.7231369,0.862104475,6.600002289,49,19,32,1.24000001,47,21,32,1.24000001,30,0.14,0.152327616,84.26217313,1001,0,Permian Sandstone,clay,clay
2853,Annual,365650,147870,51.228973,-2.493316,0.6227732,0.61463434,0.7999377,0.862079577,1.0024985,0.6706442,0.54005516,0.6545909,0.78878665,0.831266411,1.0299375,0.72833884,2.911938667,1.44227097,283.3015967,7.812595891,0.006714787,4.549243824,99155.55103,320.948367,120.2478363,160.5161438,10.14789486,18.5,19,37,44,1.409999967,31,31,38,1.330000043,20,0.01,2.592369785,110.2023159,51,0,Carboniferous Limestone,loam,clay loam
2854,Annual,391064,649153,55.735669,-2.143864,0.7646502,0.7367127,0.8832122,0.906217145,1.0057673,0.7641049,0.68941134,0.6689725,0.84614074,0.819119085,1.0153034,0.7073036,1.916703178,1.39977057,282.3919968,6.225136983,0.006166866,4.038533115,100069.0078,317.1130646,115.7011466,8.583436966,2.538173914,1.399999619,9,77,14,1.600000024,17,67,16,1.480000019,1,0.06,6.531221556,33,1,0,Unallocated to aquifers,sandy loam,sandy loam
2855,Annual,551342,245280,52.08518,0.207384,0.6238346,0.84630066,0.9129352,0.91348177,0.9869928,0.87400854,0.5585264,0.7876128,0.9573275,0.935763411,0.98695964,0.7923536,1.475301201,1.507860929,283.7315304,8.084611253,0.006657882,4.507768171,100515.7618,320.9756577,116.598566,72.47827911,5.387790203,15.79999924,9,77,14,1.600000024,17,67,16,1.480000019,550,0.015,55.95543531,124.5462155,5001,0,Chalk,sandy loam,sandy loam
2862,Annual,593419,281203,52.394655,0.841302,0.8033391,0.93758667,0.94386923,0.934949446,1.0222635,0.9842192,0.8378055,0.87631977,0.9173181,0.887862291,0.9956993,0.9081216,1.713964949,1.521797254,283.989139,8.134556528,0.006742932,4.19306092,101331.9856,321.7045358,120.3026494,21.45855331,1.561214685,12.19999981,5,90,5,1.710000038,8,87,5,1.629999995,550,0.015,68.16344072,62.72956647,5001,0,Chalk,sand,loamy sand
2868,Annual,504379,437457,53.822901,-0.415815,0.78771436,0.7731194,0.89609385,0.892504623,1.0410988,0.80254394,0.5746216,0.6252157,0.8209275,0.831810497,1.1278538,0.6966037,1.824096392,1.471099317,283.326,6.699781022,0.006580198,4.690942728,101018.2597,320.7789001,118.7002988,6.840507507,0.77275604,0.900000095,24,47,29,1.389999986,34,39,27,1.330000043,550,0.015,11.1944206,712.9858516,51,28.46854401,Chalk,loam,clay loam
2876,Annual,447965,360215,53.136928,-1.284474,0.63622236,0.74433804,0.8016012,0.83524694,1.0088173,0.8389947,0.58018756,0.6549213,0.76211536,0.883491887,0.99720705,0.7500365,2.156243159,1.428302343,282.7855172,7.156845677,0.006381774,4.36523917,99482.46203,319.166344,115.1319432,173.0986023,5.478103161,7.699996948,19,37,44,1.409999967,31,31,38,1.330000043,260,0.01,1.338426516,1135.263854,2501,0,Carboniferous Limestone,loam,clay loam
2878,Annual,546235,244708,52.081412,0.13266,0.8500012,0.8532276,0.9360993,0.925517408,0.98942226,0.8682926,0.486696,0.70344466,0.73312813,0.706989701,0.9905021,0.8710267,1.45125958,1.515287902,283.8730777,8.084611253,0.00669871,4.480024063,100802.9617,321.740662,116.4657368,46.28495026,1.634345651,4.899997711,9,77,14,1.600000024,17,67,16,1.480000019,550,0.015,53.46345876,136.1084292,5001,6628.411621,Chalk,sandy loam,sandy loam
2895,Multiannual,352085,322955,52.802001,-2.712144,0.76956904,0.8809204,0.91113347,0.898751614,1.009974,0.92136836,-0.64287436,0.2607478,0.26086527,0.239577513,1.0055817,1.0119426,1.956407447,1.418018646,283.4282266,7.561281574,0.006645763,3.776590016,100316.441,323.2064423,117.788898,82.00376892,3.043102264,0,9,77,14,1.600000024,17,67,16,1.480000019,33,0.01,0.639339617,58.81657547,251,0,Triassic Sandstone,sandy loam,sandy loam
2897,Annual,567282,270541,52.307495,0.452266,0.70151174,0.87582934,0.88188845,0.899716083,1.013941,1.0356911,0.61327195,0.70246816,0.8181244,0.875239286,1.015554,0.7650451,1.482584883,1.508197153,284.0606928,8.084611253,0.006749262,3.932327565,101363.1872,322.4472046,119.553779,16.0115242,3.127803326,5.400000572,5,90,5,1.710000038,8,87,5,1.629999995,550,0.015,51.1731117,100.6439633,5001,172.6553497,Chalk,sand,loamy sand
2902,Annual,494776,448078,53.920167,-0.558367,0.81334233,0.8484493,0.903412,0.908979817,0.9969113,0.8832577,0.7357861,0.7002126,0.8748235,0.843976868,1.0054083,0.72765106,1.985925522,1.423589867,282.9476531,7.297097527,0.006464844,4.637095143,100566.9782,319.0847217,116.8008923,70.00681305,0.713142693,33.79999924,19,37,44,1.409999967,0,0,0,0,550,0.015,8.756796813,51.02314947,51,29.76890564,Chalk,loam,
2909,Annual,354345,318655,52.763546,-2.678023,0.4622637,0.7866356,0.81723607,0.826956036,1.0297575,0.89400184,0.58914334,0.7495408,0.7812197,0.797346962,1.006372,0.87824774,1.836692222,1.422025897,283.5289213,7.561281574,0.006674286,3.77088922,100492.892,323.6484706,117.6039519,69.53405762,0.88627249,2.700004578,9,77,14,1.600000024,17,67,16,1.480000019,30,0.14,0.623830373,240.9937353,1001,0,Permian Sandstone,sandy loam,sandy loam
2916,Annual,459655,138855,51.145855,-1.148559,0.8405904,0.9457403,0.94696856,0.958657214,0.988525,0.99967986,0.8814901,0.9286886,0.945762,0.94354828,1.0017278,1.0462677,2.265881708,1.45746442,283.7098093,8.427272862,0.006772887,4.219174321,100026.2683,321.1003351,118.8090661,111.2533875,3.382926226,4.400001526,19,37,44,1.409999967,0,0,0,0,550,0.015,40.33110892,79.24602708,1,0,Chalk,loam,
2918,Annual,421245,199115,51.690385,-1.69405,0.5318975,0.69012886,0.7840949,0.782808167,0.9548708,0.7823599,0.44419843,0.7204244,0.7212765,0.729981772,0.9866517,0.98275393,1.766265063,1.450692703,283.8795671,7.806790904,0.006790411,3.598889104,100556.2069,323.6024904,119.6749351,72.79414368,1.364383101,2.700004578,11,80,9,1.570000052,19,72,9,1.480000019,0.1,0.06,4.280700439,117.0308351,251,0,Oolites,sandy loam,sandy loam
2924,Annual,421769,610333,55.386467,-1.657933,0.9057762,0.91540354,0.9537471,0.933561131,0.99795395,0.92919755,0.75965023,0.6402689,0.9173032,0.849891456,0.9963214,0.6499229,2.083899228,1.373582056,282.204884,6.438061395,0.006158171,4.980801513,99753.18234,315.6397975,111.0597403,109.6207047,4.477843761,38.5,21,40,39,1.399999976,25,41,34,1.379999995,2,0.18,0.819239756,92.58552851,1,0,Fell Sandstone& Border Group,loam,loam
2927,Annual,470971,147802,51.225004,-0.985049,0.928583,0.9554043,0.9693396,0.965020947,0.99516875,1.0320221,0.91813946,0.95819736,0.9622409,0.951784728,0.9962194,0.9824673,2.095783134,1.413339915,283.7537814,8.449890581,0.006772408,3.45390425,100162.5205,321.2958245,119.1755357,122.1610413,0.582094908,22.40000153,19,37,44,1.409999967,0,0,0,0,550,0.015,27.81091381,126.6744003,251,0.791145802,Chalk,loam,
2928,Multiannual,346525,564265,54.970103,-2.836846,0.36473453,0.70986104,0.7144265,0.631636085,1.0116073,1.0499408,-3.5194192,-0.29959464,0.4097606,0.288959467,1.0324452,2.157387,2.703669222,1.353883477,282.6295107,6.999397718,0.006260621,4.04113499,100633.0478,319.560047,111.2232043,44.85356522,1.746085763,7.699996948,19,37,44,1.409999967,31,31,38,1.330000043,33,0.01,2.411057079,34.04066656,1,0,Triassic Sandstone,loam,clay loam
2935,Annual,547228,104307,50.819595,0.08875,0.6224452,0.6930133,0.7891227,0.692369555,0.9997866,0.77690524,0.58216023,0.5632535,0.8058888,0.795160773,1.0026497,0.60877013,2.154874046,1.507407102,283.9520596,6.103997887,0.006987919,4.910762535,100268.6687,320.7367771,126.1385718,58.84360123,4.846669197,1,19,37,44,1.409999967,0,0,0,0,550,0.015,8.717423987,355.3764702,1,0,Chalk,loam,loam
2939,Decadal,441120,474034,54.160461,-1.371767,0.7266623,0.8727392,0.8752336,0.853554946,1.0143521,1.0205611,0.42302972,0.77767587,0.80369663,0.818312913,0.98176026,1.1027681,1.832146768,1.44924074,283.1336664,7.298685801,0.006456573,4.361320847,100969.471,320.578024,116.9563629,20.6264267,2.906737804,4.899999619,10,76,14,1.580000043,26,60,14,1.409999967,33,0.01,0.421724794,62.50092892,251,0,Triassic Sandstone,sandy loam,sandy clay loam
2944,Annual,589652,278116,52.368252,0.784264,0.008931279,0.5326451,0.5755167,0.584050291,1.0606371,0.81410503,-0.61679983,0.40649116,0.5892061,0.638888953,1.1175225,0.58806735,1.695454548,1.543910657,283.9752812,8.134556528,0.006735489,4.142486542,101281.1201,321.6839591,122.6197118,24.07164001,1.214719892,7.799999237,5,90,5,1.710000038,8,87,5,1.629999995,550,0.015,65.85770646,69.98397967,5001,0,Chalk,sand,loamy sand
2949,Annual,628804,144041,51.149863,1.270187,0.68156874,0.85261047,0.85379624,0.879201145,1.0185195,1.0022756,0.579453,0.8506435,0.8638443,0.905504355,1.0513923,0.96641964,2.475465503,1.518270001,284.1549565,6.701862052,0.007074754,3.864385042,100525.1363,321.8832416,131.6038994,31.75413895,21.90936852,0,24,48,28,1.399999976,34,41,25,1.330000043,550,0.015,37.10249353,590.7416061,1001,0,Chalk,sandy clay loam,clay loam
2955,Annual,537638,103235,50.812318,-0.047708,0.4798054,0.54006314,0.6974684,0.658137659,0.99869233,0.653569,0.5308303,0.62080085,0.7519021,0.79254168,1.0023723,0.7132367,2.052190576,1.495961915,284.068279,6.292935412,0.007005888,4.140891222,100551.8504,321.2725078,127.6833154,54.33853912,5.396810055,9.200000763,21,44,35,1.409999967,25,40,35,1.370000005,550,0.015,14.16680296,1191.19258,1,0,Chalk,loam,loam
2961,Decadal,493825,104015,50.828077,-0.669176,0.80743253,0.794988,0.9105006,0.896032649,1.0162792,0.8162765,-8.363217,0.26346672,0.45186013,0.416508283,1.2525438,0.57781005,2.071686747,1.4491106,284.4580518,6.336254195,0.007058613,3.382430985,101380.7567,323.3924567,123.5084073,8.732954025,0.552020371,7.000000477,22,41,37,1.399999976,29,37,34,1.350000024,100,0.005,21.80053789,886.4898112,1001,0,Chalk,loam,clay loam
2966,Multiannual,486427,194964,51.646835,-0.752269,0.79494274,0.75800145,0.9034331,0.877959281,1.0380734,0.78139514,0.49235648,0.6738334,0.72352475,0.724215137,0.9614298,0.83130574,1.994523549,1.461030595,283.6770541,8.154764635,0.00669204,3.494708139,100175.5392,321.4339343,121.8348354,81.92473602,2.090798616,0,24,48,28,1.399999976,34,41,25,1.330000043,550,0.015,20.36378542,1412.995338,51,3639.177979,Chalk,sandy clay loam,clay loam
2985,Annual,447250,162670,51.361136,-1.322746,0.80686045,0.82289636,0.90778184,0.894757475,1.0095607,0.8491025,-1.2359362,0.40895665,0.72638255,0.705470573,1.0811305,0.48242545,2.087951802,1.431917807,283.7055188,8.427272862,0.006750823,3.509572011,100122.2695,321.7544535,120.2247461,108.2316208,7.615492821,7.200004578,19,37,44,1.409999967,31,31,38,1.330000043,100,0.005,30.3063105,449.063915,51,0,Chalk,loam,clay loam
2986,Multiannual,507720,217690,51.847418,-0.437603,0.9217373,0.94133157,0.963362,0.961731072,0.9789031,0.95932394,0.44538635,0.56635165,0.6802775,0.78012685,1.0256182,0.70815766,1.665498357,1.531422385,283.3935141,7.941128241,0.006583912,4.297932734,99705.51806,319.9712424,122.550422,135.0083008,4.180710316,3.800003052,24,48,28,1.399999976,34,41,25,1.330000043,550,0.015,29.99749914,1141.591689,101,0,Chalk,sandy clay loam,clay loam
2988,Annual,394264,648285,55.727919,-2.092885,0.7708936,0.8661836,0.898247,0.922989824,1.0028788,1.0868632,0.56449234,0.78604305,0.8104873,0.819326229,0.9864878,1.0983887,1.959583793,1.348143493,282.2967169,6.225136983,0.006145162,4.058441587,99870.5779,316.5566634,111.0522343,45.02320099,0.337518543,5,21,40,39,1.399999976,25,41,34,1.379999995,500,0.05,4.896321505,33,1,0,Unallocated to aquifers,loam,loam
2990,Multiannual,553400,154009,51.264596,0.197336,0.7932999,0.74314755,0.90733796,0.900213082,0.9970562,0.760463,0.13773483,0.6087135,0.7602412,0.75712506,0.98660254,0.691065,2.07048193,1.44335942,283.6177,8.545290384,0.006747754,4.269431442,99758.86976,319.558267,117.6717517,152.547699,1.621265531,18.1000061,5,90,5,1.710000038,8,87,5,1.629999995,270,0.0006,6.507177827,430.1296967,1,0,Lower Greensand,sand,loamy sand
2992,Annual,407395,168005,51.411015,-1.895055,0.9319548,0.9338828,0.9656352,0.967703157,1.0008875,0.9435222,0.94837505,0.89940095,0.9768026,0.969927451,0.9960488,0.90219206,2.201916757,1.483060517,283.4179936,8.146276078,0.00669136,4.386543286,99531.32033,321.1834817,121.7027401,161.9763641,1.122145057,5,19,37,44,1.409999967,0,0,0,0,550,0.015,10.86552123,52.02707342,51,0,Chalk,loam,
3000,Annual,443511,464268,54.072499,-1.336556,0.56326616,0.50021034,0.81274295,0.818232969,1.3509269,0.69738305,0.51651,0.17937565,0.88199806,0.93335027,1.783757,0.78730404,1.864129242,1.40006768,283.1943964,7.298685801,0.006476286,3.613974091,101007.8102,320.8897303,116.3860801,13.89502335,2.058180809,0,19,37,44,1.409999967,31,31,38,1.330000043,33,0.01,3.462122633,77.83103773,251,22309.19336,Triassic Sandstone,loam,clay loam
3009,Multiannual,398825,316625,52.747234,-2.018838,0.68676794,0.6612032,0.84058756,0.827525154,1.0014652,0.7010545,-3.319664,0.038520634,0.04742095,-0.027723505,0.92769206,0.8913403,2.168619933,1.47678665,282.7342214,7.783296916,0.006408098,5.151257508,98918.34854,319.4879543,116.7721919,177.3587036,4.709746361,3.199996948,5,89,6,1.700000048,5,89,6,1.700000048,33,0.01,2.474579501,594.1038682,251,0,Triassic Sandstone,sand,sand
3024,Annual,577067,271693,52.314776,0.596242,0.35621244,0.70626736,0.90832007,0.90251897,1.0311488,1.2773194,-0.22969568,0.7087681,0.7319382,0.759330615,1.035513,1.1081607,1.523986855,1.510051783,284.0197418,8.134556528,0.006740645,4.003415968,101326.8658,322.0808356,119.7422799,19.80327988,1.392458081,11.70000076,4,87,9,1.730000019,4,88,8,1.74000001,550,0.015,58.07933536,108.0845586,5001,0,Chalk,sand,sand
3026,Annual,374412,257253,52.212887,-2.375908,0.7109761,0.74710655,0.87743783,0.896023908,0.98341554,0.7794136,0.6625555,0.6535875,0.82285833,0.798132092,1.0001675,0.7023053,1.921686744,1.533142783,283.5613121,7.772891658,0.006705443,4.511437873,100175.8207,323.29941,123.7776903,95.53804016,1.599717498,30.70000458,22,41,37,1.399999976,29,37,34,1.350000024,33,0.01,0.263820828,78.2366578,101,0,Triassic Sandstone,loam,clay loam
3029,Annual,450027,460361,54.036798,-1.237632,0.6493908,0.7928157,0.8258517,0.82972483,1.1109135,0.9827734,0.55168295,-0.005122304,0.7925483,0.835213092,1.9685998,0.82944536,1.819386638,1.458446229,283.2496467,7.298685801,0.006496673,4.394075519,101092.277,321.0792458,117.046023,9.54569149,2.381342173,2.5,21,39,40,1.399999976,21,41,38,1.399999976,33,0.01,4.54359742,53.01882548,251,0,Triassic Sandstone,loam,loam
3030,Multiannual,620681,151935,51.223925,1.159078,0.19373506,0.73759806,0.7720536,0.814599903,0.9913877,0.87030506,0.47644,0.6114398,0.7352961,0.744619828,0.9965538,0.71557343,2.115991239,1.43595035,284.1183208,6.701862052,0.0070107,3.836912118,100475.7146,321.5928864,122.3963713,93.65719604,1.170999527,26.69999695,8,76,16,1.610000014,8,76,16,1.116897106,550,0.015,34.68314144,133.5369178,1001,0,Chalk,sandy loam,sandy loam
3031,Multiannual,468545,395125,53.448428,-0.969371,0.65949595,0.7547648,0.8152427,0.812669666,1.003922,0.8387887,0.3674705,0.6414263,0.6611016,0.416642424,0.9962255,0.8829199,1.674534498,1.487613042,283.5468287,7.722836944,0.006593971,4.438291332,101349.1427,322.4276199,117.5352114,7.575624943,1.761096239,5.800000191,10,76,14,1.580000043,26,60,14,1.409999967,33,0.01,4.545692588,138.7355485,2501,0,Triassic Sandstone,sandy loam,sandy clay loam
3032,Multiannual,361505,325605,52.826578,-2.572741,0.7118376,0.74415755,0.8596012,0.851753072,1.0223572,0.7872959,0.47857648,0.47651178,0.7599202,0.765136788,0.9670306,0.535981,1.941347207,1.463751222,283.4528193,7.561281574,0.006640066,4.490514199,100398.7615,323.2699541,117.1304563,73.3243103,3.686261177,3.800003052,9,78,13,1.600000024,23,64,13,1.429999948,30,0.14,1.722539619,67.53943909,1001,0,Permian Sandstone,sandy loam,sandy clay loam
3033,Annual,572680,284406,52.430351,0.538492,-2.8999958,-0.13039911,0.105728686,0.073925664,0.9554813,1.6900117,-3.193851,-0.11260998,0.24462508,0.247429088,0.9435232,1.8149498,1.615607886,1.510600094,284.0540808,8.134556528,0.00675158,4.021553452,101517.5402,322.4519736,119.6648814,2.00665617,2.340559006,0,10,76,14,1.580000043,26,60,14,1.409999967,550,0.015,47.81610577,129.9470363,5001,1637.346313,Chalk,sandy loam,sandy clay loam
3063,Annual,503278,431204,53.76694,-0.434627,0.804639,0.81150126,0.8999225,0.912892843,0.9860055,0.8408778,0.73992753,0.7221632,0.86939025,0.887891874,0.9844614,0.75527143,1.905859808,1.480636799,283.3302106,6.699781022,0.006576616,4.673229965,100969.7272,320.8273913,119.2589045,13.85523415,1.329273224,5.5,9,77,14,1.600000024,17,67,16,1.480000019,550,0.015,8.960620827,1808.531198,51,0,Oolites,sandy loam,sandy loam
3064,Annual,457872,439356,53.847214,-1.121835,0.515854,0.81007844,0.85424834,0.86122853,0.9490963,1.1106186,0.73242074,0.875819,0.8798091,0.883653271,0.9746226,0.9818103,1.756024095,1.470762592,283.3539132,7.170043959,0.006533156,4.421631265,101339.901,321.5521425,118.0002128,8.517266273,4.119613171,3,21,39,40,1.399999976,21,41,38,1.399999976,33,0.01,3.766664286,93.46122428,501,0,Unallocated to aquifers,loam,loam
3104,Annual,492475,451495,53.951285,-0.592358,0.78773236,0.8517682,0.9129858,0.940701033,0.98629415,0.8807806,0.73433626,0.7615056,0.85918194,0.85341477,1.0022352,0.8075299,2.056352686,1.452377193,282.8981422,7.297097527,0.006449311,4.627503541,100490.9326,318.8646387,120.0873584,61.32804489,7.539357662,0,19,37,44,1.409999967,0,0,0,0,550,0.015,7.784462748,49.97519727,51,0,Chalk,loam,
3115,Annual,446892,467067,54.097357,-1.28446,0.7393968,0.6833232,0.8852571,0.890302772,1.0248401,0.7058907,0.75047207,0.714899,0.880633,0.863543598,0.9837246,0.7416045,1.809419501,1.439042123,283.1653985,7.298685801,0.006470324,4.382237437,100978.615,320.6895812,115.6461225,16.54359818,5.09868145,3.800001144,5,89,6,1.700000048,5,89,6,1.700000048,33,0.01,0.842955568,59.85165744,251,243.125,Triassic Sandstone,sand,sand
3129,Annual,445931,461686,54.049085,-1.299967,0.6705103,0.7661532,0.81979066,0.864206226,1.0318446,0.8544164,0.67911464,0.7401695,0.8307904,0.888099405,0.8295514,0.90087634,1.870974811,1.459312997,283.1737386,7.298685801,0.006472555,4.377416926,100941.5475,320.7772953,117.4626753,20.42849159,0.75800091,5.600000381,19,37,44,1.409999967,31,31,38,1.330000043,33,0.01,5.693214356,61.93260928,251,0,Triassic Sandstone,loam,clay loam
3144,Multiannual,309406,86495,50.671044,-3.283367,-0.37869513,0.49535245,0.5302941,0.473527563,0.9946878,0.81556475,-3.0081768,-0.3299291,-0.3122425,-0.291508911,0.99536014,1.2161283,2.286692227,1.53583441,284.240384,7.064950844,0.00710536,5.478594838,100571.2355,325.3856501,125.6878226,56.47127533,3.491305351,14.90000153,5,89,6,1.700000048,5,89,6,1.700000048,33,0.01,4.19168893,305.6741691,51,0,Unallocated to aquifers,sand,sand
3145,Multiannual,308940,84030,50.64881,-3.289353,-0.7577089,0.15494126,0.30313963,0.32268463,0.99263376,0.52203166,-5.312176,-0.20800233,-0.08236126,-0.056009124,0.9842159,0.46379802,2.224315447,1.504638256,284.4006481,7.064950844,0.007156716,4.722496508,100886.7908,326.1344614,125.2278493,33.19869232,4.4403615,7.299999237,5,89,6,1.700000048,5,89,6,1.700000048,33,0.01,5.323912583,273.6381836,51,46152.34375,Unallocated to aquifers,sand,sand
3146,Annual,308466,85990,50.666357,-3.296541,0.058156252,0.5249725,0.5269455,0.547689953,1.0014758,0.95678204,-2.0974457,0.31097013,0.31162143,0.33738918,1.0072509,1.0290713,2.293154442,1.502047552,284.5035544,7.064950844,0.007186926,3.972484167,101102.6023,326.6486072,127.9258083,26.12343597,9.413635254,13.90000153,5,89,6,1.700000048,5,89,6,1.700000048,33,0.01,3.746839844,271.5716652,51,0,Triassic Sandstone,sand,sand
3149,Decadal,462915,377375,53.289603,-1.057656,0.5264087,0.7959723,0.85216725,0.841115098,0.9872961,0.8599604,-1.6074159,0.66795963,0.67569876,0.729157321,1.0103354,1.0705224,1.759200435,1.466122741,283.3196604,7.156845677,0.006529249,4.405474782,100716.5147,321.4611821,116.2290017,58.03504181,0.455902547,9.900001526,5,89,6,1.700000048,5,89,6,1.700000048,33,0.01,4.318094355,286.2661072,2501,0,Triassic Sandstone,sand,sand
3178,Multiannual,396305,270275,52.330544,-2.055638,0.8122285,0.8756462,0.9015651,0.907681682,0.9993316,0.92401505,-0.24870646,0.4258129,0.43309677,0.420726961,0.99731135,1.0911313,1.903231104,1.4431757,283.5510622,7.772891658,0.0066709,3.672110608,100255.4774,323.1179535,119.0662107,85.49984741,2.683519602,9.599998474,20,42,38,1.409999967,20,45,35,1.419999957,33,0.01,1.684158593,714.2582737,1001,0,Triassic Sandstone,loam,loam
3179,Multiannual,396295,270265,52.330454,-2.055784,0.42658025,0.4415257,0.6743792,0.687426709,0.9879572,0.5464373,-0.3188665,0.022060692,0.10018365,0.243573008,0.97832114,0.6176059,1.903231104,1.4431757,283.5510622,7.772891658,0.0066709,3.672110608,100255.4774,323.1179535,119.0662107,85.63944244,3.220622063,9.599998474,20,42,38,1.409999967,20,45,35,1.419999957,33,0.01,1.671057944,714.4617888,1001,0,Triassic Sandstone,loam,loam
3204,Multiannual,437735,482155,54.233702,-1.422587,0.8160294,0.88590693,0.9156222,0.900046434,1.005243,0.9233864,-0.65557706,0.3535238,0.7549617,0.688771451,0.9808786,1.5979385,1.78280394,1.38386329,283.0757972,7.298685801,0.006436188,3.588550536,100916.6218,320.3216909,115.7294127,29.44619942,1.866076231,4.199998856,9,77,14,1.600000024,17,67,16,1.480000019,33,0.01,6.057899174,57.60041101,251,62.9375,Triassic Sandstone,sandy loam,sandy loam
3205,Multiannual,437736,482155,54.233702,-1.422572,0.7414502,0.8940528,0.9140018,0.901205242,1.0107218,0.93905926,-0.039711118,0.58578354,0.797577,0.741249065,0.9809143,1.3608873,1.78280394,1.38386329,283.0757972,7.298685801,0.006436188,3.588550536,100916.6218,320.3216909,115.7294127,29.44619942,1.866076231,4.199998856,9,77,14,1.600000024,17,67,16,1.480000019,33,0.01,6.057890099,57.60333639,251,62.9375,Triassic Sandstone,sandy loam,sandy loam
3247,Annual,440420,472600,54.147629,-1.382678,0.3145814,0.59698224,0.63413036,0.601220656,1.0569227,0.8408719,-3.2883587,0.37113345,0.78410244,0.828508035,1.4403439,1.3936578,1.857886094,1.398475491,283.1502102,7.298685801,0.006460638,3.601763316,100984.4733,320.6836169,116.5601803,17.38323975,1.106615782,1.200000763,9,77,14,1.600000024,17,67,16,1.480000019,33,0.01,0.469220808,64.38352399,251,15949.33496,Triassic Sandstone,sandy loam,sandy loam
3271,Annual,294414,88985,50.690899,-3.496162,0.45616782,0.72006655,0.7658096,0.811536454,1.0982131,1.1177909,0.5116518,0.655537,0.7976691,0.836702761,1.2723509,1.0595574,2.213691126,1.492590622,284.5817437,7.064950844,0.007228813,4.050574372,101239.7572,327.2969368,126.7907239,0.819261789,0.855387628,1.600000143,49,19,32,1.24000001,47,21,32,1.24000001,30,0.14,6.594723068,1257.980131,51,0,Permian Sandstone,clay,clay
3272,Annual,294412,88985,50.690899,-3.49619,0.6699222,0.6482993,0.8299564,0.857961583,0.976327,0.69305307,0.6263137,0.5695611,0.8168371,0.855137768,1.0923412,0.62158,2.213691126,1.492590622,284.5817437,7.064950844,0.007228813,4.050574372,101239.7572,327.2969368,126.7907239,0.819261789,0.855387628,1.600000143,49,19,32,1.24000001,47,21,32,1.24000001,30,0.14,6.593246082,1258.367018,51,0,Permian Sandstone,clay,clay
3277,Multiannual,311125,97442,50.769728,-3.261688,0.60528624,0.81087035,0.82259053,0.794401705,0.9980184,1.0655168,0.06833762,0.48132634,0.5222181,0.519534967,0.9948268,0.7982112,2.611500548,1.418298792,284.1095999,7.064950844,0.007056483,3.985556989,100350.6538,324.8781653,121.3094374,66.63765717,4.043552876,8.400001526,9,77,14,1.600000024,17,67,16,1.480000019,33,0.01,3.318954755,145.7939955,51,0,Triassic Sandstone,sandy loam,sandy loam
3290,Multiannual,306612,85454,50.661243,-3.322631,0.9199334,0.91672546,0.9598474,0.940014197,1.0031259,0.9271128,-0.21369874,0.5098647,0.6151558,0.660720028,1.0335304,1.3016697,2.38713034,1.500720032,284.3817052,7.064950844,0.007153138,3.979555459,100847.3756,326.0959606,128.2897571,35.59071732,2.758574963,20.90000153,5,89,6,1.700000048,5,89,6,1.700000048,33,0.01,2.644383927,331.0601607,51,0,Triassic Sandstone,sand,sand
3291,Multiannual,307767,86052,50.666804,-3.306444,0.77921414,0.7730241,0.8868998,0.874244785,1.0006609,0.80321264,-0.05260241,0.57069004,0.5772704,0.652603616,1.0061239,1.0746323,2.349123764,1.505666286,284.42674,7.064950844,0.007164904,3.977395788,100944.3956,326.3038139,128.4341772,22.81185913,1.049821258,8,5,89,6,1.700000048,5,89,6,1.700000048,33,0.01,3.156470576,266.7455519,51,0,Triassic Sandstone,sand,sand
3312,Annual,452558,452558,53.966423,-1.200335,0.45278585,0.7372743,0.74982995,0.757249703,1.0013767,1.0802407,-0.5191196,0.40933865,0.64750946,0.700316575,0.96750087,1.4728454,1.840361446,1.450019359,283.2418188,7.170043959,0.006497648,4.405020346,101221.0646,321.0377759,116.7437241,14.23112106,0.463621497,0.200000763,19,37,44,1.409999967,31,31,38,1.330000043,33,0.01,3.503366592,267.6717729,251,0,Triassic Sandstone,loam,clay loam
3315,Annual,507701,462199,54.044507,-0.356661,-2.8359234,-0.551844,0.7545956,0.780455036,1.1099827,2.5283873,-2.9738264,-0.25036383,0.6691437,0.752480177,1.2593254,2.1775978,1.856900328,1.430155729,283.1235904,6.475027417,0.006543924,4.002950566,100673.3466,319.7017756,120.7842017,16.68035126,0.803036273,1.700000763,22,41,37,1.399999976,29,37,34,1.350000024,550,0.015,11.73621513,53.20840302,51,0,Chalk,loam,clay loam
3318,Annual,502245,458248,54.01012,-0.441278,0.4973868,0.53604233,0.8323173,0.865532243,0.81193745,0.6104229,0.56753176,0.6428989,0.882105,0.889859867,0.8324701,0.70750344,1.78176342,1.427700926,283.1087267,6.475027417,0.006527827,3.956069905,100598.8327,319.7044457,120.2647055,17.31167984,1.587447405,0,22,41,37,1.399999976,29,37,34,1.350000024,550,0.015,15.50444484,163.3454887,51,0,Chalk,loam,clay loam
3319,Annual,502231,458262,54.010248,-0.441487,0.24954283,0.21410543,0.83566046,0.884866139,1.6598104,0.60594803,-0.40347588,-0.23779225,0.87664366,0.884075787,2.193665,0.69653434,1.78176342,1.427700926,283.1087267,6.475027417,0.006527827,3.956069905,100598.8327,319.7044457,120.2647055,16.89171982,1.306918979,0,22,41,37,1.399999976,29,37,34,1.350000024,550,0.015,15.48998908,163.2344101,51,0,Chalk,loam,clay loam
3320,Annual,502289,458234,54.009985,-0.440612,0.7680294,0.78323394,0.88916326,0.904034622,1.0440316,0.8189935,0.53736573,0.6855086,0.9024653,0.911799039,1.13577,0.73362166,1.78176342,1.427700926,283.1087267,6.475027417,0.006527827,3.956069905,100598.8327,319.7044457,120.2647055,17.73671913,4.542966843,0,22,41,37,1.399999976,29,37,34,1.350000024,550,0.015,15.51989366,163.6535726,51,0,Chalk,loam,clay loam
3321,Multiannual,382165,270795,52.334938,-2.26316,0.7333586,0.88254714,0.9174187,0.918045531,1.0261959,1.0793077,-1.8320315,0.4222299,0.75703263,0.784405272,1.0775075,1.5184441,1.946440302,1.440805205,283.8860693,7.772891658,0.006781572,3.717697049,100928.3817,324.8579631,117.9241205,25.01218796,0.247539505,9.800001144,9,78,13,1.600000024,23,64,13,1.429999948,33,0.01,2.191932553,562.4893831,251,0,Triassic Sandstone,sandy loam,sandy clay loam
3328,Annual,585292,294975,52.521133,0.72965,0.83084434,0.7591186,0.92519176,0.923543066,0.95911,0.7747118,0.86062706,0.8713113,0.92837703,0.929365536,1.0039805,0.89316005,1.846385539,1.509010548,283.8678863,7.787020949,0.00671024,4.173802235,101053.1233,321.4214177,119.5866258,21.32089806,6.672028065,6.700000763,5,90,5,1.710000038,8,87,5,1.629999995,550,0.015,56.60865171,27.48952027,5001,0,Chalk,sand,loamy sand
3340,Annual,509539,469935,54.113618,-0.325809,0.9175025,0.958467,0.9590069,0.967537298,0.9951969,1.0046353,0.8543718,0.9251137,0.92977285,0.88962217,0.9845742,1.0209323,1.957776561,1.419461011,283.0190381,6.475027417,0.006523483,4.032256135,100528.0271,319.1575869,120.668435,32.83867264,1.755868793,2.200000763,19,37,44,1.409999967,0,0,0,0,550,0.015,4.382189074,75.42428246,51,2380.562256,Corallian Limestone,loam,
3348,Annual,509486,449441,53.929516,-0.333994,0.21559262,0.61487395,0.71101636,0.705738405,1.055263,1.2485179,-0.06845796,-10.130172,0.4529604,0.73836288,12.114521,0.72797036,1.701095292,1.460379941,283.2822569,6.699781022,0.006583812,4.751083502,101047.8149,320.4757915,118.8646166,1.472304702,1.079181552,1.599999905,22,39,39,1.389999986,28,37,35,1.350000024,550,0.015,22.76822778,54.38268267,51,0,Chalk,loam,clay loam
3349,Annual,509498,449458,53.929666,-0.333805,0.6046628,0.6373689,0.7929467,0.803912688,0.9502727,0.7064763,0.55484325,0.51040196,0.77616745,0.784758859,1.0230808,0.56517684,1.701095292,1.460379941,283.2822569,6.699781022,0.006583812,4.751083502,101047.8149,320.4757915,118.8646166,1.511445284,0.568996072,0,22,39,39,1.389999986,28,37,35,1.350000024,550,0.015,22.78891119,54.35981915,51,0,Chalk,loam,clay loam
3356,Multiannual,414465,304645,52.639351,-1.78767,0.87395483,0.87671345,0.9444902,0.934164325,1.0211942,0.89197767,0.5656644,0.7890573,0.8339585,0.833254608,0.957326,0.8770951,1.918565169,1.418491602,283.3753351,7.60476465,0.006584832,3.616820745,100162.3751,322.2695653,116.7830414,95.43954468,1.195394516,7.700004578,5,89,6,1.700000048,5,89,6,1.700000048,33,0.01,2.542499769,365.2967464,501,984.463562,Triassic Sandstone,sand,sand
3382,Annual,419290,199450,51.693467,-1.722314,-2.8437657,0.2638672,0.79792017,0.781500825,1.7077007,0.98517287,-3.6164126,0.27749217,0.8244587,0.839274806,1.680532,1.1675884,1.798959476,1.448644501,283.8632746,7.806790904,0.006787477,3.604780765,100523.3603,323.5567898,119.5773809,74.07702637,0.811033905,1.600006104,11,80,9,1.570000052,19,72,9,1.480000019,0.1,0.06,2.637734763,129.1117254,251,0,Oolites,sandy loam,sandy loam
3387,Annual,419281,199444,51.693414,-1.722444,0.25658435,0.81968254,0.86955726,0.862253347,0.8805023,1.0349226,-0.63158953,0.73690546,0.8328746,0.872834787,0.83173203,1.1139082,1.798959476,1.448644501,283.8632746,7.806790904,0.006787477,3.604780765,100523.3603,323.5567898,119.5773809,73.92803955,0.463717759,1.600006104,11,80,9,1.570000052,19,72,9,1.480000019,0.1,0.06,2.637408502,129.2466197,251,0,Oolites,sandy loam,sandy loam
3398,Annual,304697,507680,54.455518,-3.471513,0.7285714,0.7462649,0.88226354,0.880157096,1.0985024,0.79796916,0.64957213,0.7888292,0.82967734,0.833650164,1.0833849,0.90710205,3.707502741,1.341824242,282.5937724,6.53439218,0.006320805,4.250536229,99925.48028,320.0146894,111.2430899,92.51306915,15.47659588,2,20,42,38,1.409999967,20,45,35,1.419999957,33,0.01,0.676888071,43.95008061,1,0,Triassic Sandstone,loam,loam
3403,Annual,339145,567905,55.00196,-2.952885,0.7109207,0.80064285,0.86039937,0.867900012,1.0350034,0.86205405,0.542956,0.7785452,0.8742975,0.870796684,0.9113684,0.8406744,2.768236585,1.299444489,282.803406,6.999397718,0.006308232,3.278894491,101003.4277,320.5193068,110.1121789,19.88345718,0.372649014,0.099998474,19,37,44,1.409999967,31,31,38,1.330000043,33,0.01,5.325804173,16.1,1,0,Triassic Sandstone,loam,clay loam
3423,Annual,435855,179275,51.511265,-1.484724,0.856905,0.86737484,0.9297663,0.933363257,0.9841603,0.88861907,0.8775709,0.8515525,0.943477,0.947017739,0.9899278,0.8631049,1.992332963,1.457977517,283.425537,7.847316624,0.006661773,3.550454581,99590.66893,320.9251807,122.8543709,137.6077576,2.658284187,0,19,37,44,1.409999967,0,0,0,0,550,0.015,28.7365328,62.13044435,51,10.37968349,Chalk,loam,
3426,Multiannual,483855,194305,51.6413,-0.78959,0.7901983,0.8989247,0.9068974,0.898943209,1.0382195,0.99065137,-0.4625206,0.6009362,0.70221746,0.679095338,1.1023293,1.2451718,1.946440306,1.350886303,283.7792738,8.154764635,0.006723845,2.738392778,100379.325,321.9607018,116.5835661,82.28295135,4.379404068,6.5,19,37,44,1.409999967,19,37,44,1.088913918,550,0.015,18.21455369,1128.610936,51,0,Chalk,loam,loam
3436,Annual,401010,195750,51.660527,-1.986789,0.5611403,0.6602051,0.77272904,0.786589367,1.0783902,0.7598702,0.54880786,0.4884706,0.78843695,0.827297347,1.0423142,0.5361989,1.980175245,1.45011928,283.7632782,7.806790904,0.00677961,3.66705483,100296.7687,323.3156445,120.5422865,91.46542358,0.273845166,0.300003052,51,17,32,1.220000029,52,19,29,1.230000019,0.1,0.06,7.360596195,130.832804,251,0,Oolites,clay,clay
3439,Annual,477551,114895,50.928302,-0.897889,0.91110057,0.8676607,0.95912695,0.965855481,1.0088242,0.8744405,0.7059053,0.6627362,0.9102979,0.920269513,1.0568141,0.6798867,2.661445779,1.455006731,284.0015301,6.336254195,0.006893974,4.165772585,100478.6659,321.6621924,120.0419568,80.57378387,1.928063393,16.09999847,22,42,36,1.399999976,25,41,34,1.379999995,550,0.015,26.06670778,118.7165568,1001,0,Chalk,loam,loam
3458,Annual,411402,204667,51.740588,-1.836264,0.6925095,0.8503895,0.8550738,0.885491334,0.9911129,0.96393496,0.60155255,0.5282043,0.8642123,0.870438092,0.9885782,0.5483119,2.060843376,1.491319153,283.4875722,7.806790904,0.006681769,4.386672948,99793.61743,321.9640718,120.5263203,136.4480438,1.210498691,16.90000153,49,19,32,1.24000001,51,18,31,1.230000019,184,0.02,0.512528623,56.3367604,251,0,Oolites,clay,clay
