No,Wavelet transform,easting,northing,lat,long,NSE_train,KGE_train,Pearson_r_train,Spearman_r_train,Mean_ratio_train,STD_ratio_train,NSE_test,KGE_test,Pearson_r_test,Spearman_r_test,Mean_ratio_test,STD_ratio_test
2,Annual,420565,199295,51.692029,-1.703877,0.74290335,0.8570659,0.86604214,0.823087591,1.0026389,0.95021874,0.8178632,0.8451326,0.90541637,0.89809412,1.0145226,0.8782365
10,Multiannual,564245,171712,51.420622,0.360804,0.81003916,0.90482426,0.9151859,0.918165004,1.0109125,0.9582166,0.76955837,0.7301784,0.88718486,0.894280432,1.0003675,0.7548959
16,Annual,559541,251790,52.141359,0.329989,0.87037396,0.86043674,0.93513083,0.926813176,0.99861896,0.8764368,0.6128787,0.75876385,0.84961313,0.879177873,1.0143734,0.81192595
19,Annual,398635,198815,51.688083,-2.021137,0.7458994,0.74824,0.8700788,0.866622881,0.9886712,0.78465134,0.75390947,0.7967404,0.8810756,0.850553398,1.0220759,0.83664787
20,Decadal,343971,449275,53.936531,-2.854924,0.70906186,0.6972698,0.8687775,0.83957152,0.92134404,0.73877454,0.49780965,0.64829034,0.893693,0.926160026,0.9232524,1.3263611
25,Annual,578560,259851,52.207941,0.611861,-1.407052,0.1716063,0.17607081,0.145374622,1.0039033,1.0858046,-2.1370633,0.027709484,0.028742895,0.007498375,1.0040565,1.0446385
27,Annual,448933,465244,54.080785,-1.253548,0.3430342,0.5719923,0.63909996,0.549268387,1.1537509,0.82882005,-1.0862556,0.15395826,0.6277132,0.606411001,1.5160265,1.5576136
28,Multiannual,607216,229729,51.927485,1.012393,0.5823381,0.63148403,0.81083775,0.799529359,0.9683755,0.68532425,0.2536325,0.34605157,0.5130727,0.50214406,1.0102521,0.5636007
30,Annual,396769,197268,51.674166,-2.048116,0.85482097,0.86420333,0.9260386,0.927443491,1.0185708,0.88763666,0.7924526,0.8573066,0.9354017,0.938626313,0.87940776,0.9594301
39,Annual,565789,308887,52.652362,0.44945,0.56891674,0.6929903,0.7806924,0.77487763,1.0082855,0.7853156,0.01392293,0.7958817,0.79838085,0.817931384,1.0168475,0.97298425
40,Annual,425845,177785,51.498413,-1.62907,0.9503076,0.9360065,0.9754677,0.978707869,1.0030644,0.9409752,0.8545711,0.90814066,0.93931687,0.942085857,0.9408631,0.9645246
41,Annual,413670,155000,51.293964,-1.805328,0.78929216,0.73235744,0.9047895,0.909238445,1.0516112,0.7552486,0.7571341,0.62073874,0.91683567,0.939956551,1.0214394,0.6305919
43,Annual,448976,432699,53.7883,-1.258096,0.620738,0.80097353,0.83840287,0.882218461,0.99579376,0.88389945,0.6042179,0.704198,0.88133293,0.891907453,0.9934899,0.72912544
44,Annual,410831,173495,51.460324,-1.845486,0.9398905,0.9168243,0.9711573,0.967792037,1.0105804,0.92270625,0.8524935,0.7726285,0.93861437,0.936884578,0.9791202,0.7820698
47,Multiannual,353845,323455,52.806649,-2.686111,0.66343784,0.8777536,0.88131785,0.879583957,0.9963109,0.9709312,-2.745609,-0.047510028,0.40126073,0.402466346,0.9960006,1.8595287
56,Annual,453385,171915,51.443713,-1.233251,0.832277,0.8942555,0.9160119,0.892978178,0.98706955,0.937067,0.7608746,0.8174498,0.9194837,0.939901846,1.0138636,1.1632491
58,Multiannual,551843,166864,51.380518,0.180509,0.5166981,0.85333204,0.85385996,0.852582757,0.9946831,0.98876256,0.35049808,0.72783303,0.77061796,0.688416165,0.993929,0.8536391
63,Annual,448505,129295,51.060948,-1.309225,0.68304014,0.7500498,0.8301889,0.905676423,0.9893222,0.81690323,-0.22698557,0.73493254,0.7459954,0.834550129,0.92927337,1.0272094
67,Annual,442090,472497,54.14657,-1.357128,0.7649287,0.8761765,0.9123163,0.91185052,1.0353111,0.9200219,-0.955479,0.54888916,0.61305606,0.599824779,0.89350045,1.2059987
75,Multiannual,383541,264701,52.280196,-2.242666,0.80239534,0.82585174,0.90241385,0.911726518,0.9779255,0.85746205,0.32708424,0.6355009,0.6612191,0.721257939,0.95805496,0.8722211
79,Annual,518302,448799,53.921812,-0.200043,0.6337824,0.71533114,0.8129263,0.793677707,1.0615275,0.7944425,0.012909472,0.3962754,0.63150823,0.667227577,1.311714,0.6373274
82,Annual,427625,287725,52.48674,-1.594605,0.8526449,0.8844247,0.92719626,0.925056179,0.9945173,0.91040635,-0.56872547,0.6344456,0.65458333,0.549564551,0.95909625,0.8875552
85,Annual,464601,421302,53.684177,-1.023343,0.7358618,0.618754,0.89873254,0.902001954,1.0390381,0.6345291,0.6560378,0.53590184,0.87122226,0.879902792,0.94640297,0.5573601
89,Annual,462352,481645,54.22672,-1.045082,0.6488124,0.70065403,0.8083053,0.842999865,0.99711305,0.7701031,0.6529238,0.7220167,0.8082633,0.886267629,0.99916863,0.79872704
90,Annual,386475,262865,52.26377,-2.199586,0.71685237,0.76125526,0.8739742,0.887148457,1.105284,0.8267034,0.4776672,0.69325614,0.8169168,0.859218032,1.1897614,0.84327465
94,Annual,332235,325805,52.825485,-3.007123,0.72657955,0.8297716,0.88158363,0.885135652,1.1217098,0.9880636,0.6027242,0.7954774,0.8331313,0.847723549,0.88174665,1.0003994
99,Annual,355825,319105,52.767714,-2.656152,0.33572012,0.737898,0.76574147,0.735704144,1.0086952,1.1172438,0.35443038,0.81402504,0.8152771,0.819972533,1.0127227,0.98261946
107,Annual,419454,172560,51.451688,-1.721421,0.9419629,0.9502629,0.97195846,0.975309811,1.0149866,0.9617531,0.8401292,0.82068735,0.92445827,0.928160667,1.0229076,0.83899814
111,Annual,576126,301843,52.585849,0.598347,0.7787192,0.7636292,0.9110647,0.917169181,1.0084283,0.7811627,0.6035496,0.8286345,0.88531935,0.900545231,1.0188057,0.8740624
116,Annual,415687,146780,51.22,-1.776759,0.7697792,0.78683174,0.8945395,0.875339828,0.9548985,0.8203238,0.22669524,0.7047255,0.8191293,0.798773767,0.87460923,0.8031539
117,Annual,415674,146792,51.220108,-1.776945,0.6653663,0.6767006,0.8527336,0.86984849,1.0403273,0.71503085,0.66477203,0.77391577,0.8411152,0.873749042,0.96980816,0.84202224
118,Annual,404780,193710,51.642166,-1.932313,0.43259406,0.7763721,0.7969539,0.791272121,1.059473,1.0724287,-0.71142673,0.6933321,0.8361424,0.872271223,1.2483989,0.9258794
128,Annual,479475,148665,51.231643,-0.863102,0.90801877,0.9321136,0.95309055,0.95677714,0.99591666,0.95109874,0.7187114,0.8512821,0.9090885,0.894095534,1.039823,1.1107541
131,Multiannual,572288,171659,51.41776,0.47634,-0.27245533,0.4801383,0.50448525,0.372647077,1.0030904,0.8428035,-0.059647202,0.13156843,0.25186694,0.27363162,0.9992482,0.5590151
136,Multiannual,552259,226414,51.915438,0.212382,0.884801,0.92661536,0.95339,0.948645231,0.99411,0.94362587,0.6240684,0.6893408,0.9012417,0.898175589,0.98721665,0.7057345
139,Annual,607453,285624,52.42921,1.049995,0.66144836,0.79987395,0.8497352,0.855960263,1.025436,0.87029403,-1.6421664,0.6287242,0.6444508,0.678725494,1.0890894,0.94089544
143,Annual,552677,163876,51.353447,0.191201,0.82222545,0.82932335,0.9114475,0.917051444,1.0272604,0.8566633,0.12482518,0.59604734,0.66845614,0.718095064,1.0180829,1.2300686
146,Annual,433405,153605,51.280609,-1.522434,0.6961926,0.80440235,0.8376095,0.832602739,0.99945724,0.8909713,0.5237708,0.75862706,0.7846421,0.78532181,0.9982921,0.8910114
151,Annual,446155,152255,51.267583,-1.339817,0.9025552,0.9166683,0.9504741,0.958004774,1.0052351,0.9331874,0.85864323,0.8937395,0.96250385,0.951434796,1.0454375,0.9115651
153,Annual,401936,206076,51.753367,-1.973348,0.7459369,0.73408234,0.8696984,0.894285002,0.98994464,0.7684133,0.65336347,0.60671616,0.90562284,0.922636319,0.7916106,0.6800958
157,Multiannual,557690,167110,51.381135,0.264566,0.48836774,0.8009618,0.8038348,0.731953725,1.0027987,1.0335811,-7.9344645,0.5332295,0.6784244,0.603695562,1.0136099,1.338055
164,Decadal,334360,392220,53.422661,-2.989207,0.77020115,0.9176344,0.91799676,0.907737085,0.99228305,0.9999607,-17.443684,0.059946775,0.14383614,0.061257861,0.95234925,1.3852488
170,Multiannual,414935,236635,52.027922,-1.783724,0.7552364,0.8378298,0.8843071,0.883744108,1.0221596,0.88854223,0.35006076,0.6047909,0.63284737,0.569315769,0.996043,0.8538057
183,Annual,331455,412895,53.608095,-3.037443,0.72884274,0.8722124,0.88543534,0.896069575,1.055982,1.0084143,0.3611681,0.790316,0.8599409,0.850107637,0.8661482,1.0802181
198,Annual,454968,202040,51.714399,-1.205771,0.5557314,0.78745127,0.78983253,0.818718328,1.010894,1.0298023,-8.817214,-0.010908246,0.7836695,0.786831125,1.1464939,1.9765791
199,Multiannual,409685,343975,52.993009,-1.857154,0.76299167,0.84389246,0.89976585,0.894589722,0.91216785,0.91871023,-1.2392595,0.4530236,0.62720823,0.680107623,0.86221266,1.3758007
201,Annual,412835,196695,51.66888,-1.815801,0.6081605,0.7829552,0.79573977,0.790662775,1.0191194,0.92914593,0.26404512,0.78332233,0.82818496,0.85718964,1.1054676,1.0794115
208,Multiannual,577589,163996,51.347292,0.548667,0.715016,0.71864396,0.85166204,0.846532061,1.0015879,0.7609301,0.46612823,0.39648885,0.74125993,0.718426363,1.001315,0.45476848
212,Annual,495770,459389,54.021611,-0.539688,0.7957569,0.80049247,0.89431274,0.925582596,0.99973404,0.8307862,0.6478019,0.65242183,0.816384,0.882990385,0.98569566,0.70522714
215,Annual,539286,110151,50.874079,-0.021704,0.8998564,0.8706155,0.95229995,0.961356299,0.99084425,0.8800784,0.864918,0.85537934,0.9380482,0.937884754,1.0210884,0.8710335
216,Annual,561311,266770,52.275407,0.362962,0.75208426,0.8347404,0.8753964,0.866897368,1.0019441,0.89146304,0.62815887,0.68102705,0.7934573,0.746327366,1.000135,0.756931
227,Annual,513965,108505,50.864826,-0.381931,-0.55106044,0.38741547,0.679755,0.662300721,1.0034628,1.5222008,-0.08765626,0.1972338,0.3029742,0.363676693,1.0022652,0.6017753
230,Annual,418175,167485,51.406099,-1.740086,0.83053243,0.8802725,0.91151154,0.928692787,1.0006521,0.91935295,0.7619419,0.8234681,0.88942933,0.908867185,1.0052365,0.8624863
232,Annual,507065,102705,50.814006,-0.481634,0.66427994,0.73913264,0.82311666,0.844096613,1.0330468,0.8111312,0.58948815,0.72692984,0.81623924,0.80390467,1.0613096,0.8075429
233,Annual,621914,158529,51.282648,1.180793,0.2781161,0.6967133,0.7537133,0.747770839,1.1287796,1.121423,-0.69528985,0.4747361,0.6523559,0.682020948,1.2095107,1.333402
234,Decadal,406085,343255,52.986589,-1.9108,0.06865162,0.54392266,0.54395294,0.51110356,0.99622583,0.9963455,-3.9047003,0.54635674,0.5789409,0.704790589,0.96224016,1.1645522
246,Multiannual,463335,389875,53.401896,-1.04886,0.009826243,0.088692784,0.25437436,0.241185394,1.0035778,0.4760643,0.03551835,0.4639296,0.48640275,0.413385596,0.9941488,0.84652996
248,Annual,501050,457019,53.999313,-0.459914,0.8098126,0.9107639,0.924235,0.93830044,1.0471462,1.0000998,0.61105824,0.7019825,0.8323356,0.889206919,1.069426,0.76360506
253,Annual,554105,170672,51.414123,0.214639,0.77865326,0.76991016,0.88943505,0.892232347,1.004951,0.79827815,0.4728526,0.6866964,0.7475817,0.757994838,1.0154167,0.815052
263,Annual,524940,203960,51.720449,-0.192679,0.7363027,0.8748939,0.9051403,0.880505225,0.9923575,0.91879255,-0.014221668,0.6137764,0.7539615,0.668491441,0.9824434,0.70280457
275,Multiannual,508420,211120,51.788235,-0.429499,0.8595681,0.8639668,0.92822075,0.922393493,1.0006156,0.88444793,0.7654691,0.8478773,0.92720413,0.930222808,0.9913344,0.86670816
278,Annual,547208,101122,50.790978,0.08719,0.5836096,0.7934337,0.79359615,0.771092327,0.99952626,1.0081794,0.21389586,0.831522,0.8487161,0.828324876,1.0238063,0.9297806
284,Annual,455860,117070,50.950362,-1.20616,0.5020014,0.54950917,0.770764,0.812187971,1.3830736,0.9395694,0.45291412,0.31325436,0.7855836,0.774572477,1.6514888,1.0349675
295,Annual,432275,186275,51.574418,-1.535669,0.8007983,0.8321139,0.8970036,0.910940736,0.9964221,0.8674684,0.83179086,0.83375466,0.913841,0.926407474,1.0006899,0.8578254
299,Multiannual,629311,331030,52.827962,1.402414,0.41735083,0.65518486,0.68399674,0.652449208,1.0075662,0.86222833,0.015151203,0.6844723,0.7737645,0.787229588,1.027853,1.2181803
310,Annual,356005,320305,52.778515,-2.653646,0.18360877,0.57569736,0.7684047,0.785196128,1.0143057,1.355242,0.4724772,0.8018755,0.87484944,0.881223148,1.0308241,1.1504734
313,Multiannual,379555,275845,52.380246,-2.301773,0.13403386,0.06719601,0.37399203,0.388183878,0.9954588,0.30846843,0.088449955,0.13774574,0.33243048,0.407734507,1.0062603,0.45429608
315,Annual,544838,111828,50.887786,0.057817,0.63394344,0.72624743,0.8351407,0.847985636,1.18536,0.8842251,0.6035825,0.78591526,0.8045343,0.823462409,1.0833026,0.97380364
328,Multiannual,470625,399765,53.489853,-0.937017,0.7188673,0.7506315,0.8508265,0.859853408,1.0115218,0.80050457,0.52874804,0.7800595,0.7809688,0.757555067,0.98060626,0.9952083
334,Multiannual,453765,173045,51.453837,-1.227613,0.84060514,0.90636206,0.9180032,0.933136937,0.9885453,0.95625985,0.5751025,0.65937483,0.90339977,0.922055923,1.053549,1.3222263
341,Multiannual,460046,422932,53.699368,-1.091986,0.93669444,0.92695254,0.96904194,0.953003122,0.99272305,0.9342392,-18.213064,-0.8171426,0.45717323,0.539622956,1.1641165,2.7263994
343,Annual,443416,173940,51.46277,-1.376432,0.93804073,0.92752135,0.9716445,0.979481442,1.010456,0.9341234,0.68865657,0.89524627,0.90450525,0.909775855,1.0354146,0.97550786
344,Annual,598759,286938,52.444235,0.923082,0.70061475,0.8302671,0.9430199,0.949340638,0.906968,0.8699742,0.7925682,0.88397694,0.9388066,0.941634644,0.9522153,1.0862207
352,Multiannual,381095,299785,52.595518,-2.280517,0.52292264,0.7800652,0.78264374,0.778459211,1.0071979,0.96720326,-0.6887748,0.4539348,0.5705238,0.701286699,1.0258232,0.663742
357,Annual,461048,132026,51.084309,-1.129802,0.8941772,0.92534035,0.95199454,0.950494986,1.0195258,0.9462586,0.75761443,0.78102195,0.91229254,0.887038651,1.0279499,0.8013122
365,Annual,522055,361935,53.140583,-0.176762,-0.43764615,0.4339046,0.6258732,0.658188218,1.0623474,1.420256,-1.6209197,0.46864265,0.53961015,0.538845656,1.2131157,1.1580082
366,Annual,522135,361785,53.139217,-0.175624,0.42280418,0.76913595,0.77541375,0.783180416,1.0471138,1.0252974,-0.22719157,0.6829883,0.7350221,0.719771367,1.1465057,0.9060928
367,Annual,522355,362345,53.144198,-0.172123,0.34023553,0.66687405,0.7782686,0.811435707,1.0086191,1.2484702,0.36072838,0.6985998,0.70434505,0.774647414,0.9953849,1.0583912
369,Annual,522305,363505,53.154631,-0.172428,0.6289507,0.8363002,0.85380113,0.858094504,1.0728092,1.0110762,0.12147039,0.6208062,0.6626843,0.709059297,0.86929744,0.8863267
372,Annual,556267,263365,52.246275,0.287521,0.7674015,0.84023136,0.8764907,0.882139451,0.99936837,0.8986558,0.7126504,0.751543,0.8517562,0.759137514,0.99723685,0.80063576
375,Annual,430060,169400,51.422814,-1.569062,0.36145777,0.57239866,0.8491417,0.881650006,1.0016071,1.4001062,-0.83369815,0.5341904,0.7429478,0.852978926,1.0051371,1.3884327
382,Decadal,430800,107988,50.870575,-1.563655,0.8795439,0.8816891,0.9406292,0.934258249,1.0100807,0.8981636,0.3086369,0.7537849,0.79158807,0.730386756,1.0703052,0.8893515
385,Annual,434544,172256,51.448238,-1.504298,0.91506374,0.9248066,0.9575498,0.963885594,0.9973238,0.93799335,0.6327549,0.7884031,0.8516663,0.829656772,1.0141842,0.8497702
394,Annual,445373,466558,54.092919,-1.307761,0.6807193,0.8104607,0.8310795,0.829283857,0.995129,0.91416955,0.4035622,0.88280755,0.90659094,0.896263186,1.0453441,1.0543426
395,Annual,638320,313500,52.66677,1.523146,0.10981107,0.57592785,0.6844397,0.712313715,0.9994117,1.2833087,-0.2009027,0.45761317,0.64720905,0.726536123,1.090285,1.4019701
397,Annual,436155,148055,51.230539,-1.483567,0.85702515,0.8387254,0.93627274,0.93951823,1.012246,0.852358,0.81283724,0.9307765,0.9455615,0.937236877,1.0208613,0.9626763
404,Annual,639430,313860,52.669512,1.539789,0.649134,0.682492,0.80974257,0.819554466,1.0469072,0.7501751,0.20300907,0.1827836,0.7503131,0.781851231,1.7641236,0.85295403
408,Annual,537980,212960,51.798266,-0.000452,0.62920564,0.758436,0.8628279,0.829416214,0.9993532,1.1988449,0.39309365,0.39618003,0.64931285,0.823976157,0.9978933,0.50846064
409,Annual,423870,173807,51.462732,-1.657788,0.82160664,0.8032311,0.9144393,0.914604519,0.9958458,0.8228559,0.8796586,0.88626313,0.9390054,0.933661207,1.0012325,0.9040096
421,Multiannual,459149,418024,53.655362,-1.106504,0.6310618,0.7118828,0.8055391,0.778647725,1.0150038,0.7879369,-11.054665,0.48323774,0.5207268,0.469087595,1.1847445,1.056661
425,Multiannual,355695,325825,52.828108,-2.658992,0.4595772,0.7136435,0.72167355,0.741730381,1.0031503,0.932739,-2.494018,0.31624162,0.73638785,0.74567559,1.01718,1.6306782
445,Multiannual,548828,161628,51.334268,0.135029,0.8344196,0.9089986,0.9153507,0.910769475,0.9994366,0.9666029,0.08518624,0.48442328,0.829746,0.799565904,1.0109925,0.51347
447,Decadal,373595,228665,51.955832,-2.385642,0.344203,0.4967729,0.6643695,0.636272295,0.99182725,0.62513715,0.022343695,0.30033302,0.42449462,0.411639593,1.0079483,0.6021768
460,Annual,564223,251597,52.138255,0.398251,-0.36163616,0.48378682,0.63287044,0.599344509,0.99696803,1.362886,0.15621686,0.63164085,0.6844604,0.679529452,1.0013803,1.1900605
467,Annual,416534,171759,51.444578,-1.76348,0.9367593,0.9250304,0.96858823,0.970197188,0.99705046,0.9319926,0.84203714,0.7855437,0.92755234,0.946640117,1.0124109,0.79853356
473,Decadal,439486,472957,54.15091,-1.39693,0.7839282,0.8145573,0.9183593,0.928098503,0.97245437,0.83579195,0.64473176,0.81063527,0.91444933,0.917448509,0.96079576,0.8356769
476,Multiannual,497340,188104,51.583392,-0.596496,0.9263287,0.95040363,0.9625715,0.963926843,0.99927723,0.9674677,0.65515226,0.7740965,0.9026852,0.904036555,0.9885476,0.7964544
479,Annual,553847,248319,52.111791,0.245284,0.9209192,0.91537434,0.96063036,0.959927399,0.9936638,0.9253589,0.8945659,0.9389054,0.9670781,0.950409923,0.9665105,1.0390794
480,Annual,465785,117755,50.955476,-1.064766,0.8947558,0.91968685,0.94921255,0.958517182,1.0177653,0.9403744,0.8908552,0.8712401,0.9520315,0.951916531,1.0202472,0.8822369
481,Annual,446427,441784,53.870182,-1.295414,0.7967633,0.81974965,0.9025669,0.904009103,0.9959073,0.8484083,0.8142293,0.7653722,0.91935694,0.776676461,0.9961743,0.7797001
490,Annual,463605,140495,51.160175,-1.091809,0.77764666,0.87466294,0.90123796,0.906690891,1.0047534,0.92297554,-0.019322991,0.9139116,0.93494415,0.901292278,1.0180943,0.9466009
494,Annual,567377,272459,52.324693,0.454611,0.8191091,0.731061,0.9330505,0.953482852,0.9921102,0.7396487,-0.18008316,0.5151957,0.63092625,0.575927053,0.9540349,0.68902427
498,Annual,328085,408245,53.565855,-3.087294,0.7351095,0.8681186,0.8681596,0.816215436,1.0007098,1.0032148,-1.3236735,0.82416356,0.84277165,0.816242471,0.95338875,0.9365602
503,Decadal,546317,205512,51.72923,0.117229,-0.6007018,0.28873944,0.4499583,0.406569721,1.0051779,0.5490924,-1.7535458,0.16767389,0.23218393,0.256612804,1.0051525,0.6787569
504,Annual,428255,139755,51.156352,-1.597357,0.90431064,0.86552566,0.95450425,0.955845083,1.002561,0.87348175,0.8354515,0.88860935,0.91551864,0.907164039,0.9930829,0.9277306
510,Multiannual,469875,403405,53.522665,-0.947509,0.7389325,0.7300702,0.8870567,0.876391189,0.9660008,0.7572053,-1.5069671,0.7314182,0.8352197,0.753086217,0.89870304,1.1863459
514,Annual,397915,193005,51.635842,-2.031516,0.79945266,0.83834195,0.90558946,0.911934307,1.0548159,0.8807727,0.8356483,0.7641661,0.940595,0.933015459,1.0620209,0.78035945
522,Annual,447653,182373,51.538249,-1.314311,0.941732,0.9642082,0.97066075,0.973186058,0.99391145,0.98042494,0.7947548,0.8366381,0.944821,0.937695353,0.9486437,1.1449311
533,Annual,444535,175915,51.48044,-1.360078,0.9534184,0.9549665,0.9774433,0.9786721,0.98158616,0.9656471,0.8612165,0.9306729,0.9388419,0.92571659,0.96737003,1.0011007
535,Annual,439205,176585,51.486858,-1.436751,0.8198254,0.74103534,0.92549694,0.943196315,1.0438582,0.75589293,0.7087326,0.80718297,0.84314466,0.839881353,1.0038375,0.88792896
540,Annual,537310,213570,51.803912,-0.00992,0.6382634,0.8379616,0.8576919,0.856318159,0.99729675,1.0774496,0.47425735,0.74689376,0.8019601,0.790419891,0.99770653,1.1576067
546,Multiannual,457443,85007,50.661909,-1.188635,0.9257659,0.92608774,0.9632502,0.960027384,1.0023063,0.9359138,0.5918356,0.8571367,0.89467216,0.774660272,0.9837412,1.0951415
548,Annual,386235,267845,52.308536,-2.203308,0.6351203,0.7185459,0.796988,0.817430051,0.99941844,0.80505973,0.2958964,0.7074203,0.8507683,0.87359005,0.8665268,0.78665286
564,Annual,420365,178835,51.508077,-1.707952,0.8265154,0.87064767,0.915915,0.932535384,0.98764944,0.9024851,0.44455826,0.5493251,0.7697355,0.849870794,0.95495135,0.61521864
569,Annual,444488,171762,51.443105,-1.361276,0.7409433,0.8368866,0.862254,0.852677013,0.9999948,0.91263956,0.08106542,0.6774294,0.6970211,0.819611807,1.0081329,0.8895957
581,Annual,397799,105402,50.848131,-2.032626,0.7492751,0.80934435,0.8656469,0.876506,1.0009518,0.8647317,0.64817107,0.64524937,0.8330641,0.855539926,1.0157497,0.6873795
585,Annual,551984,201580,51.692396,0.197508,0.47090697,0.50085735,0.6945876,0.711175026,0.9981195,0.6052054,0.40068138,0.49793953,0.72925055,0.737652874,1.0129066,0.5773978
593,Annual,407606,204211,51.736551,-1.891249,0.8331398,0.8624767,0.91298515,0.90912668,1.0005028,0.8935071,0.89589477,0.8561456,0.9520701,0.960793576,1.005598,0.8644811
594,Decadal,465405,405705,53.543909,-1.014441,0.75652945,0.7936688,0.9173255,0.868052445,0.91379184,0.8317584,-0.88559496,0.5501751,0.5629125,0.50211556,0.9050941,1.0478561
595,Multiannual,465815,407825,53.562911,-1.007809,0.6669901,0.7354704,0.8286678,0.811262981,0.9933299,0.79856473,-3.0689864,0.05868715,0.10435947,-0.026862706,0.94403607,0.7158083
598,Multiannual,338865,332555,52.886949,-2.910011,0.7778981,0.8754785,0.88761663,0.883088586,0.99529684,0.9465841,-0.06688368,0.6670156,0.6894204,0.749808806,0.98239124,1.118785
608,Annual,456404,154793,51.289482,-1.192528,0.91733795,0.89592034,0.96049035,0.949389345,1.0018585,0.9037292,0.74048007,0.87021124,0.94780946,0.910710768,1.0115445,0.8817295
609,Annual,404385,197035,51.672065,-1.937981,0.32869977,0.6569779,0.7513708,0.703469223,1.002347,1.2363194,0.049325645,0.6533504,0.7950274,0.773122718,1.0541514,1.2742726
610,Annual,504962,461228,54.036348,-0.398808,0.8370567,0.91771334,0.9208026,0.94115647,0.9971304,0.97785026,0.7811998,0.84259444,0.8899166,0.909280539,1.0033818,0.8875428
615,Annual,441601,439799,53.85275,-1.369071,0.630782,0.74131405,0.8056274,0.795294455,1.0051084,0.8293806,0.37784195,0.7544017,0.82671535,0.790845649,1.0205703,0.8271789
618,Annual,408913,169846,51.427547,-1.873183,0.94446313,0.9306911,0.9727231,0.974044159,1.0103493,0.93713063,0.8253789,0.8096459,0.9403429,0.947335008,1.1126139,0.8586007
625,Annual,377335,293135,52.535592,-2.335567,0.70674753,0.7072562,0.8480489,0.857774196,1.0266173,0.7512007,0.51222837,0.52988803,0.7320266,0.736255664,1.0449097,0.6163617
627,Annual,525135,106825,50.847419,-0.223858,0.84189385,0.8066801,0.9244393,0.927432959,1.0091245,0.8222928,0.8934809,0.8064884,0.9563043,0.94239968,1.0015435,0.81149274
631,Annual,572219,324437,52.79001,0.55255,0.65717006,0.7156515,0.8150593,0.816353619,0.99495554,0.7840718,0.36635077,0.4717604,0.6081853,0.665671104,1.0032978,0.6457307
639,Annual,443885,186595,51.576513,-1.36811,0.9238073,0.952504,0.96221113,0.967652105,1.005899,0.97183883,0.81717634,0.8988397,0.94004995,0.950765209,1.0206959,1.078811
642,Annual,396079,108528,50.876232,-2.057092,0.89779174,0.91913164,0.9476244,0.949833029,0.99927545,0.9383889,0.8861779,0.8175106,0.95159113,0.935112061,0.99625623,0.82408845
646,Annual,501216,455163,53.982606,-0.457999,0.7361202,0.82660323,0.88013726,0.893122099,1.0254945,0.8773264,0.25292552,0.60301626,0.8012515,0.835125985,1.0755564,0.6647612
648,Annual,407199,139101,51.15112,-1.898446,0.58450246,0.7509335,0.7932222,0.841111111,1.0333285,0.8652201,0.51224655,0.6809543,0.7833458,0.817783239,1.049037,0.77099025
657,Multiannual,396835,271615,52.342594,-2.047873,0.89970917,0.92617846,0.95185834,0.953264912,0.98236054,0.94688886,-2.692011,0.08265382,0.20972997,0.463712741,1.0734999,1.4599977
661,Annual,541872,244476,52.080462,0.068939,0.86515987,0.8750991,0.9332726,0.927036418,0.9936266,0.8946108,0.53754187,0.81554437,0.8177048,0.7649898,0.9772894,0.9833712
663,Multiannual,395145,324675,52.819578,-2.073476,0.77341765,0.84942555,0.88473034,0.883211088,1.0067475,0.90335745,-1.9113727,-0.14945412,0.6604909,0.545071436,0.9884065,2.0981185
664,Annual,386033,162933,51.365282,-2.202,0.81790006,0.8068764,0.9097507,0.914490316,1.0443617,0.835125,0.88038903,0.7758312,0.9582938,0.953116066,1.0629072,0.7889198
666,Multiannual,517465,104575,50.828801,-0.333477,0.5571408,0.602428,0.7509285,0.70154128,1.0079185,0.6902205,0.5650576,0.64816326,0.7539633,0.74901171,1.0048867,0.74854434
678,Annual,341442,104956,50.84115,-2.833027,0.5569245,0.54051495,0.767424,0.819693176,1.0456244,0.60635984,0.58799875,0.47328573,0.84773904,0.895684116,0.93707,0.49971667
679,Multiannual,398515,318795,52.766741,-2.023441,0.70692503,0.84715766,0.8509717,0.845159254,1.0026563,0.96617484,-0.37570322,0.5544841,0.5624093,0.598658182,0.97772115,0.9193655
680,Annual,430025,338395,52.942101,-1.554651,0.65868235,0.7586829,0.81258565,0.865550526,1.0008407,0.8479847,0.6185566,0.7852005,0.8243569,0.839268417,0.99002737,0.87675846
684,Annual,499801,433899,53.791831,-0.486486,0.77626914,0.76044536,0.8888409,0.920574528,1.0045598,0.78784627,0.5613118,0.67979825,0.75156295,0.819754486,1.0025864,0.7980063
687,Decadal,459726,427307,53.738723,-1.095989,0.817292,0.8820443,0.9468236,0.93837483,0.9355629,0.916732,-17.509485,-0.83598065,0.47241655,0.445648368,1.1392397,2.7530384
690,Annual,629363,167872,51.363571,1.293431,0.6586329,0.8095325,0.83592844,0.844161327,1.021387,0.905658,0.32233447,0.70720017,0.7249607,0.796098047,1.0340866,0.9055412
702,Annual,581321,319657,52.744109,0.68473,0.9183332,0.95488214,0.9735838,0.970000798,0.9908822,0.9645791,0.7938732,0.82515955,0.9425871,0.886723293,0.9922069,1.164962
709,Multiannual,503140,215900,51.832194,-0.5046,0.9614882,0.9686587,0.9806556,0.979838777,1.0032856,0.9755609,0.51824063,0.74389184,0.8181406,0.823140795,0.98545676,1.179742
710,Annual,416545,199235,51.691621,-1.762037,0.4834298,0.7491722,0.7711048,0.772002766,1.0110819,1.10198,0.011170507,0.591325,0.6291906,0.66073315,0.94131386,1.1614746
711,Annual,365161,88822,50.697988,-2.494645,0.8971457,0.9011712,0.9481759,0.955367157,1.01848,0.9179035,0.87330085,0.85464394,0.9502224,0.945490585,1.098246,0.90514064
717,Annual,415095,196165,51.664059,-1.783145,0.74902403,0.8556295,0.8776685,0.873472304,1.0475265,0.9398429,0.7494733,0.8292427,0.8703143,0.905452827,1.0318158,0.89357144
719,Multiannual,583440,331530,52.850006,0.722737,0.83231306,0.8026425,0.9254725,0.923234942,0.9224644,0.83452034,-0.25732386,0.43540263,0.6205212,0.681054627,0.7270851,0.68332565
725,Multiannual,544949,212362,51.791132,0.100289,0.80262214,0.88650775,0.908948,0.812464265,1.0049013,0.9324295,-0.43216336,0.7017652,0.70938206,0.843633268,0.9615525,0.9451649
734,Annual,555158,237027,52.009983,0.259287,0.80392087,0.7939021,0.91042745,0.904611986,1.0031065,0.81441134,0.75485015,0.68790984,0.8899522,0.897825842,1.0014448,0.7079603
737,Decadal,447443,466389,54.091214,-1.276142,0.5297369,0.7430744,0.75115323,0.777415849,0.99908483,0.9360867,-2.4612153,-0.16042268,0.6514891,0.492351142,1.0191683,2.1066985
739,Annual,577902,279029,52.380389,0.612361,0.84494984,0.78982145,0.9428855,0.935446663,1.0145851,0.79825723,0.8863506,0.9052504,0.9566056,0.909731092,1.0132502,0.9168207
745,Annual,457050,139850,51.155066,-1.185638,0.93916124,0.9645197,0.970824,0.970821996,0.99669963,0.98008275,0.888925,0.94060427,0.949896,0.946771717,0.99546117,0.9684281
746,Multiannual,343906,349183,53.036956,-2.837988,0.45185882,0.6841358,0.70239705,0.737113271,1.0015736,0.8941721,-0.93720484,0.078504324,0.07852253,0.143929696,1.0044599,0.9963133
750,Annual,596282,312398,52.673717,0.90174,0.8761055,0.8303395,0.94153357,0.937840464,1.0045103,0.84079725,0.64977586,0.86395115,0.9093205,0.926380603,0.9168384,0.9419458
752,Annual,496522,445190,53.893897,-0.5327,0.9404138,0.9187799,0.9708841,0.970895655,0.99898857,0.92418504,0.83311254,0.8588928,0.9308384,0.926983173,1.0334457,0.88163936
762,Annual,491101,436199,53.814091,-0.617829,0.7152075,0.8138814,0.8477812,0.860370893,1.0190226,0.8946081,0.40255415,0.4638011,0.84328043,0.899585885,1.3828309,0.6588412
768,Annual,418025,204515,51.739048,-1.740355,0.8159965,0.80767477,0.9063857,0.913263878,0.99953014,0.83199686,0.7479011,0.69533795,0.87933004,0.87649784,1.0007974,0.7202555
769,Multiannual,344325,322295,52.795322,-2.827121,0.067540646,0.4210778,0.5008705,0.494930188,0.9958109,0.70673996,0.51770854,0.65942913,0.7543183,0.719401771,1.0028336,0.7641617
779,Annual,509575,468102,54.097144,-0.325922,0.8964534,0.7949982,0.9613395,0.960404394,0.94694984,0.8057924,0.7510534,0.6420215,0.92232054,0.895213379,0.86388576,0.6781505
783,Multiannual,571102,167825,51.383677,0.457453,-1.6351268,0.5362606,0.55321527,0.540191861,0.99200594,0.8760112,-0.68187916,-0.010192275,0.14402725,0.27199957,0.9956353,0.46354988
786,Annual,417320,200058,51.698998,-1.750784,0.44769043,0.6846206,0.8100578,0.823348252,0.9893539,1.251552,0.043049216,0.5743556,0.7561925,0.722967343,0.9633996,1.3469869
801,Annual,457045,177915,51.497301,-1.179628,0.8454588,0.91921526,0.92503923,0.9145111,0.994904,0.9703171,0.6637623,0.88005733,0.93953305,0.914712604,1.0177888,0.8979535
813,Multiannual,342881,368122,53.20707,-2.856651,0.44497913,0.6097338,0.6868005,0.705144481,0.9985323,0.76716936,-3.5435343,-0.110379815,-0.006559495,0.010410251,0.99481213,1.4687937
814,Annual,418320,138780,51.147988,-1.739464,0.91740954,0.9614187,0.96244633,0.966989371,0.9974469,0.99153244,0.90105605,0.8824093,0.9629823,0.955202639,0.9986882,1.1116062
816,Annual,416905,196385,51.665986,-1.756966,0.4644091,0.74169695,0.8316137,0.797060008,1.1743983,0.91082764,0.64800835,0.77534413,0.91941,0.894774043,1.1705725,0.8780149
819,Annual,451385,174845,51.470241,-1.261601,0.87521577,0.9208487,0.94610274,0.944421297,0.98754746,0.9433881,0.51399446,0.8155972,0.8510222,0.838260006,0.9798437,1.106789
825,Annual,473785,147315,51.220269,-0.944859,0.9112842,0.87899333,0.95744085,0.960537107,1.0016342,0.88673663,0.86677575,0.8359113,0.9368621,0.939264301,0.9961947,0.8485929
831,Annual,436232,479718,54.21191,-1.445937,0.70625305,0.7966136,0.8605653,0.866910872,1.0467732,0.8595163,0.67073536,0.67821276,0.825912,0.854068997,0.9884958,0.7296169
833,Multiannual,309010,88029,50.684774,-3.289347,0.65409523,0.83208996,0.8358788,0.773661161,1.0042833,0.9647942,-0.8167951,0.41530704,0.4300794,0.429906026,1.0109181,1.130149
835,Annual,620949,156972,51.269044,1.166016,0.7960056,0.8359669,0.89233744,0.883484094,0.9992151,0.87624836,0.5387752,0.6521096,0.8859527,0.874797132,1.2908745,0.84698576
836,Annual,620950,156970,51.269025,1.166029,0.5114054,0.5965298,0.7151367,0.704533492,1.0013686,0.714276,-0.45344162,0.3451066,0.44392046,0.45225807,1.2793237,0.7959436
837,Multiannual,486225,192835,51.627728,-0.755711,0.17081279,0.6494831,0.7217516,0.730213389,1.0070529,1.2130555,-1.372169,0.35339862,0.6434445,0.570754747,1.0102011,1.5393271
840,Annual,425455,322305,52.797701,-1.623906,0.47536987,0.7474357,0.76013744,0.761892366,0.9949938,1.0789324,0.32230633,0.6299877,0.79414195,0.825419489,1.0348258,1.3054876
856,Annual,420776,368997,53.217615,-1.690313,0.6118778,0.80009484,0.8029986,0.843465293,0.9982687,0.9660974,0.6397495,0.8288602,0.8309807,0.906612939,0.9977426,1.0267643
861,Annual,599467,291039,52.480796,0.935934,0.8166748,0.75305325,0.91588825,0.941080425,1.0014386,0.76782507,0.73752487,0.89398575,0.91643155,0.927266104,1.0233382,0.93908674
865,Annual,434655,146655,51.218044,-1.505184,0.8033419,0.8678986,0.9031106,0.908536811,1.007497,0.9105194,0.3848936,0.81325233,0.8154391,0.875762517,1.025914,0.98815095
870,Annual,426755,109725,50.886395,-1.621011,0.87699497,0.94050723,0.941483,0.915919064,1.0072908,0.9921279,0.3454951,0.6312382,0.8394343,0.807812353,1.0385525,0.6702779
871,Annual,500472,453664,53.969283,-0.469833,0.81572926,0.7737211,0.91147494,0.928095922,1.003754,0.791791,-1.241132,0.34347457,0.4074405,0.454969676,1.1582818,0.765809
873,Annual,405920,201920,51.715973,-1.915703,0.84947634,0.86987096,0.9245301,0.934713959,1.0092125,0.894393,0.8189773,0.793368,0.92418736,0.930646393,1.0204421,0.808869
895,Annual,433596,177933,51.499338,-1.517401,0.8937521,0.9086792,0.9456021,0.925369833,0.99427885,0.9268735,0.40074658,0.6779788,0.73713523,0.804591869,1.1810746,0.957433
903,Annual,443455,129215,51.060632,-1.381291,0.7995875,0.8022114,0.91597486,0.93210147,0.98510563,0.82156754,0.82703733,0.7607558,0.9326915,0.926358854,0.98999894,0.77063745
906,Annual,418834,197239,51.673603,-1.729029,0.69631445,0.72785336,0.8363023,0.850309339,0.9959221,0.7826315,0.691054,0.6751815,0.86135674,0.868030719,1.0466763,0.7099911
913,Annual,435756,130753,51.074991,-1.490995,0.8624095,0.8249266,0.9489802,0.949127606,1.0371155,0.8366915,0.8989431,0.93162507,0.9485817,0.937940523,1.0051512,0.9552275
926,Annual,455615,171065,51.435857,-1.201301,0.8473311,0.8717804,0.92411643,0.935661144,1.008233,0.8969761,0.7104086,0.8572191,0.860034,0.865356557,1.0019809,1.0281444
944,Annual,471667,139431,51.149658,-0.976751,0.5104987,0.7169686,0.73550695,0.689140793,1.0137446,0.9001965,-0.1756264,0.55179447,0.72402096,0.733686563,1.0903456,1.3414171
946,Annual,506555,108475,50.865968,-0.487194,-1.7063463,0.65762556,0.7379023,0.793220802,0.98799986,1.2199607,-2.0209477,0.5649936,0.5723129,0.623818746,0.9871508,0.92158616
956,Annual,621658,156502,51.264549,1.175872,0.8706555,0.8903228,0.93365717,0.927655988,1.0008271,0.91266835,0.81076586,0.86220604,0.9333452,0.934271789,1.0068108,0.879594
960,Multiannual,330507,91412,50.718161,-2.985744,-0.08717871,0.53663325,0.673887,0.678990179,1.001857,1.3291776,-5.192379,-0.3133279,0.40723407,0.400822954,1.0033401,2.1719553
962,Decadal,468222,428659,53.749832,-0.966908,0.53315485,0.6850723,0.7388553,0.735312705,0.9931276,0.8241162,-0.27620804,0.73980904,0.7609263,0.772725419,1.0496421,0.910121
963,Annual,498165,457075,54.000372,-0.503891,0.8594979,0.8658166,0.9280175,0.927312502,0.99904394,0.8867625,0.74980354,0.7520627,0.8975723,0.896716143,1.0479945,0.77936935
967,Annual,480775,116135,50.939008,-0.85175,0.6512903,0.84283566,0.8478826,0.877730726,1.0046797,1.0392314,0.47498053,0.7830395,0.7967229,0.855721406,1.0077785,0.9245705
973,Annual,596253,292374,52.493947,0.889457,0.7578057,0.63487196,0.9110725,0.908400617,1.0462863,0.64890534,0.688607,0.6030032,0.9022622,0.911025454,0.8333184,0.6532001
975,Annual,346365,321895,52.791934,-2.796804,0.08383626,0.07659626,0.40686125,0.555666671,0.995275,0.2923011,0.07247347,-0.05210638,0.31203857,0.249118333,0.99757534,0.20399095
977,Annual,447756,443533,53.88578,-1.274932,0.61981833,0.7460823,0.8560909,0.855687015,0.991778,0.7909637,0.76781,0.87487155,0.88200504,0.885467694,1.0016336,0.9583886
978,Annual,438175,127435,51.045001,-1.456817,0.8422134,0.84613913,0.9195207,0.938497097,1.0030918,0.8689022,0.75118154,0.7811514,0.87219393,0.882580972,0.9915054,0.82255113
989,Annual,571275,270019,52.301577,0.510509,0.835099,0.801192,0.9194208,0.92009502,0.9998882,0.8182554,0.35214424,0.7184447,0.7683917,0.765575006,0.95263034,0.84707314
991,Multiannual,593810,162941,51.332521,0.780732,0.800282,0.87816435,0.9252074,0.918998906,1.038562,0.9118931,0.15542322,0.6165847,0.7567172,0.775964321,1.1019512,0.72174424
1005,Annual,534470,215060,51.81799,-0.050507,0.33029622,0.5794215,0.6506424,0.63984374,1.0045129,0.7658753,-0.68803406,0.65258944,0.69132334,0.673616231,1.0068692,1.1592714
1009,Annual,360325,321455,52.789188,-2.589747,0.84962106,0.91681683,0.9383859,0.927429272,0.95850646,1.0374378,0.82971835,0.9018223,0.92180395,0.912246424,0.96632004,0.95111716
1013,Annual,371695,219735,51.875453,-2.412553,0.77400005,0.72443354,0.8949249,0.899953997,0.96259725,0.7480143,0.78617144,0.66043186,0.9263637,0.937272472,0.9551151,0.67156553
1018,Annual,440604,219308,51.870868,-1.411649,0.85737824,0.8634017,0.92692363,0.90989126,0.99984103,0.884593,0.82233584,0.81177634,0.9277737,0.920501324,1.0062548,0.82629853
1026,Annual,477736,484861,54.253517,-0.808327,0.75331783,0.7479909,0.8736402,0.886684963,1.015128,0.78248554,0.64231706,0.8310977,0.84119,0.846562147,1.0536027,1.0208385
1027,Annual,371067,89099,50.700804,-2.411046,0.799468,0.73021954,0.92114794,0.940005201,0.9656104,0.74430376,0.7862933,0.70737195,0.9168417,0.938179854,0.96715397,0.721367
1032,Multiannual,489819,200922,51.69986,-0.701728,0.93168163,0.8805008,0.9706849,0.947488696,0.93477356,0.9042606,0.2443893,0.6481905,0.6589334,0.676118149,0.94920224,1.069737
1040,Multiannual,479775,197855,51.673805,-0.847729,0.9083199,0.9170147,0.95840657,0.95364818,1.0038003,0.9282918,0.77613115,0.86215866,0.90782213,0.908943437,1.005171,0.8976445
1044,Annual,534170,232700,51.976568,-0.047998,0.41951412,0.58232176,0.7492,0.791178939,0.98866045,0.6661954,0.6841347,0.6594813,0.85513425,0.830886147,0.9971205,0.69184726
1049,Annual,370295,227975,51.949462,-2.433602,0.6668458,0.7658847,0.8247379,0.833385311,1.0421535,0.85061496,-0.6705409,0.46603936,0.6460932,0.630597659,1.3888669,0.90701044
1055,Multiannual,367925,332175,52.886058,-2.478114,0.81722003,0.84315133,0.90459406,0.905105642,0.9986329,0.8755125,-1.2468221,0.7453567,0.7805704,0.769519985,0.9463156,0.88247806
1056,Annual,454325,129425,51.061597,-1.226164,0.7746573,0.83153534,0.8802204,0.894137422,0.9996722,0.88153934,0.4548586,0.61116254,0.6963351,0.721628252,0.9956332,0.75717753
1060,Annual,441201,453298,53.9741,-1.373338,0.57231796,0.6544745,0.8140056,0.844862427,1.0606657,0.7151978,0.5022743,0.61668044,0.8518471,0.858876404,1.1106384,0.6642285
1061,Multiannual,310230,93968,50.738358,-3.273529,0.9049225,0.9101464,0.9523553,0.950349336,0.99777454,0.92385185,-0.3793707,0.34656048,0.42119852,0.345935886,0.9770708,0.6976005
1063,Multiannual,308505,91463,50.715567,-3.297346,0.8617579,0.93649584,0.9369168,0.932016679,1.0068614,1.0024936,-0.529335,0.5034876,0.50862175,0.315971341,0.9733998,1.0660665
1075,Multiannual,419210,116518,50.947778,-1.727915,0.06576824,0.4640252,0.47961703,0.502803085,1.0011806,0.8716705,-0.7113302,-0.12695289,-0.078794904,-0.062777823,1.0036944,0.6741025
1085,Annual,471835,149655,51.241555,-0.972307,0.82617867,0.8209614,0.9383968,0.940364933,1.0561723,0.84155697,0.7776854,0.86287016,0.90056425,0.909417207,1.0382606,0.91366917
1087,Annual,417530,200470,51.702695,-1.747725,0.4234509,0.59624976,0.8575355,0.87164455,0.92763156,1.3707927,-0.14600265,0.45437473,0.79817015,0.797307627,1.1791636,1.4742181
1088,Multiannual,381185,300905,52.605589,-2.279252,0.69726413,0.74504197,0.8379814,0.846407634,1.0308864,0.805581,0.6831305,0.70767593,0.83618104,0.856209585,1.0473148,0.76256174
1093,Multiannual,507980,215060,51.823731,-0.43465,0.9342963,0.9113803,0.9763615,0.933142051,1.0761501,1.0386775,0.76390713,0.81346214,0.8941262,0.875983988,0.9387543,0.85916
1097,Annual,421899,155400,51.297305,-1.687288,0.8930652,0.86910516,0.9509301,0.953325005,0.9748596,0.88128394,0.73589635,0.743906,0.9125861,0.913295078,0.9226386,0.77205694
1100,Multiannual,486475,195515,51.65178,-0.751439,0.81060404,0.8792974,0.90417975,0.896108817,1.0058111,0.92683154,0.59924376,0.76366544,0.79289335,0.789724355,1.0100039,0.88659596
1104,Multiannual,593350,152390,51.237917,0.768431,-0.15494335,0.49563658,0.61536896,0.581591719,1.0007505,1.3262565,0.07478416,0.5714259,0.5781512,0.514410635,1.0015862,0.924393
1112,Annual,541193,112242,50.892408,0.00619,0.5673981,0.68791676,0.7550591,0.830463612,0.9995357,0.8066119,0.62186074,0.6600169,0.8190792,0.892150356,1.0122685,0.7124158
1113,Annual,544973,160614,51.326151,0.079318,0.4177273,0.66252756,0.78152966,0.870264704,1.007326,0.74289244,0.5494547,0.68086636,0.8421161,0.863792561,1.0050012,0.72270346
1126,Annual,452805,185805,51.568647,-1.23952,0.7622112,0.8277447,0.8750703,0.888516132,1.0076358,0.8816547,-0.25898302,0.7524664,0.7763026,0.797220709,1.0646837,1.0839597
1138,Annual,471545,410005,53.581753,-0.920817,0.6967352,0.7593878,0.83494556,0.878318459,1.0037612,0.82496667,0.059645116,0.43235832,0.7846097,0.739669683,1.0056309,1.5251669
1153,Multiannual,595660,163490,51.336819,0.807556,0.4129849,0.67138505,0.7032087,0.701295011,1.032851,0.86280423,-1.4586158,0.75156283,0.79207724,0.869366002,1.1349902,1.0163428
1171,Annual,501160,108370,50.865993,-0.563861,0.65334326,0.77338725,0.8206538,0.85492374,1.0060883,0.8616146,0.74128246,0.6837982,0.878084,0.899405057,0.9986967,0.70825154
1176,Annual,542347,246775,52.100996,0.076824,0.82882464,0.78377956,0.91854703,0.947686825,1.0043724,0.7997568,0.74642456,0.7635378,0.8974911,0.930498637,0.9713974,0.78884155
1178,Annual,415298,120231,50.981283,-1.783446,0.85661614,0.8571138,0.9270692,0.943802129,0.99823064,0.877141,0.85310084,0.8257411,0.92842454,0.929252116,1.002819,0.8411447
1197,Multiannual,568960,157070,51.2877,0.421603,0.61567384,0.808117,0.8090928,0.813218422,1.0019144,0.9807705,0.16432035,0.5988796,0.73186654,0.772893245,0.99224174,0.70177186
1209,Annual,408195,371355,53.23915,-1.878663,0.78658515,0.7719998,0.8917242,0.917180056,0.9993564,0.79935104,0.7453792,0.7234663,0.8712585,0.901505622,1.0013928,0.7552664
1218,Annual,488695,113025,50.909886,-0.739813,0.8460162,0.77394694,0.93274647,0.951741874,0.96328247,0.7873299,0.73729765,0.5951158,0.92470753,0.935201268,0.9066522,0.6132854
1219,Annual,499533,458169,54.009939,-0.482672,0.8204712,0.78168005,0.9172194,0.925703929,1.0172338,0.7987198,0.54116905,0.5015328,0.8108015,0.834773852,1.0458223,0.54111725
1221,Annual,600320,280514,52.38599,0.942173,0.73502374,0.87654036,0.88050133,0.873049589,1.0151819,0.9729506,0.07150096,0.5916915,0.6036824,0.729833563,0.98755026,1.0974387
1229,Annual,372065,225055,51.923302,-2.407611,0.7673326,0.77147543,0.8849866,0.900545186,1.006206,0.80262655,0.6296418,0.7305844,0.8964492,0.819653636,1.023853,0.75242716
1231,Annual,525725,214639,51.816241,-0.17746,0.59510946,0.81952465,0.8209942,0.811991567,1.0083321,1.0214244,-2.7067206,0.40348315,0.8613727,0.871215756,1.0376382,1.578973
1239,Multiannual,490487,199850,51.690116,-0.692342,0.84228027,0.86119616,0.9488411,0.904354651,1.1196837,1.0482216,-0.04736662,0.5879269,0.61989737,0.690848146,1.1118287,1.113231
1240,Annual,490319,451402,53.950829,-0.625228,0.74792993,0.7937352,0.86561567,0.919803782,0.9989926,0.8435234,0.7037916,0.6652169,0.8529442,0.914728683,0.9996566,0.6992442
1246,Decadal,428456,434151,53.802872,-1.56941,0.7238133,0.8796343,0.8825757,0.821512011,1.0255299,1.0069066,-0.3197744,0.2550519,0.80114484,0.822227974,1.014955,1.7177708
1250,Annual,366155,88067,50.691258,-2.480502,0.9024386,0.8964799,0.9517087,0.957186332,1.0236597,0.9115437,0.8474974,0.85059106,0.93552697,0.935955484,1.0895911,0.8993042
1252,Annual,384085,85589,50.669745,-2.226562,0.8524284,0.7877989,0.93823314,0.935693511,1.0104324,0.79725605,0.520447,0.6510068,0.7528629,0.806360603,1.019148,0.7543326
1253,Annual,529927,236255,52.00952,-0.10839,0.95343286,0.93590534,0.98052156,0.973164319,1.0175794,0.9415221,0.8548446,0.89252985,0.92668927,0.885928397,0.9893742,0.9221384
1266,Annual,546105,250196,52.130752,0.133117,0.7447711,0.6809778,0.8858516,0.895894826,0.97942245,0.70281124,0.87976944,0.8343936,0.96605736,0.944835404,0.9612976,0.8425994
1270,Multiannual,512008,204631,51.729209,-0.379591,0.8686839,0.90700644,0.9353569,0.929057022,1.0041401,0.93327785,0.64831346,0.8688343,0.8790863,0.890539969,0.9903258,0.9500941
1282,Annual,503845,465217,54.072411,-0.414492,0.89318377,0.8586209,0.94848776,0.955033733,0.9992194,0.86834186,0.7679342,0.75280595,0.88190424,0.865257228,0.99961036,0.7828411
1284,Annual,340881,365818,53.186143,-2.886164,0.71365726,0.807708,0.84868073,0.853297809,1.0014253,0.88135856,-0.40823615,0.771098,0.7954098,0.789149346,1.0164839,0.898677
1286,Annual,445765,199015,51.688028,-1.339363,0.5379832,0.7189865,0.79917,0.811385176,1.0323448,0.80612075,-0.641996,0.03439325,0.1924009,0.379423857,1.0793564,0.47666276
1290,Annual,411329,127124,51.043356,-1.839771,0.78566146,0.8378422,0.8864225,0.906957146,1.0003716,0.88426363,0.49388474,0.4573198,0.74208015,0.921088722,0.99495375,0.5225555
1298,Annual,531477,110750,50.88129,-0.132412,0.83994865,0.85570014,0.9182018,0.921397618,0.99033976,0.88151723,0.7989241,0.7518852,0.9036029,0.904792519,0.99800056,0.77138567
1302,Annual,474955,409795,53.57939,-0.869372,0.7971914,0.8874224,0.8997957,0.911031553,1.0094864,0.9495764,0.4560427,0.7798567,0.7814157,0.742311222,0.97776735,0.9862317
1304,Multiannual,615432,155355,51.256636,1.086079,0.6747912,0.7307385,0.8218239,0.799594933,1.0001107,0.79812247,0.604066,0.5280916,0.8303611,0.802313608,1.0021265,0.5596422
1309,Annual,511805,115445,50.927631,-0.410489,0.7296926,0.7689458,0.86814535,0.898308344,1.0226336,0.8116176,0.6795513,0.735096,0.8413985,0.857295344,1.0258148,0.78939825
1315,Annual,435323,182350,51.538946,-1.492082,0.86019623,0.8817285,0.92776215,0.923851201,1.0011725,0.90636003,0.690716,0.79924345,0.85049784,0.834170581,1.0203366,0.86756635
1320,Annual,548197,234466,51.988875,0.156837,0.8945207,0.9092512,0.94601476,0.941252025,1.0007037,0.9270591,0.73193634,0.72922385,0.8700754,0.895486743,1.0101712,0.76264864
1322,Annual,457055,131715,51.081923,-1.186851,0.13885969,0.68025446,0.8052011,0.822111935,0.9950639,1.2535131,-0.37354565,0.60102534,0.6939055,0.695179904,0.9930796,0.74419314
1326,Multiannual,568642,158394,51.299688,0.417672,0.64936566,0.74606043,0.8081095,0.867818239,0.9929214,0.83382905,0.31073737,0.6304451,0.6541476,0.807174624,0.9782892,0.87160605
1330,Multiannual,337656,106710,50.856524,-2.88709,0.8270524,0.91430265,0.9212047,0.927005178,0.97784233,1.0253859,0.2512833,0.6711824,0.67818433,0.684035484,0.9683547,1.0596201
1338,Annual,604500,329590,52.825013,1.03382,0.75274307,0.79544187,0.8690878,0.866286353,0.95126164,0.8505687,0.7592556,0.8757732,0.8773905,0.910528404,1.0019203,0.9801152
1359,Annual,587801,297801,52.545651,0.76818,0.9218022,0.91323936,0.96094465,0.970929607,0.9994789,0.92252934,0.7795428,0.6279089,0.95189255,0.859763973,0.99303234,0.63109815
1362,Annual,545393,248320,52.114085,0.121922,0.6482468,0.7318231,0.81293344,0.855039816,0.9922882,0.80799794,0.62950957,0.56759226,0.8227425,0.871418458,0.99878526,0.6055969
1374,Annual,480015,105855,50.84669,-0.864813,0.7349901,0.7895458,0.8818237,0.896352394,1.0144713,0.82646275,0.388991,0.6218404,0.9267045,0.92655582,1.0401076,0.6311878
1375,Annual,579730,116545,50.920369,0.555725,0.8475736,0.84990644,0.9220117,0.932493504,0.99972284,0.8717593,0.84401906,0.84244066,0.9205304,0.925710318,0.9987074,0.86395705
1378,Multiannual,625865,329195,52.812949,1.35009,0.777622,0.8118928,0.90236986,0.865035355,1.0392379,0.84407526,0.42751998,0.7366984,0.74676824,0.708006628,1.0140104,1.0707521
1390,Annual,432835,310105,52.687636,-1.515672,0.68512106,0.7532317,0.8330822,0.842904392,1.020001,0.81935537,-0.855476,0.6799787,0.8128251,0.888718677,1.2263006,1.1271542
1392,Annual,492272,444136,53.8852,-0.597668,0.84173596,0.8650346,0.9209146,0.927597845,0.9923177,0.8909033,0.64980215,0.71773183,0.81580806,0.853999083,1.013338,0.7865272
1394,Annual,532167,111856,50.891073,-0.12221,0.7977762,0.78764457,0.89715266,0.926114378,0.9979627,0.8142231,0.7534224,0.6535624,0.89812875,0.931969608,0.99655575,0.66889685
1396,Annual,429013,451669,53.960285,-1.559301,0.30205506,0.69034016,0.7049629,0.755181007,1.002675,1.0939988,-0.2548269,0.5320568,0.80764365,0.856451029,1.0095623,1.426476
1409,Annual,407385,165585,51.389256,-1.895248,0.8160428,0.81047827,0.90677124,0.917105593,0.9954674,0.8350567,0.82238555,0.7610973,0.9180307,0.911832612,1.0014533,0.7756044
1411,Annual,543806,248739,52.118264,0.098939,0.82367694,0.9056857,0.9286066,0.941939635,0.9528822,0.960277,0.67522144,0.8638741,0.93129575,0.924810505,0.91829985,1.0844712
1412,Multiannual,574148,171668,51.417273,0.503066,0.65648735,0.6917895,0.8122443,0.77272858,0.99988663,0.75558186,0.24528658,0.307101,0.5664164,0.509920779,1.003785,0.45953906
1413,Annual,601620,280454,52.384974,0.961212,0.75073904,0.88820046,0.8982665,0.871233011,1.0042138,0.9538336,0.5860925,0.7749485,0.8130996,0.823095904,1.003505,0.87468827
1414,Annual,568982,309796,52.659542,0.49707,0.7029225,0.6735753,0.8500124,0.856818359,1.0005934,0.7100775,0.101739526,0.24818915,0.58789784,0.780262467,0.9173847,0.37665027
1416,Annual,400092,197331,51.674743,-2.000061,0.7105416,0.82891273,0.87399304,0.900033504,1.0654466,0.904556,0.49399185,0.7154293,0.8157109,0.83928234,1.1393692,0.833886
1431,Annual,377065,266845,52.299237,-2.337735,0.46983868,0.830232,0.8311382,0.827756906,0.9933473,0.9837967,0.20130795,0.625819,0.694149,0.68151394,1.0008548,1.2155628
1432,Multiannual,523387,105358,50.834608,-0.249169,0.78260684,0.80965096,0.8858053,0.889385121,0.9959172,0.8477654,0.5102041,0.8565123,0.88081944,0.817326036,0.9479662,0.9393619
1445,Multiannual,483465,129525,51.059005,-0.8104,0.53782475,0.6011561,0.7453616,0.782423857,1.0082299,0.6931325,0.095766544,0.19127643,0.44023073,0.457183199,1.0196297,0.4166421
1457,Multiannual,379395,264685,52.279911,-2.303436,0.67743003,0.77722704,0.8286184,0.85064479,0.997504,0.8576991,0.57291114,0.52504426,0.7913158,0.770900796,1.0023147,0.57335275
1459,Annual,442275,448573,53.93155,-1.357618,0.39835227,0.5134075,0.6415755,0.793574655,0.9956207,0.67093426,0.79131705,0.89124805,0.9248847,0.87823314,0.9927106,0.92169785
1460,Annual,600337,285230,52.428324,0.945243,0.8567551,0.9489656,0.94985926,0.942518379,0.9923528,1.0056521,0.9085301,0.8946899,0.9628881,0.953787187,0.99953157,1.0985546
1467,Annual,504964,445759,53.897371,-0.404096,0.5382501,0.77034533,0.773056,0.761589809,1.0101855,0.9663294,0.60897756,0.8619144,0.8632278,0.832169997,1.0185932,1.0039157
1474,Annual,591528,278307,52.369315,0.811893,0.9045249,0.9081311,0.9515883,0.948316939,1.0002435,0.92192423,0.72215474,0.83508164,0.87689185,0.816350542,0.99549305,0.89035654
1476,Annual,447155,144755,51.200067,-1.326469,0.8740364,0.8859575,0.93559325,0.941279461,0.9989857,0.90589255,0.87810916,0.84813076,0.9626979,0.959141928,1.0086076,0.85303617
1492,Multiannual,553408,168375,51.393673,0.203631,0.8077816,0.846731,0.8997531,0.888030772,0.9977919,0.8840822,0.7014141,0.91001153,0.92443895,0.911155277,1.0136436,1.0469296
1495,Annual,552986,99263,50.772778,0.168333,0.7854004,0.8617068,0.8898051,0.903340781,0.99683845,0.91650295,0.65837383,0.7243073,0.8261009,0.778170893,0.9930951,0.7861842
1503,Annual,469515,385155,53.3587,-0.956962,0.64034575,0.7688908,0.81932473,0.815230689,1.0121423,0.8564056,-1.3438005,0.71934664,0.7698471,0.68651564,1.0681838,1.1454273
1510,Annual,382358,163582,51.371014,-2.254819,0.75383824,0.72257054,0.877783,0.883386554,1.0205688,0.7517925,0.58454084,0.6389341,0.7691667,0.834027318,0.93831927,0.7292973
1520,Annual,566057,312819,52.687595,0.455388,0.573782,0.45364714,0.85350263,0.883709937,1.0345254,0.47478852,0.32230031,0.54055643,0.83767724,0.839581972,1.1554494,0.59928274
1523,Multiannual,569586,167144,51.378014,0.435364,0.6268858,0.6654163,0.81794703,0.668598367,0.97479457,0.7204156,0.36815166,0.51779735,0.854493,0.772103362,0.92393434,0.5466117
1525,Annual,387896,209181,51.781153,-2.176849,-0.15807533,0.53500664,0.6767553,0.677691439,0.99704224,1.334257,0.12560368,0.56981087,0.6075076,0.471483991,0.9966839,0.82393205
1527,Annual,502901,453499,53.967323,-0.432875,0.5729151,0.81324625,0.8148149,0.789344411,1.0198705,1.013739,-0.3597777,0.44448137,0.6599009,0.665004851,1.0918127,0.5704629
1530,Multiannual,533558,236982,52.015192,-0.055236,0.8110539,0.874896,0.9148082,0.92255135,1.0103447,0.9089707,0.6786785,0.8898232,0.8954602,0.853926463,1.0162879,0.96925855
1531,Multiannual,496755,138955,51.141693,-0.618294,0.6799787,0.7735785,0.82638544,0.816870645,0.99422616,0.85477245,0.49822158,0.58015156,0.71794385,0.703520235,0.98844725,0.68922216
1532,Annual,406590,171730,51.444518,-1.906561,0.93436486,0.92823637,0.9671211,0.971272744,1.0005326,0.9362137,0.91582465,0.9023009,0.95818573,0.95897979,0.99660474,0.9117667
1534,Multiannual,452305,81855,50.63405,-1.261766,0.54590845,0.68695915,0.7645358,0.746380929,1.0100962,0.7939691,0.53288996,0.7540192,0.84349626,0.841803785,0.98013496,0.8112727
1539,Annual,418960,200040,51.698783,-1.727056,0.06998134,0.64299357,0.7584688,0.708794496,1.1030996,1.2418493,-0.21254003,0.4838823,0.49503657,0.501230211,1.0509365,1.093791
1548,Annual,381085,196695,51.668702,-2.274895,0.32438648,0.6512736,0.65336984,0.705218514,1.0037035,0.9620037,0.09728098,0.5833267,0.58345425,0.604896405,1.0101179,1.0019889
1550,Annual,402463,115033,50.934736,-1.966314,0.8882338,0.87081426,0.94559115,0.959543805,0.99266785,0.88306063,0.93624383,0.9037613,0.9702585,0.969143685,0.99421567,0.9086555
1562,Multiannual,500079,191108,51.609914,-0.556121,0.9136427,0.89564204,0.957337,0.955949754,1.003567,0.9048285,-0.35112464,0.43428922,0.5871948,0.639449639,0.9599203,1.3847278
1584,Annual,455355,137395,51.133159,-1.210249,0.8400707,0.8759681,0.93919563,0.946136729,0.9976939,1.108082,0.69167113,0.83367765,0.8720284,0.878586216,0.9953696,0.89386475
1591,Annual,426035,105775,50.850909,-1.631527,0.34130043,0.708716,0.7170448,0.81811729,1.0482032,1.0495948,0.3520512,0.5149434,0.75395536,0.817057217,1.0916806,0.59215814
1597,Annual,477825,116540,50.943054,-0.89364,0.3854295,0.7382493,0.7386408,0.774952963,1.0050569,0.9866141,-0.13319016,0.4628672,0.67081416,0.720768473,1.00094,1.4244431
1600,Multiannual,596989,163608,51.33742,0.826676,-0.24973357,0.36354196,0.37365294,0.352321289,0.92834383,0.9126363,-0.8797842,0.21274626,0.22032396,0.165716312,1.1055219,1.0271975
1602,Annual,496929,483556,54.238522,-0.514255,0.8107935,0.82666755,0.90798736,0.936647147,0.9929241,0.8532774,0.72467625,0.72553647,0.88021713,0.89048087,1.0126317,0.753378
1605,Annual,429938,172448,51.450226,-1.57056,0.8033914,0.90335834,0.90353864,0.917695612,0.99922127,1.00585,0.6273258,0.8510574,0.8637915,0.850824578,1.0040672,0.93987966
1614,Multiannual,552369,169622,51.405157,0.189244,0.7790644,0.8126744,0.88319826,0.878582697,1.0002273,0.85354924,0.33143258,0.43566203,0.6989497,0.653735002,1.0079982,0.52273554
1630,Annual,422455,321655,52.791991,-1.668443,0.31939113,0.66217875,0.7461387,0.745480326,0.9896436,1.2226496,0.13751054,0.6153461,0.61678135,0.654795938,0.966817,1.0009844
1641,Decadal,412762,203418,51.729329,-1.816613,0.65057063,0.72064066,0.80679137,0.807677311,1.0013989,0.79823303,-3.7435865,-0.39045548,-0.34149235,-0.207154956,0.87615186,0.6558694
1647,Annual,445410,164780,51.380257,-1.348902,0.86025953,0.9062555,0.9297122,0.939640254,0.9980273,0.93800247,0.7945248,0.6641264,0.9443141,0.939236873,0.9955922,0.6688045
1650,Annual,414445,171495,51.442261,-1.793548,0.8187625,0.908175,0.9228536,0.936327664,1.008534,0.95093465,0.6686761,0.8186217,0.87710965,0.882309627,1.0142502,0.86736166
1653,Annual,465665,148295,51.23007,-1.060931,0.7901347,0.8611933,0.90277016,0.921324574,0.9916255,0.90129113,0.7856266,0.8609929,0.88806117,0.876965341,0.9979501,0.9176084
1654,Multiannual,346163,361198,53.145181,-2.806349,0.78590524,0.89684725,0.8996674,0.852625412,1.0178384,0.9840128,-3.734455,0.010155976,0.3845964,0.395878384,1.0486392,1.7737743
1655,Annual,535222,156951,51.295633,-0.06193,0.97016555,0.9407617,0.98727274,0.988565299,1.0230359,0.946929,0.5373577,0.78298974,0.83508426,0.795489688,1.0896733,1.1088806
1656,Annual,521616,107233,50.851836,-0.273684,0.870783,0.9041998,0.93492484,0.934441805,0.99717623,0.9297515,0.7934718,0.88061476,0.92205906,0.937069896,0.99346966,1.0901973
1659,Annual,416320,129765,51.066985,-1.768461,0.8396884,0.89237714,0.92095137,0.937362915,1.006022,0.9272162,0.32661277,0.7931068,0.79488695,0.753415909,1.0267301,1.0043548
1661,Multiannual,380635,264765,52.280676,-2.285265,0.76014113,0.827959,0.87248933,0.87290085,1.0019004,0.8845213,0.6019753,0.8506249,0.85131025,0.90797845,1.0142928,1.0000335
1662,Annual,430805,276665,52.387144,-1.548793,0.7657363,0.7407332,0.88335997,0.895061141,1.0031219,0.768474,0.44741267,0.68084526,0.71310425,0.625511995,0.9872613,0.86075914
1663,Multiannual,435299,490365,54.307657,-1.458992,0.70296544,0.86384004,0.8648089,0.872631536,0.9963204,1.0157943,0.4965449,0.7227363,0.8095278,0.815436313,0.9985392,1.2014823
1664,Annual,637732,320410,52.729029,1.519457,0.35393268,0.5347256,0.6237724,0.668734867,1.1005769,0.74540925,-1.0529325,-2.169269,0.8118518,0.896022973,4.15504,0.7658166
1676,Annual,636748,321307,52.737509,1.50556,-0.1672808,0.5402525,0.63079476,0.621927341,1.0955167,1.256784,-0.000807047,0.63596153,0.6784423,0.631483586,0.88746434,1.1283056
1682,Annual,495485,451916,53.954521,-0.546377,0.74118924,0.72457033,0.87309235,0.906089036,0.9920356,0.7556798,0.663744,0.61434877,0.83850515,0.901562367,1.0062909,0.64984787
1684,Multiannual,439488,465767,54.086294,-1.397836,0.78769547,0.8724874,0.89694417,0.909836208,0.98867214,0.92576826,-0.6362084,0.5386114,0.55933684,0.270109301,0.93735665,0.8784655
1688,Multiannual,593620,163880,51.341019,0.778518,0.42478645,0.5306822,0.7491344,0.766309324,1.3742464,0.86858773,-1.0820229,-0.7055553,0.71987534,0.725887766,2.68111,1.0663183
1689,Annual,506716,225249,51.915548,-0.449837,0.8931246,0.8848319,0.94656765,0.949617297,0.995723,0.8980677,0.5785004,0.88469607,0.9035902,0.844521636,1.0527015,1.0349691
1696,Annual,460435,228545,51.952115,-1.122029,0.85902053,0.81222296,0.9335536,0.934788315,1.0018661,0.8243829,0.8017774,0.70556027,0.94665706,0.949165395,1.0152289,0.7108339
1700,Multiannual,540123,130835,51.05976,-0.001855,0.7933582,0.86488795,0.8912317,0.886548108,0.9977632,0.9198782,0.52187145,0.63278973,0.73288524,0.67468876,0.98180413,0.74868095
1701,Multiannual,540122,130853,51.059922,-0.001862,0.8295167,0.9116663,0.91690785,0.923770516,1.0132376,0.9731069,0.69145143,0.848609,0.8488842,0.849826325,1.0090189,1.0013872
1703,Annual,473005,149645,51.241317,-0.955552,0.91558504,0.95773005,0.958135,0.959195105,1.0006878,1.0057971,0.8694082,0.92184305,0.93347394,0.890519577,1.001485,0.959006
1707,Multiannual,565833,233458,51.97484,0.412956,0.87461346,0.8745042,0.9393872,0.922330258,1.0241642,0.8928024,-2.6498861,-0.23702562,-0.22590831,-0.239151093,1.1581838,1.0485721
1715,Annual,455455,152955,51.27305,-1.20642,0.925248,0.9319578,0.9628526,0.971670532,0.99689233,0.943078,0.91240907,0.95118535,0.9642224,0.961488121,1.0085588,0.96791345
1717,Annual,375635,260005,52.237683,-2.358208,0.6799004,0.6926761,0.83560276,0.846525465,1.0035002,0.7403686,0.63658625,0.6730404,0.8585597,0.891930004,0.99139065,0.7053441
1718,Annual,438304,479298,54.207985,-1.414222,0.7253319,0.75071216,0.8551902,0.866707843,0.98665357,0.7975262,0.68207717,0.7745884,0.902557,0.911924463,0.9238154,0.81155825
1720,Annual,640904,309543,52.630126,1.558395,0.6983973,0.7445372,0.83683956,0.852355537,1.0225267,0.8047275,0.7627672,0.7857735,0.88166416,0.907155516,0.92667574,0.8371758
1727,Multiannual,606321,156838,51.27332,0.956551,0.80069375,0.7598252,0.90720797,0.878588458,1.0028417,0.77849317,0.6182816,0.52375734,0.84046715,0.802688685,0.9972381,0.55128133
1731,Annual,597150,285332,52.430398,0.898493,0.73946905,0.58654493,0.93378043,0.950468196,1.0333437,0.59324765,0.6724051,0.4660905,0.95426416,0.967794986,1.0112379,0.4681725
1737,Multiannual,445945,175525,51.476821,-1.339826,0.931952,0.896224,0.9678696,0.973726641,1.0105536,0.90188956,0.73825336,0.81783676,0.87233853,0.85177274,1.0465062,0.8786612
1741,Annual,625875,329165,52.812675,1.350218,0.67782307,0.75000226,0.8240409,0.853280142,1.0077332,0.82258403,0.56193566,0.6032653,0.77481025,0.799165822,0.96443987,0.67531264
1745,Annual,556213,118826,50.947706,0.222406,0.7388138,0.7716031,0.8705406,0.8852249,1.0099351,0.8121,0.708689,0.63068104,0.910182,0.899852728,1.0217476,0.64243054
1753,Annual,463255,128155,51.049266,-1.098973,0.9200674,0.9110238,0.9619885,0.96827656,0.99330986,0.9198309,0.9289157,0.87596536,0.9775741,0.976215615,1.0125535,0.8786575
1778,Decadal,444510,462273,54.054485,-1.321583,0.74856055,0.873844,0.873909,0.855289255,1.0013479,0.9961851,-1.1259718,0.6236395,0.83908117,0.694508344,1.0639832,1.3341602
1780,Annual,491819,459686,54.024997,-0.599884,0.80829716,0.8015424,0.90803593,0.940574836,0.98963827,0.824442,0.49480653,0.6524347,0.7136267,0.828479267,1.0092645,0.80326146
1782,Annual,443505,135305,51.115387,-1.379846,0.91773105,0.9488666,0.9611802,0.960621774,1.0060297,0.9672697,0.7904487,0.89716303,0.90085304,0.908316287,0.99614835,1.027028
1788,Annual,424905,125805,51.031071,-1.646215,0.71605694,0.8771885,0.9389894,0.933301617,1.0078858,0.8937075,0.437438,0.8017124,0.8769776,0.878384954,1.0083228,0.8447131
1789,Multiannual,571354,156528,51.282116,0.455641,0.6211636,0.64071274,0.80876243,0.803026405,1.0400532,0.69848704,0.46552223,0.6334685,0.7207956,0.73405743,0.9678259,0.7647276
1791,Annual,519850,105990,50.841032,-0.299166,0.73959184,0.8074821,0.8601212,0.867929966,0.9995421,0.8677268,0.6137612,0.88470846,0.89648277,0.845457624,1.0115592,0.95057994
1795,Multiannual,377465,338825,52.946322,-2.336804,0.76730555,0.8772441,0.8832649,0.888061514,1.005109,0.9623743,-0.27562404,0.60114,0.67571616,0.750201003,0.97678846,1.2310679
1797,Multiannual,335005,324295,52.812254,-2.965719,0.54722273,0.77668726,0.77786535,0.794629103,1.0217313,0.9927545,0.19176358,0.5510644,0.7643754,0.75944021,0.9883391,1.3819629
1805,Annual,404186,192900,51.634888,-1.940907,0.72737217,0.81112856,0.85397756,0.86281481,0.9848513,0.8811733,0.6837207,0.7011585,0.89357567,0.939755654,1.1634982,0.77361953
1809,Annual,365225,324185,52.814068,-2.517383,0.76271755,0.87155026,0.8834746,0.883719462,1.0180345,0.94905275,0.66320884,0.8010948,0.8651608,0.850869313,1.0451792,0.86093265
1810,Annual,498238,455196,53.983476,-0.503383,0.7679217,0.758274,0.8838033,0.901849379,1.0442529,0.7927054,0.66665965,0.79760563,0.8603512,0.893400001,1.1366189,0.9471124
1812,Multiannual,454645,169905,51.425522,-1.215433,0.7654945,0.8817488,0.89347565,0.902861999,0.99596435,0.9488189,-11.951889,0.35107446,0.5336828,0.60995932,0.959582,1.4494687
1816,Annual,405026,195364,51.657035,-1.928735,-1.3032677,0.043248296,0.8920956,0.888238546,1.6908437,1.6530644,-8.184832,-0.9209399,0.81346893,0.791634959,2.7321544,1.8092834
1820,Annual,467365,386475,53.370841,-0.98898,0.61613595,0.8398555,0.84074825,0.843978118,0.9832675,0.99773335,0.12495339,0.7932737,0.8640598,0.797298127,0.9673143,1.1522814
1821,Annual,425007,135427,51.117586,-1.644098,0.8845931,0.94526595,0.94572747,0.963572491,0.9929356,1.0006341,0.8339367,0.86843395,0.93610585,0.958866082,0.99349046,1.1148254
1855,Annual,550746,249846,52.126362,0.200711,0.8826066,0.89039457,0.9400217,0.954953226,1.0003498,0.9082633,0.51494974,0.89924914,0.9233825,0.920182597,0.9697932,0.9419666
1857,Annual,599915,288303,52.456068,0.940883,0.827947,0.8507293,0.9267172,0.941956527,1.0236336,0.87212354,0.62043494,0.91576976,0.94663405,0.931437581,1.0623552,1.0189415
1861,Annual,551254,116146,50.924945,0.150755,0.74044585,0.75511634,0.8651665,0.868897257,0.9742794,0.79720414,0.5383301,0.4739278,0.81102645,0.819917197,1.133088,0.5274236
1867,Annual,449015,356045,53.099352,-1.269416,0.679339,0.7280024,0.82648647,0.873859226,1.0037944,0.79057014,0.6292578,0.7596933,0.8292235,0.889736524,0.98379105,0.83171594
1871,Annual,479680,112375,50.905356,-0.868151,0.89753735,0.83765316,0.9550708,0.958645317,1.0155886,0.8447749,0.79088855,0.7412387,0.9322268,0.940496561,1.0613885,0.7579347
1873,Annual,421825,360715,53.143128,-1.675166,0.8128798,0.8545115,0.9022484,0.912671519,0.99849355,0.8922545,0.8451654,0.8128321,0.9243158,0.917371617,1.000433,0.82881784
1878,Annual,438255,131155,51.078445,-1.455284,0.91009325,0.95923525,0.9615948,0.968555039,1.0085982,0.989376,0.8859247,0.9339669,0.941638,0.927175969,1.0001028,0.9691097
1880,Annual,439900,165520,51.387323,-1.427986,0.93789685,0.90087116,0.9706618,0.969040535,1.0012385,0.9053204,0.79972434,0.73749757,0.9089341,0.897520547,0.99046755,0.7539847
1882,Annual,374483,95227,50.756071,-2.363102,0.48438472,0.709198,0.83659816,0.85688991,1.1518219,1.1865975,0.5594361,0.69322723,0.880615,0.877407133,1.1186802,1.2564677
1885,Multiannual,383645,268355,52.313049,-2.241321,0.6009942,0.72184277,0.79124594,0.748526266,1.0049993,0.81623936,-1.1401088,0.1360004,0.2645839,0.406305734,1.025015,0.54719514
1886,Annual,490093,101370,50.80489,-0.722799,0.8766431,0.8770647,0.93745995,0.938950467,1.0197009,0.896012,0.5192729,0.616128,0.8655677,0.888880549,1.3192675,1.165395
1892,Decadal,470355,376585,53.28157,-0.946242,0.91767484,0.94903535,0.9592297,0.958959537,0.99611324,0.9696684,-7.7161303,0.3291843,0.5148257,0.48458993,1.0401844,1.4615113
1893,Annual,419100,199350,51.692575,-1.725068,-0.077545166,0.6333437,0.67274666,0.691329335,1.0840043,1.1424364,-1.3242886,0.28834063,0.36062276,0.455258485,1.1011579,1.2956858
1898,Annual,432905,146255,51.21455,-1.530276,0.9318715,0.92114156,0.9663531,0.971712462,1.0021334,0.9287125,0.6554786,0.9009559,0.9103904,0.91639112,1.0253944,0.96631145
1903,Annual,510555,106575,50.848139,-0.430949,0.8527683,0.86805457,0.92402124,0.927366421,1.0003257,0.8921267,0.64153135,0.595935,0.89528835,0.94688566,1.0202858,0.61026627
1907,Annual,413185,174495,51.469266,-1.811566,0.8364442,0.8296923,0.91832644,0.920101868,1.0023595,0.8505727,0.8269323,0.76314783,0.9387998,0.93408729,1.0069381,0.7712965
1911,Multiannual,591032,287808,52.4548,0.810037,0.8829011,0.8699354,0.9447038,0.928521166,0.9685858,0.88654447,0.7126091,0.8201816,0.909603,0.884963783,0.9037422,0.8779455
1921,Annual,392285,201345,51.710778,-2.113052,0.7735467,0.85702163,0.8946706,0.931292226,0.99619794,0.9033873,0.7664892,0.6898,0.90942526,0.934155682,0.9968344,0.7033351
1922,Annual,442635,168294,51.412066,-1.388352,0.625366,0.7073771,0.79450583,0.816205894,0.99680275,0.7916981,0.7972482,0.7791448,0.9301553,0.941642284,1.0076834,0.7906219
1928,Annual,504530,459412,54.02012,-0.406026,0.8417209,0.7996648,0.92714906,0.931260614,0.99280024,0.81351966,0.7189704,0.62130886,0.88472885,0.909368795,1.0052179,0.63931733
1937,Multiannual,308909,111826,50.898699,-3.296684,0.7549516,0.8581144,0.8900409,0.886185197,1.0097033,0.91086,0.17991745,0.6721165,0.70759076,0.70466509,1.009917,1.1480122
1948,Annual,548880,102726,50.804966,0.111545,-6.854079,0.612998,0.6831489,0.675390133,1.0098373,1.221992,-7.0075464,0.481735,0.50455046,0.603569315,1.0115348,0.8483595
1952,Multiannual,545340,226750,51.920304,0.112,0.8907224,0.9026823,0.94504774,0.940040415,0.99776447,0.91971356,0.80538213,0.7656247,0.9088866,0.880917123,0.996622,0.7840867
1954,Annual,429571,178713,51.506575,-1.575319,0.90554875,0.90817624,0.9531749,0.96319713,0.9916356,0.921457,0.8692893,0.84007514,0.9417481,0.934556123,0.9860117,0.8517201
1955,Annual,359615,323015,52.803158,-2.600468,0.85948974,0.8586233,0.93605834,0.941504212,0.9836903,0.87497073,0.60516465,0.62101513,0.7975931,0.827465477,0.9801966,0.68020666
1956,Multiannual,451475,79785,50.61551,-1.273788,0.47428268,0.76129925,0.7752502,0.748336835,1.008167,1.0799979,0.4817409,0.67079747,0.71491504,0.680583142,1.007551,0.8355527
1962,Annual,553810,163780,51.352279,0.207418,0.80510455,0.81387055,0.8991419,0.900279549,1.0013046,0.84357125,0.7714141,0.90061426,0.93442696,0.932698918,1.0226585,0.9288367
1963,Annual,601285,277705,52.360416,0.954648,0.706808,0.8554454,0.8685025,0.852005793,1.0098232,0.940775,0.4331615,0.71726835,0.7221487,0.713544997,1.0069549,0.94816303
1964,Multiannual,582923,165092,51.355446,0.625737,0.8628242,0.85415745,0.9308975,0.923098317,1.0007719,0.8715705,0.46368295,0.4482016,0.7667905,0.735179294,1.0129213,0.50007254
1970,Multiannual,440478,465078,54.080025,-1.382795,0.7350944,0.8092609,0.8592731,0.864653782,1.0020245,0.87126416,-0.3492794,0.30562824,0.32371747,0.194777788,1.008223,0.8427559
1972,Annual,436550,173140,51.456061,-1.475342,0.8497091,0.9307071,0.93158937,0.930336041,0.9960697,0.98970276,0.59112495,0.7635577,0.7905681,0.855439063,1.0039614,0.8903304
1984,Annual,571064,325816,52.802761,0.53616,-0.60400033,0.23482752,0.6701747,0.714619887,1.006153,1.6904266,-1.0181167,0.2841419,0.3808366,0.41407517,1.0286759,1.3581554
1985,Annual,413570,208800,51.777699,-1.804706,0.42894155,0.5300575,0.6626988,0.718176211,1.0060556,0.67283624,0.3532458,0.4309451,0.7683722,0.868701101,1.0321891,0.4812178
1990,Annual,417440,200130,51.699641,-1.749045,0.673718,0.8260406,0.85623014,0.841977291,0.9939838,1.0977604,0.557553,0.7074832,0.848032,0.845033535,0.99868345,1.249948
1991,Annual,453175,82465,50.639456,-1.249378,0.75678575,0.7238611,0.8823437,0.889632005,0.9840922,0.7506883,0.80706203,0.787283,0.9197647,0.912069671,0.9670242,0.8057757
2006,Annual,544166,240235,52.041767,0.100602,0.8616893,0.9060139,0.9290447,0.949417588,1.0024654,0.93841577,0.7309257,0.8614316,0.863019,0.793237403,0.99908125,0.97910655
2013,Annual,451095,132965,51.093722,-1.271752,0.669756,0.80607086,0.8633151,0.893234142,1.0004513,1.1375747,0.3472547,0.74949217,0.835835,0.850556329,0.9908497,1.1890042
2014,Annual,426105,329695,52.8641,-1.613677,0.69514287,0.75967234,0.83764684,0.836170839,0.984464,0.82348716,0.23650634,0.70297706,0.8560428,0.855672783,0.8572905,0.7829006
2028,Annual,483527,114384,50.922874,-0.812992,0.9268126,0.93106955,0.963024,0.967039754,1.0048797,0.9420314,0.66457623,0.69858503,0.8944706,0.924421371,1.1154413,0.7423417
2031,Multiannual,352335,320515,52.780091,-2.708079,0.8018841,0.8719518,0.8962741,0.873965896,1.0009034,0.9249259,0.32996184,0.50624883,0.61569524,0.719898434,1.0050128,0.6900429
2035,Annual,402110,203120,51.726789,-1.970844,0.8417075,0.8392297,0.9199426,0.89034755,1.0272114,0.86326194,0.82511616,0.79025054,0.9154257,0.911270152,1.0287539,0.81022376
2043,Annual,451155,122655,51.001016,-1.272349,0.93397397,0.94677883,0.9664897,0.964176287,1.00082,0.9586616,0.87994367,0.9257555,0.93884134,0.927956196,1.0022917,0.95796925
2048,Annual,453955,133055,51.09427,-1.230903,0.050389826,0.48683167,0.751621,0.715477845,1.0029639,1.4490528,-1.9480717,0.28887528,0.46052185,0.380061227,1.0153332,1.4630728
2050,Annual,376645,311065,52.696745,-2.347012,0.88626814,0.84964156,0.94537586,0.944395244,1.0049021,0.8600016,-1.0302148,0.11800033,0.12782624,0.135135351,1.0569147,1.1183118
2053,Multiannual,452162,415252,53.631191,-1.212674,0.7585417,0.8084167,0.8719543,0.884495698,1.0016952,0.8575035,0.28420144,0.6718857,0.7883836,0.829438663,1.0071104,1.2506566
2067,Multiannual,370295,225234,51.924819,-2.433364,0.7355691,0.8617697,0.8692909,0.853836675,1.0069591,0.95556796,0.45492852,0.56517786,0.76511186,0.780539984,1.0176069,0.6345044
2068,Annual,569264,329584,52.837168,0.511438,-1.9130113,0.21349347,0.23671567,0.20089649,0.9929519,1.1895851,-0.7715095,0.42723012,0.4315336,0.404056336,0.99526006,0.93008673
2082,Annual,623562,300292,52.554513,1.296371,0.6333387,0.8188807,0.8347554,0.828970922,0.94278336,1.0471694,0.5792259,0.79571223,0.81680715,0.822619821,0.9358233,1.0636841
2090,Multiannual,467845,407095,53.556092,-0.977324,0.83762205,0.8659938,0.94271445,0.945253257,0.95708835,0.88671136,0.27448446,0.69391394,0.69523513,0.778541224,0.97264576,1.0076717
2100,Annual,564321,248478,52.110209,0.398177,0.626461,0.7207303,0.81434536,0.85490248,0.99702764,0.7913989,0.6201289,0.51074827,0.8759978,0.907996132,1.0028337,0.5267328
2105,Annual,417775,377625,53.295277,-1.734776,0.7690214,0.78184545,0.8790995,0.876836989,0.9980546,0.8184218,0.7456577,0.82804865,0.8647431,0.857081334,0.99383867,0.8940055
2108,Annual,374385,229315,51.961713,-2.374195,0.5316057,0.73642975,0.75546193,0.800697188,1.0063723,0.90187085,-1.0152729,-0.064955235,0.14106189,0.138990725,1.0666637,0.3739727
2112,Annual,346783,357478,53.111807,-2.796462,0.8367423,0.9170191,0.9206253,0.921758287,0.99833477,1.0241424,0.24745858,0.61741513,0.8053334,0.803536492,0.9736604,1.3283098
2117,Annual,451255,130855,51.074736,-1.269766,0.8143663,0.81287754,0.9053848,0.935017263,1.0024928,0.83858013,0.84431297,0.8278231,0.9221205,0.913071667,1.0012,0.84644866
2125,Annual,414675,214053,51.824901,-1.788469,0.8536325,0.9169915,0.9314774,0.932382313,1.0004917,1.04685,0.9042448,0.95180315,0.954145,0.958414409,1.0008618,1.0148169
2134,Annual,444562,460685,54.040209,-1.321021,0.4802739,0.62786263,0.7216339,0.737766057,1.0304059,0.75490147,-1.1654937,0.70113176,0.7376188,0.718388647,1.1375468,0.9605152
2137,Annual,494648,432706,53.782073,-0.565047,0.20370257,0.6699583,0.6767976,0.700101769,1.0018378,1.0668184,-1.557965,0.36754322,0.4131453,0.534751012,1.0054784,1.2357424
2150,Multiannual,551040,168725,51.397453,0.16977,0.69162315,0.8398192,0.84628177,0.84659333,1.0040457,0.95514286,0.05292833,0.29467386,0.45214736,0.617454995,1.012119,0.55593336
2158,Annual,308856,113414,50.912966,-3.297835,0.7318467,0.8421246,0.9219068,0.924148051,1.0072871,1.1370193,0.5638703,0.7690008,0.918553,0.897020121,1.0103651,1.2159214
2161,Multiannual,555672,242211,52.05641,0.269127,-0.12808526,0.48612958,0.502602,0.481150132,1.0034348,0.8709823,-1.3525772,0.3040743,0.31661898,0.345765902,1.0053848,0.86857307
2166,Annual,397640,142283,51.179771,-2.035136,0.85234696,0.831866,0.9283909,0.921632639,0.9465888,0.857563,0.76759815,0.7067673,0.8926425,0.920941861,0.95913005,0.7302051
2176,Annual,551132,241854,52.054458,0.202806,0.6715721,0.8757885,0.8829715,0.87318896,0.9773622,0.96506876,0.7307981,0.7676832,0.8833245,0.830730779,0.98621505,0.7995826
2181,Multiannual,547809,167934,51.391196,0.123031,0.85339385,0.9093928,0.92481804,0.9363952,1.0009973,0.94944227,0.67907786,0.7839261,0.8665539,0.856312102,1.0049452,0.83013403
2187,Multiannual,611192,315762,52.698314,1.124083,0.72991765,0.8548632,0.8741145,0.87108047,1.0064704,0.92805964,-0.31026006,0.53385806,0.53421474,0.830161922,0.98513055,1.0105504
2193,Decadal,454192,435973,53.817208,-1.178359,0.76367235,0.8779882,0.89291275,0.892551672,1.0271178,0.9481959,0.4385996,0.7593777,0.7693751,0.789885962,1.0432199,0.9466799
2203,Annual,540772,104189,50.820139,-0.002887,0.45803475,0.70533085,0.7333926,0.69709666,0.99751014,0.87452555,0.46134764,0.48570412,0.68844676,0.769029616,1.000638,0.5908134
2212,Multiannual,370175,334735,52.9092,-2.444913,0.8059698,0.8892604,0.89970154,0.90389583,1.0026106,0.95313334,-0.23083758,0.7275504,0.7341676,0.665561912,0.9448538,0.97718203
2215,Annual,517205,109505,50.873168,-0.335591,0.7563987,0.7881597,0.8818549,0.90670165,1.0226433,0.82562906,0.8922432,0.8542016,0.9511062,0.941520257,1.0105113,0.8630474
2216,Multiannual,550927,167228,51.384032,0.167511,0.7579164,0.8628588,0.87752104,0.876136536,0.99772567,0.93834525,0.5859247,0.6646633,0.7762197,0.722901792,1.0028958,0.75027174
2219,Annual,396985,201645,51.713522,-2.045031,0.8518344,0.8710978,0.9235053,0.930707785,0.9991636,0.89625233,0.8570994,0.80377364,0.94022393,0.934105781,0.99516296,0.8131629
2220,Annual,451945,157315,51.31258,-1.256099,0.7725034,0.7768141,0.89099526,0.875737941,1.0137135,0.8057281,0.25858963,0.51782066,0.77871937,0.846363315,1.0687907,0.5771534
2222,Annual,600134,281844,52.397998,0.940238,0.7198168,0.8780688,0.8789372,0.878215382,1.0111746,1.0092824,0.21504939,0.53479975,0.5739208,0.645932944,0.98933786,0.8135767
2227,Annual,499018,485246,54.253306,-0.481657,0.6905121,0.6705109,0.8430319,0.853855711,0.9809159,0.7109334,0.3917871,0.5978203,0.76527506,0.742857982,1.2013624,0.74288946
2235,Multiannual,592832,163193,51.335117,0.766847,0.81680536,0.7963262,0.9100318,0.904046441,0.9918976,0.817455,-0.563382,0.6871252,0.86152923,0.857780209,1.0995542,1.2623109
2239,Multiannual,619194,156126,51.262125,1.14038,0.8139402,0.88719684,0.91243607,0.925855395,1.0063428,0.9291714,0.7138233,0.8408426,0.88168013,0.898184788,1.0109627,0.8941179
2243,Annual,545079,111760,50.887115,0.061214,0.8265133,0.8350022,0.91398776,0.909147404,1.0423635,0.86571944,0.66670966,0.7573731,0.8556664,0.867710027,1.1485021,0.8735773
2248,Annual,499650,454124,53.973575,-0.482209,0.6277832,0.71136963,0.8357742,0.880218955,1.0416789,0.76633406,0.3456692,0.6820543,0.7532203,0.793693284,1.07222,0.81298906
2251,Annual,474505,148375,51.229706,-0.934331,0.87500125,0.8919029,0.94113874,0.95563667,0.991119,0.90977037,0.7405268,0.8326761,0.8642502,0.868986127,0.9948908,0.90231127
2252,Decadal,462846,432104,53.781466,-1.047721,0.97501487,0.98685265,0.98746634,0.945628702,1.0005078,0.99606305,-3.867527,0.40328467,0.4699654,0.464038289,0.7382428,1.0813382
2257,Annual,488115,109985,50.882645,-0.748793,0.92018074,0.91472787,0.95991313,0.955732856,1.0003306,0.92473876,0.84634864,0.8701089,0.92538667,0.916231973,1.0063584,0.8938676
2260,Annual,421855,124055,51.015458,-1.689813,0.79748034,0.843524,0.8950274,0.921926185,1.0079031,0.88422865,0.52402705,0.82859087,0.84484094,0.884063142,1.050537,0.9475334
2278,Annual,452085,366355,53.191729,-1.221898,0.8453276,0.8228264,0.9235246,0.913732269,1.0020666,0.84019524,0.8183192,0.7018089,0.933965,0.874018709,1.0039991,0.7092407
2288,Annual,504346,438565,53.832862,-0.415941,0.5052002,0.38044047,0.82751226,0.845108142,1.0166687,0.40516922,0.49586225,0.4182505,0.8550383,0.825320875,0.9041096,0.4448217
2289,Annual,528525,112885,50.901143,-0.173602,0.7293352,0.7571831,0.8560984,0.774153948,1.0015154,0.8044241,0.6159799,0.5970548,0.84104264,0.808906919,1.0068293,0.6297969
2291,Annual,432855,195865,51.660608,-1.526404,0.8548007,0.89010316,0.9245882,0.912549424,0.99964887,0.92006296,0.49986345,0.8026842,0.89509904,0.878532642,1.0150666,1.1664444
2294,Multiannual,357765,326565,52.834927,-2.628368,0.3405192,0.5121181,0.6012727,0.609650402,0.99828815,0.7188569,-0.5402899,0.31616437,0.31918773,0.376070024,0.99483716,0.9359788
2315,Annual,518294,107410,50.854115,-0.320797,0.6803456,0.80778724,0.85475814,0.870045562,0.9933446,0.87427795,-1.001544,0.78383636,0.82874167,0.723211722,0.9794698,1.1302934
2330,Annual,543126,244026,52.076096,0.087037,0.91003025,0.898711,0.9550818,0.947429507,1.0011065,0.9092228,0.59634495,0.70527416,0.78616095,0.836184273,1.0176167,0.7979465
2333,Annual,446589,435552,53.814159,-1.293893,0.5994065,0.8174693,0.8228813,0.844073007,1.0038742,1.043952,0.5374124,0.72484654,0.8299792,0.834844244,0.99904794,1.216342
2339,Annual,425695,160195,51.340262,-1.6325,0.9228085,0.91636616,0.96131384,0.964944203,1.0007536,0.9258558,0.906579,0.93756604,0.96903336,0.959927545,0.9856415,0.94772345
2340,Annual,445495,178875,51.506977,-1.345874,0.9309308,0.9388577,0.97088873,0.971321534,0.98556614,0.9482065,0.866742,0.944259,0.947277,0.924154103,0.9867851,1.0123581
2342,Annual,503077,116282,50.936779,-0.534398,0.7627286,0.8399031,0.8899863,0.892529456,1.0586163,0.899542,0.5967176,0.7011723,0.90536106,0.924188846,1.1885315,0.78834707
2343,Annual,486207,434092,53.795991,-0.692726,0.8345925,0.8221024,0.9304387,0.943056159,0.9353194,0.8495859,0.7924151,0.8259999,0.9385626,0.943346644,0.88880944,0.8810992
2344,Multiannual,295544,79377,50.60473,-3.477457,0.9317773,0.91614693,0.9685291,0.965380279,1.0086118,0.9227557,0.5136684,0.72363096,0.7380563,0.626679887,0.99825805,0.9118971
2353,Annual,451705,146905,51.219005,-1.261044,0.9481673,0.9529565,0.97588766,0.970913618,0.99620324,0.9597853,0.90324926,0.89232665,0.95858437,0.940692055,0.995428,0.90071636
2355,Multiannual,444065,460750,54.040836,-1.328601,0.7165074,0.84368366,0.8750324,0.895027963,0.9836244,0.9075367,-0.9623542,0.5264501,0.6573278,0.465593542,1.0373611,1.3247033
2369,Multiannual,478541,185540,51.563273,-0.868327,0.7906046,0.820912,0.8896921,0.886401783,1.0000638,0.8589177,0.06265837,0.6257007,0.63273764,0.526682781,0.97325313,0.9328991
2370,Multiannual,486565,194065,51.638732,-0.750497,0.5704922,0.78994906,0.7931481,0.796554965,0.9734341,0.97494406,-0.62409973,0.45969445,0.59896797,0.600070089,1.0635476,1.3564675
2373,Decadal,436244,104992,50.84332,-1.486587,0.75019014,0.8541945,0.87615395,0.857917308,1.0034776,0.9231309,-0.8126143,0.2646907,0.45049223,0.491211644,1.0254494,0.51207423
2381,Annual,425435,318985,52.767858,-1.624459,0.73309076,0.8203693,0.8783815,0.852699634,1.0198779,0.86930764,0.28907764,0.78211504,0.8340541,0.761430886,1.0508007,0.86826354
2392,Annual,571054,271742,52.317121,0.508146,0.8293344,0.8534782,0.9223298,0.916450061,0.99680305,0.875801,0.6996149,0.85335636,0.85345304,0.846092185,0.998549,1.0051236
2394,Annual,636652,321368,52.738098,1.504184,0.11696786,0.5862458,0.71270823,0.708661787,1.2976902,1.0062966,0.42489207,0.69788396,0.700956,0.717040482,1.0088643,0.9579557
2397,Annual,438155,153555,51.279862,-1.45434,0.9098267,0.887097,0.9561994,0.919569835,1.0452714,0.90630335,0.7956548,0.8237064,0.8934951,0.915570252,0.96966285,0.86282957
2404,Annual,416055,195785,51.660616,-1.769283,0.8441015,0.86653996,0.9191026,0.901605543,1.0011789,0.8938618,0.73322713,0.76252115,0.9179733,0.926652987,0.8939264,0.80400187
2424,Annual,498163,462247,54.04684,-0.502253,0.87209094,0.86715573,0.93801033,0.946076737,0.98834944,0.8830851,0.8091098,0.83414215,0.9119663,0.872180012,0.9740761,0.861845
2431,Annual,639783,303318,52.574768,1.537357,-0.052102327,0.53835046,0.75674075,0.750179862,0.6984574,1.2510382,-0.6505585,0.28525758,0.6263289,0.591681751,0.43802556,0.7646115
2444,Multiannual,506708,198436,51.674562,-0.458194,0.91464657,0.9165205,0.95680285,0.959032701,0.9996923,0.9285671,0.59745604,0.872076,0.9095721,0.895210894,0.9899541,1.0899265
2455,Annual,454665,133425,51.09753,-1.220709,0.8169843,0.8925155,0.912146,0.936551701,1.008098,0.9386093,0.6066185,0.8337089,0.85872465,0.87129539,1.0189703,0.9143623
2464,Annual,570641,279452,52.386497,0.506009,0.61651385,0.760091,0.8015486,0.80721752,0.9745083,0.86762714,0.6139919,0.806847,0.8250041,0.859878086,1.004335,1.0816488
2465,Annual,444115,192935,51.633496,-1.363995,0.51394343,0.7394328,0.8058698,0.804217693,0.99934787,1.1738113,0.57363176,0.6136973,0.7748562,0.789761318,0.9913287,0.68621236
2468,Annual,430555,152655,51.272226,-1.563376,0.91085637,0.95354277,0.9567176,0.961665143,0.9929959,0.98464274,0.7639758,0.8711563,0.878068,0.851161057,1.0021418,0.9584226
2478,Annual,400360,134540,51.110151,-1.996228,0.7369436,0.7654374,0.86366284,0.907827883,0.9976202,0.809144,0.6271847,0.5626832,0.83079064,0.897092021,1.0028436,0.5967558
2481,Multiannual,438380,473342,54.154453,-1.413814,0.805868,0.9038494,0.90537965,0.898344075,0.9852479,0.9913836,0.7399962,0.79120743,0.92958856,0.876559243,0.9693795,1.1941664
2483,Multiannual,383595,302455,52.619602,-2.243743,0.8341779,0.87686384,0.9133421,0.900595958,1.00009,0.9125203,0.18254244,0.5404519,0.8606956,0.887799843,1.00546,1.4378954
2486,Multiannual,453405,77205,50.592137,-1.246882,0.43144554,0.72290266,0.7245767,0.736564535,1.0000906,1.0304152,0.051933527,0.24726266,0.378641,0.376159973,1.0031241,0.5751292
2491,Annual,562481,159882,51.314847,0.330054,0.7363506,0.8651827,0.87310606,0.891610958,0.99693966,0.95456755,0.7168914,0.7322575,0.8517293,0.836345745,1.0009766,0.7770648
2494,Decadal,439560,562024,54.951286,-1.383856,0.3907228,0.66675305,0.6764061,0.668846769,0.9991891,0.92038,-3.1325288,0.4186405,0.41991973,0.352989242,1.012682,0.96360517
2498,Annual,416839,198800,51.687701,-1.757804,-0.566756,0.5675008,0.6342608,0.643883756,1.2271464,0.9588264,-0.7057791,0.5519053,0.6580854,0.65199982,1.2309138,0.8251826
2500,Annual,514712,438877,53.833483,-0.25839,0.6637017,0.65647656,0.8243244,0.826106305,1.0042078,0.7048246,0.690071,0.6262429,0.858127,0.705090743,1.0083777,0.6543181
2506,Annual,431325,323985,52.812495,-1.536689,0.6221242,0.5976939,0.8053266,0.813571744,1.296507,0.8101613,0.35766506,0.44082594,0.61172414,0.617192813,0.7708703,0.6692213
2509,Annual,410546,207983,51.770418,-1.848561,0.8151289,0.7430997,0.91720825,0.906614896,1.0032989,0.75682896,0.6529684,0.651898,0.8703102,0.908327439,0.9612272,0.67929476
2519,Annual,403295,165405,51.387675,-1.954029,0.7501097,0.75831115,0.8709293,0.891240004,1.0055707,0.7957376,0.7923877,0.702,0.91433704,0.880465285,1.0062169,0.7146457
2520,Annual,604500,329600,52.825103,1.033826,0.8753268,0.8759993,0.9552628,0.955328625,1.1071014,0.95636296,0.58470905,0.7677101,0.9161157,0.901729546,1.2157148,0.980259
2524,Annual,624590,299160,52.543931,1.310742,0.56179976,0.7877296,0.7907162,0.833016704,0.9943293,1.035033,0.37521243,0.7526407,0.83852565,0.81548547,0.9678216,1.18461
2526,Annual,414395,196255,51.664887,-1.793262,0.6626129,0.7118741,0.81482875,0.777223176,0.996426,0.7792865,0.7696544,0.74347126,0.88464695,0.886647692,1.0004145,0.7708722
2528,Annual,430255,326405,52.83431,-1.55234,0.5184078,0.7507987,0.76034176,0.739423485,0.9690868,0.9390968,-0.043091655,0.60724366,0.6260033,0.665263614,0.8984216,0.93623996
2531,Multiannual,463715,188625,51.592875,-1.081621,0.9043482,0.9387599,0.9515898,0.963025574,1.0040903,0.96271664,0.5722,0.8616232,0.88864565,0.886404818,0.9712213,1.076943
2538,Annual,275648,101592,50.800503,-3.765972,0.9096426,0.86962837,0.95713156,0.959743066,1.0006102,0.87688005,0.87193304,0.84133077,0.9413264,0.914544294,1.0082648,0.8528104
2539,Annual,506461,436432,53.81327,-0.384555,0.6848213,0.6574184,0.8530562,0.849704032,0.913627,0.70283145,-2.965933,0.42222482,0.61083746,0.663744104,0.6946297,1.2985408
2540,Annual,453505,133675,51.099887,-1.237237,0.88953865,0.84414923,0.95076245,0.948329333,0.9973083,0.852157,0.7069913,0.88542116,0.9479563,0.939695433,0.9866373,0.8988027
2543,Annual,427075,323175,52.805443,-1.599808,0.6376909,0.7419553,0.85328263,0.833382719,1.0097603,0.7879494,0.26351243,0.49541682,0.7001287,0.730575481,1.0160314,0.59450793
2544,Multiannual,374055,228235,51.951988,-2.378916,0.3871125,0.4523766,0.62314546,0.599037906,0.99945027,0.6026702,-0.14713621,0.17415679,0.68827873,0.670134886,1.0165251,0.23542602
2545,Annual,453075,83865,50.652054,-1.250592,0.82800126,0.8105693,0.9149752,0.92020682,1.0042883,0.83077914,0.5734931,0.76404953,0.89121014,0.929085103,1.0417058,0.794824
2547,Multiannual,461655,400955,53.501673,-1.071957,0.75048906,0.81015027,0.86631143,0.831043769,0.9998884,0.865204,-6.1532393,-0.5977026,-0.11122807,-0.113612001,0.9915121,2.1479516
2552,Annual,476095,149065,51.235699,-0.911418,0.75182134,0.7814401,0.8681297,0.860009186,0.99954665,0.8257061,0.7445842,0.76419544,0.9026456,0.916112716,0.98378,0.78584427
2555,Multiannual,549574,154977,51.27431,0.142944,0.8182813,0.89805585,0.90622675,0.899704821,1.0019523,0.9600587,0.69702876,0.8633146,0.8681431,0.874851044,0.97551364,1.0264034
2560,Multiannual,646877,261150,52.193263,1.61079,0.40205038,0.55419374,0.64653337,0.637575497,1.0035101,0.72835654,-0.23893511,0.34295505,0.40146536,0.391735217,0.9846616,0.7293959
2561,Multiannual,361515,315975,52.740015,-2.571457,0.81425554,0.83095276,0.9039704,0.908400139,1.0063642,0.8610243,-0.265396,0.74292135,0.7869851,0.79639865,1.1355002,0.95148593
2564,Annual,453855,151155,51.257019,-1.229624,0.89532775,0.8427229,0.95163524,0.963426128,1.0008528,0.8503468,0.8172034,0.8438022,0.9630574,0.95100402,0.97000617,1.1487737
2566,Annual,444394,464878,54.077906,-1.322974,0.6426232,0.71800905,0.82315814,0.874661843,0.96689385,0.78286165,0.6774671,0.72953904,0.83218795,0.911188691,1.0209023,0.78892994
2567,Annual,448650,142050,51.175621,-1.305439,0.92928696,0.9258724,0.96452034,0.965464619,1.0009564,0.93492246,0.93547326,0.9485353,0.9672276,0.967098685,0.99979734,0.96032035
2572,Multiannual,617322,154311,51.246545,1.112489,0.7257265,0.7929578,0.8524915,0.872886219,0.99925,0.85471827,0.755783,0.6940691,0.9100735,0.846242614,1.0043657,0.70761794
2577,Annual,409715,340005,52.957321,-1.856825,0.49364543,0.5819001,0.7045431,0.812458725,0.99730533,0.70418805,0.2605579,0.63103586,0.63941765,0.706972733,0.9905303,0.92238003
2580,Multiannual,566495,168737,51.39324,0.391738,0.5401871,0.74453557,0.80755174,0.789755397,1.0044926,0.8320558,-0.09012771,0.19545561,0.5752233,0.703035618,1.0084363,0.31678346
2595,Annual,424635,102875,50.824892,-1.651608,0.5187715,0.66061926,0.85305375,0.848144881,1.0043185,1.3058933,-0.310156,0.5027888,0.6812559,0.683061775,1.023362,1.3808968
2603,Annual,405684,205445,51.747669,-1.919062,0.67057765,0.6746588,0.826278,0.847385218,1.014754,0.7253189,0.66199255,0.6671814,0.8816259,0.878369371,1.0956604,0.70401907
2604,Multiannual,395495,320105,52.7785,-2.068218,0.8051059,0.88990194,0.9085748,0.892481427,1.0088931,0.93930525,-0.040602922,0.42970896,0.74105275,0.684275616,0.99899375,1.5081139
2612,Annual,426165,166655,51.398325,-1.62528,0.8383167,0.9081587,0.92135215,0.914745005,1.0068405,0.9530692,0.7734498,0.81340533,0.8846669,0.912418615,1.0044485,0.85338527
2616,Multiannual,375575,297515,52.57489,-2.361838,0.3987164,0.68811285,0.7704032,0.776497267,0.99917215,1.2110932,-0.12408447,0.6238593,0.6814897,0.646444363,1.0126249,1.1996914
2622,Annual,546635,103913,50.816205,0.08018,0.49575192,0.7146857,0.8152405,0.744053872,0.99908906,1.2174134,0.34602863,0.74932706,0.7557107,0.621973119,1.0060664,0.9441191
2627,Annual,506055,345905,52.999965,-0.421127,0.32931638,0.68646526,0.69254243,0.784880434,1.0492688,1.0367007,0.3026039,0.67538553,0.70814896,0.763691021,1.089924,0.8899526
2630,Multiannual,384785,267505,52.30544,-2.22456,0.8348099,0.81399524,0.91770226,0.92462786,0.99712116,0.83321816,0.7539048,0.85164845,0.8753085,0.85549216,1.0139647,0.9208486
2636,Annual,550027,248528,52.114717,0.189636,0.83775693,0.8294194,0.91981596,0.924089209,1.0132854,0.8500295,0.32804024,0.5400491,0.60205036,0.643345692,1.0153755,0.7698837
2642,Multiannual,529260,229430,51.948347,-0.120671,0.8871658,0.90960944,0.94206184,0.9388814,0.9988158,0.9306304,0.8662559,0.911373,0.93318766,0.915135497,0.99532384,0.9419577
2643,Multiannual,430185,500446,54.39858,-1.536567,-0.036203742,0.43053436,0.45731828,0.461247503,0.94090265,0.8378469,-23.28495,0.2823208,0.48119622,0.553775365,0.5992219,1.2920423
2649,Annual,521730,110030,50.876952,-0.271136,0.8401912,0.8663998,0.91776264,0.942947096,1.0015064,0.8947209,0.8071641,0.80706775,0.90656495,0.936855541,1.0034354,0.8312373
2660,Multiannual,557260,249241,52.119114,0.295508,0.79355764,0.83275133,0.8953395,0.910669632,1.0043561,0.869619,0.70700043,0.68723667,0.87632453,0.849180423,1.0083619,0.71285003
2662,Annual,572421,301015,52.579599,0.543286,0.80948585,0.8235993,0.9053789,0.91803518,0.96936774,0.85431087,0.80806637,0.76975924,0.9236215,0.931976037,0.94496435,0.7898864
2666,Annual,452525,380175,53.315898,-1.213038,0.7744703,0.7309352,0.89328694,0.900082467,1.0128183,0.75333476,0.4306115,0.59945166,0.7119969,0.61831966,0.95098615,0.7259732
2669,Multiannual,453525,174395,51.465997,-1.230862,0.66009486,0.7108622,0.8138856,0.843119503,1.0158831,0.77929896,-0.12526906,0.51583856,0.6064203,0.724728539,1.0443991,1.2784604
2673,Annual,448555,137755,51.137011,-1.307376,0.87157583,0.82811886,0.9491941,0.959215085,1.0133343,0.83634216,0.8451309,0.8635564,0.920179,0.908761699,1.0022255,0.8893638
2676,Multiannual,430500,517401,54.550929,-1.529973,0.7652647,0.8033742,0.89304185,0.88171987,1.0145235,0.83565116,-0.42383504,0.62255883,0.6684795,0.584143837,1.0482152,0.82612944
2677,Multiannual,480425,138285,51.138193,-0.851819,0.6158576,0.80788565,0.8082845,0.77801254,1.0029068,0.98797584,-0.24702644,0.21554613,0.41284406,0.459069876,0.97131175,0.48058522
2679,Annual,405000,193150,51.637129,-1.929142,0.67436683,0.7531693,0.837002,0.861459671,0.9480721,0.8220682,0.7287329,0.6592859,0.8780986,0.896263165,1.0209564,0.6825321
2680,Multiannual,568422,170672,51.410055,0.420327,0.6939163,0.78559935,0.8377967,0.807924643,0.9983319,0.8598049,0.22111881,0.22561496,0.4962428,0.505104854,1.0029528,0.41187447
2681,Annual,506921,466010,54.078907,-0.367225,0.90216345,0.9191917,0.9508629,0.947788162,1.0260993,0.9413969,0.76844984,0.78009194,0.87953377,0.85043834,1.0178522,0.81689173
2684,Annual,529025,240625,52.048998,-0.119878,0.8664778,0.89718735,0.9368454,0.928034772,0.9863088,0.92003506,0.566803,0.6999803,0.8259743,0.808708796,0.96076804,0.7587792
2690,Multiannual,507450,212720,51.802802,-0.443062,0.77135235,0.86579555,0.91585517,0.900786855,0.98850024,0.8960859,-0.33420515,0.8417555,0.84413916,0.827580656,0.9798412,0.9814988
2697,Annual,405770,196920,51.671019,-1.917955,-0.46592104,0.18450063,0.7759487,0.72248015,1.0119778,1.7840416,-0.6889384,0.55054414,0.56242096,0.668012467,1.0569764,1.0853829
2716,Annual,398685,195735,51.660391,-2.020402,0.870729,0.8608603,0.9360889,0.944581114,0.9909393,0.8767399,0.7717701,0.6908891,0.9108388,0.922661936,0.9756766,0.7050288
2718,Multiannual,373125,226365,51.935132,-2.392301,0.63150954,0.7455702,0.80080456,0.812466094,1.003246,0.8417452,-0.06336403,0.82468385,0.848594,0.738196004,1.0203964,0.91400343
2721,Multiannual,486785,190355,51.605349,-0.748237,0.9634478,0.9631556,0.9839192,0.983413835,0.9921452,0.9677944,0.24776894,0.67133296,0.9079021,0.86621054,0.9759158,1.3145802
2723,Annual,419730,199220,51.691384,-1.715961,-0.23423707,0.21318871,0.83715075,0.798358598,0.96488947,1.7689891,-0.19335914,0.22740912,0.820786,0.796209887,0.9958094,1.7515202
2724,Decadal,461405,349185,53.036416,-1.085703,0.7895254,0.8277229,0.8897471,0.832560188,0.9974503,0.8676487,-7.409483,0.019516826,0.12729384,0.119151929,1.0317906,1.4457911
2726,Annual,453905,136405,51.124396,-1.231117,0.8369738,0.88193,0.9150062,0.924160497,1.0004573,0.9180473,0.8533759,0.92704237,0.92725027,0.883553559,0.9990587,0.9945782
2731,Annual,460706,141856,51.172726,-1.133031,0.9081004,0.89746654,0.9554897,0.967300822,1.0133653,0.908604,-0.30165184,0.78222936,0.8848785,0.888895322,1.1843054,0.98576355
2734,Multiannual,397185,319125,52.769702,-2.043155,0.7304237,0.81647474,0.88040566,0.887271056,1.0055149,0.8609028,-0.9860643,0.24204701,0.46705332,0.409112278,1.0027304,1.5389409
2740,Annual,459195,135365,51.114524,-1.155707,0.93262416,0.92050785,0.96780753,0.967352452,1.0078766,0.92774683,0.9022348,0.9404946,0.96896046,0.961064216,1.0207981,0.95368797
2741,Multiannual,620737,158298,51.281031,1.1638,0.72152394,0.7101107,0.85733783,0.815635436,0.99906194,0.7476477,0.31581002,0.45579898,0.61059755,0.552636622,0.9959981,0.6198642
2742,Annual,468036,474647,54.163115,-0.959492,0.65789026,0.73935175,0.8409589,0.848589244,0.98957604,0.7937607,0.6663276,0.7027171,0.8237277,0.82494824,0.9953849,0.76065975
2743,Annual,412015,378805,53.306044,-1.821148,0.748968,0.8283143,0.8703883,0.908654048,1.013457,0.88821673,0.38714665,0.8071991,0.8660139,0.912494048,1.0667402,1.1215156
2744,Multiannual,452937,176325,51.483404,-1.239038,0.8110435,0.7755764,0.9187465,0.893285012,1.0644617,0.80098176,0.46810663,0.6560124,0.6979316,0.682907592,1.002523,0.8354542
2748,Multiannual,350605,322305,52.796025,-2.733996,0.6871884,0.84040976,0.8424028,0.830829625,1.0022479,0.9749598,0.08593613,0.7025326,0.7110951,0.648998437,0.98867005,1.0699495
2749,Annual,597273,290738,52.478891,0.903493,0.62615323,0.538396,0.8341372,0.91314558,1.0365002,0.5707737,0.54483235,0.42170686,0.7728608,0.836716974,1.4423605,0.704787
2753,Annual,624592,299162,52.543948,1.310773,-0.11196971,0.4816926,0.66769624,0.687654781,1.0086794,1.3976823,-3.7320232,-0.19733846,0.5266754,0.551707357,0.9319912,2.0977237
2759,Annual,465052,423106,53.700334,-1.016138,0.585621,0.6883564,0.77232534,0.778183373,0.98801833,0.78753513,-0.57458544,0.74621046,0.7650579,0.803416605,0.91324127,1.0410436
2764,Annual,593630,313170,52.681602,0.863022,0.65998596,0.64307076,0.82902646,0.837501841,1.0555147,0.6916444,0.24348682,0.5715141,0.60151577,0.567402722,0.91397065,0.8680618
2776,Annual,492907,101615,50.806648,-0.682813,0.58934975,0.8025048,0.8057319,0.806984341,1.016502,1.031498,0.55782485,0.7991971,0.834866,0.851192587,1.0366467,1.1082144
2777,Annual,410035,195355,51.656888,-1.856326,0.7113817,0.78875464,0.8441072,0.88378022,1.0074071,0.8576398,0.7543793,0.8243982,0.87398386,0.902927939,0.9791891,0.8794923
2778,Annual,442055,139055,51.149213,-1.400123,0.85420454,0.91617244,0.9283502,0.929968414,0.9952342,0.95674944,0.8870291,0.9295515,0.9445025,0.952120215,0.9966818,0.9567338
2781,Multiannual,383675,265345,52.28599,-2.240734,0.7110493,0.7730006,0.85885715,0.86434831,1.0227484,0.8236778,0.5207536,0.76107496,0.7610936,0.761651651,0.9978365,1.0020573
2782,Multiannual,438221,458289,54.019184,-1.418143,0.7458,0.8563435,0.8765899,0.872969526,1.0076174,0.9268646,0.3743527,0.59841037,0.6585315,0.530777913,1.0102537,0.7888899
2784,Annual,398824,143816,51.193559,-2.018203,0.88809824,0.85370123,0.94613874,0.940187125,0.98582023,0.86471814,0.7401791,0.6486575,0.90537715,0.914389175,0.8832159,0.68243206
2799,Annual,452455,135055,51.112392,-1.252031,0.85519814,0.93554825,0.9434035,0.945585689,1.0066446,0.96988887,0.867702,0.948823,0.9615763,0.947889883,1.0067501,0.9668776
2800,Annual,478065,146645,51.213677,-0.883732,0.90247905,0.87242377,0.9584852,0.96424065,0.98512137,0.8802888,0.8567283,0.8192121,0.93112445,0.93392738,0.9970506,0.83287233
2809,Annual,403410,164286,51.377612,-1.952387,0.8117966,0.7921347,0.9099401,0.917568294,1.0444851,0.8180162,0.72566617,0.6862495,0.8877685,0.902392692,1.0889359,0.7208339
2811,Decadal,440545,462323,54.05526,-1.382139,0.7284446,0.81303453,0.86456674,0.865711628,1.0142146,0.8718924,-1.3722034,0.71159923,0.7923268,0.634957918,1.0827957,0.81781626
2818,Multiannual,491690,138410,51.137626,-0.690814,0.61876553,0.71756613,0.7871863,0.725764626,0.999357,0.81431603,-0.015278816,0.19593716,0.43344045,0.367355886,1.025737,0.43003106
2820,Multiannual,441224,453303,53.974143,-1.372987,0.61945105,0.64490646,0.7919964,0.812485807,1.0600139,0.71853286,-0.60207355,-0.040289283,0.22389081,0.332452704,0.4406874,0.59131485
2826,Annual,390310,185982,51.572616,-2.141205,0.8513614,0.81884056,0.92775124,0.912102979,1.0243903,0.83567154,0.71515155,0.5943992,0.89582163,0.885393908,1.0857242,0.61749506
2828,Annual,425455,145155,51.205039,-1.637012,0.93151265,0.9338688,0.96750987,0.96737672,0.99072504,0.94315225,0.8779839,0.9178915,0.95594066,0.939887198,0.9776715,0.9344106
2832,Annual,507285,437161,53.819651,-0.371792,0.69075394,0.68689895,0.84285307,0.842496596,1.0965921,0.7470042,0.810024,0.75038946,0.9173497,0.920252921,1.1023917,0.7878915
2833,Annual,506761,464214,54.062805,-0.370302,0.7529645,0.61191326,0.9189185,0.924229921,0.9396294,0.6253107,0.5082892,0.4860099,0.7566086,0.835840646,0.8724791,0.5656219
2840,Annual,598710,321850,52.757691,0.943312,0.8710863,0.9264921,0.93590784,0.939779838,1.0016718,0.964046,0.75127774,0.86557424,0.8918886,0.830087248,1.002163,1.0798616
2843,Multiannual,363225,319295,52.769978,-2.546504,0.77943814,0.8834287,0.90051013,0.903372242,0.9961189,1.0606298,-0.34408188,0.81050515,0.82983494,0.779087263,1.0401465,0.92692554
2853,Annual,365650,147870,51.228973,-2.493316,0.631273,0.67948425,0.7956685,0.856275443,1.0000002,0.7530613,0.5128342,0.74230105,0.7952788,0.85090397,1.0365353,0.8478063
2854,Annual,391064,649153,55.735669,-2.143864,0.81286716,0.89591134,0.90444005,0.91124415,0.99242,0.9594408,0.6974143,0.8116667,0.8394599,0.791746569,0.989599,0.90208375
2855,Annual,551342,245280,52.08518,0.207384,0.7127209,0.8123883,0.9076809,0.904223321,0.9907097,0.83693916,0.5261269,0.81484056,0.93319345,0.896105101,0.986903,0.8278108
2862,Annual,593419,281203,52.394655,0.841302,0.75742954,0.79523104,0.91673523,0.89475895,1.0204408,0.81404614,0.6396921,0.75890625,0.80267996,0.796035613,0.99756944,0.86149156
2868,Annual,504379,437457,53.822901,-0.415815,0.79206645,0.82327306,0.90174353,0.905181135,1.0723495,0.87215847,0.21828866,0.6303905,0.78432286,0.78840179,1.2749641,0.87962806
2876,Annual,447965,360215,53.136928,-1.284474,0.6275805,0.7078196,0.7930684,0.813265368,1.0046524,0.79378045,0.55843633,0.59554756,0.760667,0.878698878,0.9857203,0.6742749
2878,Annual,546235,244708,52.081412,0.13266,0.89595896,0.8806394,0.9500923,0.940318977,1.0041274,0.8916531,0.5596629,0.73698545,0.7612018,0.742910656,1.003027,0.8898057
2895,Multiannual,352085,322955,52.802001,-2.712144,0.74802166,0.88308436,0.88601613,0.869389627,0.9946263,1.0254593,-1.858408,0.056386888,0.5930267,0.594820901,1.0115343,1.8512706
2897,Annual,567282,270541,52.307495,0.452266,0.71570253,0.6947621,0.8626155,0.880330102,1.0061251,0.72749823,0.5180415,0.467615,0.7664238,0.846352153,0.9934494,0.5216361
2902,Annual,494776,448078,53.920167,-0.558367,0.772726,0.82608163,0.9019421,0.906441387,0.98760206,0.856897,0.67444336,0.6611115,0.8342873,0.844192199,1.0041913,0.70442086
2909,Annual,354345,318655,52.763546,-2.678023,0.6373354,0.7864039,0.805416,0.809420662,1.0002859,0.9119106,0.6601276,0.7762367,0.8539001,0.85925892,1.015388,0.83121914
2916,Annual,459655,138855,51.145855,-1.148559,0.88281476,0.9491771,0.95024145,0.954529788,0.9932651,0.9921461,0.8375038,0.8145155,0.9479886,0.948383426,1.0029299,1.1780205
2918,Annual,421245,199115,51.690385,-1.69405,0.5732713,0.7862726,0.79489946,0.783624528,1.0294386,0.94759554,0.5479077,0.8037591,0.8176881,0.829137116,1.049172,0.9465712
2924,Annual,421769,610333,55.386467,-1.657933,0.85001004,0.95005906,0.9521855,0.931508896,0.9915624,0.9883093,0.7471858,0.75191444,0.9284627,0.883676574,0.98928696,0.7626944
2927,Annual,470971,147802,51.225004,-0.985049,0.92663795,0.9383876,0.96879613,0.964501371,0.99386436,0.9472296,0.90535885,0.90535015,0.9595082,0.946495637,0.99492127,0.9146003
2928,Multiannual,346525,564265,54.970103,-2.836846,0.5053408,0.75601727,0.7564702,0.712259208,0.9992194,1.0148435,-1.0534725,0.17357945,0.69068754,0.670673721,1.0249472,1.7659587
2935,Annual,547228,104307,50.819595,0.08875,0.51988435,0.71281254,0.7571878,0.72388625,0.99584967,0.84669834,0.5866585,0.6092219,0.7902513,0.849146078,0.9975941,0.6702929
2939,Decadal,441120,474034,54.160461,-1.371767,0.74250054,0.7259079,0.8715813,0.860712716,1.0069194,0.75795364,-0.107085705,0.7956654,0.8017714,0.838729902,0.958247,1.0267388
2944,Annual,589652,278116,52.368252,0.784264,0.29650766,0.27280772,0.5718927,0.575984144,1.0083771,0.41224027,0.31645465,0.29166925,0.7042639,0.710302183,1.0290633,0.35701722
2949,Annual,628804,144041,51.149863,1.270187,0.642224,0.8272336,0.83321273,0.833220504,1.0101594,1.0439013,0.3453408,0.788294,0.8545699,0.885760743,1.0806435,0.8689828
2955,Annual,537638,103235,50.812318,-0.047708,0.52797544,0.59497845,0.7273525,0.655917053,0.9996469,0.70049155,0.4866051,0.66916484,0.7409755,0.734757952,1.0031866,0.7942147
2961,Decadal,493825,104015,50.828077,-0.669176,0.8274441,0.8959642,0.9103862,0.897672894,0.99962085,0.9471556,-9.64026,0.5566714,0.6594058,0.700199116,1.2716783,1.0820208
2966,Multiannual,486427,194964,51.646835,-0.752269,0.66912913,0.75149727,0.8343353,0.88844371,1.0784491,0.8322077,0.14415395,0.6263344,0.6973378,0.686719196,1.1561731,0.8462758
2985,Annual,447250,162670,51.361136,-1.322746,0.7965093,0.8317505,0.89915925,0.887281007,0.9915113,0.86558676,-0.45494807,0.35410523,0.6094814,0.591781177,1.0559974,0.4885908
2986,Multiannual,507720,217690,51.847418,-0.437603,0.91975176,0.9406407,0.95912147,0.957257678,1.003339,0.9570896,0.3867612,0.6781665,0.71919364,0.84551495,1.0663271,0.8574334
2988,Annual,394264,648285,55.727919,-2.092885,0.82271695,0.8716124,0.90738726,0.916084279,0.9963119,0.91116107,0.5828841,0.7959425,0.80372727,0.821652851,0.9718837,0.9517738
2990,Multiannual,553400,154009,51.264596,0.197336,0.8052356,0.7964716,0.9007766,0.885720668,0.9999376,0.82229716,0.2835077,0.3892843,0.57795775,0.555823862,0.9954533,0.55860144
2992,Annual,407395,168005,51.411015,-1.895055,0.9332459,0.91380215,0.9680571,0.969073982,1.0132198,0.9210384,0.89348745,0.8819554,0.9536269,0.953591996,1.0312358,0.8960368
3000,Annual,443511,464268,54.072499,-1.336556,0.72297746,0.76652956,0.8508291,0.857329132,0.9963369,0.8204391,0.67801356,0.48588312,0.87985516,0.925322102,1.48354,0.87320197
3009,Multiannual,398825,316625,52.747234,-2.018838,0.7488606,0.7480062,0.8716568,0.856443709,1.0043586,0.78318316,-1.2178442,0.15449792,0.1551672,0.251634651,0.9680207,1.0104219
3024,Annual,577067,271693,52.314776,0.596242,0.73789215,0.78202283,0.9092691,0.914294598,1.0039755,1.1981614,-0.048739433,0.6425525,0.70433414,0.723404247,1.0246167,1.1993654
3026,Annual,374412,257253,52.212887,-2.375908,0.7798722,0.81857455,0.8844658,0.906120918,0.9968169,0.86015445,0.72262377,0.7956681,0.8501872,0.83663395,0.99946123,0.8610497
3029,Annual,450027,460361,54.036798,-1.237632,0.6494864,0.7102798,0.8180674,0.82860408,1.169238,0.8510116,0.42958856,-0.26006353,0.746453,0.781525925,2.1723256,0.6137625
3030,Multiannual,620681,151935,51.223925,1.159078,0.37108117,0.6614134,0.7093605,0.764215818,0.99527043,0.8263715,0.4824171,0.5368843,0.7004505,0.691548663,0.9990036,0.6468079
3031,Multiannual,468545,395125,53.448428,-0.969371,0.7006469,0.71604353,0.84324586,0.845769646,1.003678,0.7632615,-0.14963138,0.5748497,0.57557935,0.352486756,1.0148937,0.980054
3032,Multiannual,361505,325605,52.826578,-2.572741,0.7965119,0.82831913,0.8950192,0.881834575,0.99090755,0.8644632,0.3172146,0.5561411,0.8047217,0.849896286,0.9192697,0.6096684
3033,Annual,572680,284406,52.430351,0.538492,-0.44628417,0.2302633,0.23392832,0.216663515,1.0105251,0.92572343,-1.1146727,0.06025654,0.061881088,0.034348264,0.9642506,0.9579055
3063,Annual,503278,431204,53.76694,-0.434627,0.81315875,0.76178455,0.912403,0.927574144,0.9870522,0.7788552,0.7510921,0.7646507,0.94259393,0.958304736,0.90183514,0.79394984
3064,Annual,457872,439356,53.847214,-1.121835,0.6375991,0.7988579,0.839466,0.864565103,1.0337565,0.88361007,0.22384101,0.7669368,0.85675627,0.880171429,1.1025476,0.84741324
3104,Annual,492475,451495,53.951285,-0.592358,0.70670235,0.7601823,0.8740269,0.92631636,0.98534304,0.79646045,0.6633411,0.675053,0.8198056,0.838043193,0.99840903,0.72959685
3115,Annual,446892,467067,54.097357,-1.28446,0.67904776,0.74766445,0.84344256,0.845261619,1.0397129,0.8061311,0.68630207,0.6102769,0.89363897,0.885895099,0.95611566,0.62765014
3129,Annual,445931,461686,54.049085,-1.299967,0.6537583,0.53671527,0.84068936,0.879824128,1.3881944,0.8036313,0.68039054,0.12047362,0.91764396,0.914303836,1.8713443,0.91306204
3144,Multiannual,309406,86495,50.671044,-3.283367,-0.11520171,0.47708142,0.4784239,0.496877045,0.99875844,1.0374284,-1.7857063,-0.082301974,-0.0774641,-0.075214898,1.0048479,0.89790004
3145,Multiannual,308940,84030,50.64881,-3.289353,-0.26473808,0.38244468,0.38290703,0.388112323,1.000182,1.023896,-1.540215,-0.11228025,-0.10928714,-0.106262084,1.0025803,1.0815074
3146,Annual,308466,85990,50.666357,-3.296541,0.099328995,0.5801944,0.68302643,0.681077785,1.0010154,1.2752603,-0.68454146,0.2852984,0.5652801,0.51791007,0.999969,1.5673044
3149,Decadal,462915,377375,53.289603,-1.057656,0.79914856,0.8507447,0.8949288,0.88753927,1.0011886,0.8940022,-12.231292,0.25009292,0.67437273,0.680973702,1.0255761,1.6750437
3178,Multiannual,396305,270275,52.330544,-2.055638,0.81608355,0.89569277,0.9187236,0.920387387,1.0057937,1.0651219,0.06872332,0.67082787,0.7009349,0.688835578,1.0227263,1.1356422
3179,Multiannual,396295,270265,52.330454,-2.055784,0.3740189,0.42447877,0.61886466,0.625878213,1.008906,0.5688611,-0.1930443,-0.005209446,0.10095287,0.308496761,1.0030904,0.55038905
3204,Multiannual,437735,482155,54.233702,-1.422587,0.6931413,0.88391596,0.88492185,0.86819784,0.99045515,1.0118954,-2.7659922,0.26196522,0.61169326,0.566282361,0.9612892,1.6264373
3205,Multiannual,437736,482155,54.233702,-1.422572,0.7316636,0.8676425,0.8678467,0.874041168,1.002671,0.9931565,-0.18168235,0.6793277,0.73576516,0.680079471,0.97689366,1.1802175
3247,Annual,440420,472600,54.147629,-1.382678,0.43690938,0.5459158,0.66310036,0.629435573,0.9888254,0.6957554,-4.276569,0.21606588,0.67623025,0.711641906,1.4680012,1.539177
3271,Annual,294414,88985,50.690899,-3.496162,0.27362764,0.6502058,0.6892323,0.676722956,0.9082265,1.1317482,0.13221556,0.42676163,0.6475562,0.677938524,1.451941,1.0119784
3272,Annual,294412,88985,50.690899,-3.49619,0.6765518,0.7066169,0.8332058,0.841410039,1.2176533,0.89567786,0.575781,0.6257367,0.7776128,0.8001663,0.73578084,0.85577035
3277,Multiannual,311125,97442,50.769728,-3.261688,0.4573654,0.7429844,0.75949407,0.750891079,1.0017669,1.0906172,0.1963386,0.63171434,0.64429426,0.683187838,1.0017847,1.0954224
3290,Multiannual,306612,85454,50.661243,-3.322631,0.91728157,0.9478394,0.95842195,0.938495942,1.0061703,0.9691152,-0.9016818,0.48438513,0.77131116,0.707808256,1.0980844,1.4515991
3291,Multiannual,307767,86052,50.666804,-3.306444,0.71890116,0.85450363,0.8741845,0.854598253,1.0025948,1.0730293,-2.6809933,-0.21172476,-0.20156619,-0.233227513,0.98456997,1.1558181
3312,Annual,452558,452558,53.966423,-1.200335,0.29014927,0.66546196,0.67661154,0.651471495,1.0015186,1.0856394,-0.31133962,0.508216,0.61966044,0.651399192,0.9700595,1.3103247
3315,Annual,507701,462199,54.044507,-0.356661,-0.50874114,0.5386497,0.57291853,0.496033172,1.1744556,1.003404,-0.35366285,0.37850422,0.47911102,0.498891585,1.176295,0.7104325
3318,Annual,502245,458248,54.01012,-0.441278,0.78383744,0.8093113,0.887864,0.90517889,1.0263988,0.84804505,0.7467493,0.7613423,0.886296,0.910552243,1.0703048,0.8022997
3319,Annual,502231,458262,54.010248,-0.441487,0.78544223,0.8026885,0.89056706,0.895704491,1.0861177,0.86021477,0.42700928,0.33331466,0.85339904,0.875716147,1.6051406,0.7616991
3320,Annual,502289,458234,54.009985,-0.440612,0.7776922,0.73582137,0.91020536,0.894369521,1.0549756,0.75771046,0.57215035,0.600312,0.8802412,0.886205752,1.102397,0.6326826
3321,Multiannual,382165,270795,52.334938,-2.26316,0.82533973,0.8768275,0.9099061,0.912682149,0.99538255,0.9161379,-0.8718103,0.7889349,0.869004,0.882478227,1.0713854,1.149312
3328,Annual,585292,294975,52.521133,0.72965,0.8972422,0.86113334,0.95090365,0.953901356,1.0226486,0.87209314,0.8147238,0.724399,0.942332,0.944075969,1.2629856,0.94109446
3340,Annual,509539,469935,54.113618,-0.325809,0.935355,0.9188298,0.9680828,0.97409178,0.99893194,0.9253763,0.8222269,0.90960115,0.91043174,0.822805857,1.0068222,0.9898546
3348,Annual,509486,449441,53.929516,-0.333994,0.31078428,0.47474217,0.6136912,0.631562028,1.2963581,0.80292434,-0.097433925,-13.427034,0.49153113,0.652431319,15.407512,0.4119745
3349,Annual,509498,449458,53.929666,-0.333805,0.60162055,0.7327932,0.81146216,0.814568195,1.0915363,0.83424866,0.2683311,0.6238948,0.8683442,0.877780097,1.2885556,0.7978678
3356,Multiannual,414465,304645,52.639351,-1.78767,0.851994,0.83688927,0.9257642,0.921069411,1.0003489,0.85476315,-0.22425759,0.53103554,0.7115811,0.710919059,0.8983467,0.64446086
3382,Annual,419290,199450,51.693467,-1.722314,0.61430186,0.80062217,0.8139039,0.791036101,0.9386791,0.9631367,0.7475376,0.8741057,0.87904495,0.88841844,0.96512794,0.9982542
3387,Annual,419281,199444,51.693414,-1.722444,0.42031223,0.74572366,0.87410796,0.879137025,1.0842596,1.2042325,0.5016651,0.7539234,0.8755931,0.888869219,1.0597848,1.203729
3398,Annual,304697,507680,54.455518,-3.471513,0.8040067,0.81516707,0.8985331,0.896431431,1.0115709,0.8459439,0.6929328,0.8278545,0.847646,0.852464701,1.058376,0.9450959
3403,Annual,339145,567905,55.00196,-2.952885,0.7161833,0.80281645,0.8832417,0.880854748,1.0511895,0.84957445,0.65822434,0.82318217,0.91222715,0.913519112,0.9216919,0.8679866
3423,Annual,435855,179275,51.511265,-1.484724,0.8571078,0.87456524,0.92683643,0.934881183,1.0068781,0.89834565,0.8472246,0.9081404,0.93891156,0.925070867,1.0238552,0.93567836
3426,Multiannual,483855,194305,51.6413,-0.78959,0.75679505,0.89508486,0.92485356,0.92930392,1.0731797,1.002239,-1.4259305,0.44212478,0.5613067,0.59278311,1.136191,1.3165897
3436,Annual,401010,195750,51.660527,-1.986789,0.70481306,0.85073704,0.8628918,0.872072863,0.94106233,1.0026407,0.65568316,0.73311615,0.81614125,0.868275722,1.0449547,0.8118481
3439,Annual,477551,114895,50.928302,-0.897889,0.921963,0.90860665,0.9611994,0.966677731,1.0006982,0.9172549,0.80271477,0.7261167,0.92605317,0.891806362,1.0300609,0.7380072
3458,Annual,411402,204667,51.740588,-1.836264,0.7544522,0.7608065,0.87178934,0.890586715,1.0006195,0.7980718,0.6411194,0.6111684,0.8333172,0.862010546,0.99257296,0.64878577
