No,Wavelet transform,easting,northing,lat,long,NSE_train,KGE_train,Pearson_r_train,Spearman_r_train,Mean_ratio_train,STD_ratio_train,NSE_test,KGE_test,Pearson_r_test,Spearman_r_test,Mean_ratio_test,STD_ratio_test
2,Annual,420565,199295,51.692029,-1.703877,0.80090415,0.8355119,0.8960498,0.868432847,1.01614,0.87355036,0.84490275,0.75349665,0.93669385,0.938939063,1.0197626,0.76258755
10,Multiannual,564245,171712,51.420622,0.360804,0.8527036,0.85561347,0.92491645,0.931625411,0.998571,0.8766803,0.72419775,0.64227086,0.8976554,0.897101146,0.990808,0.6573473
16,Annual,559541,251790,52.141359,0.329989,0.8894457,0.8596747,0.9484755,0.949338571,0.99660796,0.86952096,0.75516856,0.762575,0.9243569,0.907990781,1.0121654,0.77527684
19,Annual,398635,198815,51.688083,-2.021137,0.793771,0.80537647,0.89268905,0.882311662,1.0017601,0.83764416,0.7693226,0.83751285,0.89692473,0.867649139,1.0288185,0.87774247
20,Decadal,343971,449275,53.936531,-2.854924,0.79673266,0.78263676,0.90026987,0.866730284,0.96530324,0.81000984,0.66592807,0.79406685,0.87206125,0.892132948,0.9750887,1.1594396
25,Annual,578560,259851,52.207941,0.611861,-0.12437475,0.15805995,0.25839424,0.20662363,0.99864554,0.60140276,-0.31759143,-0.061370373,0.0490392,0.097992464,1.001157,0.52864426
27,Annual,448933,465244,54.080785,-1.253548,0.48940355,0.5329989,0.702408,0.641050334,0.9907702,0.6402196,-0.56394446,0.31976837,0.66511595,0.648200942,1.5150921,1.292002
28,Multiannual,607216,229729,51.927485,1.012393,0.72742414,0.76833624,0.8559171,0.850080035,1.0079905,0.81877124,0.43716353,0.5114664,0.7716156,0.79878413,1.0418566,0.57017124
30,Annual,396769,197268,51.674166,-2.048116,0.8998925,0.89114857,0.9498131,0.951480012,1.0056115,0.90357196,0.8934066,0.896511,0.96370894,0.965571232,0.92128056,0.9434658
39,Annual,565789,308887,52.652362,0.44945,0.75506294,0.7885593,0.8700806,0.872241386,0.99897844,0.83318824,0.66807055,0.8208473,0.88407993,0.884611683,1.0048825,1.1365145
40,Annual,425845,177785,51.498413,-1.62907,0.9682122,0.95651174,0.9843987,0.986146224,1.0074993,0.9601054,0.91678625,0.907416,0.9617609,0.965466836,0.97099346,0.9208283
41,Annual,413670,155000,51.293964,-1.805328,0.7968165,0.730113,0.906976,0.915938193,1.0065525,0.7467375,0.76279765,0.636752,0.9128385,0.922648785,0.9995292,0.6473657
43,Annual,448976,432699,53.7883,-1.258096,0.6988946,0.7682558,0.8368523,0.88830592,0.999439,0.8354196,0.6861955,0.6818373,0.8388597,0.865977404,1.001152,0.7256673
44,Annual,410831,173495,51.460324,-1.845486,0.9605807,0.93797296,0.981056,0.978850234,1.0061429,0.9412572,0.8929956,0.796789,0.9615704,0.962303259,1.0260257,0.8021605
47,Multiannual,353845,323455,52.806649,-2.686111,0.80770427,0.89304173,0.92414534,0.907302589,0.9975523,0.92463523,-0.17246675,0.45689714,0.67902684,0.675082365,0.9989157,1.4381124
56,Annual,453385,171915,51.443713,-1.233251,0.8700203,0.8869894,0.93316627,0.916763115,1.0022359,0.90889865,0.71742547,0.877264,0.9121923,0.930761704,1.0256176,1.0818416
58,Multiannual,551843,166864,51.380518,0.180509,0.76921445,0.7877698,0.89414084,0.882352003,0.9981237,0.8160665,0.5490618,0.50064754,0.7731512,0.679679451,1.0004282,0.5551499
63,Annual,448505,129295,51.060948,-1.309225,0.68110585,0.71682256,0.8346889,0.903974418,1.0147785,0.77056086,0.61861,0.7527149,0.82164943,0.89134006,0.97998184,0.82988507
67,Annual,442090,472497,54.14657,-1.357128,0.8165203,0.82912475,0.92686605,0.917177911,1.0259278,0.84776115,0.618109,0.88854724,0.922973,0.913318344,1.0519954,0.93848133
75,Multiannual,383541,264701,52.280196,-2.242666,0.8498549,0.82510644,0.92614686,0.931419838,0.993969,0.8415801,0.56672364,0.65601325,0.7583755,0.786493298,0.9849892,0.7556258
79,Annual,518302,448799,53.921812,-0.200043,0.703473,0.6980865,0.8473039,0.821313203,1.0206689,0.7403693,0.18101394,0.33645195,0.6561533,0.674881262,1.235225,0.48353654
82,Annual,427625,287725,52.48674,-1.594605,0.8840007,0.8986168,0.9419868,0.951793552,1.0034702,0.91692895,-0.08660114,0.6315835,0.673448,0.638319674,0.96977216,0.83213025
85,Annual,464601,421302,53.684177,-1.023343,0.78759146,0.6843403,0.91459876,0.913029639,1.0429424,0.6991625,0.6071019,0.48216176,0.8883892,0.907804475,0.8154545,0.52921176
89,Annual,462352,481645,54.22672,-1.045082,0.6945796,0.69633675,0.8411795,0.8744402,0.9971501,0.74119693,0.6926038,0.7199532,0.84284705,0.91690005,1.0055453,0.7682714
90,Annual,386475,262865,52.26377,-2.199586,0.73857987,0.69786376,0.8717566,0.886219372,1.0086193,0.72656757,0.619565,0.6333456,0.81708956,0.863517064,1.0786319,0.6921106
94,Annual,332235,325805,52.825485,-3.007123,0.84960735,0.8863155,0.93218285,0.928321748,1.083345,0.96286887,0.7660716,0.88209665,0.88646543,0.863128639,0.97072726,1.0124182
99,Annual,355825,319105,52.767714,-2.656152,0.6220272,0.78928566,0.84418154,0.824949767,1.0010931,1.1418505,0.6679453,0.81375414,0.85943544,0.879191079,1.0009716,1.1221867
107,Annual,419454,172560,51.451688,-1.721421,0.9563258,0.9503741,0.97823024,0.97982707,1.0027913,0.9554918,0.8757769,0.8398588,0.94581187,0.942251611,1.0269226,0.85173017
111,Annual,576126,301843,52.585849,0.598347,0.84704924,0.829191,0.9309783,0.929623297,1.0049908,0.84383935,0.77030814,0.82112914,0.9315897,0.929292946,1.0131652,0.8352553
116,Annual,415687,146780,51.22,-1.776759,0.822413,0.761444,0.91794753,0.911801345,0.99761575,0.77601457,0.42831278,0.6966059,0.8393888,0.823624506,0.90217406,0.7619237
117,Annual,415674,146792,51.220108,-1.776945,0.7918268,0.75953543,0.9120481,0.909897176,1.0289415,0.77807915,0.74578947,0.77056056,0.90105087,0.8957853,0.9657236,0.795855
118,Annual,404780,193710,51.642166,-1.932313,0.59216475,0.801255,0.80677295,0.824741771,1.0306638,0.9650397,-0.22455621,0.61670935,0.7389189,0.771431695,1.1838316,0.7879789
128,Annual,479475,148665,51.231643,-0.863102,0.91818875,0.92279047,0.9585296,0.962526517,1.0012052,0.9348848,0.6565553,0.8565382,0.9035088,0.896112111,1.0542662,1.0912476
131,Multiannual,572288,171659,51.41776,0.47634,0.24952412,0.58369106,0.6091974,0.498040703,0.99881727,0.8565285,-0.7718607,0.2642842,0.5007427,0.478637075,0.9955193,0.459632
136,Multiannual,552259,226414,51.915438,0.212382,0.889691,0.8659707,0.9636406,0.959913126,0.99338305,0.8711672,0.7390735,0.6815647,0.91553605,0.909585729,0.99264485,0.6930596
139,Annual,607453,285624,52.42921,1.049995,0.74697995,0.7548883,0.8685912,0.881529306,0.9956287,0.7931379,-0.57894886,0.6296883,0.6587026,0.678982977,1.0624541,0.8705943
143,Annual,552677,163876,51.353447,0.191201,0.8715595,0.8245738,0.94004387,0.947424216,1.0128425,0.8356401,0.18324709,0.70085824,0.75028485,0.775315731,1.1091582,1.1233444
146,Annual,433405,153605,51.280609,-1.522434,0.7596698,0.8852448,0.88835585,0.911403374,0.9983962,0.9735101,0.5432042,0.7728088,0.78435427,0.80978548,0.9986383,0.9285115
151,Annual,446155,152255,51.267583,-1.339817,0.9123493,0.8963299,0.95713305,0.963133612,1.0075269,0.90590847,0.8963517,0.904791,0.9645817,0.959694784,1.0317645,0.9175302
153,Annual,401936,206076,51.753367,-1.973348,0.8410595,0.7936121,0.92472345,0.939865095,1.0182548,0.8086992,0.7351731,0.6542376,0.9313978,0.942206518,0.8228164,0.7111211
157,Multiannual,557690,167110,51.381135,0.264566,0.6771177,0.7540038,0.8364244,0.791748253,0.99871653,0.8162746,-2.450575,0.65948915,0.7752456,0.717638442,1.0084257,0.7443419
164,Decadal,334360,392220,53.422661,-2.989207,0.9236142,0.91732717,0.9652746,0.960231862,0.99757075,0.9250144,-16.22468,-0.24840534,-0.16678232,-0.206088295,0.95264465,0.5585359
170,Multiannual,414935,236635,52.027922,-1.783724,0.8580715,0.90109706,0.9281634,0.931125778,0.9921023,0.93248236,0.5375726,0.69321096,0.7987834,0.772981047,0.96888494,0.7705175
183,Annual,331455,412895,53.608095,-3.037443,0.8444166,0.913162,0.92720735,0.934181227,1.0091813,1.0464559,0.34375453,0.80379206,0.8992888,0.885520617,0.8460216,1.0681599
198,Annual,454968,202040,51.714399,-1.205771,0.66240656,0.7674073,0.81508875,0.846188427,1.0006936,0.8589122,-3.6228056,0.36709458,0.78743684,0.800336669,1.0982467,1.5880039
199,Multiannual,409685,343975,52.993009,-1.857154,0.8474894,0.8446852,0.9224785,0.925966123,0.99370146,0.86556333,-0.6301298,0.4407153,0.6877359,0.715438731,0.9044275,1.4540476
201,Annual,412835,196695,51.66888,-1.815801,0.74638367,0.76776373,0.8721839,0.869160738,1.0226068,0.80742586,0.25999713,0.81081206,0.9039689,0.921224667,1.1314394,0.9035981
208,Multiannual,577589,163996,51.347292,0.548667,0.7954532,0.7702697,0.90413284,0.89136968,0.9966492,0.79125583,0.51916313,0.4138999,0.81311274,0.784769461,0.9971035,0.44450215
212,Annual,495770,459389,54.021611,-0.539688,0.84893185,0.81479067,0.9265641,0.954275613,0.9973352,0.82999265,0.7758488,0.7145338,0.8968969,0.920095984,0.99192476,0.733926
215,Annual,539286,110151,50.874079,-0.021704,0.9369494,0.9096951,0.9696486,0.970565477,1.0036439,0.91502666,0.9154332,0.8730712,0.96123886,0.958326514,1.0088632,0.8794599
216,Annual,561311,266770,52.275407,0.362962,0.85431504,0.87388927,0.928898,0.934497078,0.99858093,0.8958568,0.8617729,0.8315597,0.9338323,0.908566875,0.99926746,0.8451048
227,Annual,513965,108505,50.864826,-0.381931,0.4159178,0.64777124,0.67878246,0.755146535,0.9992668,0.855489,-0.08734667,0.12842405,0.3933333,0.534405944,0.99629134,0.37423182
230,Annual,418175,167485,51.406099,-1.740086,0.8852371,0.9095248,0.94097483,0.944965621,0.9995845,0.9314323,0.820787,0.81829756,0.9189543,0.912927787,1.0040554,0.8374248
232,Annual,507065,102705,50.814006,-0.481634,0.71058625,0.66889673,0.86018217,0.882665462,0.9822113,0.7003951,0.72529274,0.70062727,0.8618341,0.847949036,1.00786,0.73453534
233,Annual,621914,158529,51.282648,1.180793,0.65842044,0.7918679,0.86932576,0.872712058,1.0393723,1.1571472,0.56816137,0.8124658,0.85507166,0.827300575,1.0863118,1.081954
234,Decadal,406085,343255,52.986589,-1.9108,0.28874433,0.49056774,0.567282,0.493883609,0.9980211,0.7311674,-3.095716,0.43972713,0.45345727,0.620897942,0.9662231,0.88144696
246,Multiannual,463335,389875,53.401896,-1.04886,0.1763184,0.32243216,0.4557631,0.442937442,0.99490726,0.5964202,-0.05024743,0.5634384,0.5732523,0.530031263,0.9927359,1.0917673
248,Annual,501050,457019,53.999313,-0.459914,0.8726786,0.86045253,0.9362842,0.951060387,0.99580705,0.87592,0.65610194,0.5864378,0.84952515,0.899294176,1.0261256,0.61567247
253,Annual,554105,170672,51.414123,0.214639,0.81673074,0.7874028,0.9099641,0.920568616,1.002164,0.80742294,0.41188747,0.7674374,0.8203323,0.811316104,1.027533,0.85492676
263,Annual,524940,203960,51.720449,-0.192679,0.8373239,0.8466719,0.9229926,0.906399461,0.99715096,0.86744404,0.4146,0.6276243,0.7871846,0.71238205,0.9897818,0.6946012
275,Multiannual,508420,211120,51.788235,-0.429499,0.88697076,0.8749347,0.94602245,0.946616394,0.9960404,0.8872526,0.7844149,0.95242566,0.9570205,0.969485583,0.9895857,0.9824619
278,Annual,547208,101122,50.790978,0.08719,0.6753073,0.7528901,0.8257499,0.819226199,1.0032501,0.8248182,0.5091302,0.76787424,0.87656534,0.850574797,1.01697,0.8041505
284,Annual,455860,117070,50.950362,-1.20616,0.5751331,0.72034395,0.76345813,0.805274595,1.0100511,0.85115856,0.46667367,0.31943756,0.76931727,0.761931276,1.6370287,0.9355083
295,Annual,432275,186275,51.574418,-1.535669,0.8677628,0.8503971,0.93405867,0.944621879,0.9996269,0.86571455,0.8303629,0.8276104,0.91382813,0.929972022,1.0014051,0.8506998
299,Multiannual,629311,331030,52.827962,1.402414,0.6118926,0.72079533,0.7841182,0.770810246,0.99790215,0.8229563,0.5065913,0.79997194,0.84798527,0.871154426,1.0163808,1.1289815
310,Annual,356005,320305,52.778515,-2.653646,0.6658854,0.8354839,0.8405665,0.861252227,0.99851745,1.0405558,0.7652793,0.8733416,0.9276935,0.930562972,1.0203403,0.89802194
313,Multiannual,379555,275845,52.380246,-2.301773,0.45372784,0.43866414,0.6988606,0.722946832,0.99189246,0.52634794,-0.2962141,0.26362252,0.3006147,0.370110504,1.0299371,0.7714945
315,Annual,544838,111828,50.887786,0.057817,0.7428865,0.7025094,0.87413186,0.887280324,1.0214908,0.7313081,0.7336855,0.74050295,0.8605399,0.888913621,0.98265916,0.78185296
328,Multiannual,470625,399765,53.489853,-0.937017,0.6582756,0.6459738,0.8217474,0.827470455,0.99381703,0.69418734,-0.18358672,0.75091493,0.81299603,0.772289103,0.9052474,0.86548716
334,Multiannual,453765,173045,51.453837,-1.227613,0.8281027,0.79152846,0.9163021,0.926902746,0.99866444,0.8090742,0.6679243,0.72268236,0.9110027,0.926881424,1.0421904,1.2592432
341,Multiannual,460046,422932,53.699368,-1.091986,0.9428798,0.92471033,0.97191846,0.947604069,1.0001408,0.93014413,-18.92336,-0.33390248,0.5863127,0.617944336,1.1828905,2.2548845
343,Annual,443416,173940,51.46277,-1.376432,0.96059215,0.9510167,0.98049384,0.984820878,1.001759,0.95510316,0.82592696,0.9141689,0.9242706,0.921612636,1.012424,1.0384414
344,Annual,598759,286938,52.444235,0.923082,0.8663629,0.7672836,0.9482045,0.967560006,1.0100839,0.7733476,0.89419806,0.9148682,0.96127295,0.956366745,1.0313864,0.93099225
352,Multiannual,381095,299785,52.595518,-2.280517,0.75878793,0.80504316,0.87706244,0.873469279,1.0029998,0.84872216,0.09890908,0.5809314,0.7500299,0.806072013,1.0173942,0.66409856
357,Annual,461048,132026,51.084309,-1.129802,0.93645465,0.9375234,0.9680463,0.970504893,1.0024421,0.9463701,0.8656919,0.85982484,0.9327034,0.931064989,1.0037985,0.87709635
365,Annual,522055,361935,53.140583,-0.176762,0.3420567,0.70103455,0.7459409,0.804059778,1.0304639,1.1546254,-0.46033883,0.70351166,0.7574907,0.761899991,1.1704459,0.9934334
366,Annual,522135,361785,53.139217,-0.175624,0.6291154,0.80338305,0.81958187,0.853562906,1.0244787,0.9257881,-0.056280017,0.7060236,0.81351477,0.842995065,1.1444851,0.8245919
367,Annual,522355,362345,53.144198,-0.172123,0.5957408,0.78073657,0.85376775,0.887619127,1.0079162,1.1631935,0.43513757,0.71142507,0.71383137,0.787525442,0.9948984,0.96316755
369,Annual,522305,363505,53.154631,-0.172428,0.7390757,0.85620236,0.89076483,0.887589577,1.0610375,0.9291528,0.29975742,0.6339488,0.6865464,0.741915848,0.9025949,0.83797836
372,Annual,556267,263365,52.246275,0.287521,0.8068961,0.7802479,0.9053441,0.91843662,1.0015277,0.8016867,0.7604637,0.7638099,0.8884951,0.814261342,0.99617285,0.79182506
375,Annual,430060,169400,51.422814,-1.569062,0.10326892,0.8668384,0.87367415,0.893601147,0.9945137,0.95824486,0.0325374,0.66907823,0.7334702,0.84490565,0.99630815,0.80389696
382,Decadal,430800,107988,50.870575,-1.563655,0.94430745,0.9207505,0.97406185,0.965660443,1.0079454,0.92553973,0.7149099,0.7309845,0.8556608,0.851959862,1.0129547,0.77335733
385,Annual,434544,172256,51.448238,-1.504298,0.941682,0.9270517,0.97202563,0.974035502,0.99719036,0.93268776,0.7597669,0.7715661,0.9162389,0.912491949,1.0117224,0.7878008
394,Annual,445373,466558,54.092919,-1.307761,0.7874966,0.85018665,0.8875134,0.887788108,1.0000209,0.90105385,0.6076032,0.87886316,0.90366673,0.914948099,1.0307567,1.0666975
395,Annual,638320,313500,52.66677,1.523146,0.27155417,0.6593962,0.68890023,0.715460895,0.98707134,1.1380687,0.12931013,0.6064164,0.6810027,0.780505151,1.0936215,1.2106854
397,Annual,436155,148055,51.230539,-1.483567,0.9309684,0.9086171,0.9666432,0.972654375,1.0030174,0.9149769,0.80492854,0.9402684,0.9496992,0.938626364,1.0227461,0.9771908
404,Annual,639430,313860,52.669512,1.539789,0.66829824,0.6599946,0.82724494,0.839669597,1.0410755,0.71004945,-0.06649363,-0.01947236,0.7307047,0.742180042,1.9779795,0.8981555
408,Annual,537980,212960,51.798266,-0.000452,0.74706846,0.8738227,0.8789582,0.878672789,0.9995892,1.035635,0.37990952,0.35401773,0.6462345,0.848377515,0.9987946,0.45950028
409,Annual,423870,173807,51.462732,-1.657788,0.871605,0.82774484,0.93999434,0.945770655,0.99783,0.83854914,0.8724412,0.82173395,0.9430558,0.949471374,1.0028011,0.83109695
421,Multiannual,459149,418024,53.655362,-1.106504,0.83345866,0.8808162,0.9144418,0.908458218,0.99406964,0.9172406,-6.0343785,0.52371204,0.6096346,0.62461923,1.1363543,1.236379
425,Multiannual,355695,325825,52.828108,-2.658992,0.73407555,0.85618454,0.8622538,0.879812967,1.0002565,0.9586659,-0.4667436,0.61597365,0.8160306,0.804298838,1.0106614,1.3369344
445,Multiannual,548828,161628,51.334268,0.135029,0.88022053,0.92611575,0.94011045,0.934626188,0.99886835,0.9567477,0.47364545,0.62553596,0.8417548,0.823925378,1.0069665,0.66068804
447,Decadal,373595,228665,51.955832,-2.385642,0.48961848,0.5586065,0.73019814,0.712083655,0.9948995,0.65070295,0.13976717,0.2260809,0.58514774,0.584558995,1.00854,0.34672013
460,Annual,564223,251597,52.138255,0.398251,0.47261113,0.6309875,0.71564734,0.71150171,0.9987799,0.7648171,0.39469397,0.47561646,0.6774051,0.726080256,1.0013717,0.5865912
467,Annual,416534,171759,51.444578,-1.76348,0.95096266,0.9331687,0.9759779,0.97583146,1.0038344,0.9377535,0.8954774,0.8414633,0.96294355,0.966542329,1.0423226,0.85177916
473,Decadal,439486,472957,54.15091,-1.39693,0.88696134,0.8688363,0.94434696,0.949160406,0.99649405,0.8812826,0.8253652,0.92407143,0.93474364,0.918733663,1.017856,1.0344702
476,Multiannual,497340,188104,51.583392,-0.596496,0.9415143,0.93201804,0.9729917,0.973049663,0.9967134,0.9377004,0.6058544,0.8476888,0.9331269,0.924898363,0.9848387,0.86399776
479,Annual,553847,248319,52.111791,0.245284,0.89119416,0.8193325,0.9529216,0.958676804,0.9935107,0.82569546,0.7818252,0.8432245,0.96442914,0.960010674,0.9339923,0.8623191
480,Annual,465785,117755,50.955476,-1.064766,0.9089245,0.88297236,0.9556844,0.962645853,1.0040601,0.8917638,0.90515834,0.85362315,0.95815533,0.955778769,1.0112865,0.86018664
481,Annual,446427,441784,53.870182,-1.295414,0.86414707,0.84283984,0.9385679,0.935042959,0.99667704,0.85538256,0.8239292,0.7622069,0.929405,0.810110184,0.9955706,0.77297133
490,Annual,463605,140495,51.160175,-1.091809,0.8595536,0.8432162,0.9412044,0.943318886,0.99646837,0.8547016,0.49428618,0.81177914,0.90990055,0.875813403,1.0109649,0.83510995
494,Annual,567377,272459,52.324693,0.454611,0.9079865,0.8111994,0.9675244,0.964439679,1.0044957,0.8140697,0.22444743,0.55657923,0.6600201,0.627287064,0.9723511,0.71668
498,Annual,328085,408245,53.565855,-3.087294,0.8046379,0.8892467,0.89910084,0.842907937,1.0009958,0.95434546,-1.2150555,0.8022954,0.8129413,0.78245846,0.95537764,0.95412356
503,Decadal,546317,205512,51.72923,0.117229,-1.2713587,0.34725016,0.6033039,0.47363395,0.9925996,0.4816772,-3.431676,0.25569057,0.44414505,0.515915558,0.9922636,0.50506544
504,Annual,428255,139755,51.156352,-1.597357,0.9376062,0.9000008,0.97062695,0.971160421,1.0020413,0.90443414,0.911549,0.9111491,0.9573357,0.939184262,0.99167275,0.9225091
510,Multiannual,469875,403405,53.522665,-0.947509,0.80784816,0.83086014,0.9021847,0.879407446,0.98702717,0.86262566,-0.15960634,0.696586,0.8477098,0.810164742,0.94076073,1.2556596
514,Annual,397915,193005,51.635842,-2.031516,0.8420478,0.82580984,0.9212975,0.921904621,1.0117999,0.84505224,0.84719735,0.73968565,0.94693637,0.932984697,1.0407199,0.7484258
522,Annual,447653,182373,51.538249,-1.314311,0.9579256,0.9479612,0.979132,0.97992248,1.0024798,0.9523933,0.92900115,0.9536562,0.9668065,0.969370996,1.0084425,1.03122
533,Annual,444535,175915,51.48044,-1.360078,0.96482897,0.94425106,0.9831247,0.984082174,1.0090758,0.9476476,0.8684921,0.93340033,0.9392419,0.922382794,1.0227458,1.0150536
535,Annual,439205,176585,51.486858,-1.436751,0.92771274,0.87101823,0.9681494,0.973573694,1.0165265,0.8761105,0.82992685,0.867257,0.92403257,0.909212678,1.0472257,0.90192205
540,Annual,537310,213570,51.803912,-0.00992,0.69831705,0.86417603,0.8672952,0.879037641,0.99746704,0.9711752,0.5447855,0.698177,0.7474851,0.748189898,0.9991126,0.83467937
546,Multiannual,457443,85007,50.661909,-1.188635,0.9519922,0.9455291,0.97641253,0.97498308,0.9982849,0.95093185,0.63103914,0.8202443,0.9132014,0.826912761,0.9823686,0.8435812
548,Annual,386235,267845,52.308536,-2.203308,0.6894457,0.67013955,0.84145105,0.844703591,1.0108824,0.71094805,0.10866147,0.60582167,0.89158237,0.914981208,0.837054,0.65784526
564,Annual,420365,178835,51.508077,-1.707952,0.87616116,0.8728769,0.93810797,0.951036513,0.99570173,0.88904434,0.49987543,0.55314386,0.77942973,0.844424686,0.9638346,0.6130618
569,Annual,444488,171762,51.443105,-1.361276,0.82414746,0.8307548,0.9188162,0.913779175,0.9975635,0.85151803,0.47194314,0.6532303,0.71305585,0.839490586,1.0022444,0.8053036
581,Annual,397799,105402,50.848131,-2.032626,0.7568412,0.75173515,0.8745861,0.882632873,0.9985137,0.7857478,0.7879473,0.7252886,0.94720167,0.953061304,0.9748457,0.7315876
585,Annual,551984,201580,51.692396,0.197508,0.48453575,0.46925896,0.7263553,0.728922182,0.996806,0.54525375,0.35885316,0.38098192,0.74602747,0.771456402,1.0124992,0.43561995
593,Annual,407606,204211,51.736551,-1.891249,0.83132493,0.8607437,0.9121922,0.911048378,1.0020047,0.8919351,0.90580624,0.8519836,0.95902234,0.957987163,1.0063502,0.8579111
594,Decadal,465405,405705,53.543909,-1.014441,0.8508018,0.82233375,0.9299412,0.892946391,0.9768347,0.8383829,0.1243701,0.6004739,0.6773763,0.679494925,1.0147288,1.2352033
595,Multiannual,465815,407825,53.562911,-1.007809,0.7427778,0.7446996,0.86607397,0.839025458,1.0009062,0.7826506,-2.7664533,0.0794875,0.17055127,0.001899974,0.945068,0.60460204
598,Multiannual,338865,332555,52.886949,-2.910011,0.86492074,0.93159723,0.9320191,0.933614737,1.0005503,0.9924366,0.16497743,0.62802994,0.7846542,0.823024381,0.98744255,1.30304
608,Annual,456404,154793,51.289482,-1.192528,0.93590426,0.9136909,0.971135,0.967226416,0.99721515,0.91870874,0.85183203,0.83768976,0.96682787,0.949386626,1.0076367,0.84129965
609,Annual,404385,197035,51.672065,-1.937981,0.6053489,0.7629112,0.85508436,0.854494277,1.0111569,1.1873224,0.14718574,0.82343847,0.8389859,0.820795341,1.06572,1.0304947
610,Annual,504962,461228,54.036348,-0.398808,0.86750644,0.8680239,0.9342698,0.950567075,0.9981985,0.8855714,0.8149158,0.7577245,0.91439414,0.934701699,1.0011803,0.773356
615,Annual,441601,439799,53.85275,-1.369071,0.73547125,0.77362406,0.85837376,0.849705414,0.9995953,0.8234009,0.76713306,0.8334356,0.88275254,0.884011894,1.004096,0.88176525
618,Annual,408913,169846,51.427547,-1.873183,0.9617076,0.94642717,0.9813355,0.982594071,1.0092797,0.9506488,0.7635375,0.7732148,0.9488771,0.952622004,1.1780734,0.8692032
625,Annual,377335,293135,52.535592,-2.335567,0.75477046,0.7197701,0.8793286,0.891905515,0.984102,0.74758315,0.6466519,0.62849724,0.83672744,0.832196876,1.073009,0.6743838
627,Annual,525135,106825,50.847419,-0.223858,0.8238362,0.771785,0.91707146,0.929901185,1.003711,0.787418,0.8779987,0.7971119,0.9491629,0.936555055,0.9920532,0.8037452
631,Annual,572219,324437,52.79001,0.55255,0.7006264,0.73580456,0.84029585,0.843951584,1.0034509,0.78956866,0.35190672,0.48653746,0.63680065,0.682007424,1.0165486,0.6374322
639,Annual,443885,186595,51.576513,-1.36811,0.93810624,0.9311197,0.96905637,0.972569041,1.0007098,0.938466,0.90113103,0.92095536,0.95680165,0.96750091,1.0112045,0.9347593
642,Annual,396079,108528,50.876232,-2.057092,0.89607215,0.87953883,0.95055306,0.957252601,0.9958104,0.89023536,0.84061795,0.72826153,0.9472772,0.932294558,0.9929297,0.73351926
646,Annual,501216,455163,53.982606,-0.457999,0.826707,0.8714614,0.9098724,0.925746922,1.0044222,0.9084622,0.5517607,0.6394384,0.8509627,0.880984406,1.0466835,0.6750201
648,Annual,407199,139101,51.15112,-1.898446,0.6295045,0.72510827,0.79552144,0.84190326,1.0090438,0.81650245,0.5809355,0.65911704,0.78889644,0.820986045,1.0302079,0.7340624
657,Multiannual,396835,271615,52.342594,-2.047873,0.9255995,0.90192735,0.963865,0.962355948,0.99544734,0.90894127,-2.0950563,0.46561134,0.50684273,0.754635948,1.0934072,1.1834207
661,Annual,541872,244476,52.080462,0.068939,0.8843358,0.8613777,0.9430865,0.939199294,1.0015268,0.87361,0.61789644,0.81765664,0.8304255,0.778532843,0.982618,0.9352599
663,Multiannual,395145,324675,52.819578,-2.073476,0.8298018,0.8564007,0.911781,0.910222195,1.002153,0.8867161,-0.92886484,0.17105561,0.6163695,0.547729846,0.9947385,1.7348198
664,Annual,386033,162933,51.365282,-2.202,0.84161615,0.78565675,0.9266472,0.930555372,0.9788976,0.7997077,0.8846734,0.75298524,0.96481174,0.951438917,0.95994276,0.7588083
666,Multiannual,517465,104575,50.828801,-0.333477,0.5713354,0.60252863,0.76456845,0.717429395,1.0111387,0.6799522,0.526482,0.8363524,0.842091,0.825767952,1.0341988,0.9740078
678,Annual,341442,104956,50.84115,-2.833027,0.62508816,0.56877875,0.8183906,0.840015249,1.0181354,0.60930824,0.6130752,0.4760967,0.875396,0.894842837,0.9419245,0.49445587
679,Multiannual,398515,318795,52.766741,-2.023441,0.7569811,0.8344358,0.87136936,0.850171583,1.0017452,0.8957781,-0.15250266,0.70444834,0.7069284,0.741128426,0.977352,0.9692318
680,Annual,430025,338395,52.942101,-1.554651,0.721408,0.7812644,0.84967434,0.873757971,0.9990448,0.8411098,0.6732769,0.7764508,0.82998675,0.78761403,0.9949433,0.8549355
684,Annual,499801,433899,53.791831,-0.486486,0.8420116,0.77982044,0.927863,0.950338844,1.0016261,0.7919793,0.6195513,0.63688403,0.79564756,0.834094242,1.0045859,0.6998797
687,Decadal,459726,427307,53.738723,-1.095989,0.9364394,0.92832,0.9716865,0.96462391,0.9814029,0.9368302,-20.005302,-1.0185959,0.69944465,0.715001846,1.1535871,2.9901934
690,Annual,629363,167872,51.363571,1.293431,0.75501883,0.8213389,0.87027466,0.860721126,1.0054725,0.877279,0.25913668,0.8083138,0.8154157,0.81272409,1.0499657,1.0132596
702,Annual,581321,319657,52.744109,0.68473,0.95381796,0.935865,0.97892994,0.974700845,0.9971238,0.9394936,0.8382872,0.8835388,0.9358113,0.871775164,0.99607664,1.0970967
709,Multiannual,503140,215900,51.832194,-0.5046,0.9719679,0.95517576,0.98637056,0.98523331,1.0027381,0.95738614,0.6084181,0.8115439,0.81856525,0.80422634,0.9908809,1.0501399
710,Annual,416545,199235,51.691621,-1.762037,0.66777384,0.8387038,0.8457433,0.865306105,1.0275058,1.0382786,0.47116184,0.6916062,0.8114308,0.869710846,0.9979807,1.2440256
711,Annual,365161,88822,50.697988,-2.494645,0.9180928,0.9062785,0.95968235,0.966615783,1.0200007,0.9177922,0.9038359,0.8573621,0.9627126,0.960394908,1.077378,0.88612366
717,Annual,415095,196165,51.664059,-1.783145,0.8388994,0.80930936,0.9272993,0.936788561,1.0379348,0.82784367,0.82271826,0.7225765,0.94466513,0.942659726,1.0589994,0.7346321
719,Multiannual,583440,331530,52.850006,0.722737,0.8847054,0.78865,0.95418847,0.952795618,0.9982522,0.7936828,0.047887325,0.4361543,0.598554,0.737123155,0.8105968,0.65230954
725,Multiannual,544949,212362,51.791132,0.100289,0.83878726,0.83483696,0.9180429,0.838051004,0.99949795,0.8566083,-0.32846785,0.58722377,0.7364328,0.822542436,0.96180844,0.68463135
734,Annual,555158,237027,52.009983,0.259287,0.8464674,0.82989794,0.92312366,0.910361074,0.9997707,0.848262,0.7087658,0.63816804,0.86935914,0.86891408,0.9985168,0.6625794
737,Decadal,447443,466389,54.091214,-1.276142,0.7272843,0.80865955,0.853232,0.839933628,1.0006405,0.8772425,-1.1176682,0.3182357,0.7088046,0.570132435,1.0195241,1.6161481
739,Annual,577902,279029,52.380389,0.612361,0.8989632,0.8520788,0.9534019,0.945672029,0.9966493,0.8596504,0.89225286,0.9502553,0.95431757,0.919222341,0.98932767,0.98345476
745,Annual,457050,139850,51.155066,-1.185638,0.9552502,0.9498324,0.9777772,0.980380754,0.99903023,0.955034,0.9262892,0.9533584,0.9625943,0.96236457,1.0005723,0.97214544
746,Multiannual,343906,349183,53.036956,-2.837988,0.61369663,0.7319477,0.78540695,0.810952525,1.0003654,0.8393738,0.09181827,0.42034483,0.4574756,0.497956621,0.9992382,0.79587984
750,Annual,596282,312398,52.673717,0.90174,0.8888544,0.8069079,0.953289,0.947676053,1.0034171,0.8126757,0.7939811,0.82237804,0.92168075,0.944438208,0.9557152,0.8468537
752,Annual,496522,445190,53.893897,-0.5327,0.94657737,0.9037642,0.97532153,0.97746354,1.0004734,0.90698373,0.87917536,0.793875,0.9537126,0.964260659,1.0155503,0.7997425
762,Annual,491101,436199,53.814091,-0.617829,0.7780265,0.77558035,0.8860446,0.89715742,1.0151131,0.807258,0.5593098,0.5051384,0.8671323,0.899372419,1.2516507,0.59514683
768,Annual,418025,204515,51.739048,-1.740355,0.867803,0.8412747,0.93528026,0.946338968,1.0048859,0.8551513,0.8348928,0.75083476,0.9301184,0.938626078,1.0081441,0.760974
769,Multiannual,344325,322295,52.795322,-2.827121,0.46885312,0.5386628,0.7074134,0.724349255,0.99815065,0.64332116,0.29460043,0.28208023,0.5569731,0.572491886,0.99965453,0.4350805
779,Annual,509575,468102,54.097144,-0.325922,0.9512377,0.88955164,0.97925293,0.978510115,1.0016705,0.891531,0.7588051,0.7507921,0.8939447,0.878197266,0.87516403,0.81219
783,Multiannual,571102,167825,51.383677,0.457453,0.043148756,0.52910364,0.7065345,0.67184044,0.9960415,0.63175476,0.24847323,0.31243742,0.63319516,0.577853165,0.99816316,0.4184573
786,Annual,417320,200058,51.698998,-1.750784,0.26732814,0.5181062,0.83304846,0.853536014,1.0191513,1.4516566,0.1717962,0.623013,0.74835527,0.764105704,1.0281519,1.2792993
801,Annual,457045,177915,51.497301,-1.179628,0.8885292,0.85537714,0.9460335,0.944930956,1.0002286,0.86582375,0.82312894,0.86600107,0.9539598,0.92991298,1.0108367,0.8746266
813,Multiannual,342881,368122,53.20707,-2.856651,0.5264219,0.66139495,0.7751788,0.790125277,0.99720085,0.74682134,-1.6457133,-0.14206159,-0.09595741,-0.094313086,0.995443,0.6788191
814,Annual,418320,138780,51.147988,-1.739464,0.9210284,0.9292766,0.97704566,0.982851415,0.99493456,0.93329847,0.9238027,0.9374184,0.9674107,0.963916686,0.99781287,0.9466198
816,Annual,416905,196385,51.665986,-1.756966,0.72736704,0.82744277,0.855346,0.852925487,1.0147188,0.90708035,0.85177016,0.79372764,0.9315071,0.925318002,0.997412,0.80545074
819,Annual,451385,174845,51.470241,-1.261601,0.9270413,0.91466045,0.96450067,0.96383514,0.9966336,0.92246777,0.5670112,0.80626523,0.8827208,0.87616348,0.98024124,1.1529332
825,Annual,473785,147315,51.220269,-0.944859,0.93029237,0.9079489,0.966135,0.96958142,0.9982867,0.91442215,0.8978911,0.87353045,0.9498981,0.952228164,1.0005118,0.88387936
831,Annual,436232,479718,54.21191,-1.445937,0.75707453,0.7545148,0.87855124,0.884152556,1.0203758,0.7876392,0.69294006,0.6534792,0.85953915,0.860442428,0.9691017,0.68473583
833,Multiannual,309010,88029,50.684774,-3.289347,0.84593356,0.90138775,0.92105573,0.90615776,1.0011497,0.9409196,0.39128196,0.7559567,0.7942795,0.790347799,1.0054201,1.131181
835,Annual,620949,156972,51.269044,1.166016,0.8203815,0.793066,0.9110497,0.908040511,0.9953262,0.81321967,0.6787306,0.67129743,0.92277336,0.897889631,1.2289715,0.77716947
836,Annual,620950,156970,51.269025,1.166029,0.69685173,0.713454,0.83909965,0.820491801,1.0139505,0.7633058,0.33067614,0.60019785,0.80071896,0.792137107,1.2125545,0.7262321
837,Multiannual,486225,192835,51.627728,-0.755711,0.64329886,0.81806207,0.81915295,0.827632186,1.0009071,0.9801314,0.33146757,0.6561572,0.7554729,0.649600779,1.0005454,1.2417437
840,Annual,425455,322305,52.797701,-1.623906,0.67222136,0.8061727,0.83257836,0.837320874,1.0220847,0.9048655,0.6014517,0.8233391,0.8333026,0.863719846,1.0444525,0.9619904
856,Annual,420776,368997,53.217615,-1.690313,0.71236503,0.81734395,0.84645593,0.885201093,0.9992653,0.90107304,0.8081192,0.84353536,0.90150595,0.9218416,1.0012894,0.8784353
861,Annual,599467,291039,52.480796,0.935934,0.86873055,0.8365972,0.93715656,0.959000145,0.99617016,0.8492152,0.8525661,0.92983323,0.9473759,0.93974635,1.0154947,0.9562529
865,Annual,434655,146655,51.218044,-1.505184,0.8741489,0.8715608,0.9368412,0.936787069,1.0023059,0.8881878,0.7279186,0.81281614,0.876258,0.906887894,1.010315,0.8599327
870,Annual,426755,109725,50.886395,-1.621011,0.91464674,0.94521546,0.9565519,0.938233378,1.0013741,0.9666591,0.72671974,0.71770465,0.90389633,0.882312513,1.0166719,0.7350926
871,Annual,500472,453664,53.969283,-0.469833,0.83971405,0.8191891,0.9226998,0.944607894,1.0090721,0.8367987,0.5504898,0.6530056,0.8899867,0.926895168,1.0619906,0.6767991
873,Annual,405920,201920,51.715973,-1.915703,0.86874676,0.8636663,0.93361586,0.941384784,1.0015011,0.8809303,0.82427657,0.8064204,0.9427893,0.940792601,1.0305856,0.81761503
895,Annual,433596,177933,51.499338,-1.517401,0.9040374,0.88825774,0.95320034,0.941218901,1.034356,0.90452397,0.53848004,0.7183554,0.7900499,0.814133512,1.1598037,0.9014739
903,Annual,443455,129215,51.060632,-1.381291,0.8735474,0.8545296,0.9376811,0.949280378,0.99740857,0.86858016,0.86016315,0.74632347,0.9606259,0.935402504,0.9895575,0.7496158
906,Annual,418834,197239,51.673603,-1.729029,0.69645333,0.7845684,0.83890605,0.866867527,1.0235863,0.8589242,0.73442376,0.7449477,0.86320853,0.847951351,1.0190921,0.785584
913,Annual,435756,130753,51.074991,-1.490995,0.92175907,0.86202705,0.96871877,0.973878864,1.0184139,0.866889,0.90435827,0.917389,0.9526477,0.942312652,0.99049294,0.93298
926,Annual,455615,171065,51.435857,-1.201301,0.88583493,0.8487017,0.94528437,0.95626465,1.001773,0.85895425,0.7138985,0.8690287,0.87879646,0.91022241,0.9891608,1.0484349
944,Annual,471667,139431,51.149658,-0.976751,0.6235774,0.73691106,0.79464746,0.785956988,1.018591,0.83659977,0.49184078,0.7893005,0.8344227,0.851981801,1.0717876,0.8912608
946,Annual,506555,108475,50.865968,-0.487194,0.43164235,0.78720784,0.7872503,0.868692062,0.9968211,1.0028212,0.5002645,0.69952905,0.7737363,0.884602343,0.9973099,0.8023151
956,Annual,621658,156502,51.264549,1.175872,0.91925436,0.9184535,0.9600962,0.953250791,0.99868894,0.92889714,0.86202097,0.81332135,0.93570423,0.907779797,1.0009882,0.8247472
960,Multiannual,330507,91412,50.718161,-2.985744,0.45726126,0.7659222,0.77296424,0.805278823,0.99864507,1.0569707,-0.72194695,0.35025984,0.42149192,0.378543506,0.9991801,1.2957952
962,Decadal,468222,428659,53.749832,-0.966908,0.69491446,0.7209305,0.83615553,0.827720633,0.99816525,0.7741002,0.47108263,0.89209896,0.8966109,0.882135959,1.0308625,1.0009221
963,Annual,498165,457075,54.000372,-0.503891,0.85753775,0.83377606,0.9294832,0.931870144,1.0000596,0.8494753,0.7440386,0.69555473,0.8967749,0.903852958,1.0389552,0.71625036
967,Annual,480775,116135,50.939008,-0.85175,0.6644387,0.80191505,0.840209,0.888712685,0.99470586,0.8830543,0.6076095,0.66163105,0.8063859,0.864108589,0.99612385,0.7225263
973,Annual,596253,292374,52.493947,0.889457,0.869192,0.745243,0.9573608,0.957529513,1.0689088,0.7584752,0.8715322,0.74977064,0.95565104,0.9529684,0.97431386,0.7550764
975,Annual,346365,321895,52.791934,-2.796804,0.30814707,0.2923686,0.59363055,0.79306823,0.9978392,0.42068967,0.08534247,-0.0450356,0.3195582,0.346493329,0.9986546,0.2068443
977,Annual,447756,443533,53.88578,-1.274932,0.77812153,0.76752424,0.89872164,0.903118062,0.99666315,0.790773,0.80283,0.88769054,0.90311027,0.907859397,1.0026358,0.94326675
978,Annual,438175,127435,51.045001,-1.456817,0.87038785,0.8531445,0.93539405,0.950191097,0.99920946,0.8681215,0.7893985,0.7795484,0.8962227,0.905367295,0.99243444,0.8056501
989,Annual,571275,270019,52.301577,0.510509,0.87518317,0.7988729,0.9460995,0.947812388,0.99792135,0.80624247,0.5806,0.73791844,0.81179094,0.795261575,0.9724787,0.81970537
991,Multiannual,593810,162941,51.332521,0.780732,0.8600615,0.8103355,0.9353297,0.92767979,1.0071343,0.82184505,0.426094,0.61478084,0.788085,0.79616496,1.0678929,0.6855546
1005,Annual,534470,215060,51.81799,-0.050507,0.4232998,0.5060906,0.6656991,0.707361911,0.9977975,0.6364293,0.56055987,0.77063656,0.81301713,0.753590174,0.9977957,0.8671878
1009,Annual,360325,321455,52.789188,-2.589747,0.90284914,0.9162555,0.95035636,0.941772148,1.0009716,0.93256587,0.8835355,0.89519197,0.9600428,0.957775409,1.0462519,0.91486216
1013,Annual,371695,219735,51.875453,-2.412553,0.8161353,0.77297413,0.91143197,0.912181656,0.99566936,0.79100853,0.8221468,0.7047411,0.93339914,0.944019827,0.99092776,0.7124943
1018,Annual,440604,219308,51.870868,-1.411649,0.8693882,0.85923743,0.9366627,0.925011454,0.9975624,0.87431633,0.8622764,0.7752758,0.9433819,0.943779475,1.0015911,0.78253144
1026,Annual,477736,484861,54.253517,-0.808327,0.76440823,0.7051579,0.88933325,0.912773351,1.0030642,0.7267329,0.6998051,0.8242878,0.84782267,0.863037087,1.0347649,0.91932774
1027,Annual,371067,89099,50.700804,-2.411046,0.8524307,0.78553843,0.9337683,0.949160402,0.9939888,0.7961116,0.84828246,0.754825,0.9418601,0.94756021,1.021263,0.7627705
1032,Multiannual,489819,200922,51.69986,-0.701728,0.9595357,0.9129619,0.98204994,0.969519161,0.9763211,0.91819143,0.40191,0.6986325,0.69913894,0.655050551,0.9851374,0.9908302
1040,Multiannual,479775,197855,51.673805,-0.847729,0.9134743,0.87504816,0.9676925,0.964610476,0.99515235,0.8793947,0.86551744,0.89981925,0.93885016,0.934813235,0.9970498,0.9207024
1044,Annual,534170,232700,51.976568,-0.047998,0.5816113,0.62099534,0.79275614,0.83822479,0.9942452,0.68272877,0.6383891,0.5767672,0.827349,0.816664408,1.0004135,0.6135845
1049,Annual,370295,227975,51.949462,-2.433602,0.693818,0.65880543,0.84669936,0.858882298,1.0043463,0.69521636,-1.1511974,0.38185453,0.65966314,0.662595198,1.4813241,0.81398314
1055,Multiannual,367925,332175,52.886058,-2.478114,0.84267783,0.8295381,0.9208164,0.916548891,1.0007865,0.84904844,-0.57971144,0.71166456,0.7144105,0.740738343,0.9603348,1.0016155
1056,Annual,454325,129425,51.061597,-1.226164,0.83272207,0.84644186,0.9175196,0.927477685,0.9975999,0.8704966,0.57728475,0.6663591,0.7695378,0.747934731,0.9967269,0.75876904
1060,Annual,441201,453298,53.9741,-1.373338,0.7164343,0.7044848,0.85681784,0.901684588,1.0143313,0.7418888,0.64223987,0.6401587,0.8544785,0.88123344,1.0604742,0.6765023
1061,Multiannual,310230,93968,50.738358,-3.273529,0.9294405,0.9453813,0.9640902,0.964102049,1.0000892,0.9588466,-0.32978868,0.54585665,0.6086845,0.532412754,0.97284234,0.771133
1063,Multiannual,308505,91463,50.715567,-3.297346,0.9082031,0.9448397,0.95385844,0.945463964,1.0023565,0.9698674,0.57090354,0.79087603,0.8120887,0.734793588,0.989163,0.90887177
1075,Multiannual,419210,116518,50.947778,-1.727915,0.33554554,0.5625363,0.6154387,0.654173307,0.99872935,0.79147047,-0.012337804,0.030726433,0.20921344,0.218354672,1.0005274,0.43951282
1085,Annual,471835,149655,51.241555,-0.972307,0.8885509,0.8422421,0.95107174,0.955797031,1.0206081,0.85144514,0.82372534,0.8350438,0.91037196,0.925482837,1.0109323,0.86195123
1087,Annual,417530,200470,51.702695,-1.747725,0.5996312,0.5252601,0.9398289,0.944534909,0.98602134,1.4707134,0.2645542,0.5913234,0.9133977,0.910780769,1.1933079,1.3495088
1088,Multiannual,381185,300905,52.605589,-2.279252,0.7377314,0.7559454,0.8624114,0.873016608,1.0226098,0.7997004,0.7198589,0.69545686,0.882373,0.882221322,1.0875188,0.7330734
1093,Multiannual,507980,215060,51.823731,-0.43465,0.969068,0.9632163,0.98457676,0.960255496,1.0005105,0.9666104,0.7343989,0.8237224,0.91913795,0.899407253,0.89065254,0.88784784
1097,Annual,421899,155400,51.297305,-1.687288,0.910851,0.8925692,0.956203,0.958720941,0.9925682,0.90218425,0.81519896,0.7640617,0.93824595,0.933752734,0.94444156,0.7791686
1100,Multiannual,486475,195515,51.65178,-0.751439,0.79942745,0.8222658,0.89702183,0.931587264,1.0042721,0.85520256,0.5657981,0.52780426,0.7764765,0.777709634,0.99932474,0.58406144
1104,Multiannual,593350,152390,51.237917,0.768431,0.122225165,0.71843076,0.7216221,0.745879047,0.997572,1.0422062,0.25128466,0.56033087,0.6970614,0.705255108,0.9979448,0.6813597
1112,Annual,541193,112242,50.892408,0.00619,0.614979,0.66938925,0.785854,0.86011966,1.0020713,0.7481276,0.60885936,0.63408124,0.8423269,0.912819851,1.0168513,0.6702263
1113,Annual,544973,160614,51.326151,0.079318,0.6103476,0.67248064,0.7826214,0.878149583,0.99937665,0.75502104,0.70943403,0.6500286,0.8668903,0.879643453,0.9990054,0.67633325
1126,Annual,452805,185805,51.568647,-1.23952,0.8216014,0.86577266,0.9080465,0.920627992,1.0069764,0.9024684,0.4236465,0.84727764,0.854288,0.875680968,1.0388961,1.024072
1138,Annual,471545,410005,53.581753,-0.920817,0.67526937,0.6795146,0.83089054,0.879949085,1.0146737,0.7281601,0.659369,0.7521492,0.8864231,0.866925031,0.9920598,1.2201587
1153,Multiannual,595660,163490,51.336819,0.807556,0.68024826,0.7347369,0.8264326,0.813392494,0.9937677,0.79950345,0.31874806,0.6912079,0.7486963,0.724008555,1.045937,0.82654285
1171,Annual,501160,108370,50.865993,-0.563861,0.780052,0.8584637,0.8840442,0.9142585,1.0007375,0.9188471,0.6845759,0.76911145,0.909745,0.942267636,0.9844909,0.78805184
1176,Annual,542347,246775,52.100996,0.076824,0.8614907,0.8016746,0.9382824,0.963442156,1.0083059,0.8117059,0.73654115,0.79655355,0.9133079,0.925034156,0.9607676,0.8201792
1178,Annual,415298,120231,50.981283,-1.783446,0.8849388,0.86854416,0.9426908,0.955841143,0.9997576,0.8816947,0.88558847,0.8537481,0.949536,0.958412748,1.0073539,0.86292773
1197,Multiannual,568960,157070,51.2877,0.421603,0.71586764,0.8464714,0.8529798,0.869774549,0.9993365,0.95578027,0.47464854,0.58304095,0.72644186,0.750489392,0.9971105,0.6853405
1209,Annual,408195,371355,53.23915,-1.878663,0.8172825,0.7996416,0.9094461,0.937001346,0.99604666,0.8213165,0.7829022,0.7540091,0.8921424,0.926967791,1.001215,0.7789192
1218,Annual,488695,113025,50.909886,-0.739813,0.90297896,0.86108464,0.95408547,0.959632381,1.0053662,0.86900216,0.8624737,0.7226808,0.95698655,0.948313706,1.0027748,0.7260513
1219,Annual,499533,458169,54.009939,-0.482672,0.8483551,0.7727486,0.93328303,0.943466177,1.0005133,0.7827639,0.70640975,0.66704804,0.8953515,0.923609346,1.0502063,0.68793476
1221,Annual,600320,280514,52.38599,0.942173,0.8474513,0.8641657,0.92112446,0.925088218,1.0003138,0.88941616,0.3488155,0.6908741,0.72975826,0.839138416,0.9952652,1.1500255
1229,Annual,372065,225055,51.923302,-2.407611,0.80811775,0.7873392,0.9038123,0.920371258,0.99969935,0.8103374,0.6305026,0.6568394,0.85006714,0.757273345,1.0157773,0.69173133
1231,Annual,525725,214639,51.816241,-0.17746,0.7617431,0.8792856,0.8803896,0.873058829,1.0021733,0.98386055,-0.5095099,0.81837076,0.89161724,0.900383096,1.024479,1.1436845
1239,Multiannual,490487,199850,51.690116,-0.692342,0.9326875,0.9306454,0.9717985,0.948676309,1.058951,0.97677225,0.39544457,0.6144631,0.65604675,0.688235503,1.019545,0.8269326
1240,Annual,490319,451402,53.950829,-0.625228,0.7732979,0.7465581,0.8878775,0.93298442,0.99856687,0.7727135,0.7518585,0.6825793,0.88720566,0.932416636,1.0013199,0.703299
1246,Decadal,428456,434151,53.802872,-1.56941,0.79180324,0.8573115,0.8916901,0.849689453,1.0070927,0.90738076,-3.7110205,0.7134905,0.9032155,0.891893016,0.90993136,1.2541885
1250,Annual,366155,88067,50.691258,-2.480502,0.9317782,0.9212855,0.9661669,0.971123655,1.0111741,0.92981184,0.88900405,0.89054734,0.95017177,0.949996783,1.0634438,0.9260277
1252,Annual,384085,85589,50.669745,-2.226562,0.87205327,0.828738,0.93910706,0.945814996,0.9993298,0.839931,0.60803235,0.7691011,0.8010154,0.848472398,1.0145442,0.8837775
1253,Annual,529927,236255,52.00952,-0.10839,0.9546646,0.90483975,0.98106265,0.976503393,1.0106783,0.9073566,0.85709405,0.90988946,0.9309711,0.8883338,0.98345053,0.9444932
1266,Annual,546105,250196,52.130752,0.133117,0.80437154,0.71916765,0.9166429,0.922734442,0.9891793,0.7320435,0.74623567,0.79632294,0.95576835,0.930137644,0.9239248,0.81631595
1270,Multiannual,512008,204631,51.729209,-0.379591,0.90667236,0.9104536,0.9533266,0.942418866,0.9981226,0.9236029,0.5661153,0.87191254,0.90640295,0.926023221,0.9858532,0.9137119
1282,Annual,503845,465217,54.072411,-0.414492,0.9456399,0.92202485,0.973639,0.978417665,1.0018612,0.92663985,0.8736828,0.88127196,0.9375833,0.911987075,1.0089394,0.89939916
1284,Annual,340881,365818,53.186143,-2.886164,0.81882936,0.9114509,0.9120662,0.910342739,1.0016038,0.9897078,-0.43434525,0.81189775,0.8207269,0.81367515,1.0166675,1.0544643
1286,Annual,445765,199015,51.688028,-1.339363,0.71962094,0.7945484,0.86950105,0.874704345,1.0192592,0.84249127,-0.4164784,0.078569114,0.22713928,0.483733523,1.0642632,0.5024152
1290,Annual,411329,127124,51.043356,-1.839771,0.8012531,0.8513956,0.89596856,0.916971879,0.99837786,0.8938969,0.5075649,0.47495383,0.7512857,0.917419367,0.9942389,0.5376354
1298,Annual,531477,110750,50.88129,-0.132412,0.87674785,0.8754114,0.9376441,0.93492382,0.9956438,0.89222676,0.82988065,0.7834281,0.91993356,0.919579193,1.0087236,0.79896116
1302,Annual,474955,409795,53.57939,-0.869372,0.7791127,0.85916513,0.8834938,0.906724175,1.0006771,0.92088073,0.61282855,0.8446139,0.846967,0.84877768,0.98052055,0.9813962
1304,Multiannual,615432,155355,51.256636,1.086079,0.7282138,0.7718854,0.8901525,0.879935613,0.9959331,0.8001181,0.6446235,0.5106045,0.8766341,0.847785635,1.0006702,0.52640975
1309,Annual,511805,115445,50.927631,-0.410489,0.773183,0.79176784,0.88088,0.907528058,0.99845415,0.82921207,0.7469977,0.7717487,0.8693334,0.880777665,1.012047,0.8132393
1315,Annual,435323,182350,51.538946,-1.492082,0.86385536,0.8721015,0.9307438,0.928207117,0.9961146,0.89254546,0.78771865,0.7729568,0.89342403,0.879958392,1.0046365,0.7995789
1320,Annual,548197,234466,51.988875,0.156837,0.89529085,0.8900249,0.9475416,0.945369418,0.9978567,0.9033669,0.75152695,0.7179233,0.87725604,0.899123403,0.9974767,0.74604213
1322,Annual,457055,131715,51.081923,-1.186851,0.582703,0.7802652,0.8691921,0.883461863,0.9975129,1.1765453,0.636169,0.7471515,0.8561219,0.852314879,0.99771816,0.79209465
1326,Multiannual,568642,158394,51.299688,0.417672,0.69412553,0.70990586,0.8382038,0.88139361,0.9939063,0.7592951,0.5033295,0.6400461,0.7204104,0.838863519,0.9906921,0.77348524
1330,Multiannual,337656,106710,50.856524,-2.88709,0.89089555,0.88628083,0.94525373,0.936169484,1.005257,0.90046626,0.44962025,0.72651315,0.7532192,0.759752206,0.9603239,0.8890064
1338,Annual,604500,329590,52.825013,1.03382,0.8459122,0.87170213,0.9215196,0.918717073,1.0590463,0.91744924,0.83669347,0.85311943,0.9315709,0.927724346,1.1296535,0.99094504
1359,Annual,587801,297801,52.545651,0.76818,0.9189924,0.91741264,0.9646791,0.970681884,0.99552596,0.9254817,0.809473,0.7105684,0.95808995,0.882278155,0.9899924,0.71379423
1362,Annual,545393,248320,52.114085,0.121922,0.80408823,0.8120105,0.9006102,0.927460367,1.0040048,0.8404849,0.7236338,0.6502021,0.87562466,0.903062662,1.0035338,0.67308104
1374,Annual,480015,105855,50.84669,-0.864813,0.8077345,0.87151074,0.9004283,0.911693946,1.0037781,0.91888094,0.68923104,0.83083975,0.9511834,0.950621317,1.0292428,0.84070086
1375,Annual,579730,116545,50.920369,0.555725,0.8783618,0.8628521,0.939398,0.948507219,1.001564,0.8769783,0.82418275,0.8131622,0.91184235,0.924737758,1.0038885,0.8353146
1378,Multiannual,625865,329195,52.812949,1.35009,0.84938884,0.78489393,0.9327947,0.912828574,1.0095592,0.7958873,-0.88641214,0.8368795,0.89369357,0.867743045,0.8861992,1.0485492
1390,Annual,432835,310105,52.687636,-1.515672,0.76827335,0.77161515,0.88104314,0.886986334,1.0101109,0.8053051,-0.013417125,0.7567375,0.81496286,0.868551693,1.1538664,0.96446055
1392,Annual,492272,444136,53.8852,-0.597668,0.87786937,0.85668516,0.939965,0.946774316,0.9971392,0.86989737,0.7003044,0.7063826,0.85261345,0.888175718,1.0135531,0.74641645
1394,Annual,532167,111856,50.891073,-0.12221,0.829992,0.8047657,0.91582763,0.941035259,0.9977099,0.82385755,0.766762,0.66070145,0.905806,0.936236119,1.000337,0.6740386
1396,Annual,429013,451669,53.960285,-1.559301,0.4830653,0.73740333,0.75782037,0.819741286,0.996575,0.8985417,0.5310685,0.75458395,0.8130178,0.864779271,1.0013378,1.1589526
1409,Annual,407385,165585,51.389256,-1.895248,0.8335955,0.834928,0.91506124,0.926016093,0.9967412,0.85849553,0.8255886,0.75131536,0.9236969,0.921428571,0.9938995,0.76338935
1411,Annual,543806,248739,52.118264,0.098939,0.86911935,0.8273309,0.93976533,0.95382136,0.98490405,0.838885,0.83868605,0.8814044,0.94501054,0.951057818,0.9542879,0.9053896
1412,Multiannual,574148,171668,51.417273,0.503066,0.7444006,0.74860334,0.8664514,0.842510981,1.0000896,0.78701204,0.5479437,0.5432137,0.82032204,0.813948912,1.0038764,0.5800565
1413,Annual,601620,280454,52.384974,0.961212,0.81206006,0.8923677,0.9026239,0.894434661,1.0000709,0.95414954,0.3437087,0.6980331,0.73975945,0.760367605,1.0057545,0.84694964
1414,Annual,568982,309796,52.659542,0.49707,0.7672569,0.8168099,0.8768565,0.896009817,1.0055293,0.86449015,0.23709244,0.3436759,0.5925682,0.810121595,0.9405164,0.48890203
1416,Annual,400092,197331,51.674743,-2.000061,0.74439496,0.7779286,0.86392003,0.904429913,1.0058398,0.82460546,0.6206964,0.6443292,0.82004344,0.838081726,1.0651816,0.70022005
1431,Annual,377065,266845,52.299237,-2.337735,0.74820286,0.7998725,0.8696743,0.873163152,0.9986898,0.84813136,0.59679747,0.8347482,0.86841273,0.861990064,1.003631,0.9001038
1432,Multiannual,523387,105358,50.834608,-0.249169,0.80443746,0.7903594,0.901515,0.906446463,1.0047437,0.81499445,0.46311128,0.8731736,0.90610754,0.865778629,0.93930566,0.94012415
1445,Multiannual,483465,129525,51.059005,-0.8104,0.6281874,0.6610209,0.7952815,0.838384124,1.0000348,0.72982067,0.21087569,0.21937466,0.5439944,0.700514189,1.014553,0.36657864
1457,Multiannual,379395,264685,52.279911,-2.303436,0.7765845,0.80031,0.8889384,0.907153088,0.99718267,0.83406913,0.62805146,0.54426014,0.8924138,0.879884051,1.0072159,0.55720055
1459,Annual,442275,448573,53.93155,-1.357618,0.4698221,0.51878214,0.68792963,0.826299208,0.9991357,0.63369244,0.85957444,0.8851085,0.94170785,0.881652119,0.9953936,0.9011037
1460,Annual,600337,285230,52.428324,0.945243,0.92451704,0.91513115,0.96667314,0.963702073,0.9966882,0.9220199,0.94404525,0.93184745,0.97305024,0.966853958,1.0012331,0.93741566
1467,Annual,504964,445759,53.897371,-0.404096,0.7498718,0.75724137,0.86922705,0.849368771,1.0010757,0.7954814,0.71150756,0.76073456,0.88201797,0.853984239,1.0131696,0.7922663
1474,Annual,591528,278307,52.369315,0.811893,0.9022609,0.9511208,0.965862,0.962504661,0.99603146,0.9652455,0.61206025,0.9092768,0.91344726,0.880950272,0.99023896,0.9746243
1476,Annual,447155,144755,51.200067,-1.326469,0.8998988,0.88279516,0.9504626,0.954848845,1.0008134,0.89378273,0.8945886,0.86727667,0.9702091,0.964841017,1.0086325,0.87095296
1492,Multiannual,553408,168375,51.393673,0.203631,0.8514892,0.83244747,0.92659116,0.920877858,1.0018928,0.849397,0.5940424,0.8965208,0.93303126,0.904170445,1.0192976,0.92351073
1495,Annual,552986,99263,50.772778,0.168333,0.8308767,0.8552633,0.9121653,0.920607881,0.9991281,0.88496715,0.6702361,0.7004817,0.8531641,0.825445673,1.009732,0.7391266
1503,Annual,469515,385155,53.3587,-0.956962,0.69430006,0.8472522,0.8556488,0.856485536,0.99935645,1.0499468,-0.7476702,0.71160877,0.8463466,0.763425002,1.0582724,1.2369984
1510,Annual,382358,163582,51.371014,-2.254819,0.89249647,0.84636766,0.94953424,0.950958952,0.98847806,0.8553512,0.60730004,0.76226634,0.7943448,0.853226949,1.0815902,0.91301566
1520,Annual,566057,312819,52.687595,0.455388,0.7535199,0.6795583,0.8897927,0.891515065,1.0144892,0.6994562,0.45947528,0.76164955,0.8577172,0.882584553,1.1437755,0.8739252
1523,Multiannual,569586,167144,51.378014,0.435364,0.6974856,0.6973965,0.84178305,0.707801651,0.99521554,0.7420985,0.3884613,0.540726,0.86004806,0.76976938,0.9240165,0.56921893
1525,Annual,387896,209181,51.781153,-2.176849,0.39448845,0.77108103,0.78175294,0.818142276,0.9974731,1.06904,0.5168584,0.5971669,0.81501067,0.791399415,0.9974363,0.6421668
1527,Annual,502901,453499,53.967323,-0.432875,0.71398246,0.861817,0.888301,0.878168661,1.0171983,1.0795165,-0.100840926,0.5447794,0.69552803,0.763179854,1.0790774,0.67095935
1530,Multiannual,533558,236982,52.015192,-0.055236,0.85521066,0.8015276,0.9352435,0.936325009,0.9957324,0.8124378,0.76978356,0.80404687,0.88591456,0.842103023,0.99458253,0.84077466
1531,Multiannual,496755,138955,51.141693,-0.618294,0.7389896,0.77494586,0.8604971,0.853614267,0.9988141,0.82340276,0.66135633,0.6080346,0.8382493,0.829804339,0.9949087,0.64300287
1532,Annual,406590,171730,51.444518,-1.906561,0.94715804,0.9297533,0.97409105,0.976085661,1.0038017,0.9348168,0.9413764,0.9100644,0.9720577,0.97157022,1.0042585,0.9146216
1534,Multiannual,452305,81855,50.63405,-1.261766,0.6740036,0.69557613,0.8267415,0.81402145,1.0031027,0.74970984,0.52239966,0.70299166,0.8730621,0.857410063,0.97788525,0.73239774
1539,Annual,418960,200040,51.698783,-1.727056,0.395213,0.6896024,0.8294735,0.829403305,1.067243,1.2505,-0.47532415,0.5387057,0.6000363,0.644538063,1.1114239,1.2010237
1548,Annual,381085,196695,51.668702,-2.274895,0.44602835,0.6257805,0.6801604,0.723375524,0.99875313,0.80573124,0.54033434,0.66819847,0.74226487,0.75384183,1.0035231,0.79107094
1550,Annual,402463,115033,50.934736,-1.966314,0.9072693,0.9036646,0.9532645,0.965315855,0.99898964,0.9157668,0.9423932,0.9171478,0.9726282,0.970592159,0.99493355,0.9219644
1562,Multiannual,500079,191108,51.609914,-0.556121,0.95144504,0.95405614,0.97685754,0.972897873,1.0189909,0.96514916,-0.12008119,0.526807,0.6416169,0.614804724,0.9503941,1.3049811
1584,Annual,455355,137395,51.133159,-1.210249,0.908852,0.94900787,0.96071374,0.966384059,0.99764514,0.9675783,0.7033909,0.82419413,0.9397638,0.942551094,0.9927202,0.8349972
1591,Annual,426035,105775,50.850909,-1.631527,0.6097361,0.8091042,0.810827,0.832339532,1.0238937,0.9908437,0.45013905,0.571539,0.7983969,0.850050362,1.0839255,0.6313674
1597,Annual,477825,116540,50.943054,-0.89364,0.60146195,0.7582453,0.7868639,0.84790169,0.99857086,0.8859126,-0.4094261,0.52836764,0.73343796,0.818773842,0.99451894,1.3890446
1600,Multiannual,596989,163608,51.33742,0.826676,0.09130323,0.53238916,0.53513974,0.526782916,0.97120136,0.958348,-0.60803056,0.4723366,0.49897,0.490388979,1.16079,0.9607031
1602,Annual,496929,483556,54.238522,-0.514255,0.86166,0.8335229,0.9326601,0.952715298,0.99784535,0.8477662,0.79965365,0.73966366,0.9215281,0.937507169,1.0098797,0.7519692
1605,Annual,429938,172448,51.450226,-1.57056,0.85587895,0.85857326,0.9332214,0.943866986,0.99832493,0.87534404,0.8241019,0.7966311,0.93370235,0.935486631,1.0021586,0.8077541
1614,Multiannual,552369,169622,51.405157,0.189244,0.8229809,0.79264003,0.91970086,0.913474991,0.99761146,0.808835,0.42169863,0.49594265,0.74090576,0.717902411,1.007025,0.56768775
1630,Annual,422455,321655,52.791991,-1.668443,0.56337917,0.7635896,0.77218074,0.739316314,1.0076573,0.9373175,0.505314,0.6572783,0.7234633,0.738885829,1.0120382,0.79791266
1641,Decadal,412762,203418,51.729329,-1.816613,0.7492319,0.7579973,0.8693204,0.870024129,1.0029075,0.79633486,-1.411871,0.10883784,0.38227725,0.336487616,0.9086875,0.3641932
1647,Annual,445410,164780,51.380257,-1.348902,0.8920941,0.90464306,0.95130897,0.959824502,0.99662864,0.9180813,0.7479672,0.6399534,0.9465083,0.940781788,0.9928264,0.6440218
1650,Annual,414445,171495,51.442261,-1.793548,0.88075817,0.8494469,0.9425008,0.956149877,0.9985827,0.8608669,0.75629306,0.71207213,0.89175546,0.888895064,1.0052811,0.73324627
1653,Annual,465665,148295,51.23007,-1.060931,0.84421396,0.8454983,0.92106897,0.93709715,0.99812084,0.86719555,0.87539303,0.8293001,0.94222456,0.954146942,1.001884,0.8393864
1654,Multiannual,346163,361198,53.145181,-2.806349,0.89800894,0.9092891,0.9479301,0.926084468,0.9988339,0.92573345,-2.2447722,0.03520322,0.37494856,0.410025195,1.0255061,1.7345161
1655,Annual,535222,156951,51.295633,-0.06193,0.98343045,0.9493863,0.99296093,0.992908023,1.0121555,0.9513746,0.70126426,0.8605673,0.89032763,0.877932935,1.085881,1.0061575
1656,Annual,521616,107233,50.851836,-0.273684,0.8821681,0.881263,0.94189227,0.935739121,0.99732846,0.89648813,0.8568231,0.9336839,0.94304526,0.920608144,0.9930798,0.96674275
1659,Annual,416320,129765,51.066985,-1.768461,0.8841989,0.89882994,0.94162405,0.952781843,1.0028381,0.9174209,0.43278533,0.8223058,0.83122873,0.776174236,1.0258204,0.9507599
1661,Multiannual,380635,264765,52.280676,-2.285265,0.85505724,0.8572066,0.92613995,0.920121518,0.99886215,0.8777987,0.69401836,0.85355735,0.8541154,0.900522718,1.0046382,1.0119021
1662,Annual,430805,276665,52.387144,-1.548793,0.7934364,0.7772827,0.8958722,0.90467971,1.0019642,0.80313396,0.44101232,0.68867993,0.7060374,0.579529781,0.9907645,0.89791834
1663,Multiannual,435299,490365,54.307657,-1.458992,0.7726252,0.8499497,0.88064593,0.889497783,0.9988655,0.90907186,0.6489935,0.8588535,0.8590528,0.874466215,1.0054005,0.99480313
1664,Annual,637732,320410,52.729029,1.519457,0.4305336,0.5769822,0.6751834,0.712902826,1.0997537,0.7480347,-0.6614362,-1.6949787,0.7502898,0.809669861,3.6687667,0.71995044
1676,Annual,636748,321307,52.737509,1.50556,0.44397646,0.7329237,0.7602521,0.769035576,1.0197794,1.1160252,0.2447555,0.6947204,0.7460511,0.766843202,0.88007474,0.88032746
1682,Annual,495485,451916,53.954521,-0.546377,0.82269967,0.8194509,0.9114838,0.931993003,0.9945892,0.84273124,0.75045025,0.6868799,0.89107317,0.936736959,1.0100235,0.7066086
1684,Multiannual,439488,465767,54.086294,-1.397836,0.8827768,0.93790245,0.94123244,0.944990559,1.0036043,0.9802666,0.22963232,0.65522516,0.7163005,0.627597014,0.96429986,0.8073632
1688,Multiannual,593620,163880,51.341019,0.778518,0.61340606,0.6181314,0.80763775,0.811622133,1.1961895,0.7348009,-0.056328893,-0.19102263,0.81089747,0.785508875,2.166256,0.84945226
1689,Annual,506716,225249,51.915548,-0.449837,0.9289287,0.9156301,0.9660605,0.96674525,1.0094743,0.92334175,0.8288151,0.94513535,0.9569845,0.933625314,1.0325494,1.0100187
1696,Annual,460435,228545,51.952115,-1.122029,0.87544686,0.8533667,0.9385974,0.938285466,1.0014876,0.86685103,0.8277279,0.76030463,0.9521001,0.941878864,1.0162277,0.76570135
1700,Multiannual,540123,130835,51.05976,-0.001855,0.8594144,0.89256716,0.92814666,0.929084528,1.0092891,0.9206752,0.6604839,0.6768843,0.8260671,0.79935528,1.0164934,0.7281943
1701,Multiannual,540122,130853,51.059922,-0.001862,0.8870764,0.9036209,0.94203997,0.943289051,1.0000789,0.9229976,0.75188696,0.75417125,0.87687576,0.874920114,1.0111675,0.7875219
1703,Annual,473005,149645,51.241317,-0.955552,0.9330882,0.92438924,0.9688299,0.971093279,0.996569,0.9311993,0.8907368,0.9039098,0.9498357,0.92471315,0.9958117,0.91815156
1707,Multiannual,565833,233458,51.97484,0.412956,0.89422834,0.90034395,0.94622475,0.936580015,0.99531144,0.91622937,-2.7438493,-0.27443016,-0.26337028,-0.32146251,1.1578549,1.0561234
1715,Annual,455455,152955,51.27305,-1.20642,0.93726516,0.9343858,0.9684787,0.974162815,0.99976104,0.94245404,0.8789202,0.9101299,0.973956,0.970319544,1.0167499,0.91563344
1717,Annual,375635,260005,52.237683,-2.358208,0.77497053,0.7566265,0.88751066,0.907243608,1.0016385,0.7841913,0.7838521,0.761145,0.9252189,0.934372362,1.0068711,0.77325916
1718,Annual,438304,479298,54.207985,-1.414222,0.7828717,0.75446326,0.8919149,0.893663741,0.99912775,0.7795361,0.65285504,0.72874826,0.92654425,0.923001216,0.90926194,0.75515854
1720,Annual,640904,309543,52.630126,1.558395,0.740615,0.7127896,0.86972225,0.88258412,1.0021195,0.7440478,0.7536024,0.7373626,0.89953446,0.928986426,0.8597535,0.80197465
1727,Multiannual,606321,156838,51.27332,0.956551,0.799744,0.7870934,0.91500556,0.88216185,0.99403936,0.80488604,0.49478596,0.4845302,0.79969543,0.740556735,0.9891265,0.52516454
1731,Annual,597150,285332,52.430398,0.898493,0.9377442,0.8167786,0.9823843,0.985282238,1.0036938,0.8176661,0.85253954,0.7784489,0.9353316,0.958028912,1.0065619,0.7881999
1737,Multiannual,445945,175525,51.476821,-1.339826,0.9589998,0.9132252,0.98157084,0.982003115,0.9952408,0.9153387,0.82554615,0.8271889,0.9122884,0.902056932,1.0171973,0.85209966
1741,Annual,625875,329165,52.812675,1.350218,0.79042387,0.87522376,0.8937093,0.909656563,0.9822623,0.93710065,0.7608403,0.8567835,0.88954985,0.886453849,0.9636726,0.9163851
1745,Annual,556213,118826,50.947706,0.222406,0.79452074,0.7834716,0.89543355,0.914190062,0.9994431,0.81039566,0.756677,0.61100537,0.92917,0.919415348,1.0097331,0.61763257
1753,Annual,463255,128155,51.049266,-1.098973,0.94215083,0.9281474,0.9713599,0.974980267,1.0001296,0.9341024,0.928055,0.90436995,0.9743657,0.976437899,1.0125813,0.9087332
1778,Decadal,444510,462273,54.054485,-1.321583,0.8311231,0.90749854,0.9142178,0.905824432,1.0042384,0.9656517,-2.2084262,0.67655146,0.90298915,0.845612488,1.0860866,1.2963121
1780,Annual,491819,459686,54.024997,-0.599884,0.8623712,0.8391973,0.93236995,0.958806821,0.9969082,0.8541436,0.7758357,0.7525437,0.8996652,0.917655574,0.984554,0.7743256
1782,Annual,443505,135305,51.115387,-1.379846,0.93830955,0.9126528,0.9705683,0.973896062,0.9976733,0.91779375,0.7724123,0.84947413,0.8957243,0.907639541,0.9907359,0.8918393
1788,Annual,424905,125805,51.031071,-1.646215,0.87736267,0.7908123,0.94890183,0.953026377,0.999906,0.7971496,0.8480493,0.72227037,0.9484062,0.947327475,0.9992834,0.72710615
1789,Multiannual,571354,156528,51.282116,0.455641,0.7928723,0.79734516,0.8936436,0.88442422,1.0103712,0.8278114,0.53703994,0.83206296,0.8637177,0.847625277,0.9361512,0.9254849
1791,Annual,519850,105990,50.841032,-0.299166,0.82296157,0.8369658,0.9082067,0.921199565,0.9997884,0.8652653,0.83093584,0.9143476,0.94312394,0.937678332,1.0064653,0.9362882
1795,Multiannual,377465,338825,52.946322,-2.336804,0.8367125,0.8702923,0.9162893,0.918856601,1.0032326,0.9009756,0.25721145,0.6275923,0.6276095,0.74499777,0.9991447,0.9965361
1797,Multiannual,335005,324295,52.812254,-2.965719,0.48868078,0.6279825,0.72757775,0.726649837,1.0403209,0.74988824,0.3445086,0.69245183,0.7472342,0.760771499,0.9803066,1.1740986
1805,Annual,404186,192900,51.634888,-1.940907,0.75268507,0.7786047,0.87344754,0.896699938,1.0387596,0.822525,0.6983299,0.6658802,0.9306933,0.960845215,1.1843691,0.7301107
1809,Annual,365225,324185,52.814068,-2.517383,0.87857664,0.876293,0.9385727,0.940586823,1.0023695,0.89265084,0.89032716,0.8540101,0.95809275,0.958850474,1.020946,0.8617347
1810,Annual,498238,455196,53.983476,-0.503383,0.79362607,0.7582706,0.8999512,0.919145879,1.0310718,0.78215283,0.79039925,0.7951008,0.8956543,0.903308805,1.0459032,0.82974106
1812,Multiannual,454645,169905,51.425522,-1.215433,0.8316921,0.86571395,0.9165333,0.9383445,0.9979241,0.8948263,-9.681627,0.78459704,0.7881466,0.798279846,0.96165156,0.99322253
1816,Annual,405026,195364,51.657035,-1.928735,0.19131088,0.46742845,0.88004005,0.883183426,1.3011348,1.4225789,-2.6789985,-0.18185472,0.77472574,0.762159958,1.9997314,1.5887356
1820,Annual,467365,386475,53.370841,-0.98898,0.81186116,0.8859367,0.9019375,0.896702858,0.99956167,0.9417459,0.71237373,0.8441559,0.9364565,0.917079092,0.984408,1.1414506
1821,Annual,425007,135427,51.117586,-1.644098,0.89749056,0.8997689,0.94977885,0.973005577,0.99510175,0.913397,0.8400628,0.86892843,0.91926664,0.941972411,0.99572855,0.8968323
1855,Annual,550746,249846,52.126362,0.200711,0.8866962,0.84826076,0.9457714,0.953127954,0.9992022,0.8582851,0.6950332,0.86105216,0.93861425,0.937638802,0.97779995,0.87734157
1857,Annual,599915,288303,52.456068,0.940883,0.87427354,0.8226564,0.9423973,0.953571604,0.9941046,0.8323774,0.86793023,0.94914067,0.96508193,0.936557404,1.0301595,0.9786056
1861,Annual,551254,116146,50.924945,0.150755,0.7429708,0.7195157,0.8702886,0.876172382,1.0076313,0.75142825,0.54398173,0.45432657,0.8402404,0.834004835,1.1430278,0.4982239
1867,Annual,449015,356045,53.099352,-1.269416,0.71102434,0.72158784,0.84697664,0.889232218,0.99970543,0.7674133,0.66262734,0.7279815,0.83640516,0.898241938,0.9876091,0.7830283
1871,Annual,479680,112375,50.905356,-0.868151,0.9603602,0.91879165,0.9819282,0.981647481,1.0030984,0.9208888,0.8934998,0.8390064,0.9567605,0.944950204,1.0280095,0.84747225
1873,Annual,421825,360715,53.143128,-1.675166,0.83418596,0.8826013,0.9134231,0.921714193,1.0004661,0.9207121,0.85879904,0.82673633,0.931184,0.921678206,0.99934626,0.8409904
1878,Annual,438255,131155,51.078445,-1.455284,0.9482239,0.9477626,0.9748961,0.976655387,0.99691707,0.9542944,0.8576962,0.86907494,0.9510782,0.934959866,0.98730713,0.8792241
1880,Annual,439900,165520,51.387323,-1.427986,0.96191853,0.9276179,0.98224103,0.979761075,1.0034511,0.9299154,0.8653507,0.7521322,0.96207416,0.973949338,1.0259182,0.75642616
1882,Annual,374483,95227,50.756071,-2.363102,0.66695595,0.738306,0.8969543,0.893722699,1.0867527,1.2243708,0.6018603,0.70477724,0.88551486,0.892927519,1.0920026,1.2561033
1885,Multiannual,383645,268355,52.313049,-2.241321,0.7240144,0.75210756,0.86025286,0.824510104,0.9965271,0.79528284,-0.642298,0.007812619,0.092669845,0.174420495,1.0147831,0.5987909
1886,Annual,490093,101370,50.80489,-0.722799,0.86304045,0.80693257,0.9365944,0.935005156,1.0058374,0.8177356,0.59719366,0.6418782,0.8722265,0.882136811,1.3336489,0.97541153
1892,Decadal,470355,376585,53.28157,-0.946242,0.9290347,0.92179894,0.96456146,0.962083626,0.9989509,0.9302987,-8.772838,0.6526984,0.69393504,0.708965438,1.0453895,1.1577485
1893,Annual,419100,199350,51.692575,-1.725068,0.49121028,0.7829642,0.81563467,0.803023101,1.0453538,1.1051614,-0.64315236,0.63363314,0.66683376,0.697973864,1.1269547,1.0843177
1898,Annual,432905,146255,51.21455,-1.530276,0.9427102,0.9325707,0.97152823,0.976841239,1.0008688,0.9388833,0.80830944,0.91921043,0.92617774,0.926560894,1.0134251,0.9700508
1903,Annual,510555,106575,50.848139,-0.430949,0.8485734,0.8095513,0.9275954,0.934752054,0.9980226,0.8238629,0.6530703,0.5651655,0.9018993,0.93833742,1.0168898,0.57671297
1907,Annual,413185,174495,51.469266,-1.811566,0.8408586,0.78671205,0.9316429,0.927017086,0.99525756,0.7980185,0.85714406,0.7100041,0.9577032,0.9458642,1.0006388,0.71310604
1911,Multiannual,591032,287808,52.4548,0.810037,0.9295147,0.8820262,0.9681861,0.958714328,0.98541176,0.88733774,0.709412,0.7000115,0.9450186,0.940415809,0.89516,0.7243581
1921,Annual,392285,201345,51.710778,-2.113052,0.83656377,0.8425446,0.91960025,0.948503633,0.99818975,0.8646313,0.78548634,0.69747907,0.9123089,0.929018564,0.9981645,0.7104734
1922,Annual,442635,168294,51.412066,-1.388352,0.7156379,0.75391114,0.8469273,0.871776076,1.00037,0.8073138,0.7994574,0.73657787,0.9207915,0.935906128,1.0047882,0.74881536
1928,Annual,504530,459412,54.02012,-0.406026,0.8995505,0.88657796,0.95033467,0.949134744,0.9970156,0.8980741,0.813292,0.74500656,0.92306113,0.919678217,1.0092692,0.7570682
1937,Multiannual,308909,111826,50.898699,-3.296684,0.8795909,0.9286843,0.9383924,0.937851774,1.0009176,0.96409166,0.20684737,0.6671411,0.68448675,0.642358481,1.008082,1.1057459
1948,Annual,548880,102726,50.804966,0.111545,-1.179935,0.631196,0.6657504,0.577179751,0.9953197,0.84420836,-0.51597404,0.08823049,0.2757553,0.325677159,0.996762,0.44612125
1952,Multiannual,545340,226750,51.920304,0.112,0.9188845,0.89356583,0.9604728,0.952280767,0.99944496,0.90117973,0.8548881,0.8083109,0.9317217,0.915482369,0.99855745,0.8208896
1954,Annual,429571,178713,51.506575,-1.575319,0.92833316,0.9147246,0.9644121,0.972079993,0.9997893,0.922506,0.9114629,0.9183955,0.95591724,0.959838156,0.9940414,0.9315861
1955,Annual,359615,323015,52.803158,-2.600468,0.9284566,0.8727075,0.96801984,0.960254724,0.9975723,0.8768161,0.75222516,0.72435737,0.88399374,0.883541282,0.9838872,0.7504787
1956,Multiannual,451475,79785,50.61551,-1.273788,0.66887367,0.82366157,0.8299098,0.811951312,1.0030047,0.95357645,0.28915006,0.73603666,0.8554553,0.837440939,1.0410371,0.78297865
1962,Annual,553810,163780,51.352279,0.207418,0.8132913,0.7996014,0.90669465,0.915646234,1.0033573,0.8226803,0.7816218,0.8277237,0.9440776,0.926287369,1.0223019,0.8385867
1963,Annual,601285,277705,52.360416,0.954648,0.84651196,0.92197835,0.9225638,0.923713829,1.00006,0.9904634,0.63945794,0.86208034,0.8637401,0.880262749,1.0109693,0.98170775
1964,Multiannual,582923,165092,51.355446,0.625737,0.88677037,0.8730463,0.94379365,0.933682196,1.0013144,0.8861746,0.46284014,0.4786175,0.7883436,0.757825417,1.0166898,0.52380425
1970,Multiannual,440478,465078,54.080025,-1.382795,0.8594183,0.8443922,0.9299034,0.935097935,0.9991373,0.86107856,0.13181823,0.49181134,0.6128768,0.519792979,0.99061716,0.6709072
1972,Annual,436550,173140,51.456061,-1.475342,0.9186034,0.90073174,0.9632397,0.96204474,0.9974628,0.9078244,0.60356677,0.67428744,0.78908753,0.856152064,1.003408,0.75182116
1984,Annual,571064,325816,52.802761,0.53616,-0.04681599,0.53165424,0.6720046,0.69976269,1.0136453,1.3340496,-0.1921891,0.4659928,0.46766055,0.516883685,1.0253276,0.96629006
1985,Annual,413570,208800,51.777699,-1.804706,0.5522289,0.6270397,0.7432538,0.801220311,0.9998333,0.7294823,0.5292665,0.47859675,0.817914,0.888222474,1.0175482,0.5117406
1990,Annual,417440,200130,51.699641,-1.749045,0.7376033,0.8067706,0.9184068,0.920239663,1.0376093,1.171079,0.5556355,0.70817256,0.91655004,0.917850754,1.0630134,1.2724577
1991,Annual,453175,82465,50.639456,-1.249378,0.79195917,0.75012445,0.90228707,0.912546156,0.98335814,0.77062535,0.3882177,0.5882331,0.8908155,0.860474432,0.88187283,0.6209537
2006,Annual,544166,240235,52.041767,0.100602,0.88240016,0.8933546,0.93977475,0.958196369,1.0001386,0.9119882,0.73855966,0.8230464,0.86189073,0.799474751,0.9972664,0.8894069
2013,Annual,451095,132965,51.093722,-1.271752,0.73857975,0.8586939,0.8820356,0.902211323,0.9991915,1.0777935,0.3478915,0.82596165,0.85960823,0.876284693,0.9889226,1.102264
2014,Annual,426105,329695,52.8641,-1.613677,0.78013945,0.74831927,0.891431,0.8928658,1.0042846,0.77298284,0.78017116,0.6810286,0.9247068,0.927195908,0.97084725,0.69141793
2028,Annual,483527,114384,50.922874,-0.812992,0.9443903,0.90220624,0.9742234,0.977133376,1.0018365,0.90568244,0.835673,0.7724558,0.95140904,0.958682147,1.0716784,0.7895779
2031,Multiannual,352335,320515,52.780091,-2.708079,0.8396911,0.83026814,0.91888595,0.904340317,0.9997693,0.85090685,0.17464918,0.37649816,0.5359106,0.56300309,0.99202734,0.58369446
2035,Annual,402110,203120,51.726789,-1.970844,0.88172066,0.86753595,0.94179296,0.914873683,1.0339122,0.885945,0.6146771,0.66844124,0.9235302,0.90860533,1.3215686,1.0260348
2043,Annual,451155,122655,51.001016,-1.272349,0.94477427,0.9356055,0.9727496,0.971982366,0.99775267,0.9416992,0.91668326,0.9169494,0.9596803,0.948904885,0.99607414,0.92749983
2048,Annual,453955,133055,51.09427,-1.230903,0.6423284,0.7669207,0.8706521,0.874168695,1.001872,1.1938925,0.5376587,0.77735335,0.7940089,0.766468505,0.99869174,1.0844915
2050,Annual,376645,311065,52.696745,-2.347012,0.9489065,0.92834294,0.9750972,0.974200537,1.0041952,0.93294156,-0.80677176,0.40176952,0.4300729,0.430754546,1.1818274,0.9986621
2053,Multiannual,452162,415252,53.631191,-1.212674,0.81552047,0.8303019,0.90609264,0.911723501,0.9975539,0.8586757,0.5901594,0.774613,0.8340701,0.840422772,0.9987059,1.1525316
2067,Multiannual,370295,225234,51.924819,-2.433364,0.7981521,0.83204997,0.89370906,0.883648552,0.99999744,0.8699649,0.55066705,0.53140235,0.76396286,0.74491946,1.0035046,0.5952073
2068,Annual,569264,329584,52.837168,0.511438,-0.5435858,0.31770736,0.4009009,0.411844515,0.9945693,0.67354715,-0.75695086,0.11773026,0.30291027,0.310109976,0.99488974,0.4592263
2082,Annual,623562,300292,52.554513,1.296371,0.7375932,0.85271525,0.86290514,0.852283016,0.99668485,0.9462759,0.7310315,0.857648,0.8616347,0.873863648,0.9937889,0.96713334
2090,Multiannual,467845,407095,53.556092,-0.977324,0.89971006,0.8957879,0.95531714,0.944866902,0.9797413,0.9080601,0.41455948,0.7289943,0.7341718,0.803449865,0.9873058,1.0511736
2100,Annual,564321,248478,52.110209,0.398177,0.74518335,0.80003107,0.86960024,0.895067154,0.99839306,0.84840727,0.6680578,0.61322975,0.9185548,0.906414258,1.0052803,0.6219403
2105,Annual,417775,377625,53.295277,-1.734776,0.7931761,0.7984038,0.8929291,0.891652341,1.0016824,0.8291961,0.7955,0.8425644,0.8937768,0.898517288,0.9901376,0.88421875
2108,Annual,374385,229315,51.961713,-2.374195,0.62067956,0.7154708,0.7885102,0.850226054,0.9988058,0.80966693,-0.91901183,-0.005746245,0.20533034,0.240868981,1.0648469,0.38695878
2112,Annual,346783,357478,53.111807,-2.796462,0.9252629,0.9311216,0.9629535,0.961255002,1.0068966,0.9423465,0.6594372,0.748224,0.88388216,0.889407812,1.0059847,1.2233273
2117,Annual,451255,130855,51.074736,-1.269766,0.8614291,0.8513388,0.9303019,0.955947634,0.9987145,0.8686969,0.8580992,0.8252624,0.9310546,0.943571132,0.99858505,0.8394462
2125,Annual,414675,214053,51.824901,-1.788469,0.8341744,0.9003879,0.9427208,0.94287203,0.9957038,0.9186177,0.8639917,0.86942506,0.95481086,0.95601611,0.9964573,0.8775459
2134,Annual,444562,460685,54.040209,-1.321021,0.60854036,0.67025954,0.78559816,0.806551417,1.013132,0.74982524,-0.21001148,0.71665937,0.75767964,0.755849965,1.0935249,0.88679564
2137,Annual,494648,432706,53.782073,-0.565047,0.57603157,0.75821275,0.7731942,0.801736293,0.9997894,0.91621554,0.018446207,0.48395944,0.51209235,0.580326557,1.002009,0.83195436
2150,Multiannual,551040,168725,51.397453,0.16977,0.775182,0.79408294,0.88190734,0.896562561,1.0001554,0.83131164,0.21458209,0.28722847,0.50492334,0.700797349,1.0064652,0.487262
2158,Annual,308856,113414,50.912966,-3.297835,0.8901583,0.8827001,0.95584273,0.956218612,1.0002971,1.1086752,0.82351595,0.85234094,0.9435875,0.950086091,1.00408,1.1364024
2161,Multiannual,555672,242211,52.05641,0.269127,0.43409812,0.49698257,0.6652676,0.662628551,0.99942684,0.62452817,0.14845735,0.22975725,0.4259479,0.465493797,1.0008605,0.4864483
2166,Annual,397640,142283,51.179771,-2.035136,0.8902344,0.88713413,0.94449437,0.927932043,1.0023038,0.90175307,0.8257344,0.7204633,0.93168366,0.939003546,0.964445,0.731282
2176,Annual,551132,241854,52.054458,0.202806,0.86767274,0.87012595,0.933423,0.930304818,1.0028361,0.88852686,0.78766775,0.7426579,0.89869857,0.856399283,0.9972415,0.76345295
2181,Multiannual,547809,167934,51.391196,0.123031,0.88678247,0.9269511,0.9426087,0.947593804,0.99889565,0.9548235,0.7865989,0.8399854,0.9067558,0.886984492,1.0034469,0.87000996
2187,Multiannual,611192,315762,52.698314,1.124083,0.84239024,0.8514913,0.9191942,0.909782036,0.9990956,0.8754045,-0.58570504,0.5148132,0.5568697,0.86612183,0.97762597,0.8036831
2193,Decadal,454192,435973,53.817208,-1.178359,0.8077129,0.8240307,0.8999711,0.88134083,1.0023775,0.8552473,-0.11141431,0.6765034,0.7906407,0.86469524,1.1062241,0.7774369
2203,Annual,540772,104189,50.820139,-0.002887,0.66306925,0.7912286,0.8181449,0.818926451,0.99999213,0.8974627,0.6133393,0.61214817,0.8240788,0.886683917,1.0022104,0.65434813
2212,Multiannual,370175,334735,52.9092,-2.444913,0.8371736,0.8534914,0.9177029,0.920842421,1.0061169,0.8789457,-0.2774564,0.6324271,0.67763424,0.658212679,0.94477797,0.83225054
2215,Annual,517205,109505,50.873168,-0.335591,0.80504054,0.7928464,0.901124,0.913899931,0.99859565,0.81797224,0.9142275,0.87323725,0.9600393,0.945849418,1.0049222,0.87980163
2216,Multiannual,550927,167228,51.384032,0.167511,0.8418027,0.8538742,0.92062795,0.908206181,0.9984572,0.8773208,0.6497886,0.5922439,0.87387586,0.863840313,1.0048922,0.6122718
2219,Annual,396985,201645,51.713522,-2.045031,0.878572,0.8630089,0.9394972,0.944475269,1.0006812,0.8770959,0.890657,0.8227986,0.95619226,0.960196724,0.9960186,0.82834554
2220,Annual,451945,157315,51.31258,-1.256099,0.7946999,0.79673576,0.8943484,0.880122476,1.0026797,0.826372,0.35588634,0.56880975,0.82678235,0.852387415,1.0657899,0.6106518
2222,Annual,600134,281844,52.397998,0.940238,0.8020152,0.78692305,0.8999203,0.931745718,0.99943256,0.81189054,0.20237792,0.54404616,0.6309267,0.707680347,0.98076046,0.73296434
2227,Annual,499018,485246,54.253306,-0.481657,0.7030458,0.6674024,0.8517009,0.859361296,1.0019462,0.7023015,0.35977048,0.53936136,0.7617455,0.749638336,1.2105745,0.666712
2235,Multiannual,592832,163193,51.335117,0.766847,0.8564553,0.8568019,0.9269508,0.919819398,0.9974589,0.8768628,0.06470245,0.79287887,0.9153966,0.869480393,1.0782485,1.1721033
2239,Multiannual,619194,156126,51.262125,1.14038,0.9073566,0.89661425,0.9536835,0.955488085,1.0002534,0.9075712,0.79700226,0.8921604,0.9375586,0.915364694,1.0124243,0.9129607
2243,Annual,545079,111760,50.887115,0.061214,0.830979,0.77213407,0.9220731,0.921674602,1.0151547,0.7864111,0.72874963,0.7109422,0.8844091,0.889161666,1.1135968,0.76064956
2248,Annual,499650,454124,53.973575,-0.482209,0.7294712,0.71895444,0.86113816,0.904056222,0.99493736,0.7557094,0.42591125,0.6407153,0.76599705,0.822027387,1.0618275,0.73447233
2251,Annual,474505,148375,51.229706,-0.934331,0.90818006,0.9102015,0.95380044,0.961607745,0.9977823,0.9230299,0.7601813,0.8520819,0.8733535,0.87705443,1.0004737,0.92357916
2252,Decadal,462846,432104,53.781466,-1.047721,0.98635876,0.97752166,0.9932692,0.956281495,0.99846774,0.9786081,-0.26925457,0.24883997,0.7897819,0.84633829,1.0219796,1.7208129
2257,Annual,488115,109985,50.882645,-0.748793,0.9269569,0.8678132,0.9679452,0.964582743,0.99774826,0.8717786,0.8780943,0.78654885,0.95055604,0.929908386,0.99860036,0.79235935
2260,Annual,421855,124055,51.015458,-1.689813,0.8068141,0.8279131,0.89953285,0.92874185,1.0038123,0.8603373,0.59653544,0.8122184,0.83797455,0.887498789,1.037763,0.9129162
2278,Annual,452085,366355,53.191729,-1.221898,0.88508165,0.8636553,0.9435401,0.942913297,1.0020442,0.87591195,0.8360304,0.77389455,0.9594847,0.918342117,1.0154313,0.77809054
2288,Annual,504346,438565,53.832862,-0.415941,0.6674116,0.5244463,0.88964534,0.908465395,0.99968714,0.5374284,0.61883837,0.5632006,0.8761232,0.896347827,0.9031452,0.59248704
2289,Annual,528525,112885,50.901143,-0.173602,0.7798848,0.7986835,0.88449085,0.846499762,0.99993557,0.83511883,0.7357377,0.6636466,0.8834731,0.832574286,1.0022756,0.68448526
2291,Annual,432855,195865,51.660608,-1.526404,0.8893963,0.8890588,0.9445272,0.9336878,0.9982148,0.9039419,0.6170641,0.82249653,0.9122261,0.914667485,1.0125003,1.15378
2294,Multiannual,357765,326565,52.834927,-2.628368,0.82114136,0.82373506,0.9099539,0.910179884,0.9988762,0.8484771,0.3301903,0.65133816,0.6560139,0.649384296,0.9986559,0.9431109
2315,Annual,518294,107410,50.854115,-0.320797,0.75366473,0.7944036,0.8764198,0.906838154,0.9966298,0.83572537,-0.21121895,0.8428771,0.8616688,0.795999497,0.9845124,1.0728871
2330,Annual,543126,244026,52.076096,0.087037,0.91058826,0.8644105,0.95858574,0.953541375,0.9960278,0.8709517,0.6303501,0.7280805,0.7951713,0.863924341,1.0042741,0.8212068
2333,Annual,446589,435552,53.814159,-1.293893,0.71174455,0.84200704,0.8502899,0.856981825,1.0008534,0.9495269,0.61145127,0.8347954,0.8402438,0.853039058,0.9952614,1.0418146
2339,Annual,425695,160195,51.340262,-1.6325,0.9346362,0.9193629,0.967736,0.971684129,0.998817,0.9261088,0.9076947,0.9066206,0.97030675,0.965976862,0.9859877,0.9125839
2340,Annual,445495,178875,51.506977,-1.345874,0.9638906,0.9439744,0.9827781,0.983759464,0.9964724,0.9468039,0.91348934,0.954446,0.9572871,0.945946249,0.99621546,0.9846233
2342,Annual,503077,116282,50.936779,-0.534398,0.82864076,0.8634356,0.9106072,0.906908372,1.0066696,0.8969765,0.62739193,0.7002824,0.90212667,0.91100017,1.1698434,0.773275
2343,Annual,486207,434092,53.795991,-0.692726,0.8666407,0.7821024,0.94499683,0.955445203,1.0201845,0.79012907,0.9041151,0.81464636,0.96157014,0.961938787,0.9963025,0.8187139
2344,Multiannual,295544,79377,50.60473,-3.477457,0.97619104,0.9672531,0.98820686,0.987067529,0.99957794,0.9694538,0.5906733,0.8396875,0.85013694,0.812222692,1.0181029,1.0539776
2353,Annual,451705,146905,51.219005,-1.261044,0.95719165,0.9488983,0.98234725,0.980492626,0.9949648,0.95230985,0.8830836,0.8863769,0.9442034,0.929812635,0.99665505,0.90107787
2355,Multiannual,444065,460750,54.040836,-1.328601,0.866596,0.89056766,0.9312043,0.930645205,0.9987509,0.9149072,-0.87344944,0.66187906,0.69204915,0.574065546,1.0412629,1.1333807
2369,Multiannual,478541,185540,51.563273,-0.868327,0.8616604,0.8717851,0.92911386,0.924303813,1.0017093,0.89317805,0.27254772,0.6920999,0.7429643,0.683831152,0.97199863,0.8328171
2370,Multiannual,486565,194065,51.638732,-0.750497,0.7394348,0.8370326,0.8623353,0.873844431,1.0066826,0.91304153,0.14909124,0.66864854,0.70119154,0.668021057,1.0387231,1.1378735
2373,Decadal,436244,104992,50.84332,-1.486587,0.8256358,0.88479996,0.90887946,0.898838,0.99998903,0.92951816,0.20159239,0.46404666,0.74897957,0.761403724,1.014086,0.5266772
2381,Annual,425435,318985,52.767858,-1.624459,0.8186792,0.844692,0.9052536,0.898635238,0.9998129,0.87694234,0.7616467,0.8570615,0.87679696,0.857545773,0.9946287,0.92772835
2392,Annual,571054,271742,52.317121,0.508146,0.8701396,0.8289024,0.93795073,0.930636268,0.9997416,0.84055173,0.7156098,0.8273392,0.8516264,0.841712443,0.9985137,0.9117134
2394,Annual,636652,321368,52.738098,1.504184,0.67888105,0.7384792,0.8946538,0.892903278,0.96327025,1.2365376,0.4022044,0.7033962,0.844032,0.851264354,0.7907346,1.1409146
2397,Annual,438155,153555,51.279862,-1.45434,0.89945155,0.86946917,0.9518128,0.926658417,1.0539087,0.8913256,0.8375491,0.8387754,0.9199952,0.944329439,1.059361,0.873237
2404,Annual,416055,195785,51.660616,-1.769283,0.8539625,0.7936063,0.9338247,0.926689109,1.0135622,0.8049757,0.85073656,0.76491594,0.9366646,0.928792614,0.9985108,0.7736153
2424,Annual,498163,462247,54.04684,-0.502253,0.8905785,0.8661899,0.94625974,0.959965992,0.9983392,0.8774671,0.8203235,0.793688,0.91228247,0.883635301,0.9914742,0.8134591
2431,Annual,639783,303318,52.574768,1.537357,0.6005783,0.79719687,0.8170565,0.819453253,1.0874292,1.0041987,0.45587128,0.5518993,0.713401,0.754572024,0.8734295,0.6796375
2444,Multiannual,506708,198436,51.674562,-0.458194,0.92701775,0.91400623,0.9652462,0.965577595,0.99693114,0.9214023,0.14722031,0.8656784,0.8722537,0.870614664,0.98268515,1.0377294
2455,Annual,454665,133425,51.09753,-1.220709,0.8863263,0.9038271,0.94162464,0.958662744,1.0001476,0.92357165,0.7226251,0.8555272,0.88872004,0.896361041,1.0137199,0.9088926
2464,Annual,570641,279452,52.386497,0.506009,0.78947484,0.81008375,0.8955546,0.897183572,0.9829101,0.84230995,0.7848602,0.84910595,0.88630193,0.882778136,1.0033401,0.9008546
2465,Annual,444115,192935,51.633496,-1.363995,0.74092615,0.878487,0.8844527,0.898481168,1.0087209,1.0365864,0.6325159,0.598534,0.838683,0.89440557,1.0106211,0.6325267
2468,Annual,430555,152655,51.272226,-1.563376,0.9320412,0.9146248,0.96670187,0.969230341,0.99762857,0.92142195,0.79534423,0.8634345,0.8922533,0.871578811,1.0012777,0.91610056
2478,Annual,400360,134540,51.110151,-1.996228,0.79597396,0.78807753,0.8990359,0.931790403,0.9978256,0.81368697,0.6623703,0.54469424,0.871122,0.921155555,1.0013051,0.5633172
2481,Multiannual,438380,473342,54.154453,-1.413814,0.81864387,0.879155,0.9057484,0.917571493,1.0068196,0.92467856,0.7923806,0.7352206,0.94755065,0.898666664,1.0119962,1.2592599
2483,Multiannual,383595,302455,52.619602,-2.243743,0.8767538,0.8878921,0.94147193,0.927448215,0.99790525,0.904407,0.59054124,0.8139003,0.87314475,0.895376269,1.0036879,1.136118
2486,Multiannual,453405,77205,50.592137,-1.246882,0.58466303,0.7731009,0.7854163,0.786446663,0.9981187,0.9262901,0.5678556,0.5440817,0.7792769,0.77937318,1.0011897,0.60107654
2491,Annual,562481,159882,51.314847,0.330054,0.80111337,0.86172706,0.90229,0.918939337,0.9974888,0.90219635,0.7997453,0.70867956,0.9159753,0.901259834,0.9993609,0.7210625
2494,Decadal,439560,562024,54.951286,-1.383856,0.5400502,0.7049828,0.7808029,0.76629203,0.997501,0.8025655,-0.7820829,0.64463484,0.6580511,0.645317816,1.007851,0.9036005
2498,Annual,416839,198800,51.687701,-1.757804,0.43727434,0.71018827,0.74111766,0.734954283,1.0729911,0.892101,0.5159849,0.75234014,0.8047555,0.810063664,1.0782236,0.8692523
2500,Annual,514712,438877,53.833483,-0.25839,0.6300726,0.60581,0.8126929,0.828438099,1.0075878,0.65323794,0.5488839,0.53371143,0.80216694,0.605079918,1.0256025,0.5785367
2506,Annual,431325,323985,52.812495,-1.536689,0.7091985,0.6166316,0.85973907,0.873063762,1.2840879,0.784142,0.39469945,0.46330708,0.6307701,0.628864592,1.1118975,0.62692153
2509,Annual,410546,207983,51.770418,-1.848561,0.8858684,0.8623692,0.9441583,0.934936763,1.0042055,0.87427765,0.77101254,0.79659677,0.8991636,0.931983882,0.9733838,0.8253682
2519,Annual,403295,165405,51.387675,-1.954029,0.7776662,0.76932406,0.8861064,0.909806197,0.9999074,0.7994021,0.83092606,0.75425494,0.9258477,0.890957453,1.0025451,0.76572347
2520,Annual,604500,329600,52.825103,1.033826,0.9276896,0.9486268,0.96501094,0.964754741,1.0320159,0.98025304,0.7264645,0.81881404,0.9394245,0.932630551,1.163609,1.0489067
2524,Annual,624590,299160,52.543931,1.310742,0.49671155,0.7375654,0.810384,0.842645866,0.98602355,1.1809009,0.40765756,0.6062857,0.8675661,0.884412983,0.97855914,1.3701637
2526,Annual,414395,196255,51.664887,-1.793262,0.7204722,0.7566814,0.8593824,0.85329951,1.0533084,0.8087197,0.75687385,0.7554227,0.8901626,0.902477024,1.0638762,0.79101944
2528,Annual,430255,326405,52.83431,-1.55234,0.7569194,0.76428604,0.8755133,0.871625088,1.0116304,0.80018044,0.38220257,0.54945076,0.6326144,0.667455924,0.9858662,0.7395747
2531,Multiannual,463715,188625,51.592875,-1.081621,0.9233811,0.91592216,0.96162724,0.969477016,1.0005394,0.92519176,0.66234994,0.8972016,0.90799534,0.891256066,0.9730957,0.96286833
2538,Annual,275648,101592,50.800503,-3.765972,0.9429971,0.94412863,0.97135997,0.973298969,1.0018849,0.9520653,0.5572108,0.85708266,0.89536315,0.860764677,1.0474442,1.0850043
2539,Annual,506461,436432,53.81327,-0.384555,0.72741246,0.6944772,0.8638831,0.862349577,0.9995779,0.7264749,0.046504974,0.6408091,0.66859514,0.700714571,0.918559,1.112056
2540,Annual,453505,133675,51.099887,-1.237237,0.93591636,0.9076025,0.9690632,0.961563107,0.9998375,0.91293687,0.8647022,0.87461346,0.96313715,0.954618733,0.9927252,0.88037705
2543,Annual,427075,323175,52.805443,-1.599808,0.6947361,0.6897551,0.84129614,0.829525215,0.9987527,0.7334235,0.42651767,0.4489727,0.6891748,0.734844607,1.0057445,0.54504365
2544,Multiannual,374055,228235,51.951988,-2.378916,0.62615687,0.6618364,0.80654365,0.774220702,0.99740773,0.72265196,0.07525855,0.31204855,0.72612417,0.740775386,1.0145991,0.36908358
2545,Annual,453075,83865,50.652054,-1.250592,0.87600327,0.8970932,0.9362273,0.94390825,1.0014235,0.91925055,0.72991747,0.8422445,0.9102397,0.956153212,1.0282838,0.8733929
2547,Multiannual,461655,400955,53.501673,-1.071957,0.8421056,0.8546424,0.92018497,0.891054065,0.9973917,0.8785451,-6.3036194,-0.124973655,0.08562969,0.026802711,0.9838421,1.6551708
2552,Annual,476095,149065,51.235699,-0.911418,0.7672481,0.77990335,0.8782226,0.869098712,0.9986789,0.8166671,0.723818,0.763151,0.89808404,0.903398896,0.98190254,0.78696734
2555,Multiannual,549574,154977,51.27431,0.142944,0.8716052,0.88891786,0.9351696,0.927628191,0.9885463,0.91052985,0.8038423,0.8533427,0.9193413,0.911179277,1.0012375,1.1224805
2560,Multiannual,646877,261150,52.193263,1.61079,0.40887463,0.7118051,0.7131119,0.690585475,0.99891907,1.0273978,-0.30001533,0.49662185,0.5130547,0.525792579,0.981338,0.87380904
2561,Multiannual,361515,315975,52.740015,-2.571457,0.8543969,0.82339555,0.9370112,0.941603537,1.0226903,0.8365801,-0.45027947,0.7849254,0.87624454,0.887748884,1.1612885,0.9298043
2564,Annual,453855,151155,51.257019,-1.229624,0.93648255,0.9015553,0.9698209,0.970337462,0.9989336,0.9063018,0.9166043,0.90368044,0.96552825,0.959548837,1.0013984,1.0899297
2566,Annual,444394,464878,54.077906,-1.322974,0.72214824,0.72234714,0.854926,0.908477874,0.9965944,0.7632886,0.70831597,0.74576545,0.8624738,0.917605876,1.031553,0.7885162
2567,Annual,448650,142050,51.175621,-1.305439,0.9349717,0.90238434,0.9693378,0.971509398,1.0023185,0.9073548,0.9439368,0.9134121,0.97317696,0.970168525,0.9994675,0.917674
2572,Multiannual,617322,154311,51.246545,1.112489,0.80129933,0.81170213,0.9002334,0.911791864,0.998245,0.8403153,0.77639014,0.6540954,0.91838783,0.887316378,1.0011711,0.66386396
2577,Annual,409715,340005,52.957321,-1.856825,0.5252745,0.5666334,0.72823584,0.824821813,1.001386,0.662438,0.4961697,0.68404675,0.7181287,0.764186596,1.0004877,0.8572619
2580,Multiannual,566495,168737,51.39324,0.391738,0.64920294,0.685867,0.84884167,0.834428391,0.9968168,0.72464544,0.2561924,0.19016814,0.56984425,0.698594847,0.9992235,0.3138567
2595,Annual,424635,102875,50.824892,-1.651608,0.68928915,0.8479614,0.84861,0.82635925,1.0042251,1.013381,-0.39620638,0.5898733,0.7186815,0.738621404,1.0333048,1.29658
2603,Annual,405684,205445,51.747669,-1.919062,0.73992854,0.7382746,0.86492586,0.881126939,1.005151,0.77588284,0.79935074,0.76436925,0.9132083,0.90254544,1.0447248,0.78555053
2604,Multiannual,395495,320105,52.7785,-2.068218,0.880915,0.8933268,0.93895876,0.937162654,1.0003456,0.91251916,-0.015577078,0.4272998,0.7899195,0.776701733,0.99197227,1.5327194
2612,Annual,426165,166655,51.398325,-1.62528,0.8839082,0.8857353,0.9410322,0.933588046,1.0007659,0.90212995,0.8499931,0.79447484,0.9386287,0.952201925,0.99442536,0.8039316
2616,Multiannual,375575,297515,52.57489,-2.361838,0.61696875,0.80261153,0.8412473,0.841631008,1.0040885,1.1172355,-0.24446464,0.68163747,0.755551,0.707030875,1.0175015,1.2032145
2622,Annual,546635,103913,50.816205,0.08018,0.6060411,0.8472668,0.86903316,0.834750937,0.9958698,0.92152894,0.58154774,0.592709,0.77935475,0.753150411,1.0014638,0.65765715
2627,Annual,506055,345905,52.999965,-0.421127,0.5156271,0.63953406,0.7286655,0.802291842,1.0326736,0.7649592,0.49081695,0.5941585,0.72662723,0.74686852,1.0422553,0.70303684
2630,Multiannual,384785,267505,52.30544,-2.22456,0.84605634,0.8036836,0.92706704,0.939485345,1.0072925,0.817881,0.7443768,0.86916,0.88241404,0.884311689,1.0239631,0.9478631
2636,Annual,550027,248528,52.114717,0.189636,0.8401946,0.7787938,0.92718256,0.925036396,0.9928504,0.79124695,0.24148929,0.52362096,0.55936927,0.603702911,0.98798937,0.81934446
2642,Multiannual,529260,229430,51.948347,-0.120671,0.91785485,0.9181215,0.95857465,0.953820376,1.0010985,0.9293831,0.8479969,0.8213655,0.9308422,0.926584693,0.99325794,0.83543444
2643,Multiannual,430185,500446,54.39858,-1.536567,0.3501073,0.5726546,0.6231866,0.639039579,1.0159515,0.79905325,-12.534937,0.30890083,0.4308863,0.505322405,0.7092817,1.2630883
2649,Annual,521730,110030,50.876952,-0.271136,0.86750054,0.84124994,0.9376827,0.957820985,0.997377,0.85401654,0.8256339,0.7636361,0.9204422,0.934132751,0.9987854,0.7774312
2660,Multiannual,557260,249241,52.119114,0.295508,0.8356743,0.79983026,0.92800456,0.94136124,0.9943746,0.813311,0.72124636,0.6240385,0.88814497,0.821138447,0.99635124,0.6410823
2662,Annual,572421,301015,52.579599,0.543286,0.8241914,0.76190645,0.92425334,0.934618385,0.9681551,0.77653563,0.7786883,0.72944146,0.917025,0.921240265,0.9380553,0.7500413
2666,Annual,452525,380175,53.315898,-1.213038,0.8339054,0.81364864,0.9170573,0.91621484,1.0013771,0.83313084,0.7467723,0.8148724,0.8717002,0.717633656,0.97968715,0.86809593
2669,Multiannual,453525,174395,51.465997,-1.230862,0.76569813,0.7534976,0.8849683,0.888274807,1.0415978,0.7859907,-0.082502484,0.5178876,0.6551073,0.735066818,1.0497124,1.3331895
2673,Annual,448555,137755,51.137011,-1.307376,0.9172153,0.87146866,0.96156883,0.972010901,1.0018152,0.87736267,0.8380688,0.8637351,0.91574734,0.916118705,1.0001438,0.8929045
2676,Multiannual,430500,517401,54.550929,-1.529973,0.8189431,0.80268896,0.9089463,0.896094422,1.001165,0.8249591,0.32767594,0.59645617,0.6249222,0.508169847,1.0056549,0.8512317
2677,Multiannual,480425,138285,51.138193,-0.851819,0.7625097,0.80968755,0.87477976,0.842412265,0.99801946,0.8567023,-0.47723246,0.0927372,0.3547034,0.406762987,0.9653307,0.3631993
2679,Annual,405000,193150,51.637129,-1.929142,0.70566034,0.73325837,0.8431176,0.863094541,0.9864299,0.7847003,0.7152535,0.65490353,0.91117656,0.917893602,1.0802765,0.6763386
2680,Multiannual,568422,170672,51.410055,0.420327,0.78444433,0.7781117,0.8895697,0.866343709,0.99975497,0.80754447,0.22117591,0.19035023,0.5394696,0.591222898,1.0036592,0.3340941
2681,Annual,506921,466010,54.078907,-0.367225,0.90919816,0.85128045,0.95926696,0.956534457,1.0160517,0.8578712,0.7525116,0.75022125,0.87422603,0.872355348,0.96706873,0.7867262
2684,Annual,529025,240625,52.048998,-0.119878,0.85507333,0.8297407,0.92860895,0.930636765,1.0023649,0.8454498,0.67524415,0.72634596,0.8255423,0.803342897,0.9917,0.7893299
2690,Multiannual,507450,212720,51.802802,-0.443062,0.83787555,0.84904665,0.9315928,0.915578607,0.9928888,0.8656248,0.632998,0.92775315,0.93254614,0.921774206,0.9903661,0.975985
2697,Annual,405770,196920,51.671019,-1.917955,0.109594345,0.4626007,0.79299283,0.755081718,1.0083578,1.495872,-0.60713303,0.5705892,0.5754458,0.800327618,1.0588096,0.9737612
2716,Annual,398685,195735,51.660391,-2.020402,0.8933958,0.87037975,0.94753075,0.959928798,0.9984798,0.8814842,0.84227437,0.74773276,0.935691,0.951332509,0.9937998,0.7561465
2718,Multiannual,373125,226365,51.935132,-2.392301,0.6833699,0.75405157,0.8268069,0.841303285,1.0005559,0.82537514,0.29862958,0.8117588,0.8908541,0.802781616,1.0162257,0.8474952
2721,Multiannual,486785,190355,51.605349,-0.748237,0.97868866,0.9624843,0.9896401,0.98821157,0.9992609,0.963951,0.5761733,0.8456409,0.92374486,0.881719055,0.98185533,1.1329771
2723,Annual,419730,199220,51.691384,-1.715961,-0.23196268,0.18019909,0.8416227,0.846316322,0.98408884,1.8042161,0.31107152,0.500791,0.86161613,0.850464929,1.0337589,1.4784677
2724,Decadal,461405,349185,53.036416,-1.085703,0.8499842,0.8239298,0.9261338,0.878810667,1.0011815,0.8401791,-8.9109535,0.25234962,0.33833033,0.369913212,1.0377278,1.3460602
2726,Annual,453905,136405,51.124396,-1.231117,0.86772126,0.90439,0.9341748,0.948239807,0.99798,0.93068826,0.89810723,0.91363823,0.96172684,0.945021054,0.9965516,0.9226602
2731,Annual,460706,141856,51.172726,-1.133031,0.9508071,0.9282136,0.97611094,0.980870218,1.0021615,0.9323402,0.6280489,0.89586073,0.97005135,0.967465947,1.0992087,1.0102843
2734,Multiannual,397185,319125,52.769702,-2.043155,0.8424561,0.8446374,0.9240947,0.918350731,0.9976657,0.86446327,-0.44171023,0.5420623,0.5819013,0.488107968,0.9925213,1.1866697
2740,Annual,459195,135365,51.114524,-1.155707,0.95379174,0.9432437,0.977339,0.978881559,1.0037352,0.9480987,0.8620839,0.9234839,0.97826934,0.976054819,1.03324,0.93459743
2741,Multiannual,620737,158298,51.281031,1.1638,0.80460703,0.809728,0.9028028,0.883378351,0.9980998,0.8364396,0.5949925,0.7040755,0.83715904,0.773325235,0.99472934,0.75296694
2742,Annual,468036,474647,54.163115,-0.959492,0.67808974,0.7085775,0.83801836,0.851944898,0.9935995,0.75782675,0.69495106,0.6752789,0.8439359,0.841554784,0.9986388,0.71524435
2743,Annual,412015,378805,53.306044,-1.821148,0.8023092,0.8524116,0.8959745,0.925082377,0.9968274,0.89535415,0.6086713,0.8579712,0.88009244,0.885199661,1.044606,1.0616838
2744,Multiannual,452937,176325,51.483404,-1.239038,0.87921184,0.8455337,0.9416718,0.925797828,0.99054664,0.8572834,0.5385448,0.77293557,0.77371746,0.756795475,1.0040466,1.018389
2748,Multiannual,350605,322305,52.796025,-2.733996,0.8405086,0.8553359,0.9192068,0.901558293,1.0017314,0.88001364,0.09800458,0.35766822,0.42904505,0.344399773,0.9979505,0.7057295
2749,Annual,597273,290738,52.478891,0.903493,0.7235419,0.6163844,0.8851798,0.932771402,1.08052,0.64293736,0.5928226,0.5331849,0.79077756,0.843719471,1.3644186,0.7966686
2753,Annual,624592,299162,52.543948,1.310773,0.43931442,0.70054775,0.7879393,0.81320831,1.0025767,1.2114232,0.22735208,0.7310643,0.7917783,0.834118718,0.9721706,1.1679255
2759,Annual,465052,423106,53.700334,-1.016138,0.6491299,0.75718933,0.8071166,0.801489892,1.0018197,0.8525249,0.00311017,0.7857878,0.7955437,0.782930049,0.93616426,1.0030737
2764,Annual,593630,313170,52.681602,0.863022,0.7555029,0.7996832,0.8706505,0.867218741,1.0276138,0.8495603,0.18404436,0.6556964,0.7237308,0.679275796,0.8283515,1.112951
2776,Annual,492907,101615,50.806648,-0.682813,0.72585475,0.7467685,0.8543331,0.873054952,0.99721074,0.79287994,0.76406777,0.8415375,0.8826498,0.896673706,1.0175904,0.8949794
2777,Annual,410035,195355,51.656888,-1.856326,0.76356125,0.82317024,0.87516516,0.915220635,1.011643,0.8753051,0.87659293,0.88460606,0.93739647,0.945192822,1.0066245,0.90329367
2778,Annual,442055,139055,51.149213,-1.400123,0.8893684,0.8898281,0.9450215,0.942052977,0.9973811,0.9045627,0.917267,0.90151185,0.96134496,0.967100912,0.99692035,0.9094676
2781,Multiannual,383675,265345,52.28599,-2.240734,0.7998187,0.8249913,0.89515686,0.895157303,0.99777097,0.8598906,0.71645725,0.7954791,0.87923723,0.844817529,0.9760337,0.83668983
2782,Multiannual,438221,458289,54.019184,-1.418143,0.8177194,0.8732753,0.9047823,0.902061938,0.9985019,0.9163931,0.4543261,0.636303,0.6870161,0.63801557,1.0018284,0.8147637
2784,Annual,398824,143816,51.193559,-2.018203,0.91977,0.89692426,0.96074283,0.951158221,0.9916617,0.9050583,0.8441912,0.73736715,0.9399237,0.935582237,0.97336996,0.7457214
2799,Annual,452455,135055,51.112392,-1.252031,0.9032093,0.9055322,0.95116687,0.954962886,0.9992091,0.9191373,0.8564321,0.8655485,0.95078164,0.943038351,0.9942132,0.87501556
2800,Annual,478065,146645,51.213677,-0.883732,0.93416876,0.9148002,0.9680134,0.971941283,0.99613136,0.9211276,0.88313985,0.86623883,0.9467826,0.951279785,1.0109993,0.87777513
2809,Annual,403410,164286,51.377612,-1.952387,0.8723644,0.8602023,0.9360888,0.938322218,1.0084883,0.8759573,0.8560227,0.78682125,0.9365232,0.940001281,1.0197903,0.7974561
2811,Decadal,440545,462323,54.05526,-1.382139,0.7996717,0.79856163,0.8982702,0.895372949,0.9953581,0.8261999,-1.0013907,0.6734354,0.7602319,0.63960196,1.0735655,0.79085195
2818,Multiannual,491690,138410,51.137626,-0.690814,0.8429763,0.835824,0.921917,0.870177016,1.0025651,0.85560465,0.40392262,0.31120187,0.73867893,0.71331921,1.0010881,0.36269897
2820,Multiannual,441224,453303,53.974143,-1.372987,0.7755606,0.7246809,0.8942158,0.908225817,1.131565,0.78251195,-0.0729872,0.24650133,0.42534164,0.539965445,0.65250283,0.6582813
2826,Annual,390310,185982,51.572616,-2.141205,0.8782882,0.8575458,0.94097555,0.922666345,1.0475492,0.8793836,0.72072834,0.7368709,0.8688366,0.862439073,1.156535,0.83407855
2828,Annual,425455,145155,51.205039,-1.637012,0.94116056,0.93070984,0.9711211,0.971135995,0.99593806,0.9371462,0.89443874,0.9113542,0.95765877,0.94719308,0.9825745,0.92409474
2832,Annual,507285,437161,53.819651,-0.371792,0.7662065,0.6971921,0.8928919,0.904105339,1.0077565,0.71687496,0.8402388,0.7723409,0.9300715,0.929535211,1.066554,0.79382324
2833,Annual,506761,464214,54.062805,-0.370302,0.8621528,0.77841574,0.9414013,0.945040733,1.0063537,0.78639954,0.70529974,0.6705724,0.8602286,0.898015697,1.0899123,0.7155672
2840,Annual,598710,321850,52.757691,0.943312,0.8977153,0.91104,0.9490088,0.957955496,0.99870616,0.9271174,0.87995636,0.9131135,0.9418828,0.908334666,0.9980567,0.9354428
2843,Multiannual,363225,319295,52.769978,-2.546504,0.84868526,0.8746434,0.9226397,0.923641255,0.9976579,0.9013915,-0.8417975,0.7851495,0.79588485,0.86697431,1.0477988,0.95296115
2853,Annual,365650,147870,51.228973,-2.493316,0.6397276,0.6581972,0.80438596,0.86182749,0.99854416,0.7197111,0.590764,0.7006659,0.82151043,0.8582894,1.030327,0.7616256
2854,Annual,391064,649153,55.735669,-2.143864,0.81884724,0.82283336,0.9172221,0.927270626,1.0216012,0.84485984,0.6579106,0.73496735,0.83976203,0.789773524,1.0380994,0.7923618
2855,Annual,551342,245280,52.08518,0.207384,0.83578795,0.8152312,0.92507464,0.914596631,0.9969892,0.8311319,0.80223006,0.77037627,0.9300434,0.887470322,0.99542886,0.7813406
2862,Annual,593419,281203,52.394655,0.841302,0.9027226,0.8875416,0.9516003,0.941753019,1.0000238,0.8984915,0.6977798,0.8281613,0.9117512,0.895884989,0.9740644,0.8548536
2868,Annual,504379,437457,53.822901,-0.415815,0.8422413,0.78453374,0.92693543,0.920920889,0.99288535,0.79742587,0.5683042,0.6638748,0.7954218,0.82827258,1.1107799,0.7573988
2876,Annual,447965,360215,53.136928,-1.284474,0.6642808,0.68335366,0.8190825,0.843379828,0.99754465,0.74014026,0.5249202,0.5746192,0.7701701,0.888226445,0.97108656,0.64322233
2878,Annual,546235,244708,52.081412,0.13266,0.9199813,0.8673784,0.9643377,0.957936825,0.9972237,0.8722939,0.5414018,0.71681213,0.74728715,0.727591425,0.9979865,0.87222135
2895,Multiannual,352085,322955,52.802001,-2.712144,0.86453295,0.8687167,0.93080616,0.927556603,1.0003433,0.88843375,-0.80531704,0.5962641,0.6366645,0.641404852,0.9860245,1.1754901
2897,Annual,567282,270541,52.307495,0.452266,0.78971976,0.80977094,0.89248174,0.898522098,1.0040187,0.8431238,0.6121037,0.5658429,0.809995,0.863449661,0.9958169,0.6096515
2902,Annual,494776,448078,53.920167,-0.558367,0.8402326,0.8450962,0.9200682,0.932959219,0.9962655,0.8673648,0.68109393,0.6610342,0.8505555,0.87276978,1.0082747,0.6958692
2909,Annual,354345,318655,52.763546,-2.678023,0.72354007,0.8382523,0.85429597,0.863119133,0.9983931,0.92978853,0.62240005,0.70756924,0.7900479,0.796870537,1.0024484,0.7964597
2916,Annual,459655,138855,51.145855,-1.148559,0.9317006,0.92850846,0.9671931,0.971035631,0.99736154,0.9365359,0.850078,0.9106197,0.96321094,0.961888491,1.0081413,1.0810516
2918,Annual,421245,199115,51.690385,-1.69405,0.68869114,0.7688819,0.8299902,0.840763231,0.9994626,0.8434402,0.65029,0.7855347,0.8586436,0.850440275,1.0449003,0.8450911
2924,Annual,421769,610333,55.386467,-1.657933,0.92705727,0.89103186,0.96729827,0.953202183,0.99786717,0.8960768,0.74241006,0.6512469,0.8920635,0.770672972,0.99790823,0.6683769
2927,Annual,470971,147802,51.225004,-0.985049,0.962464,0.959445,0.98330665,0.984260097,0.9963645,0.96321976,0.9225463,0.89660376,0.9637966,0.959438784,1.0022826,0.90317655
2928,Multiannual,346525,564265,54.970103,-2.836846,0.6981944,0.8264873,0.84136283,0.811069276,1.0027677,0.9297666,-0.87075806,0.29527342,0.81788385,0.789964466,1.036397,1.6798263
2935,Annual,547228,104307,50.819595,0.08875,0.64476067,0.71017706,0.8175038,0.81090665,0.99712956,0.7748691,0.68516254,0.632797,0.85746163,0.879861062,0.99829954,0.6615957
2939,Decadal,441120,474034,54.160461,-1.371767,0.81544757,0.7876513,0.9109879,0.900428485,0.9935344,0.8073181,-0.47133636,0.8572133,0.8825378,0.888547354,0.9448778,1.0596049
2944,Annual,589652,278116,52.368252,0.784264,0.36103362,0.3538695,0.6345717,0.63352074,1.0137635,0.46731234,0.3654433,0.35978132,0.67506397,0.661437248,1.0236716,0.4488784
2949,Annual,628804,144041,51.149863,1.270187,0.81027484,0.9061333,0.90678936,0.919734475,1.0079575,0.9922944,0.4886461,0.84414166,0.89056754,0.934337588,1.0716668,0.91526616
2955,Annual,537638,103235,50.812318,-0.047708,0.56561184,0.5988753,0.7832476,0.742304113,0.9965313,0.66249883,0.72755,0.7134874,0.86785793,0.82946419,1.0013517,0.7457844
2961,Decadal,493825,104015,50.828077,-0.669176,0.86584055,0.8188821,0.937543,0.929917067,1.0057786,0.83009124,-4.9247236,0.67152023,0.74023235,0.777264914,1.2008617,0.99137825
2966,Multiannual,486427,194964,51.646835,-0.752269,0.8382537,0.7655664,0.928761,0.924361818,1.0180507,0.77738416,0.3888957,0.68421376,0.7170017,0.714200268,1.0853883,0.8889082
2985,Annual,447250,162670,51.361136,-1.322746,0.8076368,0.76414573,0.90869844,0.891398683,0.9961889,0.78256804,-0.53658664,0.37258077,0.6443856,0.615309826,1.0598359,0.48656765
2986,Multiannual,507720,217690,51.847418,-0.437603,0.94209677,0.92924404,0.97132933,0.969738481,1.0025244,0.9353626,0.41586137,0.65273887,0.70997417,0.809423135,1.0550514,0.81712145
2988,Annual,394264,648285,55.727919,-2.092885,0.87967855,0.87166905,0.93956774,0.946760171,1.0026772,0.8868221,0.6861195,0.7811461,0.8334037,0.852052281,0.9877572,0.8586057
2990,Multiannual,553400,154009,51.264596,0.197336,0.9008613,0.897534,0.95065343,0.937140992,0.9988662,0.9102071,0.40009564,0.63259053,0.7418157,0.755617762,0.99213195,0.73871815
2992,Annual,407395,168005,51.411015,-1.895055,0.94981253,0.93537164,0.97525996,0.976620779,1.0032791,0.94038475,0.9418802,0.93280226,0.9731331,0.96989674,1.0177678,0.9410255
3000,Annual,443511,464268,54.072499,-1.336556,0.758296,0.7552949,0.87621105,0.889229076,1.0793332,0.80439126,0.7099494,0.51205254,0.8915462,0.931840946,1.4438142,0.8286355
3009,Multiannual,398825,316625,52.747234,-2.018838,0.7968913,0.7954533,0.89880013,0.884907028,1.0055944,0.82233065,-0.99509645,0.15977156,0.1606844,0.264557928,0.9730214,0.9716226
3024,Annual,577067,271693,52.314776,0.596242,0.893382,0.948276,0.94863594,0.949765794,1.0031136,1.0052397,0.52557564,0.74618065,0.7552705,0.797207737,1.0051873,0.93288624
3026,Annual,374412,257253,52.212887,-2.375908,0.8096091,0.79927015,0.9041625,0.921456146,0.9971874,0.8236493,0.7884456,0.7872804,0.89272505,0.872657966,0.9968117,0.81633896
3029,Annual,450027,460361,54.036798,-1.237632,0.6903796,0.68032783,0.841036,0.851337555,1.1088669,0.74491477,0.33474386,-0.71779597,0.75340474,0.780301123,2.6626887,0.6456378
3030,Multiannual,620681,151935,51.223925,1.159078,0.5777794,0.74335265,0.849382,0.903757914,0.9948501,0.7922617,0.54890203,0.5127136,0.77060795,0.795309826,0.9990622,0.57008624
3031,Multiannual,468545,395125,53.448428,-0.969371,0.80705494,0.8139242,0.90124524,0.897236131,1.0024025,0.8423124,-0.08056867,0.51821434,0.5310929,0.279865249,1.0127828,0.89009434
3032,Multiannual,361505,325605,52.826578,-2.572741,0.8661454,0.8414093,0.9341279,0.929952214,0.9973432,0.8557629,0.37810743,0.53822035,0.8093056,0.848470123,0.92889386,0.5854894
3033,Annual,572680,284406,52.430351,0.538492,-0.47421312,0.27012932,0.27083406,0.288966592,1.0165131,0.97251916,-0.95219755,0.057914317,0.058121413,0.024925289,0.98172456,0.9925126
3063,Annual,503278,431204,53.76694,-0.434627,0.8342625,0.74427336,0.93028206,0.936986874,1.0030009,0.75398016,0.84292877,0.7389999,0.9391884,0.953248105,0.9869923,0.7465184
3064,Annual,457872,439356,53.847214,-1.121835,0.7963542,0.8666539,0.8936342,0.907176277,1.0051996,0.9197514,0.6198058,0.8127649,0.90528816,0.913918787,1.0637048,0.8515838
3104,Annual,492475,451495,53.951285,-0.592358,0.798639,0.77856463,0.8994559,0.942069244,0.9979275,0.8027182,0.69562316,0.7078926,0.8525151,0.849995617,1.0092206,0.7480282
3115,Annual,446892,467067,54.097357,-1.28446,0.806287,0.70366865,0.92208207,0.93146564,1.0060458,0.7141617,0.7886318,0.716535,0.9203633,0.908195569,0.9679612,0.7298464
3129,Annual,445931,461686,54.049085,-1.299967,0.70850575,0.6151915,0.86633736,0.908100993,1.1935743,0.695465,0.7924137,0.5402162,0.92141473,0.933040684,1.386773,0.7641263
3144,Multiannual,309406,86495,50.671044,-3.283367,0.20500922,0.56382585,0.651988,0.659127964,0.9967781,0.7370857,-0.80743253,0.09091431,0.16917264,0.162833173,1.0041732,0.63102394
3145,Multiannual,308940,84030,50.64881,-3.289353,0.11071336,0.3189708,0.41976866,0.506775915,0.99897707,0.6434476,-0.6357796,-0.10963929,-0.011174345,0.084263567,0.995961,0.54304564
3146,Annual,308466,85990,50.666357,-3.296541,0.30940908,0.6710301,0.7344872,0.753544931,0.9989176,1.1942322,-13.952107,-1.90114,0.35612866,0.287018295,0.99204993,3.8288143
3149,Decadal,462915,377375,53.289603,-1.057656,0.878524,0.863099,0.94987786,0.941624934,0.9962094,0.8726619,-3.2974277,0.7136697,0.7307557,0.696177271,1.0143878,1.0963665
3178,Multiannual,396305,270275,52.330544,-2.055638,0.8649816,0.9301456,0.93255067,0.934153813,1.0033683,0.9821449,0.13871557,0.69604826,0.69953644,0.700748947,1.0227841,1.0398678
3179,Multiannual,396295,270265,52.330454,-2.055784,0.3578161,0.40068042,0.6067015,0.628169001,1.0091342,0.5478758,-0.11957407,0.018645763,0.18171608,0.348845349,1.0241332,0.45881197
3204,Multiannual,437735,482155,54.233702,-1.422587,0.8242911,0.86312073,0.90842676,0.908531741,1.001021,0.8982719,-0.9186839,0.52539265,0.6449633,0.532541456,0.9749026,1.3139663
3205,Multiannual,437736,482155,54.233702,-1.422572,0.8165187,0.8935771,0.90499544,0.899085736,1.0005915,0.9520489,0.0888899,0.66157603,0.7881923,0.708274451,0.98235124,1.2633615
3247,Annual,440420,472600,54.147629,-1.382678,0.54935306,0.66235393,0.7425238,0.71926304,1.0057528,0.78165025,-2.5452595,0.44046825,0.78160596,0.841194365,1.3959875,1.329515
3271,Annual,294414,88985,50.690899,-3.496162,0.5005059,0.71716297,0.7653887,0.797071213,1.1553665,1.028607,0.42022258,0.44937277,0.7995498,0.852073914,1.510306,0.9489404
3272,Annual,294412,88985,50.690899,-3.49619,0.7153156,0.7351651,0.84828556,0.857280976,1.0531087,0.78952616,0.65347844,0.5214025,0.84135336,0.853104124,1.3893011,0.77122825
3277,Multiannual,311125,97442,50.769728,-3.261688,0.70555687,0.848876,0.85011446,0.848609041,0.9998345,0.9806962,0.111117065,0.5098063,0.52372456,0.596803762,0.997362,0.88405275
3290,Multiannual,306612,85454,50.661243,-3.322631,0.94394267,0.95663214,0.97164315,0.957295447,0.99796164,0.96725166,-0.16033864,0.76003677,0.808463,0.750225199,1.081705,1.1192505
3291,Multiannual,307767,86052,50.666804,-3.306444,0.81026655,0.89619386,0.9032583,0.888590794,0.99842876,0.9623951,-0.27932286,0.3987801,0.4469666,0.444134955,1.0101227,0.7643832
3312,Annual,452558,452558,53.966423,-1.200335,0.600307,0.7846012,0.79551244,0.801336703,0.99052346,0.9329842,0.1209209,0.64214635,0.7076387,0.747093012,0.9766812,1.205044
3315,Annual,507701,462199,54.044507,-0.356661,0.19719964,0.5850582,0.7953421,0.800389872,1.0762802,1.3528198,0.12717235,0.6861924,0.73111254,0.723803998,1.1258794,1.1016438
3318,Annual,502245,458248,54.01012,-0.441278,0.84337765,0.83909535,0.92310023,0.928503367,1.0352728,0.8631347,0.7735382,0.7537304,0.9188678,0.930046332,1.0909971,0.7860255
3319,Annual,502231,458262,54.010248,-0.441487,0.8464966,0.8378279,0.92276275,0.935299372,1.0395429,0.8629955,0.69839954,0.5803796,0.89571047,0.914211413,1.3241608,0.7547932
3320,Annual,502289,458234,54.009985,-0.440612,0.84662,0.8124296,0.9254021,0.918799472,1.0053355,0.82798624,0.72471327,0.6661426,0.91088295,0.925387656,1.0631355,0.68451357
3321,Multiannual,382165,270795,52.334938,-2.26316,0.89367765,0.9415226,0.9476674,0.949519383,0.9944569,0.9745038,-0.17848766,0.82203805,0.8844628,0.885862742,1.0545275,1.1238931
3328,Annual,585292,294975,52.521133,0.72965,0.89614224,0.76436925,0.96810985,0.966333042,1.0271798,0.7681261,0.8751608,0.8068105,0.94548994,0.946907118,1.0678198,0.82751507
3340,Annual,509539,469935,54.113618,-0.325809,0.9486731,0.91318357,0.97651494,0.978837264,1.0178988,0.91835976,0.82407117,0.8529878,0.91012484,0.856244291,1.0220307,0.8857652
3348,Annual,509486,449441,53.929516,-0.333994,0.4511326,0.67229676,0.69653875,0.715514571,1.0306002,0.88015133,0.11378646,-10.633589,0.5812187,0.744783427,12.616172,0.49317542
3349,Annual,509498,449458,53.929666,-0.333805,0.71402436,0.68862486,0.8550658,0.857446548,0.9973612,0.72442704,0.641817,0.63617086,0.890696,0.900911125,1.1364697,0.68093973
3356,Multiannual,414465,304645,52.639351,-1.78767,0.8822564,0.86506563,0.9460014,0.94005024,0.98475623,0.87728566,-0.37709105,0.6392129,0.8240511,0.821193357,0.8781646,0.7095439
3382,Annual,419290,199450,51.693467,-1.722314,0.63668656,0.8113095,0.8387631,0.807467266,1.0877761,0.95638716,0.58842075,0.7904951,0.8843284,0.894995133,1.1463362,0.9046178
3387,Annual,419281,199444,51.693414,-1.722444,0.71422374,0.81967986,0.9173933,0.924096371,1.046564,1.1533799,0.7404355,0.8393114,0.9058325,0.911833788,1.0265249,1.1274816
3398,Annual,304697,507680,54.455518,-3.471513,0.83275354,0.7677369,0.9237665,0.921656891,1.0050583,0.78066397,0.7641072,0.82303786,0.8745456,0.888486206,0.98763615,0.87580925
3403,Annual,339145,567905,55.00196,-2.952885,0.8174887,0.80524457,0.9096311,0.903364387,1.0116564,0.8278765,0.83779085,0.8643001,0.9302159,0.946305523,0.9697299,0.8876268
3423,Annual,435855,179275,51.511265,-1.484724,0.88621426,0.8829194,0.9428995,0.944522774,1.0059423,0.89796054,0.84427726,0.8357804,0.93830055,0.930915574,1.0216316,0.8493573
3426,Multiannual,483855,194305,51.6413,-0.78959,0.88144684,0.8503835,0.94253004,0.947193677,1.0049477,0.86195195,-1.0367408,0.519464,0.57990396,0.600214898,1.1254088,1.1967463
3436,Annual,401010,195750,51.660527,-1.986789,0.7977168,0.8166147,0.89432263,0.90404293,0.994916,0.8502146,0.68547547,0.65729433,0.842489,0.883558074,1.0242878,0.6966088
3439,Annual,477551,114895,50.928302,-0.897889,0.9399667,0.8955339,0.97228646,0.973450402,0.9985361,0.89928776,0.8464216,0.75113404,0.9487109,0.93226821,1.0283232,0.75812924
3458,Annual,411402,204667,51.740588,-1.836264,0.7717366,0.7723105,0.88485956,0.900623529,0.99630255,0.8036041,0.6442292,0.6233815,0.8791156,0.877531463,0.98552054,0.6436033
