No,Wavelet transform,easting,northing,lat,long,NSE_train,KGE_train,Pearson_r_train,Spearman_r_train,Mean_ratio_train,STD_ratio_train,NSE_test,KGE_test,Pearson_r_test,Spearman_r_test,Mean_ratio_test,STD_ratio_test,P,PET,TAS,DTR,HUSS,WIND,PSURF,RLDS,RSDS,elev,slope,hand,t_clay,t_sand,t_silt,t_bd,s_clay,s_sand,s_silt,s_bd,ts,sy,sdf,pop_dens,irri_int,gw_abs,Aquifer,Top Soil,Sub Soil
2,Annual,420565,199295,51.692029,-1.703877,0.5810103,0.5279631,0.8787254,0.849075375,1.1255562,0.56142765,0.5944724,0.4617536,0.9183383,0.922915936,1.0986185,0.4772058,1.774808322,1.449792648,283.8722098,7.806790904,0.006789171,3.601816307,100541.3821,323.5834183,119.619524,72.23679352,0.437775344,3.100006104,11,80,9,1.570000052,19,72,9,1.480000019,0.1,0.06,3.630712238,120.7160504,251,100.3227158,Oolites,sandy loam,sandy loam
10,Multiannual,564245,171712,51.420622,0.360804,0.83321404,0.7928514,0.91946447,0.928383061,1.0003812,0.8091487,0.7248205,0.60133266,0.9043712,0.901942099,0.994617,0.6130098,1.55312158,1.441988728,284.1749941,8.545290384,0.006881943,3.595321925,100933.1047,322.1982433,118.697084,29.95890617,8.036122322,2.699998856,9,77,14,1.600000024,17,67,16,1.480000019,550,0.015,17.75109429,1628.325082,251,8.552083015,Chalk,sandy loam,sandy loam
16,Annual,559541,251790,52.141359,0.329989,0.8678335,0.8828732,0.9322398,0.937193582,1.0011692,0.90447104,0.74103343,0.7621732,0.9134816,0.908999233,1.0120252,0.7787957,1.659912373,1.520334182,283.6082373,8.084611253,0.006621065,4.570798286,100299.7665,320.283539,117.9390734,94.82769775,2.581180811,0.599998474,49,19,32,1.24000001,51,18,31,1.230000019,550,0.015,56.57861324,79.5966272,5001,0,Chalk,clay,clay
19,Annual,398635,198815,51.688083,-2.021137,0.7687474,0.77444404,0.8811612,0.888634809,0.9910098,0.8085011,0.81439793,0.82903814,0.9040172,0.888454332,1.004331,0.8585917,2.135761228,1.455074024,283.6789407,7.50607898,0.00675482,3.675112559,100112.9999,322.9832031,121.2067578,108.0771637,6.447398186,3.100006104,54,22,24,1.230000019,44,34,22,1.279999971,184,0.02,5.50101399,191.3660449,251,0,Oolites,clay,clay
20,Decadal,343971,449275,53.936531,-2.854924,0.8018431,0.7562213,0.9056086,0.87381244,0.9822314,0.7759419,0.5816497,0.8046576,0.85054415,0.872334298,0.9377341,1.1092951,2.910186199,1.423306154,283.3801806,6.350821513,0.006544172,4.30205114,101263.0669,323.2557912,113.9052436,5.284296989,1.035665751,2,40,20,40,0.275924206,27,47,26,0.282238722,33,0.01,4.736840749,107.7348115,1,0,Triassic Sandstone,silty clay loam,sandy clay loam
25,Annual,578560,259851,52.207941,0.611861,-1.6777706,0.045327604,0.056748394,-0.020798182,0.9948875,0.85286623,-0.9857646,0.14591968,0.1577575,0.146372392,0.9972188,0.8583261,1.635104048,1.536528911,283.5276495,8.134556528,0.006600667,4.727977888,100221.3077,319.5905124,119.5125218,106.7295685,1.41345036,8.599998474,49,19,32,1.24000001,51,18,31,1.230000019,550,0.015,66.71101306,62.53911903,5001,0,Lower Greensand,clay,clay
27,Annual,448933,465244,54.080785,-1.253548,0.38467014,0.58243537,0.67394936,0.659260495,1.1936327,0.82519144,-1.8099897,-0.096881986,0.69952124,0.711390796,1.6838328,1.8032923,1.804764514,1.450493758,283.169312,7.298685801,0.006473304,4.39065183,100971.3674,320.6883556,116.8230968,11.51841831,3.990374088,2.5,10,76,14,1.580000043,26,60,14,1.409999967,33,0.01,2.098813414,54.82825985,251,1.755312324,Triassic Sandstone,sandy loam,sandy clay loam
28,Multiannual,607216,229729,51.927485,1.012393,0.6715146,0.6625943,0.8339516,0.834421711,1.0114025,0.7065041,0.48075014,0.4689759,0.7860925,0.777072139,1.0307919,0.5149421,1.557228912,1.595576227,284.1248836,7.091237781,0.006799936,4.841553541,101108.8555,321.6139865,122.2307161,36.98066711,0.18478559,1.099998474,11,80,9,1.570000052,19,72,9,1.480000019,100,0.005,73.2195829,146.1015437,1001,403.6683655,Chalk,sandy loam,sandy loam
30,Annual,396769,197268,51.674166,-2.048116,0.8770233,0.8126274,0.9447365,0.948598455,1.0079094,0.82113755,0.85175097,0.81795067,0.963635,0.966458898,0.89203525,0.8580034,2.191566265,1.507869814,283.5724853,7.50607898,0.006726442,4.437943883,99892.3466,322.4941285,122.4190621,105.9273071,5.86828661,0,49,19,32,1.24000001,51,18,31,1.230000019,184,0.02,3.601596885,118.5838186,251,0,Oolites,clay,clay
39,Annual,565789,308887,52.652362,0.44945,0.75738657,0.8143924,0.871161,0.873452268,1.0016001,0.8664059,0.3950411,0.75568914,0.88698614,0.884560626,1.0116439,1.2162942,1.655038334,1.542443326,283.8114913,7.692880738,0.006690547,4.809887074,101140.5627,321.6680478,118.8323424,25.75464821,2.866908073,9.100000381,24,47,29,1.389999986,34,39,27,1.330000043,270,0.0006,36.36913814,86.16199832,1001,0,Oolites,loam,clay loam
40,Annual,425845,177785,51.498413,-1.62907,0.96387535,0.9433209,0.9824511,0.984019881,1.0019664,0.946142,0.91977787,0.8813482,0.9651717,0.970023088,0.97184116,0.8901261,2.085323112,1.430224045,283.4221576,8.146276078,0.006670139,3.57681094,99585.69107,321.0483747,120.5927805,145.401825,4.977367401,2.900009155,22,42,36,1.399999976,25,41,34,1.379999995,550,0.015,23.26764567,63.91252609,51,0,Chalk,loam,loam
41,Annual,413670,155000,51.293964,-1.805328,0.81415844,0.75742584,0.9176715,0.922194849,1.057976,0.77931345,0.73178375,0.6196568,0.89593303,0.915901044,1.0304118,0.6354381,2.065060243,1.424075134,283.8368797,8.146276078,0.006819661,3.602016673,100314.2531,322.8489577,119.2308011,91.65601349,1.219533682,0,22,41,37,1.399999976,29,37,34,1.350000024,550,0.015,17.86687235,38.70026976,51,0,Chalk,loam,clay loam
43,Annual,448976,432699,53.7883,-1.258096,0.56999236,0.7938817,0.79569787,0.85088499,0.9985501,1.0272679,0.631603,0.80161124,0.81171966,0.85125702,0.99819654,0.93751085,1.782858708,1.463109762,283.2326318,7.170043959,0.00649442,4.384559272,101020.3054,321.1436988,117.522461,32.67578125,1.742551088,18.59999847,22,42,36,1.399999976,25,41,34,1.379999995,260,0.01,1.035799115,209.830765,501,0,Magnesian Limestone,loam,loam
44,Annual,410831,173495,51.460324,-1.845486,0.9592412,0.94005466,0.98012686,0.978075204,1.0028775,0.94351816,0.9194447,0.828933,0.9700183,0.970302436,1.016693,0.8324103,2.090032861,1.414637589,283.3713217,8.146276078,0.006671166,3.622997394,99463.05551,320.9927486,119.8312534,169.6733551,2.168588877,0,19,37,44,1.409999967,0,0,0,0,550,0.015,16.68386135,55.30039445,51,0,Chalk,loam,
47,Multiannual,353845,323455,52.806649,-2.686111,0.8296677,0.85610473,0.9263089,0.904392904,0.9981704,0.8764215,-1.2444108,0.2215541,0.70382345,0.697864884,0.99619144,1.7199001,1.978641838,1.470433681,283.2644253,7.561281574,0.006596053,4.522811254,99995.14311,322.4232399,119.1296246,109.8624115,2.851191759,21.8999939,9,78,13,1.600000024,23,64,13,1.429999948,33,0.01,0.746485285,58.38724439,1001,0,Permian Sandstone,sandy loam,sandy clay loam
56,Annual,453385,171915,51.443713,-1.233251,0.8612899,0.8426628,0.9308738,0.92105531,0.99923944,0.8586646,0.8277329,0.92467964,0.926305,0.943747392,0.9859543,0.9933,1.904435923,1.445932033,283.8928053,8.427272862,0.006793639,3.504383624,100541.3867,322.6904051,120.256108,75.01563263,1.732971549,7.099998474,51,17,32,1.220000029,52,19,29,1.230000019,550,0.015,20.96205399,285.8142319,51,0,Chalk,clay,clay
58,Multiannual,551843,166864,51.380518,0.180509,0.66348153,0.829407,0.83990985,0.828745081,0.9978507,0.94110733,0.5875856,0.5594497,0.80541337,0.691677051,1.0018024,0.6047574,1.80520263,1.486567394,283.8676973,8.545290384,0.006793129,4.29217972,100310.4435,320.8698561,119.2385405,99.65593719,2.191395521,36.89999771,22,42,36,1.399999976,25,41,34,1.379999995,550,0.015,14.00146388,790.3823844,1,0,Lower Greensand,loam,loam
63,Annual,448505,129295,51.060948,-1.309225,0.67971873,0.80114084,0.8287565,0.908191361,1.0064216,0.8991095,0.6291296,0.81283456,0.82619953,0.878987523,0.982704,0.93273485,2.334118291,1.492894216,284.2321417,8.427272862,0.006940891,3.478965306,101053.1699,323.5752847,125.3829818,36.06915283,0.886274159,2.700000763,19,37,44,1.409999967,0,0,0,0,550,0.015,39.7843388,577.4225931,1,1324.546875,Chalk,loam,
67,Annual,442090,472497,54.14657,-1.357128,0.9023133,0.9496377,0.95144105,0.949816348,0.9945498,0.98781,0.702989,0.834414,0.9025786,0.9048759,0.9737897,1.1313094,1.848138005,1.447844086,283.1568835,7.298685801,0.006463241,4.36136628,100999.2444,320.699201,116.6318292,18.49160576,3.662299156,3.700000763,10,76,14,1.580000043,26,60,14,1.409999967,33,0.01,0.143062262,65.31352166,251,0,Triassic Sandstone,sandy loam,sandy clay loam
75,Multiannual,383541,264701,52.280196,-2.242666,0.83049595,0.7802165,0.919764,0.920114577,1.0000755,0.7953865,0.44124502,0.5862188,0.72301126,0.75222256,0.9534562,0.6961492,1.860624318,1.509949268,283.7021859,7.772891658,0.006731617,4.473324615,100513.8787,323.9325984,120.3383844,66.90311432,4.698286533,22.70000076,19,45,36,1.419999957,27,39,34,1.360000014,33,0.01,2.762280056,125.1209151,1001,0,Triassic Sandstone,loam,loam
79,Annual,518302,448799,53.921812,-0.200043,0.70428723,0.70157504,0.85558414,0.831662465,1.0461767,0.74296135,0.24758005,0.35101277,0.68779993,0.711249833,1.2122943,0.47213033,1.761829132,1.456948586,283.2147232,6.699781022,0.006582028,4.824029507,100914.8492,320.0631503,119.5338798,19.15652275,1.215430617,6.399999619,19,37,44,1.409999967,31,31,38,1.330000043,550,0.015,25.91513592,105.0961988,51,0,Chalk,loam,clay loam
82,Annual,427625,287725,52.48674,-1.594605,0.8826202,0.9325433,0.9399886,0.952502011,1.0006828,0.9692023,-0.03933072,0.6744489,0.6766144,0.651852803,0.97306925,0.9739251,2.03543264,1.476348369,283.2553545,8.078422874,0.006550084,4.356141879,99825.81858,321.4211187,117.8008268,118.1890106,3.098351002,3.800003052,22,41,37,1.399999976,29,37,34,1.350000024,300,0.00064,1.146802223,178.8040171,501,3710.9375,Unallocated to aquifers,loam,clay loam
85,Annual,464601,421302,53.684177,-1.023343,0.80003214,0.7057583,0.91684854,0.911711276,1.0381894,0.7203481,0.70245016,0.58691865,0.8929794,0.904236012,0.8919718,0.6159271,1.724808325,1.468676392,283.4262992,7.170043959,0.006558483,4.44135813,101333.7428,321.857515,116.9879701,5.946015835,1.077541709,3.5,19,37,44,1.409999967,31,31,38,1.330000043,33,0.01,1.214954487,140.2040489,51,0,Triassic Sandstone,loam,clay loam
89,Annual,462352,481645,54.22672,-1.045082,0.64864516,0.61403954,0.82824963,0.8605879,0.9956134,0.65438783,0.68969727,0.62250835,0.8552042,0.92026148,0.9994191,0.6513835,2.144030667,1.419791766,282.7708896,7.298685801,0.006378721,3.711484696,100319.1654,318.5060203,120.9635355,71.12849426,6.01686573,25.70000076,51,17,32,1.220000029,52,19,29,1.230000019,0.1,0.02,2.519740571,20.22620447,751,0,Corallian Limestone,clay,clay
90,Annual,386475,262865,52.26377,-2.199586,0.66655314,0.55483747,0.8704146,0.890797365,1.0313116,0.575269,0.60471857,0.5032665,0.8408824,0.871436333,1.0342135,0.53068703,1.830120482,1.522876965,283.9057363,7.772891658,0.00678863,4.463854511,100914.5803,324.8520293,120.3742035,37.08323669,6.494699478,5.5,22,41,37,1.399999976,29,37,34,1.350000024,33,0.01,0.371337496,481.1097267,1001,0,Triassic Sandstone,loam,clay loam
94,Annual,332235,325805,52.825485,-3.007123,0.7968566,0.72300565,0.9235753,0.924209213,1.101552,0.75388706,0.68072355,0.6725605,0.855252,0.843327856,0.9159183,0.71858704,2.028641843,1.420651125,283.4562464,6.964348333,0.006673145,3.852067867,100208.9122,323.4348426,118.0521118,77.65715027,2.241098881,1.599998474,9,78,13,1.600000024,23,64,13,1.429999948,33,0.01,2.50660904,220.7467912,251,0,Triassic Sandstone,sandy loam,sandy clay loam
99,Annual,355825,319105,52.767714,-2.656152,0.79024947,0.9110695,0.9114134,0.894711932,1.0043209,1.0065143,0.60855585,0.8292404,0.8295301,0.834252246,0.9947783,1.0084668,1.831653888,1.423265937,283.5311753,7.561281574,0.006673111,3.765587659,100506.0203,323.6572066,117.6608748,67.76834869,0.685847819,3.599998474,5,89,6,1.700000048,5,89,6,1.700000048,30,0.14,0.178960653,116.0637785,1001,0,Permian Sandstone,sand,sand
107,Annual,419454,172560,51.451688,-1.721421,0.9542877,0.9664949,0.9768857,0.978164102,1.001189,0.9757742,0.9031466,0.8818683,0.9556513,0.953428941,1.0211756,0.8925765,2.106516978,1.424991458,283.4438774,8.146276078,0.006685371,4.347945887,99604.37405,321.1725091,115.4419778,141.0203552,3.681048393,4.5,19,37,44,1.409999967,0,0,0,0,550,0.015,23.71928791,148.7496959,51,0,Chalk,loam,
111,Annual,576126,301843,52.585849,0.598347,0.858476,0.9272977,0.9314092,0.939197512,0.9990278,1.0240853,0.85385716,0.92563283,0.9326103,0.932984686,1.0034816,1.0312592,1.757447973,1.514748191,283.9371567,7.787020949,0.006728615,4.120896593,101269.4926,321.9906274,120.2531564,17.40144539,0.39579463,10.19999981,5,90,5,1.710000038,8,87,5,1.629999995,550,0.015,46.63534513,30.06412326,5001,0,Chalk,sand,loamy sand
116,Annual,415687,146780,51.22,-1.776759,0.77423024,0.8459985,0.9119623,0.916443188,1.0682855,0.89368737,0.64963037,0.8010532,0.8332056,0.820195427,0.9621981,0.89836544,2.053504927,1.475082859,283.9302454,8.146276078,0.006853157,3.588728295,100463.0556,323.0929493,123.968786,78.47982788,1.641875148,4.199996948,19,37,44,1.409999967,0,0,0,0,550,0.015,18.61297705,182.7381644,51,0,Chalk,loam,
117,Annual,415674,146792,51.220108,-1.776945,0.8560115,0.9263367,0.929832,0.933622955,1.0003347,1.0224229,0.7245486,0.911862,0.9307246,0.915572181,0.94619113,1.0085934,2.053504927,1.475082859,283.9302454,8.146276078,0.006853157,3.588728295,100463.0556,323.0929493,123.968786,79.05967712,2.379065037,4.199996948,19,37,44,1.409999967,0,0,0,0,550,0.015,18.6175394,182.2749278,51,0,Chalk,loam,
118,Annual,404780,193710,51.642166,-1.932313,0.29767257,0.626439,0.8308692,0.856653711,1.0639933,1.3268845,-0.6259899,0.71832037,0.8783584,0.910114571,1.2447369,1.0682064,1.860186198,1.440753148,283.800845,7.806790904,0.006788026,3.652046548,100362.2999,323.4089062,119.5111818,83.46429443,0.191424772,0.400001526,22,42,36,1.399999976,25,41,34,1.379999995,0.1,0.06,5.988597057,113.806982,251,0,Oolites,loam,loam
128,Annual,479475,148665,51.231643,-0.863102,0.9019204,0.8594738,0.9538866,0.958643585,0.995232,0.8673415,0.7821402,0.89815104,0.9030776,0.901956767,1.0253756,0.9816885,1.962705362,1.427074733,283.8851581,8.449890581,0.006808466,3.443880902,100427.2445,321.7829931,119.9607737,91.49639893,3.107840776,7,19,37,44,1.409999967,0,0,0,0,550,0.015,19.59968282,517.1250436,251,0,Chalk,loam,
131,Multiannual,572288,171659,51.41776,0.47634,-0.34174216,0.74893165,0.7525898,0.695609653,0.99552196,0.9575367,-2.83839,0.32372743,0.45671743,0.451731597,0.9922842,0.59735,1.649780943,1.47276504,284.2035206,8.545290384,0.006896981,3.629324914,100977.2587,322.2351621,121.569295,56.71195221,1.497074246,24.5,11,80,9,1.570000052,19,72,9,1.480000019,90,0.001,24.47339055,1074.38586,251,0,Chalk,sandy loam,sandy loam
136,Multiannual,552259,226414,51.915438,0.212382,0.8543457,0.8463196,0.9530629,0.945038305,0.9920209,0.8538811,0.76915115,0.67755705,0.9093492,0.894546922,0.9967145,0.69058,1.581106239,1.461786966,283.699007,8.170865377,0.006660219,3.701196744,100328.6079,320.6162787,118.788952,99.39503479,10.81232929,14.79999542,4,87,9,1.730000019,4,88,8,1.74000001,100,0.005,43.26085039,252.0835559,101,0,Chalk,sand,sand
139,Annual,607453,285624,52.42921,1.049995,0.65689164,0.69909334,0.8308201,0.863532737,0.98292553,0.7517442,-2.4471545,0.60903937,0.6275224,0.625426489,1.1050856,0.94461536,1.687732746,1.580856464,283.7854632,7.481927803,0.00669666,5.110700672,100921.7433,320.5228896,121.5999924,51.03430939,0.415271312,0,22,41,37,1.399999976,29,37,34,1.350000024,550,0.015,80.26077029,81.06147605,5001,8.77319622,Chalk,loam,clay loam
143,Annual,552677,163876,51.353447,0.191201,0.8641701,0.88513255,0.93082243,0.946971384,1.015632,0.90964323,-0.14207292,0.5885308,0.7693827,0.789515534,1.1485342,1.3066976,1.862705366,1.504126994,284.0814532,8.545290384,0.006863022,3.532449297,100730.0791,321.8434722,125.4257969,46.84046936,6.628939629,1.599998474,9,77,14,1.600000024,17,67,16,1.480000019,550,0.015,16.39938893,387.0153468,1,0,Chalk,sandy loam,sandy loam
146,Annual,433405,153605,51.280609,-1.522434,0.4516976,0.8690029,0.89995044,0.914515328,0.9935679,0.9156865,-1.1014566,0.8090028,0.8185512,0.824165559,0.9920259,0.9409033,2.277929899,1.526114043,283.2432422,8.146276078,0.006631776,5.048969182,99111.99449,319.6531516,122.9230293,200.5324402,3.674587965,18.8999939,22,42,36,1.399999976,25,41,34,1.379999995,550,0.015,34.56270198,105.1835938,1,0,Chalk,loam,loam
151,Annual,446155,152255,51.267583,-1.339817,0.9043855,0.8706835,0.95404,0.961370044,1.0031735,0.8791683,0.9296826,0.888132,0.97009426,0.960299173,1.0131489,0.8930086,2.112102958,1.504572999,283.6728276,8.427272862,0.006751586,4.259260917,100011.8782,321.4346801,123.1500028,104.7096481,6.08608675,9.900001526,19,37,44,1.409999967,0,0,0,0,550,0.015,37.07334892,85.92842909,1,0,Chalk,loam,
153,Annual,401936,206076,51.753367,-1.973348,0.87497735,0.8371057,0.9400923,0.954143606,1.0187055,0.8496816,0.7486868,0.67503154,0.9487097,0.955762001,0.793805,0.7541197,2.309309963,1.478261465,283.3965685,7.806790904,0.006663631,3.665536332,99620.83809,321.7031673,124.2880762,123.4022064,1.677462578,0,22,42,36,1.399999976,0,0,0,0,184,0.02,4.419534381,194.6280935,51,0,Oolites,loam,
157,Multiannual,557690,167110,51.381135,0.264566,0.4684949,0.7447625,0.8569563,0.815858695,0.9955856,0.7886598,-0.033817887,0.7621561,0.844066,0.80327508,1.0041659,0.82045585,1.70640745,1.482532048,283.9003305,8.545290384,0.006804748,4.314099311,100371.1792,320.9554519,118.5579835,104.5039063,3.228269339,8.199996948,24,48,28,1.399999976,34,41,25,1.330000043,550,0.015,16.64911602,398.7543659,1,0,Chalk,sandy clay loam,clay loam
164,Decadal,334360,392220,53.422661,-2.989207,0.9219843,0.9239187,0.9605776,0.957497131,0.9997532,0.93493086,-11.449583,0.177522,0.32339838,0.372047842,0.95948774,0.5341274,2.26993428,1.4334808,283.5335003,6.877820409,0.006639741,4.460422006,101068.2013,324.0046103,114.452974,18.92000008,0.511613369,0,19,37,44,1.409999967,31,31,38,1.330000043,33,0.01,4.288917043,5253.566562,101,0,Triassic Sandstone,loam,clay loam
170,Multiannual,414935,236635,52.027922,-1.783724,0.79424083,0.78510076,0.8996126,0.900548628,1.0114105,0.810334,0.4719264,0.65852034,0.7375494,0.697951086,0.97393024,0.7830958,2.201369113,1.486694874,282.6738169,8.078422874,0.006422,5.137881642,98309.42605,318.4334692,118.8840482,223.177536,4.186089993,0,22,42,36,1.399999976,0,0,0,0,20,0.0015,4.617745516,89.72379056,501,0,Triassic Sandstone,loam,
183,Annual,331455,412895,53.608095,-3.037443,0.87833846,0.8726181,0.94689643,0.954555376,1.0342327,0.8893942,0.4476788,0.81034994,0.94054586,0.938399539,0.846139,0.9064138,2.36286966,1.442798336,283.5159739,6.855202712,0.006621917,4.423502018,101012.0595,323.9741524,114.9868724,12.58535576,1.128607273,3.699999809,6,79,15,1.659999967,6,79,15,1.659999967,33,0.01,3.890955407,967.4226659,1,859.6873169,Triassic Sandstone,loamy sand,loamy sand
198,Annual,454968,202040,51.714399,-1.205771,0.6175711,0.794804,0.80295,0.826815594,1.0091404,0.9434954,-2.79227,0.34494317,0.86965895,0.860477041,1.0890875,1.6357598,1.575848849,1.459395761,283.9417424,7.847316624,0.006780013,3.527071591,100750.0911,323.3797584,119.8601377,61.6640625,1.743529677,0,49,19,32,1.24000001,51,18,31,1.230000019,700,0.0005,6.364006219,1296.275839,251,0,Corallian Limestone,clay,clay
199,Multiannual,409685,343975,52.993009,-1.857154,0.78682375,0.75899565,0.8941345,0.897494938,1.0086603,0.78366625,-0.16065764,0.47689545,0.6804225,0.69142006,0.96051383,1.4122521,2.503723986,1.457611449,282.8239338,7.60476465,0.006411557,3.604560677,99361.98437,319.8677487,123.1761362,117.265274,22.43667221,0,22,42,36,1.399999976,25,41,34,1.379999995,33,0.01,0.193519238,76.27861278,51,0,Triassic Sandstone,loam,loam
201,Annual,412835,196695,51.66888,-1.815801,0.7774425,0.7382176,0.89114964,0.887660403,0.9994554,0.76192373,0.6501788,0.8591006,0.9213167,0.931913887,1.0784703,0.9133773,1.829846656,1.44795728,283.8558121,7.806790904,0.006794074,3.625636358,100491.2032,323.5896878,119.7354865,77.45097351,1.90690434,2.5,19,41,40,1.419999957,19,44,37,1.419999957,0.1,0.06,0.698360077,102.2323306,251,0,Oolites,loam,loam
208,Multiannual,577589,163996,51.347292,0.548667,0.74930954,0.66121316,0.9025209,0.890292503,0.9959208,0.67556584,0.49406874,0.3802225,0.81432354,0.770208843,0.99750996,0.40869462,1.92809419,1.473495068,283.9302469,7.604655088,0.006838891,4.386330236,100272.4425,320.8547403,118.0009821,77.01148224,1.07695508,0,22,41,37,1.399999976,29,37,34,1.350000024,550,0.015,20.99154549,2323.999256,251,0,Chalk,loam,clay loam
212,Annual,495770,459389,54.021611,-0.539688,0.8684692,0.8466371,0.93486506,0.960704439,0.99861115,0.8611634,0.8574114,0.76367617,0.9427445,0.960877083,0.99235594,0.7708445,2.05125958,1.430256391,282.960595,7.124206013,0.006474843,3.904746439,100454.7973,319.0859143,121.2497749,42.91136932,2.166847944,3.299999237,19,37,44,1.409999967,0,0,0,0,550,0.015,12.49834141,36.34496131,51,0,Chalk,loam,
215,Annual,539286,110151,50.874079,-0.021704,0.9398091,0.9106441,0.9710746,0.974245637,0.9980013,0.9154791,0.9401456,0.87206095,0.9748294,0.963649738,0.9979823,0.87457776,2.569605697,1.515263682,284.0234199,6.292935412,0.006973302,4.154124954,100466.8641,321.1422448,128.649225,39.60405731,5.538887501,0,19,37,44,1.409999967,0,0,0,0,550,0.015,8.541541122,355.4582339,1,83.046875,Chalk,loam,
216,Annual,561311,266770,52.275407,0.362962,0.7863471,0.9195095,0.92627954,0.924751245,0.99565184,0.96798563,0.7540074,0.7844678,0.9061553,0.866971381,0.9964255,0.8060066,1.494304489,1.5174097,284.0416214,8.084611253,0.00674239,3.877482833,101298.374,322.4407196,120.7636216,27.78457069,3.071474552,20,8,76,16,1.610000014,8,76,16,1.116897106,550,0.015,49.22736176,337.0170208,5001,0,Chalk,sandy loam,sandy loam
227,Annual,513965,108505,50.864826,-0.381931,0.13692522,0.54363096,0.6534484,0.711325631,0.9966287,0.7030782,-0.7563853,0.08994496,0.39302298,0.552107914,0.9928202,0.32196835,2.324151147,1.462951549,283.8610151,6.292935412,0.006891824,4.890391678,100144.55,320.4711682,119.0361029,128.1636658,5.773172379,40.90000153,19,37,44,1.409999967,31,31,38,1.330000043,550,0.015,19.05303409,897.953891,1001,0,Chalk,loam,clay loam
230,Annual,418175,167485,51.406099,-1.740086,0.8915814,0.9282817,0.94622225,0.956300604,0.99753296,0.95261526,0.8648824,0.8139426,0.9366962,0.936614628,0.9997782,0.8250438,2.221851037,1.394601764,283.3169646,8.146276078,0.006652855,3.592794117,99324.95113,320.5073551,118.1628287,165.2292175,3.182320356,0,22,41,37,1.399999976,29,37,34,1.350000024,550,0.015,20.92693362,160.3575095,51,0,Chalk,loam,clay loam
232,Annual,507065,102705,50.814006,-0.481634,0.7090868,0.70979834,0.8473525,0.871318743,0.9978631,0.7531995,0.70299596,0.7779872,0.84093076,0.821089864,1.0142543,0.8457831,1.974260677,1.496369762,284.4840557,6.292935412,0.007084656,4.128549653,101398.7209,323.3536124,123.477586,7.614554882,0.125360832,0.700000286,24,47,29,1.389999986,34,39,27,1.330000043,550,0.015,21.63607317,1581.954882,1001,0,Chalk,loam,clay loam
233,Annual,621914,158529,51.282648,1.180793,0.33874458,0.48383826,0.88381904,0.885807708,1.0854236,1.4956173,-0.5069773,0.501188,0.8467606,0.810769557,1.2468098,1.4054918,1.736418397,1.49827787,284.4450618,6.701862052,0.00708118,3.875321893,101151.4296,323.065309,124.9962449,5.79953146,0.209874511,1.899999619,22,41,37,1.399999976,29,37,34,1.350000024,550,0.015,39.74744827,195.4747745,1001,0,Oolites,loam,clay loam
234,Decadal,406085,343255,52.986589,-1.9108,0.36487222,0.40428352,0.6065266,0.486562008,1.0002608,0.55272496,-2.4717178,0.33834493,0.47342402,0.623637922,0.96868795,0.6005973,2.552354876,1.476330685,282.9025455,7.60476465,0.00643657,3.609623992,99509.68715,320.2875155,123.919769,109.832901,31.67957115,0,20,42,38,1.409999967,20,45,35,1.419999957,33,0.01,0.342651929,135.2234448,51,0,Triassic Sandstone,loam,loam
246,Multiannual,463335,389875,53.401896,-1.04886,0.14699739,0.31874925,0.44767228,0.436517943,0.99184155,0.6012917,0.026869237,0.6011839,0.6347129,0.590893888,0.993069,1.1599201,1.661719609,1.423154573,283.5438225,7.156845677,0.006591239,3.660943283,101279.6898,322.4986397,116.1553673,11.50585938,4.294807911,0,5,89,6,1.700000048,5,89,6,1.700000048,33,0.01,0.220188851,222.9472379,2501,0,Triassic Sandstone,sand,sand
248,Annual,501050,457019,53.999313,-0.459914,0.8564768,0.85651577,0.93557715,0.949252915,0.9704425,0.87524664,0.6467575,0.6077152,0.8285072,0.872144728,1.0209552,0.64781004,1.826998907,1.430029672,283.1592256,6.475027417,0.006537645,3.93904966,100689.3211,319.9696522,119.9815325,19.38921928,0.258103907,1.700000763,22,41,37,1.399999976,29,37,34,1.350000024,550,0.015,16.69321431,148.3573323,51,0,Chalk,loam,clay loam
253,Annual,554105,170672,51.414123,0.214639,0.8333329,0.8516478,0.91510296,0.924346425,1.0040274,0.8784092,0.43262613,0.809607,0.82767045,0.819871044,1.0266366,0.9235658,1.667907995,1.434214513,284.1867407,8.545290384,0.006879809,3.55282585,100970.786,322.3915922,117.9320733,22.91054726,0.499783307,0,5,90,5,1.710000038,8,87,5,1.629999995,550,0.015,11.64140807,1362.177435,1,0,Lower Greensand,sand,loamy sand
263,Annual,524940,203960,51.720449,-0.192679,0.77301186,0.8110864,0.9100301,0.893637714,0.9940988,0.83399177,0.30295104,0.6388016,0.7966378,0.716223679,0.9869053,0.7017782,1.737951805,1.493783501,283.745483,7.941128241,0.006694012,4.305767121,100315.4073,321.151896,117.6734909,110.5442734,4.990694523,29.09999847,22,41,37,1.399999976,29,37,34,1.350000024,100,0.005,28.83197276,683.1850395,101,0,Chalk,loam,clay loam
275,Multiannual,508420,211120,51.788235,-0.429499,0.88144815,0.8621962,0.94224477,0.938567854,0.9974755,0.87490916,0.84955335,0.88777596,0.947651,0.967846457,0.9938041,0.9009282,1.724698797,1.529457484,283.5752551,7.941128241,0.006640968,4.289075075,100033.6551,320.7405034,121.6938776,127.1229324,2.813300133,11.40000153,24,48,28,1.399999976,34,41,25,1.330000043,550,0.015,30.84269048,797.5709818,101,0,Chalk,sandy clay loam,clay loam
278,Annual,547208,101122,50.790978,0.08719,0.6660329,0.81821597,0.8388835,0.820993345,1.0071503,0.91612345,0.012890756,0.80401146,0.9059154,0.868916365,1.0301576,0.8307398,1.995673604,1.422240028,284.3036907,6.103997887,0.007105243,4.15025643,100978.8102,322.36978,120.7098002,8.557402611,4.328362465,0,22,42,36,1.399999976,25,41,34,1.379999995,550,0.015,11.71584538,732.0786994,1,0,Chalk,loam,loam
284,Annual,455860,117070,50.950362,-1.20616,0.57651055,0.5983933,0.7655773,0.812629763,1.0851549,0.6852269,0.44588178,0.20778441,0.76536024,0.749375489,1.7420734,0.8520338,2.323548743,1.470149274,284.2587951,6.406078896,0.006962699,3.451858992,101014.1297,323.2985309,124.2981081,30.26263237,3.686888218,0,19,37,44,1.409999967,31,31,38,1.330000043,520,0.005,46.46935319,247.4097858,101,0,Chalk,loam,clay loam
295,Annual,432275,186275,51.574418,-1.535669,0.78768885,0.7551417,0.8953287,0.913168909,1.0011601,0.7786448,0.78779465,0.7731128,0.8978671,0.910447896,1.0047222,0.79745543,1.84129244,1.426969731,283.2078569,7.806790904,0.006594962,4.317875158,99130.86745,320.05395,115.5509462,203.5362396,0.626265943,17,22,41,37,1.399999976,29,37,34,1.350000024,550,0.015,21.10739165,72.85110005,51,0,Chalk,loam,clay loam
299,Multiannual,629311,331030,52.827962,1.402414,0.5899924,0.68229306,0.778341,0.750049258,1.0069458,0.77250266,0.35982233,0.887415,0.89172167,0.90769526,1.0292463,0.9902154,1.807612269,1.575435057,283.7519963,7.324315532,0.006775521,5.631958328,101165.4517,320.6767552,123.6974491,17.10412979,1.85874331,4.700000763,11,80,9,1.570000052,19,72,9,1.480000019,400,0.075,98.26214746,252.6477799,1001,28128.38281,Crag,sandy loam,sandy loam
310,Annual,356005,320305,52.778515,-2.653646,0.6621079,0.82010466,0.8546048,0.873683032,1.0040921,1.1058636,0.7327619,0.87058127,0.91834134,0.912133505,1.0219826,0.9020357,1.856790805,1.422786295,283.5141609,7.561281574,0.006667506,3.764130154,100479.1393,323.5808418,117.6836588,63.30538559,2.48537755,3.200000763,9,77,14,1.600000024,17,67,16,1.480000019,30,0.14,0.881883815,78.52236149,1001,0,Permian Sandstone,sandy loam,sandy loam
313,Multiannual,379555,275845,52.380246,-2.301773,0.41249657,0.35025233,0.7029723,0.72511617,1.0061326,0.42215222,-0.17683923,0.1672566,0.22485709,0.24953626,1.0055581,0.6957256,1.933077763,1.466112988,283.8693115,7.772891658,0.006776392,3.724894373,100927.9804,324.841394,120.1962058,35.30760574,4.092895031,3.799999237,10,75,15,1.580000043,15,68,17,1.50999999,30,0.14,1.007688316,878.0579674,251,0,Unallocated to aquifers,sandy loam,sandy loam
315,Annual,544838,111828,50.887786,0.057817,0.7738515,0.84344023,0.8819742,0.898459598,1.0437572,0.9069087,0.70776415,0.8342737,0.8509555,0.891915205,1.0537717,0.95142514,2.44671413,1.393986449,284.2824181,6.103997887,0.007056984,3.407119551,100942.9273,322.3684698,120.4459119,22.56301117,1.283045888,1.900001526,22,42,36,1.399999976,25,41,34,1.379999995,550,0.015,2.993495964,245.9796552,1,0,Chalk,loam,loam
328,Multiannual,470625,399765,53.489853,-0.937017,0.63779515,0.6971014,0.80789495,0.805120946,1.0264956,0.76731914,0.25873184,0.65221524,0.6607785,0.560098476,0.9665535,0.93098,1.683515882,1.482199822,283.537141,7.722836944,0.006592387,4.449299814,101366.8238,322.3449434,117.1637496,0.807346106,0.156971052,0.5,10,76,14,1.580000043,26,60,14,1.409999967,33,0.01,4.659315238,127.2376673,2501,0,Triassic Sandstone,sandy loam,sandy clay loam
334,Multiannual,453765,173045,51.453837,-1.227613,0.84062934,0.8249883,0.91997534,0.92986785,0.9987364,0.84436244,0.71849775,0.7865143,0.90540004,0.923987407,1.030169,1.1889936,1.91686747,1.469234886,283.8923237,8.427272862,0.006791588,3.506018638,100550.2343,322.7216677,122.2366098,74.31488037,0.448367774,0,51,17,32,1.220000029,52,19,29,1.230000019,550,0.015,20.22135305,159.8698208,51,0,Chalk,clay,clay
341,Multiannual,460046,422932,53.699368,-1.091986,0.94455576,0.93568945,0.9723592,0.947130631,0.9997991,0.9419336,-12.3643465,0.22100765,0.553202,0.612268874,1.1529856,1.6195201,1.699780942,1.469464217,283.4153874,7.170043959,0.006552165,4.421662555,101315.482,321.8775626,117.0677505,4.519355297,3.794411659,0,21,39,40,1.399999976,21,41,38,1.399999976,33,0.01,0.280319648,106.6328754,251,0,Triassic Sandstone,loam,loam
343,Annual,443416,173940,51.46277,-1.376432,0.9605941,0.95304155,0.98036957,0.98409477,0.9999344,0.95734215,0.8690122,0.93817973,0.94159985,0.940348208,1.0109533,1.0170652,1.853176346,1.45295871,283.6706347,8.427272862,0.006732923,3.526985435,100105.8303,321.8490857,121.9435778,110.2136612,5.429123878,0,24,48,28,1.399999976,34,41,25,1.330000043,550,0.015,29.98477362,62.45016797,51,0,Chalk,sandy clay loam,clay loam
344,Annual,598759,286938,52.444235,0.923082,0.53227484,0.52978265,0.9268114,0.948118306,1.0433346,1.4624656,-0.057903886,0.30856365,0.93570507,0.928028563,1.113903,1.6789593,1.745345014,1.540011483,283.9733492,8.134556528,0.006744283,4.265089877,101340.7304,321.5904962,122.052391,18.97187424,0.975905776,3.700000763,5,90,5,1.710000038,8,87,5,1.629999995,550,0.015,71.51354397,59.80272818,5001,0,Chalk,sand,loamy sand
352,Multiannual,381095,299785,52.595518,-2.280517,0.83081347,0.82806915,0.91394573,0.909168798,0.9992896,0.8511583,0.75027144,0.7836928,0.8856947,0.861529582,1.0044143,0.81641656,1.861719604,1.41517515,283.5336977,7.783296916,0.006662363,3.701799681,100390.3112,323.3817917,116.4651526,94.55975342,1.816493988,12.70000458,9,77,14,1.600000024,17,67,16,1.480000019,33,0.01,1.262120573,209.216954,1001,0,Triassic Sandstone,sandy loam,sandy loam
357,Annual,461048,132026,51.084309,-1.129802,0.92587185,0.92151624,0.9629331,0.973270421,1.0032856,0.9309004,0.83642495,0.81959796,0.92038363,0.916471077,0.9929749,0.83827144,2.362486305,1.439690307,283.9573218,8.427272862,0.006853171,3.456072194,100504.2479,322.1283251,122.053179,80.40840912,3.812104464,1.899993896,19,37,44,1.409999967,0,0,0,0,550,0.015,40.66985296,93.507419,1,0,Chalk,loam,
365,Annual,522055,361935,53.140583,-0.176762,0.46006477,0.76801586,0.77714884,0.838513093,1.0364285,1.0531781,-0.3712399,0.7401051,0.81436074,0.813876473,1.173772,0.9462734,1.71056955,1.510949407,283.6435902,7.04030681,0.0066459,4.650767537,101197.41,322.0047944,118.5167504,15.57534409,0.82957226,0,9,80,11,1.600000024,22,68,10,1.450000048,0.1,0.02,14.87463534,131.9030205,751,0,Oolites,loamy sand,sandy clay loam
366,Annual,522135,361785,53.139217,-0.175624,0.55107474,0.81808907,0.8314503,0.867666687,0.9583747,1.0543199,0.5674919,0.8332856,0.8603851,0.882976005,1.0695274,0.9411205,1.717524644,1.514826184,283.6325227,7.04030681,0.006643581,4.657171307,101175.2153,321.9358792,118.9659057,14.74739456,0.721139789,2.199999809,9,80,11,1.600000024,22,68,10,1.450000048,0.1,0.02,14.99186046,134.0513054,751,0,Oolites,loamy sand,sandy clay loam
367,Annual,522355,362345,53.144198,-0.172123,0.65769064,0.7251358,0.8930665,0.914077691,1.0041307,1.253184,0.49610698,0.7711574,0.77968395,0.875378291,0.98646504,0.9396179,1.732858706,1.509167278,283.5961297,7.04030681,0.006633912,4.659551922,101110.3846,321.767395,118.6720777,20.8289299,1.751345158,9.699999809,9,80,11,1.600000024,22,68,10,1.450000048,0.1,0.02,15.06340768,124.9738445,751,0,Oolites,loamy sand,sandy clay loam
369,Annual,522305,363505,53.154631,-0.172428,0.5039249,0.78562415,0.876679,0.873456784,1.1364594,0.8898766,0.49897742,0.6430865,0.7140174,0.747202737,0.98130524,0.78727937,1.74403067,1.504397205,283.5876897,7.04030681,0.006632106,4.6619321,101102.6365,321.7311186,118.2406421,18.5412426,0.337021559,2.599998474,9,78,13,1.600000024,23,64,13,1.429999948,0.1,0.02,14.78657318,107.8357307,751,0,Oolites,sandy loam,sandy clay loam
372,Annual,556267,263365,52.246275,0.287521,0.80116934,0.90260786,0.90452147,0.922742837,0.996404,0.9811306,0.5657897,0.90059984,0.9041108,0.839538883,0.9864401,0.9776024,1.478368019,1.493455522,284.0769515,8.084611253,0.006751884,3.836121728,101352.3701,322.6828106,118.5305032,15.38433552,1.381528258,13.50000095,10,82,8,1.590000033,17,75,8,1.5,550,0.015,46.73096157,129.179411,5001,0,Chalk,loamy sand,sandy loam
375,Annual,430060,169400,51.422814,-1.569062,0.086655736,0.45258915,0.88005906,0.915459399,0.9965373,1.5341021,0.13086689,0.572062,0.74048173,0.85291408,1.0012535,1.3402685,1.981215769,1.493965948,283.4509924,8.146276078,0.006681893,4.315926028,99603.29279,320.9868566,122.0551253,163.1639099,2.385558128,40.00000763,22,41,37,1.399999976,29,37,34,1.350000024,550,0.015,32.46010018,92.45910653,51,0,Chalk,loam,clay loam
382,Decadal,430800,107988,50.870575,-1.563655,0.9299169,0.84616613,0.9722073,0.961271844,1.0006914,0.8487006,0.7096075,0.7140348,0.8679671,0.863435437,0.9783709,0.7472656,2.388608985,1.516310738,284.3074549,7.617962865,0.006993234,4.26200949,101055.6351,323.7508148,123.4983321,38.00640869,2.889840126,11.20000076,4,87,9,1.730000019,4,88,8,1.74000001,75,0.05,30.76528695,87.05778363,251,0,Chalk,sand,sand
385,Annual,434544,172256,51.448238,-1.504298,0.94026065,0.93663824,0.9718212,0.975823749,0.99592924,0.9433957,0.82402015,0.8419678,0.94097286,0.938184865,1.0108142,0.8538053,1.904819276,1.496604517,283.4562342,8.146276078,0.006677248,4.304089383,99627.8011,320.974802,122.2635126,138.9803925,0.808099985,0,24,48,28,1.399999976,34,41,25,1.330000043,550,0.015,33.07525359,90.07322585,51,0,Chalk,sandy clay loam,clay loam
394,Annual,445373,466558,54.092919,-1.307761,0.84123874,0.837453,0.9206728,0.928381402,0.9956077,0.8581946,0.67896426,0.879937,0.9065948,0.900551527,1.0271754,0.9296318,1.815443594,1.445640429,283.17317,7.298685801,0.006471754,4.377868685,100984.4733,320.747401,116.2836706,16.70097733,1.009135365,3.400000572,5,89,6,1.700000048,5,89,6,1.700000048,33,0.01,2.042599387,67.90283002,251,0,Triassic Sandstone,sand,sand
395,Annual,638320,313500,52.66677,1.523146,0.43755668,0.7130289,0.73553395,0.724547086,1.0910528,0.93581915,-0.32318985,0.5562614,0.73647815,0.789987074,1.3551028,1.0369568,1.702300112,1.606671072,283.9354646,6.690909165,0.006808099,5.658905664,101350.1435,321.1374271,123.8584762,0.519332051,0.477496058,0,40,20,40,0.275924206,27,47,26,0.282238722,400,0.075,109.0285002,124.8036082,1001,0,Crag,silty clay loam,sandy clay loam
397,Annual,436155,148055,51.230539,-1.483567,0.91713995,0.8729689,0.962067,0.969630968,0.9957558,0.8788398,0.8351865,0.9232688,0.9301135,0.916755836,0.98767275,0.97081923,2.026122671,1.459881211,283.8993632,8.427272862,0.006827714,3.525808361,100454.1211,322.610854,122.8443034,81.86170959,1.673288703,19.8999939,19,37,44,1.409999967,0,0,0,0,550,0.015,33.16884987,654.7802013,1,0,Chalk,loam,
404,Annual,639430,313860,52.669512,1.539789,0.5673559,0.5070232,0.7942643,0.84400543,0.9236981,0.5585529,0.50348806,0.35914642,0.8301805,0.857478438,1.4689535,0.5975815,1.702957284,1.570529578,283.9508318,6.690909165,0.006814042,4.918113564,101380.8664,321.1969223,124.4020954,-0.626980543,0.168305218,0.399999976,49,19,32,1.24000001,47,21,32,1.24000001,400,0.075,110.1630898,119.937709,1001,0,Crag,clay,clay
408,Annual,537980,212960,51.798266,-0.000452,0.47144586,0.39705294,0.7781502,0.739614876,0.99815047,0.43935603,0.01807028,0.11821383,0.6336958,0.711588158,0.9900468,0.19796012,1.520043811,1.506905721,284.0929768,7.941128241,0.006784791,3.60666905,101055.2991,322.6496564,122.3817353,42.43677902,11.71886349,15.30000114,54,22,24,1.230000019,44,34,22,1.279999971,550,0.015,32.38028443,791.7629537,101,523802.5938,Chalk,clay,clay
409,Annual,423870,173807,51.462732,-1.657788,0.8235884,0.7551387,0.92008495,0.927978399,0.9998928,0.7685469,0.84671676,0.7714221,0.9340288,0.931799553,1.0020405,0.7811589,2.165772177,1.47987741,283.1529285,8.146276078,0.006595995,4.336045063,99025.98477,319.7444517,122.3858614,211.9088745,3.35795331,28.80000305,22,41,37,1.399999976,29,37,34,1.350000024,550,0.015,25.3451062,36.89665216,51,0,Chalk,loam,clay loam
421,Multiannual,459149,418024,53.655362,-1.106504,0.84992075,0.84784836,0.92545766,0.914881739,0.993594,0.8675157,-4.2928896,0.55490047,0.5753001,0.545253166,1.1178559,0.9379261,1.693592549,1.472712547,283.4385266,7.170043959,0.006558738,4.419588889,101327.0022,321.9998365,117.1589593,5.384476662,1.013658166,2.299999714,51,17,32,1.220000029,52,19,29,1.230000019,33,0.01,3.827292356,129.0978367,51,0,Triassic Sandstone,clay,clay
425,Multiannual,355695,325825,52.828108,-2.658992,0.8263301,0.8861096,0.9097846,0.91262207,1.0007513,0.9304934,0.30741304,0.63698274,0.8247559,0.831122548,1.0041358,1.3179001,1.964841181,1.437588408,283.4466103,7.561281574,0.006644518,3.756716318,100380.5712,323.2812751,119.4251836,78.35467529,3.559056759,14.1000061,5,89,6,1.700000048,5,89,6,1.700000048,30,0.14,1.304997051,75.46989286,1001,0,Permian Sandstone,sand,sand
445,Multiannual,548828,161628,51.334268,0.135029,0.8081688,0.8977158,0.9183216,0.918834956,0.9963343,0.93854153,0.42730546,0.59053445,0.7965974,0.774140815,1.0066501,0.6446908,2.070536696,1.462163089,283.5319419,8.545290384,0.006702904,4.271706838,99618.2541,319.272166,119.027352,154.7189484,1.212004066,7.900009155,22,41,37,1.399999976,29,37,34,1.350000024,550,0.015,15.027078,632.0047297,1,0,Chalk,loam,clay loam
447,Decadal,373595,228665,51.955832,-2.385642,0.47212976,0.57742834,0.6982167,0.690499771,0.9967269,0.7042261,-0.05254829,0.14645582,0.46535733,0.449382273,1.011229,0.33474225,1.967305589,1.524527973,283.8247727,7.50607898,0.006803664,4.529256465,100576.4143,324.3085305,122.3840133,72.47563171,1.953407645,26.69999695,19,45,36,1.419999957,27,39,34,1.360000014,33,0.01,1.249333258,111.6222095,101,17.41145897,Triassic Sandstone,loam,loam
460,Annual,564223,251597,52.138255,0.398251,0.09227306,0.8125186,0.8126106,0.804120482,0.9953713,0.9963882,0.5106163,0.7080631,0.7913136,0.768088274,0.99802876,0.79586273,1.672782038,1.528473676,283.5351997,8.084611253,0.006600953,4.601366865,100144.4449,319.834925,119.0973029,115.5661316,0.730939806,9.5,49,19,32,1.24000001,51,18,31,1.230000019,550,0.015,60.2206241,76.44172174,1001,0,Chalk,clay,clay
467,Annual,416534,171759,51.444578,-1.76348,0.94917643,0.9381356,0.97501945,0.975906567,1.0084183,0.9440332,0.91767216,0.8533451,0.97288835,0.973591565,1.0388484,0.8612074,2.138225625,1.434479638,283.4035446,8.146276078,0.006676858,3.601612738,99518.24663,321.0155571,121.3771363,146.2315216,3.235126019,6.800003052,22,41,37,1.399999976,29,37,34,1.350000024,550,0.015,20.72758718,155.8186848,51,0,Chalk,loam,clay loam
473,Decadal,439486,472957,54.15091,-1.39693,0.8848068,0.905778,0.94157165,0.942860904,0.99532694,0.92623204,0.8347137,0.90906096,0.92326546,0.903689805,1.0040603,1.0486375,1.884501647,1.447041697,283.1381308,7.298685801,0.006456575,4.353237006,100958.6183,320.6425709,116.6193653,23.68450737,1.391286016,6,10,82,8,1.590000033,17,75,8,1.5,33,0.01,1.092191798,61.90922163,251,0,Triassic Sandstone,loamy sand,sandy loam
476,Multiannual,497340,188104,51.583392,-0.596496,0.9367707,0.9355432,0.9702192,0.970658635,0.99677366,0.94292706,0.6142905,0.8897628,0.9325659,0.924298461,0.9849863,0.91409695,1.805147866,1.442163143,283.8495749,8.154764635,0.006745723,3.487182316,100475.6412,321.947351,119.0051492,85.54277039,0.514302075,0,22,42,36,1.399999976,25,41,34,1.379999995,520,0.005,25.86123708,543.8728815,101,1918.977539,Chalk,loam,loam
479,Annual,553847,248319,52.111791,0.245284,0.9143487,0.85830414,0.9611986,0.961434661,0.99815893,0.8637333,0.8223277,0.8194194,0.9720217,0.9666768,0.94306046,0.8309313,1.479682365,1.484212371,284.0032063,8.084611253,0.006734592,3.771878718,101087.7207,322.2523472,118.5273444,33.49882889,0.414654613,4,8,76,16,1.610000014,8,76,16,1.116897106,550,0.015,55.13639767,108.2565561,5001,0,Chalk,sandy loam,sandy loam
480,Annual,465785,117755,50.955476,-1.064766,0.9027545,0.8764985,0.95245427,0.958554115,1.0002097,0.8860178,0.899189,0.8290247,0.957395,0.95422276,1.0095377,0.8346931,2.571905803,1.457951367,283.9052582,6.406078896,0.006858025,3.432196867,100297.8626,321.4597283,124.8073807,102.8194199,5.609148026,13,22,41,37,1.399999976,29,37,34,1.350000024,550,0.015,36.57953766,147.6304416,101,0,Chalk,loam,clay loam
481,Annual,446427,441784,53.870182,-1.295414,0.8501122,0.83234334,0.934595,0.931031511,0.9958368,0.845684,0.79917955,0.8164143,0.91098994,0.795394771,0.9942858,0.83953786,1.940525736,1.443619288,283.1066905,7.170043959,0.006457407,4.378981707,100841.1617,320.5421773,116.4848479,54.3529892,0.504333079,29.90000153,22,42,36,1.399999976,25,41,34,1.379999995,260,0.01,0.526383154,193.1515843,501,0,Magnesian Limestone,loam,loam
490,Annual,463605,140495,51.160175,-1.091809,0.86222637,0.88243014,0.9303049,0.93324882,0.9986835,0.90532464,0.14634722,0.9215094,0.9484274,0.907707822,1.0166141,0.94321156,2.288389921,1.453058627,283.5385123,8.427272862,0.00671908,4.213703436,99687.44416,320.2609607,119.2179806,158.4697418,2.372224331,21.20001221,22,42,36,1.399999976,25,41,34,1.379999995,550,0.015,37.44265743,88.45793184,1,0,Chalk,loam,loam
494,Annual,567377,272459,52.324693,0.454611,0.9479694,0.97338086,0.97419775,0.96814718,0.99954605,1.0065303,0.22813171,0.6709278,0.68722105,0.653021361,0.9730026,0.9013667,1.424370208,1.510490167,284.064859,8.084611253,0.006750546,3.93949619,101388.7842,322.4862773,119.7326205,13.35249996,0.221325278,5.600000381,5,90,5,1.710000038,8,87,5,1.629999995,550,0.015,49.96676794,128.8474127,5001,3945.994873,Chalk,sand,loamy sand
498,Annual,328085,408245,53.565855,-3.087294,0.865694,0.92754805,0.9386374,0.907949779,1.0046054,0.9617582,-0.39446723,0.86242115,0.86731553,0.801091721,0.965155,0.9895833,2.288444688,1.484524565,283.5589345,6.855202712,0.006641428,5.202722629,101060.7232,324.1948393,114.5799559,14.97536755,6.597689152,14.60000038,7,85,8,1.649999976,7,84,9,1.649999976,33,0.01,3.680077336,688.1714774,101,1094.307739,Triassic Sandstone,loamy sand,loamy sand
503,Decadal,546317,205512,51.72923,0.117229,-2.4459496,0.4063071,0.623438,0.505502371,0.990224,0.54111487,-5.159634,0.50635237,0.6381699,0.715228132,0.9904137,0.6643313,1.670700983,1.533590538,283.8213759,8.170865377,0.006715428,4.373671737,100453.0421,321.1055571,120.78557,88.97563934,0.945330322,6.400001526,49,19,32,1.24000001,51,18,31,1.230000019,100,0.005,22.75608531,1083.374575,1001,0,Chalk,clay,clay
504,Annual,428255,139755,51.156352,-1.597357,0.9402509,0.900066,0.9728229,0.974835684,1.0067413,0.90406924,0.89143825,0.9076247,0.954563,0.930336569,0.98136646,0.92176056,2.114731654,1.455287528,283.9229035,8.146276078,0.006848163,3.541460303,100420.3055,322.6884692,122.5949639,91.68016815,1.052223563,11,19,37,44,1.409999967,0,0,0,0,550,0.015,22.10314239,88.38141192,1,0,Chalk,loam,
510,Multiannual,469875,403405,53.522665,-0.947509,0.70090306,0.7349696,0.85450816,0.825339849,1.0297552,0.7804841,0.30490792,0.659526,0.76760954,0.687166499,1.0162019,1.2483103,1.713581599,1.487723877,283.5355374,7.297097527,0.006591525,4.448642866,101328.5986,322.3454779,117.5978005,1.85598433,0.500571251,0,10,76,14,1.580000043,26,60,14,1.409999967,33,0.01,1.632606395,188.862605,2501,0,Triassic Sandstone,sandy loam,sandy clay loam
514,Annual,397915,193005,51.635842,-2.031516,0.864399,0.8666202,0.9310451,0.941215141,1.0080012,0.88610834,0.8827464,0.8131035,0.95420825,0.949319389,1.0420337,0.8237431,2.056955089,1.501721475,283.7409479,7.50607898,0.006777604,4.433287052,100209.7133,323.2264958,120.9363005,94.61988831,6.547657013,4.699996948,49,19,32,1.24000001,51,18,31,1.230000019,184,0.02,5.922877409,113.6664202,251,0,Oolites,clay,clay
522,Annual,447653,182373,51.538249,-1.314311,0.9475497,0.9240044,0.9748726,0.977435777,1.0085714,0.9287929,0.943147,0.9529827,0.97337866,0.974795144,0.9985104,1.0387264,1.953066817,1.511439187,283.4976833,7.847316624,0.006671953,4.280299752,99747.32653,321.1041186,122.7913271,130.534729,5.211822033,8.599998474,19,37,44,1.409999967,0,0,0,0,550,0.015,25.2966164,87.21154546,51,0,Chalk,loam,
533,Annual,444535,175915,51.48044,-1.360078,0.96229327,0.92919046,0.9824296,0.983578664,1.0076153,0.9318292,0.8656952,0.8920626,0.94603586,0.939861892,1.0430652,0.9170319,1.874479731,1.50986884,283.5914211,8.427272862,0.006707336,4.281667655,99955.70313,321.4890708,122.5003625,121.1842804,3.630132914,3.400001526,24,48,28,1.399999976,34,41,25,1.330000043,550,0.015,28.5522708,53.73756267,51,5.540248871,Chalk,sandy clay loam,clay loam
535,Annual,439205,176585,51.486858,-1.436751,0.94246125,0.9270695,0.97181183,0.979028127,1.010996,0.93364257,0.83472127,0.8705692,0.9492295,0.943386378,1.0785651,0.91054547,1.904490688,1.425783648,283.4982316,8.427272862,0.006682623,4.294038927,99774.52677,321.1518757,114.855563,111.644722,2.121057272,0,24,48,28,1.399999976,34,41,25,1.330000043,550,0.015,32.55478227,56.69932685,51,0,Chalk,sandy clay loam,clay loam
540,Annual,537310,213570,51.803912,-0.00992,0.47460562,0.7336939,0.85234725,0.859607908,0.9958521,1.2215928,0.5064515,0.7613869,0.7635355,0.757709369,0.99925345,1.0319467,1.520043811,1.506905721,284.0929768,7.941128241,0.006784791,3.60666905,101055.2991,322.6496564,122.3817353,45.61492538,6.542411804,16.70000076,49,19,32,1.24000001,51,18,31,1.230000019,550,0.015,33.20653855,791.5704916,101,2948.8125,Chalk,clay,clay
546,Multiannual,457443,85007,50.661909,-1.188635,0.9358078,0.8999628,0.9706353,0.970259381,0.99722326,0.9044108,0.3394702,0.77610576,0.9220953,0.849065594,0.9721582,0.7919524,2.228039426,1.45523678,284.4372289,6.406078896,0.007063921,3.415402121,101298.5813,323.2560569,124.6783111,36.35668564,1.667419672,30.79999924,10,75,15,1.580000043,15,68,17,1.50999999,270,0.0006,59.45885787,484.6976649,251,0,Lower Greensand,sandy loam,sandy loam
548,Annual,386235,267845,52.308536,-2.203308,0.664293,0.63821757,0.82846844,0.826717305,1.0059947,0.6815243,-0.16023159,0.5282279,0.8965204,0.922436155,0.8093724,0.58104765,1.837787514,1.456187803,283.8637934,7.772891658,0.006773044,3.705637422,100864.1402,324.6901678,119.1399563,44.08988571,2.618712664,7.800003052,22,41,37,1.399999976,29,37,34,1.350000024,33,0.01,0.845438066,167.6196124,1001,0,Triassic Sandstone,loam,clay loam
564,Annual,420365,178835,51.508077,-1.707952,0.8381182,0.8160839,0.91940135,0.937824949,1.0002209,0.8346855,0.46169853,0.52617574,0.74192905,0.804440246,0.96622086,0.604061,2.061445782,1.461893788,283.2517045,7.806790904,0.006623588,4.348013551,99178.349,320.340849,119.8380081,183.6378021,1.904853344,23.6000061,24,52,24,1.409999967,36,43,21,1.320000052,550,0.015,19.23293983,209.2389652,51,0,Chalk,sandy clay loam,clay loam
569,Annual,444488,171762,51.443105,-1.361276,0.7550668,0.8568511,0.8965517,0.899352577,0.9956869,0.90115035,0.6276891,0.76599544,0.7984433,0.919943721,1.0007331,0.8811213,1.861719606,1.473107778,283.654963,8.427272862,0.006729468,3.523238937,100064.0469,321.723754,123.6672125,132.8582611,5.613492012,27.79999542,24,48,28,1.399999976,34,41,25,1.330000043,520,0.005,29.45375981,149.566452,51,0,Chalk,sandy clay loam,clay loam
581,Annual,397799,105402,50.848131,-2.032626,0.73645926,0.7984662,0.8582002,0.87627777,0.999218,0.8567951,0.81206477,0.7793178,0.93944585,0.944041568,0.9780375,0.7889292,2.408433737,1.477648979,284.3051556,7.90585989,0.00701376,3.613597595,101013.9901,324.3101201,124.7638782,34.8279686,3.499176264,1.900001526,24,48,28,1.399999976,34,41,25,1.330000043,550,0.015,14.22887441,62.12879628,101,0,Lower Greensand,sandy clay loam,clay loam
585,Annual,551984,201580,51.692396,0.197508,0.44867998,0.47754014,0.7189079,0.727696978,0.99347705,0.55964935,0.4315729,0.38536257,0.7658319,0.761318951,1.0081729,0.43177694,1.635323109,1.534550683,283.9312514,8.170865377,0.006753061,4.382140112,100644.052,321.4964376,120.4642402,57.36269379,1.99897182,0,54,22,24,1.230000019,44,34,22,1.279999971,100,0.005,18.4436087,210.3992603,1001,219.1993256,Chalk,clay,clay
593,Annual,407606,204211,51.736551,-1.891249,0.82846487,0.849658,0.91082776,0.917090574,0.9988075,0.87896484,0.9059535,0.8235826,0.96200037,0.960098919,1.0040104,0.82777065,2.107283679,1.49475002,283.5318847,7.806790904,0.006698555,4.399878289,99882.43113,322.2332125,120.845157,125.2258301,2.647252083,3,19,37,44,1.409999967,31,31,38,1.330000043,184,0.02,2.131199874,108.6218746,51,0,Oolites,loam,clay loam
594,Decadal,465405,405705,53.543909,-1.014441,0.8205792,0.7879312,0.9135765,0.875102362,0.9839664,0.80700594,-0.024312496,0.5629372,0.6326643,0.634915026,0.9761659,1.2356328,1.718346114,1.481121073,283.4971583,7.170043959,0.006578667,4.434483824,101335.8119,322.2208577,117.3849745,3.019832134,0.672449768,1.999999881,51,17,32,1.220000029,52,19,29,1.230000019,33,0.01,1.717115872,600.0238292,2501,1756.585571,Triassic Sandstone,clay,clay
595,Multiannual,465815,407825,53.562911,-1.007809,0.6838449,0.6705272,0.8373851,0.798053937,0.99781746,0.7134633,-2.5938838,0.048497677,0.18347096,0.076583558,0.9460156,0.5144883,1.730722892,1.47959944,283.4750084,7.170043959,0.006572513,4.435889361,101308.4518,322.1115953,117.4174424,13.42694473,7.417674065,4.800000191,5,89,6,1.700000048,5,89,6,1.700000048,33,0.01,0.299342121,497.2546264,2501,2875.316406,Triassic Sandstone,sand,sand
598,Multiannual,338865,332555,52.886949,-2.910011,0.89883137,0.9068056,0.9495534,0.953987611,1.0026397,0.92168605,0.3262483,0.82327497,0.85960114,0.876935181,0.98253536,1.1059046,1.984939756,1.418210167,283.3244165,7.561281574,0.006623002,3.813032724,100168.9784,322.8196713,118.5424349,92.32580566,0.839964747,5.5,5,89,6,1.700000048,5,89,6,1.700000048,33,0.01,7.899101121,72.94099869,1001,21.65989685,Triassic Sandstone,sand,sand
608,Annual,456404,154793,51.289482,-1.192528,0.8884186,0.79147446,0.95788145,0.948800564,1.0022259,0.7957847,0.7876359,0.713502,0.96518266,0.946481188,1.0084238,0.7157506,2.079518071,1.458704285,283.4627975,8.427272862,0.006683197,4.239586355,99594.43403,320.2985145,119.5679073,172.5652924,6.6125741,30.69999695,24,48,28,1.399999976,34,41,25,1.330000043,550,0.015,28.06078116,227.1395577,1,0,Chalk,sandy clay loam,clay loam
609,Annual,404385,197035,51.672065,-1.937981,0.5160974,0.58266985,0.8895917,0.904423558,1.0099816,1.402348,-0.2650602,0.5612974,0.8655473,0.877079191,1.0771879,1.4104068,1.890361446,1.452122144,283.7553055,7.806790904,0.006771784,3.653116772,100292.7288,323.2460524,120.6538696,92.28624725,1.56784296,4,19,41,40,1.419999957,19,44,37,1.419999957,0.1,0.06,3.881100423,163.6254393,251,0,Oolites,loam,loam
610,Annual,504962,461228,54.036348,-0.398808,0.8145331,0.7978868,0.91227597,0.940514769,0.9969025,0.8179437,0.7641865,0.70369244,0.89303863,0.912321435,0.99777555,0.7236808,1.938061338,1.459657092,282.7764959,6.475027417,0.006441198,4.732373356,99956.17303,318.1069524,121.4730204,79.3381958,3.433442116,48.89999771,24,48,28,1.399999976,34,41,25,1.330000043,550,0.015,12.61601635,137.0156069,51,331.2395935,Chalk,sandy clay loam,clay loam
615,Annual,441601,439799,53.85275,-1.369071,0.6599384,0.743431,0.81306994,0.817106898,1.0012261,0.8242654,0.6255072,0.84436107,0.8672453,0.876240924,1.0130944,0.9198262,1.979901426,1.44050186,282.8872457,7.170043959,0.006394579,4.361721025,100372.1351,319.5915385,117.2309085,85.3473587,0.381733477,29.30000305,19,37,44,1.409999967,31,31,38,1.330000043,16,0.00004,0.333663092,223.4938131,501,0,Magnesian Limestone,loam,clay loam
618,Annual,408913,169846,51.427547,-1.873183,0.9620018,0.9619532,0.98111576,0.983637936,1.0099734,0.9685126,0.6785868,0.734898,0.9550421,0.960403642,1.2358992,0.88770795,2.165005475,1.421678253,283.4239407,8.146276078,0.006691444,3.627986296,99548.39214,321.211296,120.3342135,155.3448792,0.779788315,1.199996948,19,37,44,1.409999967,0,0,0,0,550,0.015,13.08982211,47.28354223,51,0,Chalk,loam,
625,Annual,377335,293135,52.535592,-2.335567,0.7062151,0.6678853,0.8555265,0.878958198,1.021868,0.70175654,0.5622649,0.5562339,0.808103,0.803930619,1.1018173,0.61304146,1.865498354,1.485425103,283.4377987,7.783296916,0.006641915,4.472594161,100150.1643,322.9229178,119.0451861,92.72994995,9.320672035,6,5,89,6,1.700000048,5,89,6,1.700000048,33,0.01,1.007358939,101.2598926,1001,963.333252,Triassic Sandstone,sand,sand
627,Annual,525135,106825,50.847419,-0.223858,0.82901514,0.78050137,0.9188044,0.929591427,1.0021523,0.7960828,0.8844348,0.7771096,0.95785564,0.944891336,0.99181,0.7812837,2.128094197,1.457907867,284.2690332,6.292935412,0.007035898,3.380241738,100964.076,322.2955463,126.4220648,32.83959961,5.746098042,6.000001907,22,41,37,1.399999976,29,37,34,1.350000024,550,0.015,15.01582685,2305.606555,1,0,Chalk,loam,clay loam
631,Annual,572219,324437,52.79001,0.55255,0.6641872,0.71776265,0.82462925,0.831059569,1.0075157,0.7789888,0.3083985,0.45952737,0.64436615,0.688026069,1.0230763,0.5936725,1.769660462,1.490697662,283.7250451,7.787020949,0.006683767,4.174976136,101063.2933,321.2831658,119.7413782,26.61187363,2.068614244,5.199998856,4,87,9,1.730000019,4,88,8,1.74000001,550,0.015,46.76085944,63.23317628,1001,0,Oolites,sand,sand
639,Annual,443885,186595,51.576513,-1.36811,0.9073195,0.89451593,0.9538678,0.96527278,0.99825096,0.905155,0.8318664,0.81716144,0.9356511,0.955320494,1.0171236,0.8297186,1.940909093,1.413283052,283.6212773,7.847316624,0.00670741,3.536034176,100018.6161,321.822098,117.5571318,118.8628387,4.033800602,4.899993896,24,47,29,1.389999986,34,39,27,1.330000043,550,0.015,23.44031011,283.5496768,251,0,Chalk,loam,clay loam
642,Annual,396079,108528,50.876232,-2.057092,0.8928781,0.88892,0.9477739,0.952933805,0.9961131,0.90204066,0.83222604,0.7328439,0.9499867,0.928025615,0.9893061,0.7377852,2.437623223,1.508452543,283.9918698,7.90585989,0.006919256,4.38043277,100387.5581,322.941497,124.7397136,98.79566193,2.225594282,28.09999847,22,42,36,1.399999976,25,41,34,1.379999995,550,0.015,11.15315119,55.9365988,101,0,Chalk,loam,loam
646,Annual,501216,455163,53.982606,-0.457999,0.8264971,0.9148826,0.9175701,0.933348944,1.0136597,0.9837637,0.27201658,0.6917328,0.8061525,0.84462502,1.0761963,0.7727448,1.759912377,1.420694524,283.1912203,6.699781022,0.006547282,3.943445571,100905.8978,320.1169844,119.3577947,18.27195358,1.793856978,7.600000381,22,41,37,1.399999976,29,37,34,1.350000024,550,0.015,17.17046665,144.6422477,51,118.453125,Chalk,loam,clay loam
648,Annual,407199,139101,51.15112,-1.898446,0.63771755,0.81995237,0.82163775,0.851156471,1.0178277,0.9830837,0.5863969,0.7567476,0.8136221,0.824532009,1.0420113,0.8494366,2.06035049,1.485291122,283.9701517,8.146276078,0.006877354,3.61143337,100511.7419,323.2902649,125.4050145,67.78804016,0.644217849,0,19,37,44,1.409999967,0,0,0,0,550,0.015,7.85532203,60.94634177,51,326.53125,Chalk,loam,
657,Multiannual,396835,271615,52.342594,-2.047873,0.9149673,0.886264,0.9587351,0.958387477,1.0009288,0.8940183,-2.885085,0.43430728,0.447628,0.710238331,1.1120245,1.0484172,1.937677986,1.431328728,283.4823779,7.772891658,0.006650498,3.671664021,100123.6886,322.7995558,118.311254,103.2339554,1.386307359,3,20,42,38,1.409999967,20,45,35,1.419999957,33,0.01,0.896270748,734.7883097,1001,0,Triassic Sandstone,loam,loam
661,Annual,541872,244476,52.080462,0.068939,0.89240843,0.904924,0.94507104,0.940743274,0.9985105,0.92241204,0.51587254,0.82901055,0.83385456,0.777716418,0.97173125,0.97112304,1.421084338,1.48071676,284.0182685,8.084611253,0.006740339,3.701533354,101105.5179,322.5326437,118.6233566,31.81477737,2.008157015,5.800001144,8,76,16,1.610000014,8,76,16,1.116897106,550,0.015,49.94848495,145.1860869,5001,0,Chalk,sandy loam,sandy loam
663,Multiannual,395145,324675,52.819578,-2.073476,0.8910574,0.8853499,0.949833,0.942291766,1.0065037,0.89711493,-0.7688786,0.2798965,0.77168185,0.763709499,0.9840093,1.6827697,2.050766707,1.451961471,283.2761432,7.783296916,0.006559747,4.395989932,100067.7905,322.1169183,115.8934883,94.94390869,2.257261992,4.900001526,5,89,6,1.700000048,5,89,6,1.700000048,33,0.01,0.361569003,647.7060364,251,0,Triassic Sandstone,sand,sand
664,Annual,386033,162933,51.365282,-2.202,0.85957193,0.8193958,0.93327713,0.940038978,0.9717874,0.83456147,0.9002348,0.78514886,0.9697486,0.966609491,0.93187124,0.79849505,1.961336254,1.477405416,284.0691191,7.812595891,0.006909764,3.714290845,100788.1815,324.5151349,123.1831083,53.98159409,1.267273307,11.40000153,54,22,24,1.230000019,44,34,22,1.279999971,184,0.02,3.016984748,626.6111722,51,108108.1797,Oolites,clay,clay
666,Multiannual,517465,104575,50.828801,-0.333477,0.58363247,0.6253514,0.7667223,0.725434722,1.0036379,0.70686334,0.62132627,0.8362576,0.8451016,0.838996482,1.0239893,0.95264703,2.01177437,1.493931595,284.4685347,6.292935412,0.007089384,4.130252375,101368.6162,323.2458172,123.6870728,7.200245857,1.095646024,3.900000334,22,41,37,1.399999976,29,37,34,1.350000024,550,0.015,21.72087656,2134.102691,1001,0,Chalk,loam,clay loam
678,Annual,341442,104956,50.84115,-2.833027,0.670087,0.66640985,0.8291959,0.846427545,1.0402786,0.7163006,0.69900227,0.58124775,0.8882372,0.893527782,0.9465808,0.59998995,3.047809415,1.436374066,283.9745523,7.141511569,0.006971733,3.854770659,100291.7063,323.8380141,122.9062975,106.1113281,2.164698362,10.5,9,77,14,1.600000024,17,67,16,1.480000019,20,0.0015,1.5977943,87.44241194,51,0,Triassic Sandstone,sandy loam,sandy loam
679,Multiannual,398515,318795,52.766741,-2.023441,0.831125,0.8404809,0.9186892,0.903080172,1.004169,0.862825,-0.0861752,0.7996383,0.811941,0.81385627,0.9746649,0.93568516,2.133296829,1.44218541,282.9180615,7.783296916,0.006459212,4.394331104,99302.09057,320.3655387,116.5794661,141.2170258,4.614554882,9.900009155,5,90,5,1.710000038,8,87,5,1.629999995,33,0.01,1.754752788,354.838272,251,0,Triassic Sandstone,sand,loamy sand
680,Annual,430025,338395,52.942101,-1.554651,0.72456205,0.72370636,0.8566228,0.890685261,0.9988891,0.7638236,0.589941,0.7048557,0.8024719,0.780199672,0.9904386,0.7809092,2.098357063,1.485356287,283.2311083,7.60476465,0.006518844,4.351393909,100142.6902,321.5069873,118.413606,97.26789093,2.155403852,11.59999847,22,41,37,1.399999976,29,37,34,1.350000024,33,0.01,0.507381347,847.3477484,1,0,Triassic Sandstone,loam,clay loam
684,Annual,499801,433899,53.791831,-0.486486,0.77753025,0.70546293,0.89914924,0.924069051,1.0001647,0.7232671,0.61654836,0.6332126,0.7924905,0.821051852,0.99652773,0.6975754,1.984446878,1.467332164,282.8913795,6.699781022,0.006449838,4.648615057,100092.8072,318.8060323,120.3289575,84.10964966,1.321807861,30.80000305,22,41,37,1.399999976,29,37,34,1.350000024,550,0.015,5.611007832,288.7819269,51,0,Chalk,loam,clay loam
687,Decadal,459726,427307,53.738723,-1.095989,0.95815635,0.93555343,0.9797603,0.971047778,0.9976859,0.9388586,-5.6969175,0.13830316,0.80723834,0.78011248,1.0904866,1.8349807,1.720262868,1.468224226,283.4047885,7.170043959,0.006549059,4.424227914,101338.5812,321.8100982,117.1358792,6.41206646,0.684981883,1,10,76,14,1.580000043,26,60,14,1.409999967,33,0.01,3.547902102,224.0116843,51,0,Triassic Sandstone,sandy loam,sandy clay loam
690,Annual,629363,167872,51.363571,1.293431,0.74819314,0.8466716,0.8674269,0.867770701,1.0038451,0.9230669,0.24226457,0.7756973,0.7841078,0.80642189,1.0457228,1.040151,1.556516979,1.538542388,284.4301866,6.701862052,0.007056661,4.737334858,101129.7361,322.8799301,122.4891112,3.926679611,0.69535321,0,8,76,16,1.610000014,8,76,16,1.116897106,550,0.015,51.53270867,511.5756333,1001,0,Chalk,sandy loam,sandy loam
702,Annual,581321,319657,52.744109,0.68473,0.9393564,0.9101711,0.97268105,0.965007638,0.99691814,0.914482,0.80644196,0.92178094,0.9391916,0.873892411,0.9907409,1.0483208,1.926506023,1.53879884,283.4578469,7.787020949,0.0066111,4.995744646,100466.3947,319.8170384,120.6654655,80.15976715,0.131170928,5.699996948,19,37,44,1.409999967,31,31,38,1.330000043,550,0.015,53.70086457,53.61539872,1001,0,Chalk,loam,clay loam
709,Multiannual,503140,215900,51.832194,-0.5046,0.96816105,0.9476972,0.9846941,0.983601517,1.004114,0.95015657,0.49409527,0.72845066,0.8047404,0.803592842,0.9919693,1.1885428,1.778039429,1.497130498,283.3051504,7.941128241,0.006561177,4.288956378,99520.07719,319.6074896,119.8892743,156.6808929,7.2409935,6.600006104,24,48,28,1.399999976,34,41,25,1.330000043,550,0.015,25.31795385,208.4883938,101,0,Chalk,sandy clay loam,clay loam
710,Annual,416545,199235,51.691621,-1.762037,0.66423213,0.84659404,0.8624724,0.884299917,1.0674946,0.9919911,0.37581766,0.7514963,0.8435991,0.901687603,1.0880193,1.1718966,1.861938662,1.450172429,283.8387469,7.806790904,0.006783092,3.613897296,100473.7561,323.4873193,119.8460197,78.42441559,0.084516384,4.099998474,19,45,36,1.419999957,27,39,34,1.360000014,0.1,0.06,2.654283117,132.733198,51,0,Oolites,loam,loam
711,Annual,365161,88822,50.697988,-2.494645,0.9296577,0.94240975,0.96444726,0.973235431,1.0123596,0.95641273,0.92295575,0.8911274,0.96487427,0.96584585,1.0392741,0.90472704,2.977163201,1.434165872,283.9611853,7.90585989,0.006951687,4.470724433,100229.6838,322.9401542,118.7133583,77.65643311,2.584362745,0.899993896,19,37,44,1.409999967,0,0,0,0,550,0.015,2.593172441,353.0976433,101,428.0833435,Chalk,loam,
717,Annual,415095,196165,51.664059,-1.783145,0.8174484,0.6996906,0.9380415,0.944925713,1.035459,0.7083006,0.72561854,0.5817325,0.9089841,0.898263114,0.9998174,0.5917565,1.820481924,1.448942286,283.8651215,7.806790904,0.006794896,3.619179072,100510.1261,323.6030817,119.7520559,75.81097412,0.587736845,1.600006104,22,42,36,1.399999976,25,41,34,1.379999995,0.1,0.06,2.396403253,126.2516351,251,0,Oolites,loam,loam
719,Multiannual,583440,331530,52.850006,0.722737,0.87818813,0.79862475,0.9487295,0.947524428,1.026242,0.8070378,-0.027724385,0.29351246,0.47623613,0.717321175,0.82992566,0.5574281,1.974698799,1.552929141,283.5351189,7.787020949,0.006648376,5.065910669,100744.4825,320.2749041,122.4786832,46.28410339,1.233706594,0,10,81,9,1.590000033,23,67,10,1.440000057,550,0.015,59.93571137,30.1002305,1001,1985.223022,Chalk,loamy sand,sandy clay loam
725,Multiannual,544949,212362,51.791132,0.100289,0.8124323,0.7837783,0.9097618,0.829361023,0.9979702,0.8035204,-0.37176204,0.51888436,0.7380315,0.843505186,0.96117973,0.59833205,1.676451256,1.500161018,284.0164261,8.170865377,0.006763938,3.628920621,100893.9953,322.1400286,121.8115783,44.9877243,1.28063035,5.900001526,21,39,40,1.399999976,21,41,38,1.399999976,100,0.005,29.74131844,1253.030684,101,0,Chalk,loam,loam
734,Annual,555158,237027,52.009983,0.259287,0.8279581,0.79725105,0.92606384,0.92425868,0.99682397,0.81124043,0.58509517,0.57512254,0.87755525,0.86989708,0.9926676,0.5932152,1.507119389,1.51200177,283.6773621,8.084611253,0.006646744,4.504361436,100341.1705,320.5596793,117.3755417,89.87503815,3.488032818,16.29999542,49,19,32,1.24000001,51,18,31,1.230000019,550,0.015,54.03012973,245.4958838,5001,0,Lower Greensand,clay,clay
737,Decadal,447443,466389,54.091214,-1.276142,0.7641031,0.80241716,0.87756634,0.861866158,1.0037583,0.8449703,-3.1777396,0.6399516,0.8261987,0.740538345,1.0416371,1.3125688,1.81675794,1.446443348,283.159705,7.298685801,0.006469717,4.386439888,100959.3667,320.6528703,116.4731821,20.93717957,2.007177353,9.600000381,5,89,6,1.700000048,5,89,6,1.700000048,33,0.01,1.61347698,57.62744579,251,57.73958206,Triassic Sandstone,sand,sand
739,Annual,577902,279029,52.380389,0.612361,0.8451781,0.748853,0.93847877,0.933720678,0.99524045,0.7565515,0.795142,0.8681,0.92903787,0.90090321,0.97926617,0.8907662,1.680065718,1.496960525,283.8724833,8.134556528,0.006700518,4.042608575,101095.7359,321.4421237,119.0688371,48.78324127,1.019212723,23.60000229,8,76,16,1.610000014,8,76,16,1.150323987,550,0.015,54.91569087,124.7592273,5001,13875.83301,Chalk,sandy loam,sandy loam
745,Annual,457050,139850,51.155066,-1.185638,0.93535495,0.94561183,0.9700935,0.975452786,0.99571127,0.9547758,0.9102947,0.9225651,0.9551579,0.954243683,0.9983617,0.93689245,2.185049294,1.422543612,283.7951198,8.427272862,0.006797649,3.470531626,100203.0333,321.5775248,120.2365297,112.1908951,1.272776127,8,24,48,28,1.399999976,34,41,25,1.330000043,550,0.015,40.44165394,75.20337096,1,323.7802734,Chalk,sandy clay loam,clay loam
746,Multiannual,343906,349183,53.036956,-2.837988,0.70901084,0.8117908,0.84370285,0.864395586,0.99969584,0.89515173,-0.04309511,0.30363458,0.42287168,0.449606853,0.99393624,0.6103741,1.764512594,1.408765534,283.6448634,6.877820409,0.006695652,3.761542581,100957.1464,324.3745367,116.0118994,36.13990021,0.559446454,7.900001526,19,37,44,1.409999967,31,31,38,1.330000043,33,0.01,4.352954397,82.15152641,1,0,Triassic Sandstone,loam,clay loam
750,Annual,596282,312398,52.673717,0.90174,0.8989634,0.8521616,0.95265925,0.946348138,0.9997216,0.85994816,0.7464631,0.78856784,0.87635016,0.894922787,0.97235894,0.8307384,1.885377871,1.503126482,283.6548345,7.787020949,0.006673981,4.364073935,100788.0386,320.4217264,120.2326415,51.0389061,2.757305145,14.29999924,19,45,36,1.419999957,27,39,34,1.360000014,550,0.015,67.06232614,284.717091,1001,0,Chalk,loam,loam
752,Annual,496522,445190,53.893897,-0.5327,0.92350197,0.8658339,0.9657763,0.96808405,1.0022494,0.870292,0.8463905,0.76569384,0.94583535,0.941260294,1.0258814,0.7735147,1.921358164,1.461548035,283.1284009,7.297097527,0.006516695,4.646610087,100910.1604,319.922189,119.7362188,31.34250069,1.418153644,11.99999809,22,41,37,1.399999976,29,37,34,1.350000024,550,0.015,10.60895361,59.58638701,51,3073.374023,Chalk,loam,clay loam
762,Annual,491101,436199,53.814091,-0.617829,0.7642147,0.75943387,0.88291216,0.899864617,1.0452882,0.79479027,0.45594734,0.43571907,0.8337816,0.874396967,1.2879335,0.54406273,1.920536691,1.458717465,283.1355574,7.297097527,0.0065065,4.59354865,100834.2661,320.0651644,118.7470235,39.56718445,2.450745344,4.900001526,19,37,44,1.409999967,0,0,0,0,130,0.0005,4.409345371,95.93705853,51,0,Triassic Sandstone,loam,
768,Annual,418025,204515,51.739048,-1.740355,0.86006534,0.82606775,0.9319866,0.94513888,0.9983711,0.8399254,0.84683996,0.74158025,0.9433267,0.954026691,0.98570865,0.7482768,2.000164292,1.428322123,283.645672,7.806790904,0.00672222,3.612444189,100112.2964,322.6219603,118.4693051,108.1365662,5.97275877,13,19,37,44,1.409999967,31,31,38,1.330000043,184,0.02,2.519601438,76.78066244,251,0,Oolites,loam,clay loam
769,Multiannual,344325,322295,52.795322,-2.827121,0.57234466,0.6022612,0.78715336,0.79800581,0.9980008,0.6640139,0.1491546,0.32544082,0.5668725,0.616252155,0.9949104,0.48288986,1.915717415,1.411574557,283.4455362,7.561281574,0.006658467,3.80493121,100344.0808,323.3250008,117.2954248,81.01083374,2.706865788,4,9,77,14,1.600000024,17,67,16,1.480000019,33,0.01,0.044718539,54.73335412,1001,0,Triassic Sandstone,sandy loam,sandy loam
779,Annual,509575,468102,54.097144,-0.325922,0.926887,0.834623,0.9724078,0.974383232,0.971702,0.8394157,0.7365734,0.75330347,0.8729631,0.865014913,0.89896446,0.81422496,1.953121578,1.424632961,283.0330103,6.475027417,0.006526718,4.030451604,100547.2986,319.2278827,121.0352852,27.86746216,1.36724937,0.200000763,22,41,37,1.399999976,29,37,34,1.350000024,550,0.015,6.114642445,59.24053916,51,0,Corallian Limestone,loam,clay loam
783,Multiannual,571102,167825,51.383677,0.457453,-0.12251198,0.69593227,0.7520954,0.721997629,0.99512565,0.8239998,0.048461974,0.47028124,0.6928499,0.676413401,0.9963668,0.56843734,1.733022995,1.516582878,284.1439696,8.545290384,0.006887195,3.608643737,100843.7147,321.9544965,126.5577701,74.29995728,2.898566484,16.60000229,21,44,35,1.409999967,25,40,35,1.370000005,550,0.015,22.23398519,1304.739508,251,0,Chalk,loam,loam
786,Annual,417320,200058,51.698998,-1.750784,-0.20014536,0.15071052,0.86728287,0.882090187,1.0083817,1.8388302,-1.2452071,0.09999299,0.70610285,0.71030412,1.0571421,1.8487641,1.880339538,1.447115084,283.8400621,7.806790904,0.006781806,3.611160313,100482.1349,323.4913511,119.5336275,78.72499084,0.341239542,3,19,45,36,1.419999957,27,39,34,1.360000014,0.1,0.06,1.599296066,130.2168448,251,0,Oolites,loam,loam
801,Annual,457045,177915,51.497301,-1.179628,0.7947954,0.7224722,0.90837646,0.90883582,0.99793977,0.7380411,0.84807575,0.853535,0.9225837,0.901910581,0.9988651,0.8756724,1.831708651,1.522668816,283.6200665,8.427272862,0.00670658,4.259400584,100018.4152,321.4429411,123.2438343,130.9153137,2.418182135,31.40000153,11,35,54,1.49000001,20,37,43,1.399999976,550,0.015,15.88869595,145.7490284,51,0,Chalk,silt loam,loam
813,Multiannual,342881,368122,53.20707,-2.856651,0.6342012,0.6531466,0.82520485,0.84217881,0.99817884,0.7004188,-1.6894624,-0.12811005,-0.06937932,-0.058830276,0.9951596,0.6407893,1.906736033,1.449472569,283.5036298,6.877820409,0.006641844,4.48374104,100820.9352,323.7649335,115.9822814,41.11271667,0.471231937,4.399997711,19,37,44,1.409999967,31,31,38,1.330000043,33,0.01,0.166645869,1066.681227,101,0,Triassic Sandstone,loam,clay loam
814,Annual,418320,138780,51.147988,-1.739464,0.9049841,0.9416317,0.96860325,0.977364809,0.9953454,1.0489852,0.74732876,0.8895943,0.8951884,0.876844721,0.9955108,0.9655954,2.15010953,1.473731153,283.8438766,8.146276078,0.006832374,3.57229951,100255.1687,322.4755932,124.5942104,97.71122742,2.543733358,3.900001526,19,37,44,1.409999967,0,0,0,0,550,0.015,13.41239013,178.4716516,51,0,Chalk,loam,
816,Annual,416905,196385,51.665986,-1.756966,0.63682014,0.7321726,0.86558986,0.871832146,1.1222459,0.80322427,0.74967444,0.68112767,0.9298258,0.927110219,1.0977395,0.7047016,1.809583788,1.448117344,283.8696487,7.806790904,0.006794345,3.612865157,100519.3649,323.5934913,119.6454719,74.39199066,1.020208001,1.5,19,45,36,1.419999957,27,39,34,1.360000014,0.1,0.06,4.00277147,152.7777447,251,0,Oolites,loam,loam
819,Annual,451385,174845,51.470241,-1.261601,0.92658544,0.9183236,0.9637282,0.961523859,0.9974597,0.92686397,0.57465017,0.83703065,0.879753,0.872305917,0.9796813,1.1081063,1.977601317,1.422557428,283.6832104,8.427272862,0.006730684,3.51067988,100133.1838,321.7828996,118.8019101,115.2714081,12.85370922,5.400001526,24,48,28,1.399999976,34,41,25,1.330000043,550,0.015,22.00320059,119.1646506,51,0,Chalk,sandy clay loam,clay loam
825,Annual,473785,147315,51.220269,-0.944859,0.9374106,0.91888887,0.96924186,0.971021736,0.99938804,0.92494977,0.9020685,0.89506155,0.95124143,0.944255389,1.001971,0.90709835,2.061007675,1.413695688,283.7281127,8.449890581,0.006764336,3.449819249,100109.1571,321.1226192,119.3373813,125.4695282,3.389561892,17.40000153,22,42,36,1.399999976,25,41,34,1.379999995,550,0.015,25.35315055,174.6075427,251,0,Chalk,loam,loam
831,Annual,436232,479718,54.21191,-1.445937,0.7277713,0.6316216,0.88479316,0.888310223,1.0007175,0.6501025,0.5686717,0.5431562,0.8414359,0.850151383,0.93430406,0.576625,1.806516976,1.381987387,283.089247,7.298685801,0.006439659,3.584917396,100916.6811,320.4194165,115.3425454,21.79026985,5.231495857,1.799999237,9,77,14,1.600000024,17,67,16,1.480000019,33,0.01,3.725720824,53.70144044,251,0,Triassic Sandstone,sandy loam,sandy loam
833,Multiannual,309010,88029,50.684774,-3.289347,0.8399221,0.9138729,0.9238515,0.906717022,0.9998541,1.0402434,-0.48425376,0.4996199,0.522841,0.543069646,0.99079365,1.1503881,2.449123765,1.500586575,284.4427173,7.064950844,0.007167224,3.977864094,100986.0773,326.3881216,127.8300577,29.76581192,4.057991505,19.80000114,5,89,6,1.700000048,5,89,6,1.700000048,33,0.01,2.988105589,309.8462162,51,0,Triassic Sandstone,sand,sand
835,Annual,620949,156972,51.269044,1.166016,0.59006834,0.55571336,0.8762965,0.871607855,1.2063718,0.6265052,0.22650707,0.44014996,0.8810605,0.852632355,1.4125053,0.6406598,1.754819274,1.500708647,284.3876329,6.701862052,0.007066005,3.863364772,101034.2564,322.804202,125.6027963,10.32230854,0.25000909,0,22,41,37,1.399999976,29,37,34,1.350000024,550,0.015,37.99466094,288.7508259,1001,0,Chalk,loam,clay loam
836,Annual,620950,156970,51.269025,1.166029,0.330023,0.560117,0.7642982,0.703700678,0.82081676,0.6746792,0.619554,0.63096833,0.7943634,0.764112913,0.9857673,0.6939048,1.754819274,1.500708647,284.3876329,6.701862052,0.007066005,3.863364772,101034.2564,322.804202,125.6027963,10.49419594,0.371400893,0,22,41,37,1.399999976,29,37,34,1.350000024,550,0.015,37.99410646,288.6226589,1001,0,Chalk,loam,clay loam
837,Multiannual,486225,192835,51.627728,-0.755711,0.34376132,0.578823,0.8158617,0.804921014,1.0015086,1.3787954,-0.45037687,0.27897286,0.7653261,0.63905295,0.9954435,1.68177,1.983515879,1.420361296,283.7739823,8.154764635,0.006723053,3.490947299,100354.939,321.8508616,117.1919804,77.50005341,4.83494854,10.09999847,24,48,28,1.399999976,34,41,25,1.330000043,550,0.015,18.68824068,1446.256253,51,0,Chalk,sandy clay loam,clay loam
840,Annual,425455,322305,52.797701,-1.623906,0.7237973,0.7344805,0.8577137,0.869630024,1.0127292,0.77618825,0.6297172,0.75974256,0.8423456,0.870508754,1.0453537,0.824471,1.89972618,1.406596715,283.5838492,7.60476465,0.006627565,3.599766257,100727.3277,323.1853752,114.2871922,46.08796692,3.000210047,0,10,75,15,1.580000043,15,68,17,1.50999999,33,0.01,0.110234031,1276.273598,501,36336.15625,Triassic Sandstone,sandy loam,sandy loam
856,Annual,420776,368997,53.217615,-1.690313,0.71319497,0.83208567,0.8528751,0.890902706,0.9978438,0.91910166,0.8172997,0.8482461,0.90993893,0.921626245,0.99801123,0.87787783,2.750438117,1.28695074,282.8080446,6.480668222,0.006391162,2.082502991,99506.87284,319.6748341,117.0310224,153.2779846,3.453789473,7.199996948,24,48,28,1.399999976,34,41,25,1.330000043,20,0.01,10.05063628,59.823258,1,0,Carboniferous Limestone,sandy clay loam,clay loam
861,Annual,599467,291039,52.480796,0.935934,0.8059417,0.67386067,0.93253636,0.956576595,1.0017414,0.68092054,0.7313739,0.76232,0.952559,0.934316632,1.0275825,0.76874346,1.712322017,1.512598595,283.8961968,8.134556528,0.006726243,4.298598318,101230.3954,321.2635399,119.722433,27.8012886,5.625906944,9.600000381,19,37,44,1.409999967,31,31,38,1.330000043,550,0.015,71.2730254,100.4924611,5001,8.77319622,Chalk,loam,clay loam
865,Annual,434655,146655,51.218044,-1.505184,0.8448506,0.9043356,0.9201459,0.949937667,0.99777377,0.94737035,0.7223086,0.76676804,0.8509221,0.911112052,1.001504,0.82063985,2.010240963,1.440258614,283.9825137,8.146276078,0.006855355,3.529724925,100570.0288,323.002044,120.5695031,73.50700378,4.684915066,0.099998474,19,37,44,1.409999967,0,0,0,0,550,0.015,31.14291858,642.9133648,1,0,Chalk,loam,
870,Annual,426755,109725,50.886395,-1.621011,0.90333384,0.8526371,0.95574236,0.938369374,1.0025573,0.8594648,0.82080525,0.7566859,0.91937816,0.908468231,0.99680305,0.7704551,2.468236579,1.513693945,284.1279568,7.617962865,0.006940226,4.274952906,100692.7812,323.0032139,124.4029162,77.1333847,3.250163555,34.90000153,9,77,14,1.600000024,17,67,16,1.480000019,75,0.05,26.6989247,73.63705273,251,0,Chalk,sandy loam,sandy loam
871,Annual,500472,453664,53.969283,-0.469833,0.83453166,0.8305569,0.9170537,0.937634375,1.0066133,0.85239637,0.6297374,0.6776049,0.9165291,0.941116175,1.0560999,0.69369376,1.811664838,1.455585247,283.1809874,6.699781022,0.006541652,4.688146033,100865.2691,320.089053,118.6122225,22.5427742,0.388129622,3.600000381,24,47,29,1.389999986,34,39,27,1.330000043,550,0.015,15.83675045,118.6723237,51,0,Chalk,loam,clay loam
873,Annual,405920,201920,51.715973,-1.915703,0.8834164,0.91483516,0.93990266,0.954337712,1.0001076,0.9396572,0.85716057,0.8543838,0.95240873,0.952346296,1.0284595,0.8653561,2.062760131,1.48949855,283.6072702,7.806790904,0.006724651,4.406065636,100016.794,322.5815799,120.0010869,108.977951,3.031821012,9.200004578,49,19,32,1.24000001,51,18,31,1.230000019,184,0.02,2.630493155,212.9803408,51,0,Oolites,clay,clay
895,Annual,433596,177933,51.499338,-1.517401,0.8891514,0.9045954,0.9453232,0.943399868,1.0490173,0.9390923,0.6021136,0.70068526,0.86713094,0.870332999,1.2284325,0.8594518,2.024808327,1.435002961,283.4631794,8.146276078,0.006675898,3.554417954,99666.98657,321.1061398,120.7730699,121.2497711,2.62139535,0,24,48,28,1.399999976,34,41,25,1.330000043,550,0.015,28.30368775,60.91964193,51,0,Chalk,sandy clay loam,clay loam
903,Annual,443455,129215,51.060632,-1.381291,0.8574385,0.8736696,0.9266119,0.944129521,0.99851096,0.89718336,0.8880054,0.7939231,0.9622508,0.933741425,0.9919361,0.79757094,2.365553119,1.485052532,283.6659555,8.427272862,0.006775077,4.246697218,99907.21554,320.9852136,122.7514224,118.200325,3.774055243,27.19999695,19,37,44,1.409999967,0,0,0,0,550,0.015,34.73472705,487.903101,1,0,Chalk,loam,
906,Annual,418834,197239,51.673603,-1.729029,0.7094208,0.7615564,0.84396553,0.870348891,1.0135876,0.820214,0.73054856,0.7034099,0.86452216,0.856503041,1.0055008,0.73621994,1.79282585,1.51091308,283.8445011,7.806790904,0.006784408,4.36257222,100474.0404,323.4564719,120.6167521,73.32284546,0.66105175,1.200004578,51,17,32,1.220000029,52,19,29,1.230000019,0.1,0.06,4.488604095,155.0005802,251,0,Oolites,clay,clay
913,Annual,435756,130753,51.074991,-1.490995,0.88891304,0.76925564,0.9619137,0.964170756,1.005084,0.77247876,0.85178125,0.78281164,0.95013857,0.939963288,0.971259,0.79057735,2.263526834,1.421640159,284.1815348,8.427272862,0.006929848,3.513391901,100954.1468,323.5933923,118.8230761,33.8973999,1.469320297,3.399999619,19,37,44,1.409999967,0,0,0,0,550,0.015,27.06837319,64.90042246,1,0.004970312,Chalk,loam,
926,Annual,455615,171065,51.435857,-1.201301,0.91448593,0.9382707,0.9579205,0.965194984,0.9940261,0.95523375,0.7772433,0.91822934,0.92903805,0.92805356,0.98283494,1.0368289,1.877601315,1.520799897,283.9213992,8.427272862,0.006800892,4.25614959,100598.4001,322.7899917,122.1281853,65.72549438,0.450166017,0,51,17,32,1.220000029,52,19,29,1.230000019,550,0.015,19.19145372,210.8570841,51,0,Chalk,clay,clay
944,Annual,471667,139431,51.149658,-0.976751,0.67812556,0.8040535,0.840526,0.828717487,1.0380291,0.8926859,0.3620906,0.8069102,0.8656428,0.888233449,1.0994132,0.90331393,2.316538884,1.464172565,283.7807443,8.449890581,0.006790521,3.444385203,100185.9203,321.2499771,124.3598093,102.0892258,0.550595462,4.599998474,19,37,44,1.409999967,0,0,0,0,550,0.015,30.83749979,312.6566533,501,31303.64648,Chalk,loam,
946,Annual,506555,108475,50.865968,-0.487194,0.21734989,0.6735391,0.77744085,0.855559519,0.99647474,1.238817,0.3779652,0.7528548,0.7530162,0.885510093,0.9969694,1.0084028,2.246440305,1.484947943,283.9263625,6.292935412,0.00690347,4.13561159,100277.9668,320.8365253,124.6379433,100.652565,2.316289663,21.3999939,51,17,32,1.220000029,52,19,29,1.230000019,550,0.015,15.89371063,229.0141614,1001,82.30786133,Chalk,clay,clay
956,Annual,621658,156502,51.264549,1.175872,0.88527757,0.8495431,0.9471849,0.93970686,0.99786496,0.8591349,0.7986368,0.757019,0.9298515,0.901539665,0.9943463,0.76743513,1.81204819,1.462165917,284.3681327,6.701862052,0.007066462,3.866352801,100990.3427,322.7216605,122.3581721,31.55267906,2.176720619,23.29999924,22,41,37,1.399999976,29,37,34,1.350000024,90,0.001,38.23127175,210.7514253,1001,0,Chalk,loam,clay loam
960,Multiannual,330507,91412,50.718161,-2.985744,-0.2135328,0.6209067,0.6659135,0.716391147,0.99651694,1.1791283,-2.252249,0.13627452,0.33281368,0.284167438,0.9979023,1.5485349,2.666429344,1.50868808,283.6569234,7.141511569,0.006897795,5.389648122,99584.23191,322.3026377,125.2075844,158.6656189,4.761864662,37.00000763,11,35,54,1.49000001,20,37,43,1.399999976,550,0.015,3.447651804,91.1504568,51,0,Triassic Sandstone,silt loam,loam
962,Decadal,468222,428659,53.749832,-0.966908,0.61641955,0.6032274,0.8000493,0.770321737,0.99467486,0.6573354,0.64210045,0.7275872,0.82331467,0.815474922,1.0101501,0.79290855,1.744852135,1.468471933,283.4161271,7.297097527,0.006558994,4.464041298,101309.0105,321.7266206,117.0776306,3.720308781,0.623661339,0,21,39,40,1.399999976,21,41,38,1.399999976,33,0.01,9.414013815,166.084657,751,0,Triassic Sandstone,loam,loam
963,Annual,498165,457075,54.000372,-0.503891,0.77036667,0.7068072,0.8938031,0.896860663,1.0058534,0.72677875,0.6320945,0.5573119,0.85392195,0.848111975,1.0363908,0.5836954,1.90728368,1.422106097,283.1171541,6.475027417,0.006522438,3.923954999,100600.8907,319.7954638,119.3603331,31.79355431,2.149077177,6.799999237,9,77,14,1.600000024,17,67,16,1.480000019,550,0.015,15.53642233,120.5875856,51,1591.418335,Chalk,sandy loam,sandy loam
967,Annual,480775,116135,50.939008,-0.85175,0.6858592,0.80559295,0.8395637,0.88973928,0.99659234,0.89026153,0.6312411,0.6602123,0.8087942,0.865747902,0.99749565,0.71912754,2.810131431,1.507115217,283.7130407,6.336254195,0.006806053,4.163962614,99901.36031,320.3003735,126.132268,133.158371,4.093994141,37.40000153,22,42,36,1.399999976,25,41,34,1.379999995,550,0.015,22.6132067,68.22033929,1001,0,Chalk,loam,loam
973,Annual,596253,292374,52.493947,0.889457,0.9052446,0.8130846,0.9631063,0.962240426,1.0328828,0.81973743,0.89286834,0.81311595,0.9572474,0.950562849,1.0517821,0.82559764,1.765060242,1.530140406,283.8510005,8.134556528,0.006711781,4.272307752,101151.2394,321.115583,121.893614,34.00492096,0.551792443,2.899999619,22,41,37,1.399999976,29,37,34,1.350000024,550,0.015,67.86141654,68.63298563,5001,0,Chalk,loam,clay loam
975,Annual,346365,321895,52.791934,-2.796804,0.26188886,0.30866194,0.57958627,0.758851073,0.9956716,0.45120046,-0.01176858,-0.13465297,0.16739304,0.089482817,0.9960005,0.22916515,1.950438117,1.437621334,283.35082,7.561281574,0.006629855,4.553763577,100147.1741,322.8625244,115.6875208,90.70995331,3.877815962,3.099998474,19,37,44,1.409999967,31,31,38,1.330000043,33,0.01,1.537194134,54.35413316,1001,0,Triassic Sandstone,loam,clay loam
977,Annual,447756,443533,53.88578,-1.274932,0.77065086,0.7667426,0.888239,0.88344956,0.9975485,0.79527587,0.8059329,0.8969964,0.9064355,0.910513122,1.0028588,0.957022,1.923439213,1.47481862,283.2184994,7.170043959,0.006488548,4.382948034,101087.9544,321.046007,118.954919,29.52817154,25.47060776,30.29999924,22,41,37,1.399999976,29,37,34,1.350000024,260,0.01,0.514961508,172.0717627,501,54823.16016,Magnesian Limestone,loam,clay loam
978,Annual,438175,127435,51.045001,-1.456817,0.8873847,0.87637186,0.9443047,0.960000661,0.9958384,0.88970673,0.8076484,0.84973973,0.9103202,0.90297751,0.98567194,0.8802905,2.280887184,1.505340567,283.7973944,8.427272862,0.006818038,4.257951237,100165.0909,321.6529821,124.2831541,88.02688599,1.690190554,0,24,48,28,1.399999976,34,41,25,1.330000043,550,0.015,29.52047977,150.0278408,1,0,Chalk,sandy clay loam,clay loam
989,Annual,571275,270019,52.301577,0.510509,0.8585864,0.8965812,0.9277887,0.916582004,0.9948657,0.9261462,0.6717664,0.780257,0.822497,0.79885781,0.9951577,0.87055564,1.475575029,1.510390101,284.0333192,8.134556528,0.00674268,3.96141459,101352.7038,322.2362892,119.9280917,20.56355476,0.672048986,1,5,90,5,1.710000038,8,87,5,1.629999995,550,0.015,54.51524126,120.4650381,5001,0,Chalk,sand,loamy sand
991,Multiannual,593810,162941,51.332521,0.780732,0.8490445,0.83384156,0.9243041,0.898576703,0.9985427,0.85209334,0.37442982,0.5722071,0.7488985,0.738810184,1.0667933,0.66015744,1.500985765,1.477081111,284.4332904,7.604655088,0.007010678,3.710231019,101260.4114,323.1032865,121.8521706,11.47546959,4.014831066,3.699999809,22,41,37,1.399999976,29,37,34,1.350000024,550,0.015,26.77729474,539.6837227,251,56796.68359,Chalk,loam,clay loam
1005,Annual,534470,215060,51.81799,-0.050507,0.34399045,0.5035308,0.6489169,0.666106524,0.9955629,0.64899904,0.547414,0.8404327,0.86171556,0.838559095,0.99728733,1.0795773,1.485158819,1.486140734,283.9024707,7.941128241,0.006727928,3.601709912,100685.4818,321.8257753,121.0350513,64.09438324,9.231119156,34.39999771,11,80,9,1.570000052,19,72,9,1.480000019,550,0.015,35.77086512,726.4306108,101,0,Chalk,sandy loam,sandy loam
1009,Annual,360325,321455,52.789188,-2.589747,0.84932286,0.7486218,0.94502777,0.937366463,1.0255933,0.7560471,0.78577495,0.7133508,0.90505576,0.903049253,1.0125179,0.7298234,1.849233298,1.455830241,283.4967609,7.561281574,0.006656529,4.499683743,100456.2029,323.4692405,116.1934799,68.07831573,1.567851543,2.199996948,5,89,6,1.700000048,5,89,6,1.700000048,30,0.14,0.375673412,77.6870882,1001,60.67718887,Permian Sandstone,sand,sand
1013,Annual,371695,219735,51.875453,-2.412553,0.76370716,0.6871213,0.89527303,0.896885756,1.023007,0.70606846,0.77065897,0.6088491,0.93718827,0.941160778,1.0344543,0.6154662,2.31681271,1.5363578,283.8017191,7.50607898,0.00680569,4.540369044,100472.6265,324.1312118,123.9217649,65.82968903,1.966069579,13.69999695,22,41,37,1.399999976,29,37,34,1.350000024,33,0.01,0.709354384,76.48555505,101,13.62312412,Triassic Sandstone,loam,clay loam
1018,Annual,440604,219308,51.870868,-1.411649,0.87714005,0.8369314,0.94360507,0.932418635,0.997605,0.8470128,0.8714115,0.8178966,0.94379354,0.931051119,1.0028032,0.82681096,1.864731654,1.499057384,283.5006139,7.847316624,0.006649913,4.317103686,99965.72056,321.7517851,120.1170148,132.2684937,2.096538782,23.69999695,48,23,29,1.25,45,26,29,1.25999999,184,0.02,5.386044587,123.511315,51,0,Oolites,clay,clay
1026,Annual,477736,484861,54.253517,-0.808327,0.6258016,0.5020162,0.86105967,0.884496484,1.009032,0.52187735,0.6485659,0.59596753,0.83104205,0.862124481,1.0161084,0.6333459,1.987623216,1.398214737,283.0128366,7.124206013,0.006467239,3.807435498,100758.2235,319.4161613,118.1886031,30.62462997,0.615640998,4.800001144,9,77,14,1.600000024,17,67,16,1.480000019,0.1,0.02,0.662529179,34.34434886,751,0,Corallian Limestone,sandy loam,sandy loam
1027,Annual,371067,89099,50.700804,-2.411046,0.90050966,0.91039866,0.9493971,0.960655731,1.0045182,0.92619544,0.8598923,0.8167917,0.9447859,0.955677825,1.0360016,0.82906103,2.934830228,1.484462192,284.191573,7.90585989,0.007015383,3.696223307,100705.2635,323.9432623,127.0130034,52.02031708,1.613611221,4,22,41,37,1.399999976,29,37,34,1.350000024,550,0.015,4.686984572,335.7865376,101,0,Chalk,loam,clay loam
1032,Multiannual,489819,200922,51.69986,-0.701728,0.966079,0.94331336,0.9838882,0.975850002,0.97442627,0.9520449,0.5833472,0.76510566,0.78157026,0.740182241,0.96790665,0.91979027,2.0594195,1.447855395,283.4833396,8.154764635,0.006630136,3.501342697,99810.12883,320.5285012,120.4955216,120.9054108,2.158306599,0,11,35,54,1.49000001,20,37,43,1.399999976,550,0.015,18.56207921,348.1356988,101,0,Chalk,silt loam,loam
1040,Multiannual,479775,197855,51.673805,-0.847729,0.8920527,0.8043119,0.95687747,0.953198162,0.9983611,0.80912954,0.8267013,0.87451327,0.91731083,0.903607258,0.99714315,0.90565383,2.011610076,1.534141256,283.3489337,8.154764635,0.006597978,4.25413221,99532.00292,320.0384047,124.8486401,200.876709,2.75449872,72.90000916,24,48,28,1.399999976,34,41,25,1.330000043,550,0.015,14.86827645,185.7587979,51,28313.95117,Chalk,sandy clay loam,clay loam
1044,Annual,534170,232700,51.976568,-0.047998,0.54845095,0.5480648,0.76499104,0.817433387,0.9963524,0.61399156,0.6507096,0.5974004,0.8438935,0.801899853,1.0024843,0.62890637,1.600930997,1.476946737,283.5342443,7.941128241,0.006608635,3.642577354,100052.4287,320.2589313,121.1018607,136.4006805,1.947810292,25.80001068,54,22,24,1.230000019,44,34,22,1.279999971,550,0.015,47.01186855,87.10273694,101,0,Chalk,clay,clay
1049,Annual,370295,227975,51.949462,-2.433602,0.7066171,0.6499984,0.8610681,0.872860256,1.0155267,0.6791305,-0.7498803,0.39284885,0.6675565,0.67120992,1.420619,0.7150552,1.954819279,1.491526798,283.8030519,7.50607898,0.006800813,4.542223599,100530.5192,324.2348184,119.7963924,62.39092255,1.075425267,9.100002289,22,41,37,1.399999976,29,37,34,1.350000024,15,0.05,0.60188182,112.2334733,101,0,Triassic Sandstone,loam,clay loam
1055,Multiannual,367925,332175,52.886058,-2.478114,0.84597063,0.83099973,0.92344224,0.923535694,1.0032746,0.84937114,-1.3320694,0.7410319,0.74965924,0.803195803,0.94626355,0.9611901,2.077710844,1.429074905,283.2320543,7.783296916,0.00656636,4.460810496,100021.0228,322.204682,114.6323236,115.6938248,3.503037453,10.90000153,10,75,15,1.580000043,15,68,17,1.50999999,33,0.01,2.3694888,223.6184611,1001,0,Permian Sandstone,sandy loam,sandy loam
1056,Annual,454325,129425,51.061597,-1.226164,0.82300633,0.8639104,0.91657966,0.936854682,0.9962871,0.89254075,0.6141205,0.6548091,0.7942811,0.781779323,0.9970942,0.72282195,2.417962764,1.492484932,283.9078544,8.427272862,0.006843447,4.220947786,100394.7265,321.9333019,122.0294404,95.59860992,5.602080822,10.29999542,22,42,36,1.399999976,25,41,34,1.379999995,550,0.015,45.60416669,129.4738035,1,0,Chalk,loam,loam
1060,Annual,441201,453298,53.9741,-1.373338,0.7270111,0.8137061,0.8537875,0.89730919,1.0067031,0.8847538,0.67175144,0.76781976,0.8286767,0.825417156,1.0308613,0.8463681,1.925136914,1.44894915,283.2096935,7.170043959,0.006480881,4.361673324,101151.7862,321.0496391,116.6725902,22.41212463,9.651963234,2.400001526,19,37,44,1.409999967,31,31,38,1.330000043,33,0.01,0.815331528,129.629063,251,0,Triassic Sandstone,loam,clay loam
1061,Multiannual,310230,93968,50.738358,-3.273529,0.93535715,0.89783263,0.969629,0.969765047,1.0011126,0.9024585,-1.844914,0.44426745,0.70122063,0.712930694,0.94973344,0.5341225,2.661664837,1.422736867,284.1797262,7.064950844,0.007080918,3.983312717,100479.1789,325.188354,121.7639128,60.12137985,3.759369373,12.20000076,9,77,14,1.600000024,17,67,16,1.480000019,33,0.01,2.754501696,215.5568407,51,0,Triassic Sandstone,sandy loam,sandy loam
1063,Multiannual,308505,91463,50.715567,-3.297346,0.9112532,0.85974455,0.9603734,0.961689943,1.0028732,0.8654908,0.17889577,0.67045224,0.8097643,0.725778854,0.9735811,0.7322067,2.540251909,1.508409142,284.3602459,7.064950844,0.007140354,3.985720617,100829.4936,326.037862,128.6771057,42.28378296,4.03877449,17.19999886,5,89,6,1.700000048,5,89,6,1.700000048,33,0.01,1.327549793,272.4778756,51,0,Triassic Sandstone,sand,sand
1075,Multiannual,419210,116518,50.947778,-1.727915,0.462273,0.64119625,0.7445565,0.708798758,0.9965135,0.7480565,0.10667133,0.27978426,0.549134,0.538945559,0.99593306,0.43838426,2.445783132,1.471788334,284.0123525,7.617962865,0.006902126,4.304213497,100479.1414,322.7660478,120.5783117,99.19120789,2.1947577,23.30000305,5,89,6,1.700000048,5,89,6,1.700000048,75,0.05,16.62207004,85.28728432,51,0,Chalk,sand,sand
1085,Annual,471835,149655,51.241555,-0.972307,0.9016215,0.8770571,0.9523648,0.956910604,1.0087998,0.8870038,0.82187206,0.8751498,0.9235375,0.941104099,1.0368878,0.9084571,2.004874036,1.413055302,283.8883803,8.449890581,0.006809285,3.454530624,100442.2947,321.9538636,118.4380042,84.30044556,3.699962139,1.200004578,22,41,37,1.399999976,29,37,34,1.350000024,550,0.015,26.42456869,177.2995024,251,0,Chalk,loam,clay loam
1087,Annual,417530,200470,51.702695,-1.747725,0.60350406,0.61470866,0.91725796,0.908927442,1.0581012,1.3717988,0.096385956,0.6095484,0.8809108,0.87353386,1.2232337,1.2973948,1.880339538,1.447115084,283.8400621,7.806790904,0.006781806,3.611160313,100482.1349,323.4913511,119.5336275,78.18107605,2.45629096,0,54,22,24,1.230000019,44,34,22,1.279999971,0.1,0.06,1.14908604,126.6717896,251,0,Oolites,clay,clay
1088,Multiannual,381185,300905,52.605589,-2.279252,0.7691545,0.76997447,0.88426965,0.890920428,1.0399965,0.8052753,0.74281895,0.68799764,0.88214785,0.872945819,1.038306,0.71366507,1.871851042,1.396683134,283.4240252,7.783296916,0.006629328,3.697752084,100176.4169,322.8577883,115.158119,77.52242279,0.39616257,1.400001526,5,90,5,1.710000038,8,87,5,1.629999995,33,0.01,0.999722749,226.0021415,1001,0,Triassic Sandstone,sand,loamy sand
1093,Multiannual,507980,215060,51.823731,-0.43465,0.95960265,0.9542021,0.9810591,0.954444668,1.0329686,0.97447073,0.82996374,0.89997745,0.93360925,0.931876828,1.0553479,1.0503336,1.682858708,1.534730304,283.5234249,7.941128241,0.006622954,4.294485561,99954.77334,320.5630271,122.3762162,111.6160126,3.16768384,4.800003052,24,48,28,1.399999976,34,41,25,1.330000043,550,0.015,30.14523768,362.0739649,101,0,Chalk,sandy clay loam,clay loam
1097,Annual,421899,155400,51.297305,-1.687288,0.9130954,0.92591536,0.9558085,0.958681483,1.004964,0.9407465,0.8587583,0.8079165,0.94249517,0.941052179,0.9664782,0.8198183,2.171741509,1.454171713,283.4484223,8.146276078,0.00669881,3.575410512,99532.50687,320.8716834,123.5976426,144.2942505,1.091381788,0,19,37,44,1.409999967,0,0,0,0,550,0.015,25.35992854,48.6876546,51,0,Chalk,loam,
1100,Multiannual,486475,195515,51.65178,-0.751439,0.718606,0.69124126,0.86279106,0.90992958,1.0057961,0.72346526,0.46463072,0.40835923,0.789312,0.785502967,0.9858324,0.4473266,1.994523549,1.461030595,283.6770541,8.154764635,0.00669204,3.494708139,100175.5392,321.4339343,121.8348354,93.40332031,4.205440998,8.699996948,24,52,24,1.409999967,36,43,21,1.320000052,550,0.015,20.80844718,1385.177262,51,0,Chalk,sandy clay loam,clay loam
1104,Multiannual,593350,152390,51.237917,0.768431,-0.28384197,0.61029345,0.78325343,0.798827775,0.996527,1.3238558,0.19419235,0.7176062,0.7397211,0.758238106,0.99756026,0.8904801,1.989594742,1.506438028,283.4079963,7.604655088,0.006741628,5.182679234,99158.17577,318.2613678,122.0681503,186.733551,1.837692738,15.3999939,24,48,28,1.399999976,34,41,25,1.330000043,550,0.015,17.32006471,95.22164754,251,0,Lower Greensand,sandy clay loam,clay loam
1112,Annual,541193,112242,50.892408,0.00619,0.63152874,0.6930063,0.8023673,0.872265098,1.0063328,0.7651692,0.5827941,0.6581824,0.8466047,0.904224616,1.0210686,0.6952636,2.468236581,1.447918085,284.4810106,6.103997887,0.007107832,3.404515777,101348.7274,323.3251972,124.4056845,8.857441902,3.668131351,2.700000286,21,39,40,1.399999976,21,41,38,1.399999976,550,0.015,5.997355595,299.3603126,1,0,Chalk,loam,loam
1113,Annual,544973,160614,51.326151,0.079318,0.59102875,0.7174953,0.77513313,0.857740624,0.9986095,0.82899845,0.7395464,0.6948664,0.8785391,0.905867116,0.9988891,0.72008574,2.0584885,1.442497863,283.5113203,8.545290384,0.006696262,4.259021931,99578.61115,319.2154031,117.0985896,169.5514526,2.523682117,15.90000916,24,48,28,1.399999976,34,41,25,1.330000043,550,0.015,15.19505478,608.8681494,1,0,Chalk,sandy clay loam,clay loam
1126,Annual,452805,185805,51.568647,-1.23952,0.8235841,0.9124854,0.9140351,0.926911846,1.0051097,1.0155822,0.456675,0.7993397,0.8698001,0.891662069,1.0348088,1.1486689,1.805366925,1.427633654,283.8412916,7.847316624,0.006766353,3.51739839,100453.8162,322.69013,118.0275965,66.42546082,0.892245889,6.800003052,21,44,35,1.409999967,25,40,35,1.370000005,550,0.015,20.08620194,428.1710395,251,0,Chalk,loam,loam
1138,Annual,471545,410005,53.581753,-0.920817,0.6165944,0.5844277,0.80810004,0.847294572,0.9841362,0.6317306,0.4593271,0.7944874,0.85849786,0.836707965,0.9713779,1.1462702,1.740197154,1.480211614,283.4806902,7.297097527,0.006577916,4.462912206,101281.3033,322.0405173,117.3807835,2.717832088,0.512131155,1.899999976,10,76,14,1.580000043,26,60,14,1.409999967,33,0.01,1.855176153,230.1268249,2501,0,Triassic Sandstone,sandy loam,sandy clay loam
1153,Multiannual,595660,163490,51.336819,0.807556,0.73541903,0.8109684,0.85842645,0.84765025,0.99517804,0.8748368,0.19445491,0.77299553,0.7803252,0.723070299,1.057191,1.0018067,1.509309971,1.476964515,284.4452328,7.604655088,0.007017102,3.721777333,101281.0047,323.1458853,121.8023323,3.230355501,0.405922532,1.699999928,22,41,37,1.399999976,29,37,34,1.350000024,90,0.001,28.16520421,360.2652316,251,0,Chalk,loam,clay loam
1171,Annual,501160,108370,50.865993,-0.563861,0.7456639,0.82523847,0.864012,0.879580226,0.9994242,0.89023685,0.6424375,0.8000013,0.8880784,0.911669285,0.98359835,0.8350661,2.302354873,1.562060403,284.2163551,6.336254195,0.006985005,4.137376655,100896,322.2543435,130.6766527,11.21782398,18.28285027,12.80000114,47,14,39,1.230000019,45,15,40,1.24000001,550,0.015,15.61685882,185.7561443,1001,0,Chalk,clay,clay
1176,Annual,542347,246775,52.100996,0.076824,0.8929493,0.86666715,0.94782084,0.963145617,1.0032874,0.8773459,0.7422585,0.7664026,0.9125434,0.91564208,0.9640735,0.7863927,1.415334063,1.487005083,284.0767835,8.084611253,0.006756141,3.711446185,101238.247,322.8094785,118.8397043,25.2748127,0.549613059,1.5,8,76,16,1.610000014,8,76,16,1.116897106,550,0.015,49.07175245,154.2492909,5001,3.413801908,Chalk,sandy loam,sandy loam
1178,Annual,415298,120231,50.981283,-1.783446,0.88611984,0.87328255,0.9430567,0.954228987,0.99919903,0.8868009,0.89756715,0.8617886,0.95110035,0.951475186,1.0018964,0.8707425,2.313033953,1.493193677,284.0835771,7.617962865,0.00692187,3.566004958,100636.009,323.2746099,126.4875674,57.8943367,1.890081167,6,22,41,37,1.399999976,29,37,34,1.350000024,550,0.015,11.2942827,97.25297179,51,0,Chalk,loam,clay loam
1197,Multiannual,568960,157070,51.2877,0.421603,0.6649554,0.7501676,0.8228324,0.846350884,0.997838,0.82386845,-0.15434623,0.50632524,0.74362844,0.771808761,0.98948807,0.57824683,1.815826943,1.441299338,284.2088804,8.545290384,0.006929888,3.572056748,100942.7245,322.2305028,120.1805217,48.8785553,4.545724392,19.79999924,24,48,28,1.399999976,34,41,25,1.330000043,270,0.0006,11.26775987,667.3795108,251,0,Lower Greensand,sandy clay loam,clay loam
1209,Annual,408195,371355,53.23915,-1.878663,0.83173686,0.8193384,0.9156102,0.943177209,0.9973315,0.840282,0.8075292,0.7789333,0.90473247,0.938326663,1.0010641,0.80051714,3.569769994,1.332831123,281.7480639,6.480668222,0.006098293,3.587280851,97405.35269,314.833543,115.433784,344.8460083,0.338827163,25.5,22,42,36,1.399999976,25,41,34,1.379999995,20,0.01,3.731241805,227.1056496,1,0,Carboniferous Limestone,loam,loam
1218,Annual,488695,113025,50.909886,-0.739813,0.9060679,0.8785116,0.95422375,0.962114714,1.0034715,0.8875197,0.8665265,0.73501456,0.9559875,0.948580917,1.010449,0.7389046,2.775903614,1.483437239,283.8848109,6.336254195,0.006866147,3.396548932,100238.3712,320.9389949,128.3946307,63.89577484,2.244663477,0,22,41,37,1.399999976,29,37,34,1.350000024,550,0.015,17.48631475,96.88816642,1001,0,Chalk,loam,clay loam
1219,Annual,499533,458169,54.009939,-0.482672,0.8371725,0.8139862,0.920141,0.931804348,1.0087788,0.8322311,0.7004887,0.68985677,0.9007558,0.921881912,1.0603288,0.71242464,1.891621032,1.429896162,283.0857161,6.475027417,0.006515992,3.933037082,100547.6363,319.6310912,120.4227,25.8355484,1.974165916,5.5,9,77,14,1.600000024,17,67,16,1.480000019,550,0.015,15.11566416,135.7808339,51,0,Chalk,sandy loam,sandy loam
1221,Annual,600320,280514,52.38599,0.942173,0.7954726,0.8345084,0.89374965,0.892749931,0.9954139,0.8732069,0.3145578,0.6760961,0.7126697,0.808181674,0.9971786,1.1494954,1.677656079,1.528895276,283.9682126,8.134556528,0.006741006,4.257530818,101270.5961,321.4614933,120.926682,24.10119629,1.470728517,1.600000381,32,35,33,0.230985165,25,52,23,0.237838149,550,0.015,74.88711846,70.27853577,5001,66.44081879,Chalk,clay loam,sandy clay loam
1229,Annual,372065,225055,51.923302,-2.407611,0.83428335,0.8143864,0.91765594,0.931330123,1.001788,0.83366257,0.6413641,0.6437266,0.8454205,0.763926705,1.0130358,0.679274,2.104162102,1.464969086,283.9611666,7.50607898,0.006847995,3.78330577,100832.6717,324.9463259,120.740406,45.9593277,0.56143862,19.20000076,22,41,37,1.399999976,29,37,34,1.350000024,33,0.01,0.80642801,121.4695653,101,3783.801514,Triassic Sandstone,loam,clay loam
1231,Annual,525725,214639,51.816241,-0.17746,0.84516895,0.8968018,0.9201169,0.91240945,0.99851316,0.93468595,0.5251155,0.7549329,0.9138375,0.913336293,1.0100825,1.229207,1.55038335,1.492740474,283.9109801,7.941128241,0.006732016,3.573614874,100709.2971,322.0327866,121.6983174,62.73560333,4.951378345,11.40000534,22,42,36,1.399999976,25,41,34,1.379999995,550,0.015,38.79076834,862.1026617,101,0,Chalk,loam,loam
1239,Multiannual,490487,199850,51.690116,-0.692342,0.9339644,0.94009453,0.96937704,0.96207353,1.0412816,0.9692313,0.43605822,0.6895444,0.70326716,0.744461759,1.03062,0.9140091,2.043921143,1.430147233,283.5162367,8.154764635,0.006640196,3.50022476,99869.74069,320.651836,118.8018212,115.5413742,0.097128414,1.800003052,24,48,28,1.399999976,34,41,25,1.330000043,550,0.015,19.81282941,448.86302,101,0,Chalk,sandy clay loam,clay loam
1240,Annual,490319,451402,53.950829,-0.625228,0.7376349,0.7455473,0.88184345,0.918921624,0.99423844,0.7747181,0.7399887,0.69994533,0.88145685,0.926941061,0.9961601,0.72438174,2.097152247,1.442877773,282.688229,7.297097527,0.006388236,4.613831203,100062.4775,317.9022241,120.1880298,109.6292953,0.27924633,12.1000061,22,42,36,1.399999976,25,41,34,1.379999995,550,0.015,6.070352803,59.38277144,751,0,Chalk,loam,loam
1246,Decadal,428456,434151,53.802872,-1.56941,0.8111006,0.87139535,0.91542774,0.860416204,1.0209872,0.9054174,-2.9817512,0.75514656,0.7938497,0.73455109,0.9185462,0.8959836,1.915772179,1.399682633,283.1338247,6.553943174,0.006458912,3.571027861,100717.4731,320.9744231,116.6263299,31.70966721,0.949103653,2.399997711,19,37,44,1.409999967,31,31,38,1.330000043,16,0.00004,3.492294703,4185.55971,251,814.4216309,Unallocated to aquifers,loam,clay loam
1250,Annual,366155,88067,50.691258,-2.480502,0.9255241,0.9081816,0.963278,0.968075481,1.007269,0.91615963,0.916761,0.8840158,0.9601321,0.957915501,1.0110624,0.8916467,2.926177436,1.556056881,283.9177699,7.90585989,0.006937635,4.466529324,100143.2948,322.713111,130.9524088,71.74482727,1.175238609,3.599998474,22,42,36,1.399999976,25,41,34,1.379999995,550,0.015,2.067668668,405.4597959,101,0,Chalk,loam,loam
1252,Annual,384085,85589,50.669745,-2.226562,0.90476716,0.8876161,0.95287037,0.957109383,0.9984215,0.8979887,0.62485087,0.8091061,0.81040657,0.849028125,1.0053945,0.97842103,2.621686745,1.482712272,284.2616267,7.90585989,0.007027919,4.392884693,100850.2953,323.8820262,122.0309923,32.16226578,2.33413744,1.099998474,10,75,15,1.580000043,15,68,17,1.50999999,550,0.015,2.663672749,65.22486735,101,0,Chalk,sandy loam,sandy loam
1253,Annual,529927,236255,52.00952,-0.10839,0.9259025,0.8297714,0.97400737,0.971189379,1.0112802,0.83214635,0.8044,0.8268306,0.9188243,0.877602002,0.96804607,0.8504105,1.548302298,1.444655315,283.7490035,8.083954113,0.006668386,3.634640271,100491.6722,321.42162,116.9426319,89.68749237,1.614622951,9.199996948,9,77,14,1.600000024,17,67,16,1.480000019,550,0.015,42.34526744,59.86446147,251,0,Chalk,sandy loam,sandy loam
1266,Annual,546105,250196,52.130752,0.133117,0.81934637,0.75749314,0.91857564,0.917373078,0.98609406,0.7719963,0.757492,0.8015753,0.96185064,0.932539239,0.92393905,0.8207485,1.448357062,1.4902579,284.0997303,8.084611253,0.006761015,3.736713713,101311.1352,322.89531,118.832265,17.98402405,0.642955422,4.299999237,9,77,14,1.600000024,17,67,16,1.480000019,550,0.015,48.90500941,401.3481279,5001,0,Chalk,sandy loam,sandy loam
1270,Multiannual,512008,204631,51.729209,-0.379591,0.8848837,0.88374835,0.9442534,0.93198687,0.99643654,0.89804935,0.5215437,0.7938478,0.90339136,0.910950312,0.9849939,0.8185064,1.742059147,1.477552313,283.7062303,7.941128241,0.006684508,3.525789996,100253.0053,321.2163466,121.8828856,97.04386902,1.568876028,10.69999695,24,48,28,1.399999976,34,41,25,1.330000043,550,0.015,35.57420198,1374.273028,101,51.47447586,Chalk,sandy clay loam,clay loam
1282,Annual,503845,465217,54.072411,-0.414492,0.943601,0.93620324,0.9719209,0.972633284,1.0022346,0.94275874,0.89076483,0.94407487,0.94530296,0.919703691,1.0043031,0.9891682,2.04271632,1.436663476,282.8645595,6.475027417,0.006465926,3.975550368,100168.9846,318.5138658,122.8757639,43.4140625,7.789336205,2.799999237,22,41,37,1.399999976,29,37,34,1.350000024,550,0.015,8.592227381,48.10778297,51,0,Chalk,loam,clay loam
1284,Annual,340881,365818,53.186143,-2.886164,0.8291591,0.90356797,0.91440165,0.917791783,0.9986088,0.95561796,0.41362602,0.8674555,0.8719985,0.858183809,1.0094382,0.96692026,1.90520263,1.393634446,283.6653294,6.877820409,0.006692088,3.741602187,101123.4738,324.5342543,114.4345902,17.25063324,2.256373405,13.40000153,19,37,44,1.409999967,31,31,38,1.330000043,33,0.01,1.626528512,1262.515488,1,0,Triassic Sandstone,loam,clay loam
1286,Annual,445765,199015,51.688028,-1.339363,0.7297293,0.8719926,0.8776153,0.875080853,1.0183635,0.9672807,-0.56641066,0.09776503,0.18342283,0.459340167,1.0655183,0.6219311,1.58691128,1.451343061,283.8190417,7.847316624,0.006753099,3.540467853,100488.5791,322.9149667,119.8274245,82.17176056,1.274413943,4.099998474,10,75,15,1.580000043,15,68,17,1.50999999,700,0.0005,13.13624779,513.6990736,51,0,Corallian Limestone,sandy loam,sandy loam
1290,Annual,411329,127124,51.043356,-1.839771,0.78539467,0.8676494,0.8925164,0.911435916,0.995759,0.922891,0.45470935,0.413253,0.733876,0.919314528,0.992714,0.47712666,2.333515877,1.522847107,283.9476954,8.146276078,0.006877898,4.342061768,100419.3417,322.8647228,124.8572767,78.15480804,3.099980354,6.600006104,19,37,44,1.409999967,0,0,0,0,550,0.015,3.46989922,440.7782491,51,116.0299988,Chalk,loam,
1298,Annual,531477,110750,50.88129,-0.132412,0.88529557,0.90794086,0.94097394,0.935612374,0.99972415,0.929355,0.83937526,0.78856075,0.9243467,0.921800117,1.003047,0.8025822,2.374589268,1.410030654,283.7531921,6.292935412,0.006878944,4.145710356,99924.84903,319.8906513,119.7497654,89.75169373,2.208705187,0,19,37,44,1.409999967,0,0,0,0,550,0.015,8.850121362,1102.450033,1,0,Chalk,loam,
1302,Annual,474955,409795,53.57939,-0.869372,0.502001,0.8835857,0.9023669,0.915653418,0.94722337,0.96486527,-0.49355614,0.7892217,0.81120276,0.804560252,0.93089455,1.0633094,1.746604601,1.482892805,283.4904918,7.297097527,0.006582652,4.475301037,101295.0693,322.0441622,117.6121548,3.056792974,0.636294365,0,10,76,14,1.580000043,26,60,14,1.409999967,33,0.01,2.505676533,125.185411,2501,0,Triassic Sandstone,sandy loam,sandy clay loam
1304,Multiannual,615432,155355,51.256636,1.086079,0.57842857,0.8010291,0.88027275,0.87350112,0.99241596,0.84126467,0.6476788,0.5559293,0.8518071,0.838125137,0.9986672,0.58138895,1.905202629,1.451538517,284.1879027,6.701862052,0.007003959,3.818644009,100634.197,321.8814589,122.184751,59.98443604,0.719665289,16.10000229,9,77,14,1.600000024,17,67,16,1.480000019,550,0.015,32.80694143,697.3356565,1001,0,Lower Greensand,sandy loam,sandy loam
1309,Annual,511805,115445,50.927631,-0.410489,0.7227571,0.71396095,0.8566905,0.884992257,1.0027134,0.75246584,0.6915788,0.6873718,0.8455889,0.844524925,1.015912,0.7286328,2.587349395,1.47442814,284.1973825,6.292935412,0.006973021,4.143736107,100838.0231,322.2052317,121.3785863,47.54940033,3.942586184,1.599998474,10,75,15,1.580000043,15,68,17,1.50999999,270,0.0006,12.39448315,164.6332833,1,0,Lower Greensand,sandy loam,sandy loam
1315,Annual,435323,182350,51.538946,-1.492082,0.8515172,0.8649024,0.92370856,0.92242551,0.9972559,0.8885397,0.77416265,0.7874825,0.8921732,0.873739771,1.0144048,0.8174362,1.929518073,1.487417728,283.2450546,7.847316624,0.006606636,4.307815495,99244.18108,320.1177589,121.7081081,182.0860443,2.253850222,7.5,22,42,36,1.399999976,25,41,34,1.379999995,550,0.015,26.05750618,67.90606462,51,0,Chalk,loam,loam
1320,Annual,548197,234466,51.988875,0.156837,0.86609334,0.8339834,0.93725854,0.930228284,0.99435925,0.8463997,0.6801452,0.6299214,0.85508883,0.865796402,0.9901073,0.65961665,1.593647318,1.549382129,283.6907088,8.170865377,0.006651947,4.461044201,100373.2523,320.7358616,121.5628047,84.92544556,4.631692886,0,54,22,24,1.230000019,44,34,22,1.279999971,550,0.015,51.34551938,89.94651423,5001,0,Lower Greensand,clay,clay
1322,Annual,457055,131715,51.081923,-1.186851,0.051511347,0.5910275,0.8536048,0.873991201,0.9943928,1.3818375,0.32199723,0.8171898,0.8612824,0.866289272,0.99514604,0.8810361,2.327382259,1.406158326,284.0243469,8.427272862,0.006874984,3.463098288,100637.3353,322.4935042,118.1284432,82.4198761,2.778326988,30.29999924,24,48,28,1.399999976,34,41,25,1.330000043,550,0.015,44.62353244,86.7425041,1,296.3709412,Chalk,sandy clay loam,clay loam
1326,Multiannual,568642,158394,51.299688,0.417672,0.673028,0.6457793,0.83324134,0.87463613,1.0005699,0.6874895,0.5626167,0.5926178,0.7555237,0.871813817,1.0032616,0.67414755,1.799233296,1.45131893,284.2923688,8.545290384,0.006951886,3.574826483,101115.8797,322.6316519,120.6746834,21.6252346,6.424519539,0,24,48,28,1.399999976,34,41,25,1.330000043,270,0.0006,12.51652167,641.4535034,251,0,Lower Greensand,sandy clay loam,clay loam
1330,Multiannual,337656,106710,50.856524,-2.88709,0.9299948,0.9212524,0.96581346,0.955796333,1.0082506,0.9295431,0.6373898,0.8382269,0.84859073,0.850198318,0.9663077,0.9540614,2.901150056,1.485881605,283.8967189,7.141511569,0.006952603,3.875841404,100132.3396,323.5582585,128.1156973,128.166214,8.402842522,59.90000916,9,77,14,1.600000024,17,67,16,1.480000019,300,0.03,0.073891626,105.0537973,51,0,Triassic Sandstone,sandy loam,sandy loam
1338,Annual,604500,329590,52.825013,1.03382,0.7704464,0.6250137,0.93832785,0.937380105,1.3117365,0.80091965,-0.021171331,0.24153918,0.9381291,0.939583616,1.7356228,0.825933,1.91374589,1.561117573,283.5356857,7.324315532,0.00667168,5.291449191,100706.9584,319.9463236,123.0640906,55.99625015,2.236633062,3,19,45,36,1.419999957,27,39,34,1.360000014,550,0.015,77.54877692,59.01199862,1001,0,Chalk,loam,loam
1359,Annual,587801,297801,52.545651,0.76818,0.8809555,0.88960457,0.9491269,0.953486281,0.9940729,0.9022053,0.7463732,0.682858,0.90659153,0.810510028,0.99194276,0.6970336,1.84446878,1.567308736,283.7428362,7.787020949,0.006677962,4.960996296,100825.2047,320.8243529,120.9393502,52.008358,0.982029319,16.90000153,5,89,6,1.700000048,5,89,6,1.700000048,550,0.015,58.65650183,86.2844897,5001,0,Chalk,sand,sand
1362,Annual,545393,248320,52.114085,0.121922,0.8059558,0.90460914,0.9047461,0.939446998,0.9963338,1.0035621,0.68875015,0.6741811,0.85496926,0.898251262,0.98878497,0.7084568,1.439594742,1.484157848,284.058888,8.084611253,0.006750137,3.731049999,101212.6265,322.6820832,118.4959182,28.00707817,2.398879051,8.700000763,10,82,8,1.590000033,17,75,8,1.5,550,0.015,50.06043263,250.8387839,5001,14.79792023,Chalk,loamy sand,sandy loam
1374,Annual,480015,105855,50.84669,-0.864813,0.76349944,0.7943579,0.87732476,0.884928964,1.0048319,0.8350291,0.7278798,0.7603396,0.9013908,0.919719031,1.0172114,0.78224766,2.067524649,1.457719014,284.4825539,6.336254195,0.007053873,3.398321868,101433.2122,323.6979006,123.614122,8.696329117,0.633353531,0.599999905,22,41,37,1.399999976,29,37,34,1.350000024,100,0.005,28.73862035,256.9116557,1001,0,Chalk,loam,clay loam
1375,Annual,579730,116545,50.920369,0.555725,0.8057171,0.74198043,0.9107655,0.917386825,1.0021899,0.7579127,0.8015346,0.75249475,0.9124331,0.908843351,0.9894902,0.7687422,2.336473169,1.45823879,284.3358663,7.442552089,0.007132463,3.502940148,100972.8902,322.7038205,127.1930193,39.73134232,4.143666744,26.70000076,19,45,36,1.419999957,27,39,34,1.360000014,50,0.00014,1.344467113,293.737273,501,0,Corallian Limestone,loam,loam
1378,Multiannual,625865,329195,52.812949,1.35009,0.78734577,0.6785234,0.91906524,0.89006598,1.0144415,0.6892151,0.40529943,0.83813936,0.89361995,0.866293292,0.94462925,0.8913019,1.799342827,1.585036285,283.7124701,7.324315532,0.006753493,5.564233821,101062.5732,320.5065567,124.7057192,25.58055878,1.74075985,6.399999619,19,37,44,1.409999967,31,31,38,1.330000043,400,0.075,96.02015218,235.6106151,1001,0,Crag,loam,clay loam
1390,Annual,432835,310105,52.687636,-1.515672,0.77806044,0.75477123,0.88891184,0.896906901,1.0050361,0.7814352,-0.16249824,0.71902823,0.8314849,0.904247256,1.1755658,0.8595578,1.883680178,1.435865352,283.4199959,7.60476465,0.006582644,3.596250427,100302.8248,322.2559099,117.7312317,83.00457001,2.480480433,4.099998474,20,42,38,1.409999967,20,45,35,1.419999957,33,0.01,5.06807759,211.9094801,501,0,Triassic Sandstone,loam,loam
1392,Annual,492272,444136,53.8852,-0.597668,0.89764106,0.8913416,0.9494921,0.954926335,0.995565,0.9038965,0.76321316,0.7571538,0.8805116,0.913321941,1.0066104,0.7886874,2.000547642,1.466164921,282.9365597,7.297097527,0.006457142,4.617703819,100505.1961,319.0730835,120.9297643,68.38388062,4.103516579,20.90000153,19,37,44,1.409999967,0,0,0,0,550,0.015,6.743670453,82.91438808,51,0,Chalk,loam,
1394,Annual,532167,111856,50.891073,-0.12221,0.8637711,0.84329665,0.93234605,0.949962699,0.9988898,0.85865784,0.79380333,0.691517,0.9164498,0.943600234,1.0031112,0.7030633,2.557721797,1.43546465,283.5196067,6.292935412,0.006807602,4.903622059,99456.63712,318.7970647,118.9027591,119.8759766,1.589553475,0,22,41,37,1.399999976,29,37,34,1.350000024,550,0.015,7.636566027,644.9038533,1,0,Chalk,loam,clay loam
1396,Annual,429013,451669,53.960285,-1.559301,0.50400734,0.7504545,0.7648009,0.828177287,0.9969175,0.9166668,0.55925596,0.78472483,0.8026787,0.850159586,0.99909186,1.0860662,2.372672508,1.441548133,282.5526677,6.553943174,0.006294518,4.320613216,99689.82614,318.1624725,118.8758847,154.1938019,2.876669645,50.1000061,19,37,44,1.409999967,31,31,38,1.330000043,43,0.0002,3.299043354,598.9832655,251,0,Unallocated to aquifers,loam,clay loam
1409,Annual,407385,165585,51.389256,-1.895248,0.8380066,0.84107226,0.9183173,0.926225468,0.9932396,0.8638375,0.843086,0.7780183,0.93083036,0.925252525,0.9920133,0.78922147,2.132584881,1.474041716,283.1204838,8.146276078,0.006606081,5.140404544,98920.68217,319.728056,118.0811041,200.306778,0.962970734,1.099990845,22,41,37,1.399999976,29,37,34,1.350000024,550,0.015,9.988369896,54.16845615,51,0,Chalk,loam,clay loam
1411,Annual,543806,248739,52.118264,0.098939,0.8180936,0.67637575,0.9437653,0.955257824,0.9848295,0.6816615,0.7366538,0.69407773,0.93197745,0.94381718,0.9432369,0.70718867,1.428039425,1.489902928,284.1012099,8.084611253,0.006762243,3.72156032,101301.7065,322.9243122,118.9089597,16.82055473,1.401025891,0,9,77,14,1.600000024,17,67,16,1.480000019,550,0.015,48.85486391,239.704825,5001,3138.456299,Chalk,sandy loam,sandy loam
1412,Multiannual,574148,171668,51.417273,0.503066,0.6808991,0.7545779,0.85161483,0.81712057,0.9964439,0.8045514,0.5319364,0.58077645,0.83642584,0.828492652,0.99486023,0.614042,1.626451258,1.495158621,284.3615384,7.604655088,0.006945278,3.638488122,101179.0537,322.9617461,122.5938792,19.74031258,3.431903601,8.100001335,10,75,15,1.580000043,15,68,17,1.50999999,90,0.001,26.12505615,1430.758034,251,0,Chalk,sandy loam,sandy loam
1413,Annual,601620,280454,52.384974,0.961212,0.66058946,0.83603764,0.856253,0.827804584,0.99722296,1.078825,0.5261649,0.7784442,0.8167883,0.805567686,1.0028243,1.124555,1.65240964,1.517469622,283.8978351,8.134556528,0.006721557,4.267718101,101125.6127,321.109028,120.0571156,36.75938416,1.759868264,9.199998856,9,80,11,1.600000024,25,63,12,1.419999957,550,0.015,76.13527348,68.26235894,5001,0,Chalk,loamy sand,sandy clay loam
1414,Annual,568982,309796,52.659542,0.49707,0.6890512,0.75437915,0.83198506,0.851967688,0.99205816,0.8210127,0.19470912,0.311229,0.57035,0.773113099,0.93599653,0.46548283,1.690470979,1.500668984,283.9063064,7.692880738,0.006720004,4.08284637,101341.9006,322.0712367,119.4970285,6.267851353,0.996468902,2.400000095,22,41,37,1.399999976,29,37,34,1.350000024,270,0.0006,39.64246366,83.45861792,1001,0,Oolites,loam,clay loam
1416,Annual,400092,197331,51.674743,-2.000061,0.78447235,0.8632468,0.88658035,0.930573544,1.0037842,0.92369276,0.6946449,0.71458757,0.8430402,0.875050747,1.0333928,0.7639742,2.068565171,1.446583612,283.7187632,7.50607898,0.006766161,3.67119642,100187.8866,323.1449421,120.2913931,96.22795868,0.220716476,1.300003052,49,19,32,1.24000001,51,18,31,1.230000019,184,0.02,6.906181209,158.7491812,251,862.1499023,Oolites,clay,clay
1431,Annual,377065,266845,52.299237,-2.337735,0.7084273,0.74497133,0.86056703,0.859807896,0.9975567,0.7864783,0.65471196,0.8317469,0.8666532,0.849717688,1.002837,0.897437,2.048904709,1.540650843,283.4594256,7.772891658,0.006667574,4.497800574,100032.8645,322.8647692,124.6988871,85.18713379,3.130085945,14.29999542,22,41,37,1.399999976,29,37,34,1.350000024,33,0.01,0.264565851,129.0415102,1001,0,Unallocated to aquifers,loam,clay loam
1432,Multiannual,523387,105358,50.834608,-0.249169,0.7726049,0.76028395,0.8843042,0.884462106,1.003781,0.7900867,0.4684248,0.8667138,0.919761,0.902418019,0.93756646,0.9138102,1.982584882,1.442845825,284.4649527,6.292935412,0.007094455,3.377895044,101361.5031,323.2156078,124.0830797,7.854706764,1.453177452,0,19,37,44,1.409999967,0,0,0,0,550,0.015,17.21225299,2143.097744,1,0,Chalk,loam,
1445,Multiannual,483465,129525,51.059005,-0.8104,0.6500896,0.6884029,0.8085731,0.858217168,0.9981747,0.7541446,0.28713268,0.25183296,0.57216305,0.729751008,1.0047363,0.386252,2.479846657,1.456365548,283.7797705,8.449890581,0.006805444,4.174466717,100144.6001,320.8502733,119.4139904,117.421814,4.75026989,16.5,5,89,6,1.700000048,5,89,6,1.700000048,270,0.0006,18.12467067,158.9218349,501,536.401062,Lower Greensand,sand,sand
1457,Multiannual,379395,264685,52.279911,-2.303436,0.7454319,0.81971717,0.8794488,0.891311591,0.9954394,0.8660292,0.659979,0.56873363,0.85621995,0.834489781,1.0019445,0.5934123,1.941511499,1.462605211,283.7599565,7.772891658,0.006752573,3.732363273,100628.826,324.2463445,120.468452,67.67532349,3.831409216,23.50000381,49,19,32,1.24000001,47,21,32,1.24000001,33,0.01,3.440894787,92.97149601,251,0,Triassic Sandstone,clay,clay
1459,Annual,442275,448573,53.93155,-1.357618,0.4623953,0.48565704,0.6867622,0.819107169,1.0006523,0.59204215,0.81722355,0.88729787,0.9596368,0.899464999,0.99091583,0.89516836,1.946440308,1.442972392,283.1802414,7.170043959,0.006474242,4.365225649,101048.6382,320.9191659,116.0914031,33.57381439,2.224297285,11.10000038,19,37,44,1.409999967,31,31,38,1.330000043,260,0.01,0.870379896,260.3516441,251,2348.743164,Magnesian Limestone,loam,clay loam
1460,Annual,600337,285230,52.428324,0.945243,0.91331464,0.89559686,0.9632891,0.959676565,0.9961216,0.9023421,0.92204106,0.88726175,0.96560085,0.965808616,1.0022482,0.89266276,1.706133624,1.572505734,283.8433881,8.134556528,0.00670798,5.036419843,101063.4656,320.9259936,120.569908,41.75093842,1.422596097,14.20000076,19,37,44,1.409999967,31,31,38,1.330000043,550,0.015,73.48554789,57.66561545,5001,0,Chalk,loam,clay loam
1467,Annual,504964,445759,53.897371,-0.404096,0.69695437,0.85370207,0.85435355,0.850434145,1.0083596,0.98903453,0.6351414,0.8745799,0.8995981,0.869514613,1.0207044,1.0722611,1.781270536,1.467257126,283.3088689,6.699781022,0.006579832,4.704913035,101057.6277,320.6730363,118.8522571,6.595664024,1.622460365,6.299999714,22,39,39,1.389999986,28,37,35,1.350000024,550,0.015,17.04032177,114.3259566,51,0,Chalk,loam,clay loam
1474,Annual,591528,278307,52.369315,0.811893,0.8799405,0.9557448,0.9576774,0.953463895,0.9958046,1.0122381,0.6846738,0.9103837,0.91072917,0.884652262,0.9922862,1.0015177,1.708324203,1.570497593,283.8628694,8.134556528,0.006704489,4.916453126,101049.1678,321.1122217,120.6592119,36.81011963,2.437580109,0,19,37,44,1.409999967,31,31,38,1.330000043,550,0.015,67.4961865,64.54994014,5001,0,Chalk,loam,clay loam
1476,Annual,447155,144755,51.200067,-1.326469,0.9047419,0.9505209,0.95251286,0.955681541,0.99813807,0.9862285,0.92027825,0.88612914,0.9632342,0.957739076,1.0022496,0.89225256,2.064512593,1.469632632,283.8608863,8.427272862,0.006814744,4.250176642,100357.8607,322.1516657,118.897559,82.99150085,3.816433907,0,19,37,44,1.409999967,0,0,0,0,550,0.015,41.38326197,74.44879113,1,179.0833282,Chalk,loam,
1492,Multiannual,553408,168375,51.393673,0.203631,0.8386545,0.83550286,0.9180273,0.914799153,1.0011879,0.8573878,0.59589183,0.91375333,0.93396074,0.909226411,1.0192899,0.9479892,1.721631982,1.478911582,284.0070977,8.545290384,0.006831218,4.303338094,100597.7157,321.5219646,117.4489724,61.0508194,3.903921843,2.899997711,10,75,15,1.580000043,15,68,17,1.50999999,550,0.015,13.23152185,766.8945393,1,0,Lower Greensand,sandy loam,sandy loam
1495,Annual,552986,99263,50.772778,0.168333,0.8170532,0.904984,0.9069479,0.915386888,0.9997044,0.98078597,0.7008712,0.7916626,0.8843117,0.863046726,1.0128528,0.8272142,2.193702077,1.377136511,284.3471831,6.103997887,0.007138267,4.154729336,101066.2637,322.5729357,117.0706924,12.78417969,2.609052658,0,22,41,37,1.399999976,29,37,34,1.350000024,550,0.015,10.35891457,499.2268819,1,0,Chalk,loam,clay loam
1503,Annual,469515,385155,53.3587,-0.956962,0.6654235,0.8295635,0.8314359,0.817628642,0.99492913,0.975326,-0.012223244,0.8472991,0.8750061,0.823532783,1.0436981,1.0760634,1.655038334,1.439504217,283.5704396,7.722836944,0.006600952,3.678211193,101308.6673,322.5337392,117.5659393,10.5858593,4.692461967,6.400000572,4,86,10,1.730000019,5,85,10,1.700000048,33,0.01,2.36858354,220.6472741,2501,30461.66211,Triassic Sandstone,loamy sand,loamy sand
1510,Annual,382358,163582,51.371014,-2.254819,0.8536749,0.7505957,0.94242567,0.945963892,0.9855364,0.7577637,0.6191175,0.69228804,0.7873437,0.842181378,1.0223136,0.77871746,2.327820375,1.454349676,283.923099,7.812595891,0.006869095,3.727674175,100495.5009,323.8824088,121.7720878,74.12081146,4.192418098,1.799995422,22,42,36,1.399999976,0,0,0,0,184,0.02,0.938523685,327.92374,51,0,Oolites,loam,
1520,Annual,566057,312819,52.687595,0.455388,0.57628775,0.45560122,0.8483553,0.86929656,1.0253739,0.47776517,0.28469312,0.52197134,0.79138863,0.775621061,1.1508846,0.5972275,1.688499451,1.500018712,283.9106307,7.692880738,0.006721315,4.068921487,101381.2864,322.1746795,119.5650327,3.036913872,0.679659128,1.899999857,22,41,37,1.399999976,29,37,34,1.350000024,50,0.00014,37.2401949,110.2356843,1001,0,Oolites,loam,clay loam
1523,Multiannual,569586,167144,51.378014,0.435364,0.64921427,0.70148575,0.81219554,0.607066944,0.98712015,0.7683231,0.29648852,0.5802232,0.8463776,0.720533482,0.9106767,0.61969244,1.744359255,1.518432667,284.1247392,8.545290384,0.006880606,3.60440641,100806.358,321.8745766,126.8154542,18.02996445,1.792375088,3,19,37,44,1.409999967,0,0,0,0,550,0.015,21.31215078,944.931375,251,0,Chalk,loam,
1525,Annual,387896,209181,51.781153,-2.176849,0.16310918,0.7812269,0.78520644,0.808774928,0.995703,1.0413206,0.28974652,0.6479819,0.82837856,0.80281993,0.99540174,0.6926898,2.285761231,1.357636176,283.5388211,7.50607898,0.00671776,3.718706525,99890.65309,322.59827,112.6330403,173.5376434,10.08412838,81.19999695,22,42,36,1.399999976,0,0,0,0,20,0.0015,4.061408571,250.752221,101,0,Triassic Sandstone,loam,
1527,Annual,502901,453499,53.967323,-0.432875,0.700659,0.67143834,0.9286184,0.930121234,1.0078386,1.320624,-0.71310174,0.5513513,0.56614584,0.731142181,1.0977949,0.94090664,1.750876231,1.456299029,283.2088363,6.699781022,0.006552906,4.70329832,100924.8817,320.1962691,118.645126,13.44761753,1.072557092,4.699999809,22,41,37,1.399999976,29,37,34,1.350000024,550,0.015,18.01310918,140.2715788,51,0,Chalk,loam,clay loam
1530,Multiannual,533558,236982,52.015192,-0.055236,0.8469702,0.8065722,0.9321165,0.930266762,0.99386436,0.8189795,0.74683785,0.8470042,0.89360774,0.831360632,0.98920727,0.89058393,1.591949618,1.474189437,283.3156895,8.083954113,0.006543029,4.406668256,99617.89055,319.2951298,115.9369009,155.0548859,1.49719429,16.30000305,10,82,8,1.590000033,17,75,8,1.5,550,0.015,45.90309466,198.6666535,101,0,Chalk,loamy sand,sandy loam
1531,Multiannual,496755,138955,51.141693,-0.618294,0.7067908,0.7366799,0.84291077,0.832887896,1.0034702,0.78869927,0.7139832,0.63601685,0.8758799,0.856019761,0.9932076,0.65790194,2.310624318,1.448544633,283.8981452,8.449890581,0.006827228,4.176888077,100409.4942,321.407997,117.2858547,103.1138229,2.024018049,17.59999847,5,89,6,1.700000048,5,89,6,1.700000048,270,0.0006,11.63376228,200.6794797,501,0,Lower Greensand,sand,sand
1532,Annual,406590,171730,51.444518,-1.906561,0.9450311,0.93159235,0.97288144,0.975971121,0.99560076,0.93735164,0.9310284,0.86004174,0.97237504,0.97186055,0.98525506,0.8635899,2.151697698,1.476043107,283.3853639,8.146276078,0.006680446,4.391706506,99480.52157,321.0923722,121.1036629,167.2209473,3.876954556,7.299987793,19,37,44,1.409999967,0,0,0,0,550,0.015,12.40495756,56.99283497,51,0,Chalk,loam,
1534,Multiannual,452305,81855,50.63405,-1.261766,0.5963549,0.6653942,0.7768009,0.76243657,1.004153,0.75075036,0.21241307,0.567873,0.7993772,0.777858962,0.97041434,0.6184137,2.36303396,1.456953353,284.2479801,6.406078896,0.007011436,4.177139108,100904.2001,322.324382,120.7757798,44.49906921,2.066250086,15.69999886,10,75,15,1.580000043,15,68,17,1.50999999,270,0.0006,64.50817363,231.0456785,251,0,Lower Greensand,sandy loam,sandy loam
1539,Annual,418960,200040,51.698783,-1.727056,-0.054886222,0.4122213,0.84363955,0.840442874,1.1002386,1.5576731,-2.9126277,0.24691242,0.59720016,0.602460192,1.2448031,1.5873507,1.846823659,1.447850685,283.8434313,7.806790904,0.006781864,3.608130812,100488.9153,323.4917281,119.5714383,75.37262726,2.032623053,1.900001526,19,45,36,1.419999957,27,39,34,1.360000014,0.1,0.06,1.967227767,124.5158101,251,0,Oolites,loam,loam
1548,Annual,381085,196695,51.668702,-2.274895,0.43236154,0.59613466,0.6762018,0.718731779,1.0058485,0.75869805,0.33429235,0.63374937,0.6930742,0.700138952,1.0142323,0.80066985,2.488608977,1.501251416,282.9156754,7.50607898,0.006551621,5.257998875,98565.31289,319.5847596,121.7502361,227.2210236,2.689974308,43.69999695,22,42,36,1.399999976,0,0,0,0,184,0.02,8.099651914,210.760366,101,0,Oolites,loam,
1550,Annual,402463,115033,50.934736,-1.966314,0.89722574,0.8872519,0.94849247,0.960464763,1.0009375,0.8997095,0.93662983,0.9025021,0.97330815,0.973984639,0.98755294,0.90705705,2.504709748,1.526868682,283.9484175,7.617962865,0.006895109,4.36231989,100338.1436,322.7658292,125.8690517,92.90573883,2.933370352,18.90000153,19,37,44,1.409999967,0,0,0,0,550,0.015,15.68226089,56.34710141,101,0,Chalk,loam,
1562,Multiannual,500079,191108,51.609914,-0.556121,0.94841087,0.9391825,0.9750305,0.970083122,1.0140009,0.9463418,0.01141572,0.6181209,0.669189,0.664183418,0.93095237,1.1778444,1.858324205,1.524818827,283.8692134,8.154764635,0.006747709,4.248014097,100529.2434,322.0455887,120.9504343,62.83918381,1.036597371,7.200000763,11,80,9,1.570000052,19,72,9,1.480000019,550,0.015,29.50629472,645.7137737,101,0,Chalk,sandy loam,sandy loam
1584,Annual,455355,137395,51.133159,-1.210249,0.85750735,0.9399,0.96016794,0.966646437,0.9952499,1.0447545,0.5863823,0.8669276,0.9302469,0.939883575,0.990672,0.88705987,2.23943045,1.465108041,283.7569537,8.427272862,0.006789026,4.226254466,100118.6808,321.3730725,119.4454882,117.5207748,4.033536434,16.79999542,19,37,44,1.409999967,0,0,0,0,550,0.015,43.38706855,78.87664762,1,192.5931396,Chalk,loam,
1591,Annual,426035,105775,50.850909,-1.631527,0.5424545,0.74141777,0.776626,0.802439087,1.0434456,0.8771972,0.46344382,0.5406507,0.786997,0.826029657,1.0730656,0.59963614,2.432146767,1.476889592,284.3083815,7.617962865,0.006998609,3.518208608,101046.3566,323.7712981,124.9845551,32.71561813,2.030004025,8.5,4,87,9,1.730000019,4,88,8,1.74000001,75,0.05,29.30044878,80.33313695,251,0,Chalk,sand,sand
1597,Annual,477825,116540,50.943054,-0.89364,0.4800877,0.7689339,0.770944,0.844657589,0.99650836,1.0302128,-1.161736,0.39649606,0.7397685,0.809236522,0.9921503,1.5444641,2.745454546,1.513630522,283.8740513,6.336254195,0.006852806,4.167839411,100226.4909,321.1045937,125.7581778,104.9848862,2.976974249,19.09999847,22,42,36,1.399999976,25,41,34,1.379999995,550,0.015,25.23293072,100.0307651,1001,0,Chalk,loam,loam
1600,Multiannual,596989,163608,51.33742,0.826676,0.29202706,0.6593556,0.7298156,0.713340852,0.9728881,1.2056866,-0.30166817,0.5498643,0.7754623,0.760759439,1.150121,1.3601074,1.522782036,1.48691208,284.4312207,7.604655088,0.007014412,3.72765522,101250.6072,323.0725591,122.8031434,1.602808595,2.340803146,0,22,41,37,1.399999976,29,37,34,1.350000024,90,0.001,28.88650875,291.8122938,251,0,Chalk,loam,clay loam
1602,Annual,496929,483556,54.238522,-0.514255,0.8347841,0.7966504,0.920419,0.942874159,0.9980339,0.8128803,0.741493,0.7384602,0.89872825,0.895246074,1.0148135,0.75931895,2.018400872,1.412944127,282.8711562,7.124206013,0.006462869,3.946991237,100490.1593,318.5264485,121.3016987,47.37896729,3.525193214,18.60000038,10,76,14,1.580000043,26,60,14,1.409999967,700,0.0005,1.850707139,71.57876316,751,0,Corallian Limestone,sandy loam,sandy clay loam
1605,Annual,429938,172448,51.450226,-1.57056,0.8127903,0.82160676,0.922036,0.92910783,0.9972899,0.83956885,0.8347153,0.7787608,0.9234874,0.909407847,1.0003697,0.7924137,1.97502738,1.419872787,283.5027695,8.146276078,0.006694605,3.562302243,99722.16663,321.2815491,120.0410384,171.8453522,2.946432114,67.5,24,48,28,1.399999976,34,41,25,1.330000043,550,0.015,29.98648257,65.16875709,51,0,Chalk,sandy clay loam,clay loam
1614,Multiannual,552369,169622,51.405157,0.189244,0.7905336,0.80978334,0.9098908,0.908238286,0.9958857,0.8325324,0.47608423,0.5228006,0.73803157,0.708759458,1.0050312,0.6011695,1.688225627,1.444155553,284.1044348,8.545290384,0.00685708,3.547118839,100800.9251,322.0058734,119.4187886,54.47703171,4.737500668,9.400001526,4,87,9,1.730000019,4,88,8,1.74000001,550,0.015,11.65002319,1120.708186,1,252.8517914,Lower Greensand,sand,sand
1630,Annual,422455,321655,52.791991,-1.668443,0.6268899,0.78958917,0.80743873,0.788587315,1.0117766,0.9160149,0.5926312,0.6840534,0.77017725,0.791632062,0.9979268,0.78320986,1.848411831,1.432575083,283.6254948,7.60476465,0.006641617,3.602230661,100803.0297,323.4213632,116.6344002,47.8771553,1.289450169,1.5,9,77,14,1.600000024,17,67,16,1.480000019,33,0.01,2.193604463,967.7517764,501,0,Triassic Sandstone,sandy loam,sandy loam
1641,Decadal,412762,203418,51.729329,-1.816613,0.6906444,0.7113334,0.8340911,0.838619833,0.999067,0.7637764,-1.8376212,0.035686493,0.26322138,0.251078361,0.8993693,0.3860531,2.028039425,1.490307039,283.5860346,7.806790904,0.006710236,4.383198541,99986.18028,322.4027749,119.9926101,121.4273376,0.56535393,14.3999939,48,23,29,1.25,45,26,29,1.25999999,184,0.02,1.100546016,74.91722251,251,0,Oolites,clay,clay
1647,Annual,445410,164780,51.380257,-1.348902,0.8369492,0.86691487,0.93007064,0.933211815,0.99497277,0.88688,0.777773,0.6566138,0.9510752,0.946146604,0.9937993,0.660174,2.016100766,1.442253457,283.670868,8.427272862,0.006739926,3.51566347,100062.2192,321.6614204,121.2806209,125.4835892,0.478078276,26.80000305,19,37,44,1.409999967,31,31,38,1.330000043,100,0.005,31.0650155,547.1017433,51,0,Chalk,loam,clay loam
1650,Annual,414445,171495,51.442261,-1.793548,0.8776027,0.8571503,0.93954456,0.955312154,1.000934,0.8705773,0.747667,0.7258432,0.89039147,0.879669895,1.0071176,0.74880856,2.214786417,1.490167372,283.0876077,8.146276078,0.006585837,4.363776279,98885.33708,319.5539542,123.6489008,224.2875824,4.913440228,25.69999695,21,44,35,1.409999967,25,40,35,1.370000005,550,0.015,18.73166825,110.8919416,51,0,Chalk,loam,loam
1653,Annual,465665,148295,51.23007,-1.060931,0.84544563,0.88178754,0.9215026,0.936388796,0.99680215,0.91167086,0.86713785,0.8149821,0.9441849,0.948126719,1.004378,0.8236567,2.209857614,1.455686502,283.6513059,8.427272862,0.006742203,4.218012215,99945.08358,320.917135,118.3274752,124.6892624,2.75867939,4.300003052,21,44,35,1.409999967,25,40,35,1.370000005,550,0.015,29.43822886,600.6946476,251,0,Chalk,loam,loam
1654,Multiannual,346163,361198,53.145181,-2.806349,0.8820168,0.8816902,0.940103,0.915383118,0.99979854,0.897975,-0.82514703,0.3712213,0.52403474,0.511140741,1.0195074,1.4104251,1.842716317,1.456553322,283.5836454,6.877820409,0.006665755,4.483290973,100931.8648,324.1028799,116.122347,27.9631443,1.50192368,1.100000381,9,78,13,1.600000024,23,64,13,1.429999948,30,0.14,1.321080686,158.2163723,1,0,Triassic Sandstone,sandy loam,sandy clay loam
1655,Annual,535222,156951,51.295633,-0.06193,0.98183185,0.95401895,0.99197465,0.992083385,1.0130372,0.95664245,0.68917906,0.8471176,0.9224299,0.924158468,1.1232796,0.95354486,2.148849943,1.354745299,283.5662614,8.550876397,0.006714996,3.475596752,99749.70921,319.5475782,114.2636089,110.9016418,4.562336922,0,11,35,54,1.49000001,20,37,43,1.399999976,550,0.015,12.87757435,948.9920107,101,0,Chalk,silt loam,loam
1656,Annual,521616,107233,50.851836,-0.273684,0.8662402,0.84758604,0.93858075,0.926732341,0.9954213,0.8605848,0.7862554,0.9054067,0.9351709,0.904500791,0.9884969,0.9320835,2.255421687,1.511939862,284.1596459,6.292935412,0.006994297,4.135268323,100744.5806,321.8143585,127.2536465,34.79604721,0.95347923,0,22,42,36,1.399999976,25,41,34,1.379999995,550,0.015,16.89656068,1264.083148,1,0,Chalk,loam,loam
1659,Annual,416320,129765,51.066985,-1.768461,0.88525075,0.85858953,0.9438878,0.954739174,1.0010254,0.8702045,0.59597516,0.8258525,0.86631846,0.825448362,1.0205156,0.8902948,2.202464408,1.455402841,284.1017404,8.146276078,0.006918269,3.571190629,100740.7192,323.5446794,122.8332829,52.9793129,4.776631832,3.200000763,22,42,36,1.399999976,25,41,34,1.379999995,550,0.015,7.60733177,604.8653132,51,0,Chalk,loam,loam
1661,Multiannual,380635,264765,52.280676,-2.285265,0.84396064,0.79022753,0.9293089,0.924217497,0.996313,0.80253255,0.51738685,0.75529075,0.8225852,0.86907898,0.98202497,0.8324197,1.906407453,1.471821516,283.8037114,7.772891658,0.006764141,3.728673171,100718.1519,324.4440835,120.872844,58.05082703,4.00911808,41.80000305,9,77,14,1.600000024,17,67,16,1.480000019,33,0.01,4.274714429,103.5520951,251,0,Triassic Sandstone,sandy loam,sandy loam
1662,Annual,430805,276665,52.387144,-1.548793,0.7652567,0.7136195,0.88777035,0.892275754,1.0001873,0.7365272,0.492846,0.660267,0.72377706,0.590708528,0.9898781,0.8024739,1.919386638,1.440770725,283.5578351,8.078422874,0.006640031,3.595954777,100356.0819,322.7343711,118.0925826,96.70162964,1.278845072,14.19999695,9,78,13,1.600000024,23,64,13,1.429999948,300,0.00064,0.799594239,2387.686483,501,0,Unallocated to aquifers,sandy loam,sandy clay loam
1663,Multiannual,435299,490365,54.307657,-1.458992,0.78874856,0.8185801,0.88874245,0.895119836,1.0002319,0.85670257,0.6851319,0.9059777,0.9105395,0.931284402,1.007612,0.97209173,1.77064622,1.391688973,282.9852343,7.298685801,0.006408361,3.57891751,100799.3278,319.8780228,116.9688543,39.75876617,4.996384621,16.89999962,9,77,14,1.600000024,17,67,16,1.480000019,33,0.01,6.598627277,169.4687009,251,0,Triassic Sandstone,sandy loam,sandy loam
1664,Annual,637732,320410,52.729029,1.519457,0.46396184,0.48795474,0.7305027,0.748538731,0.8403747,0.59493387,0.15999705,-0.8127513,0.87199926,0.913468701,2.767865,0.6199615,1.73263965,1.597250723,283.8959021,6.690909165,0.006808252,5.685488224,101350.2064,321.0802843,123.9198926,0.753183663,0.032283425,0.300000072,22,41,37,1.399999976,29,37,34,1.350000024,400,0.075,109.1902925,97.10080006,1001,0,Crag,loam,clay loam
1676,Annual,636748,321307,52.737509,1.50556,0.2505715,0.7867168,0.85584444,0.833153332,0.84587836,1.0309101,-0.5569656,0.71063054,0.9051012,0.893185331,0.74046034,0.9141737,1.736089811,1.596334079,283.8940345,6.690909165,0.006808037,5.676589352,101358.3158,321.1007063,123.9360666,1.006816506,0.655207515,0.600000143,32,35,33,0.230985165,25,52,23,0.237838149,400,0.075,108.3459297,96.43040099,1001,0,Crag,clay loam,sandy clay loam
1682,Annual,495485,451916,53.954521,-0.546377,0.82238203,0.78811276,0.9134731,0.932377794,0.9976647,0.80659956,0.75007,0.684191,0.9018029,0.935541706,1.0154161,0.700242,1.961171964,1.448957267,283.0628134,7.297097527,0.006499599,4.648523115,100830.1848,319.6021775,118.9951692,47.36000061,0.605465293,13.5,24,47,29,1.389999986,34,39,27,1.330000043,550,0.015,10.58660497,40.23913862,51,0,Chalk,loam,clay loam
1684,Multiannual,439488,465767,54.086294,-1.397836,0.89166707,0.9284254,0.94435716,0.946457365,1.0004948,0.95498466,0.03859663,0.6163943,0.70367885,0.676450146,0.9541779,0.7607376,1.899945236,1.439067048,283.1235505,7.298685801,0.00645383,4.353751093,100867.4633,320.6127438,115.6999695,25.03578949,3.105294228,5.700000763,19,37,44,1.409999967,31,31,38,1.330000043,33,0.01,2.135384943,92.2726456,251,0,Triassic Sandstone,loam,clay loam
1688,Multiannual,593620,163880,51.341019,0.778518,0.6021395,0.70212924,0.7775362,0.771693215,0.95742136,0.80655193,0.011703372,-0.04114437,0.7398087,0.703233592,1.998036,0.85773486,1.500985765,1.477081111,284.4332904,7.604655088,0.007010678,3.710231019,101260.4114,323.1032865,121.8521706,1.807265639,0.346895099,0,22,41,37,1.399999976,29,37,34,1.350000024,90,0.001,27.51917556,594.1481702,251,56796.68359,Chalk,loam,clay loam
1689,Annual,506716,225249,51.915548,-0.449837,0.924119,0.88667536,0.9639759,0.964352208,1.001037,0.8925595,0.9022565,0.959462,0.96352077,0.936947824,1.0176734,0.9995001,1.608324208,1.455387456,283.5029117,7.941128241,0.006609871,3.554653081,99977.76391,320.6033326,119.9709211,119.0562897,3.664833546,1,49,19,32,1.24000001,51,18,31,1.230000019,550,0.015,24.18338687,2651.680193,101,0,Chalk,clay,clay
1696,Annual,460435,228545,51.952115,-1.122029,0.88934076,0.8821314,0.9443618,0.947502016,1.0009418,0.89609444,0.8475556,0.795386,0.96213835,0.958951465,1.0175972,0.7996916,1.731051472,1.49381315,283.6057205,7.847316624,0.006659883,4.295803898,100225.2271,322.0079516,118.3822129,111.4225922,0.954211354,14,22,42,36,1.399999976,0,0,0,0,0.1,0.06,0.462813138,134.6922299,251,0,Oolites,loam,
1700,Multiannual,540123,130835,51.05976,-0.001855,0.8498197,0.88800466,0.93564016,0.929388074,1.0330604,0.9145156,0.68961775,0.6662007,0.84667003,0.818058037,1.0122588,0.7037555,2.500821465,1.41249347,283.7797614,8.545290384,0.006843095,4.190161045,100033.7287,320.2100148,117.3596948,88.99711609,4.946404457,5.299995422,9,77,14,1.600000024,17,67,16,1.480000019,50,0.00014,3.045153796,105.5346043,1,0,Corallian Limestone,sandy loam,sandy loam
1701,Multiannual,540122,130853,51.059922,-0.001862,0.88016146,0.9105462,0.94337577,0.944114904,1.0145155,0.9322887,0.7508862,0.7636378,0.8842267,0.892538566,1.017796,0.7947041,2.500821465,1.41249347,283.7797614,8.545290384,0.006843095,4.190161045,100033.7287,320.2100148,117.3596948,90.96150208,7.110888004,5.299995422,9,77,14,1.600000024,17,67,16,1.480000019,50,0.00014,3.063164148,105.9579922,1,0,Corallian Limestone,sandy loam,sandy loam
1703,Annual,473005,149645,51.241317,-0.955552,0.9356832,0.9659899,0.9681667,0.970983315,0.99810207,0.98818016,0.889594,0.92953306,0.94847167,0.916936685,0.9959043,0.95210904,1.986746988,1.408445985,283.8188856,8.449890581,0.006788661,3.453186557,100301.1328,321.6073793,118.5093567,105.8057098,2.313564777,3.799995422,22,41,37,1.399999976,29,37,34,1.350000024,550,0.015,25.30535383,207.4233495,251,0,Chalk,loam,clay loam
1707,Multiannual,565833,233458,51.97484,0.412956,0.88235533,0.87970805,0.9412782,0.933690665,0.9872363,0.8957938,-2.5964484,-0.40424228,-0.39701897,-0.398751075,1.1137046,1.0854758,1.520920046,1.498844015,283.8376299,8.170865377,0.00669676,3.791346141,100636.1734,321.0811659,120.9897176,62.97000122,0.534640014,0,54,22,24,1.230000019,44,34,22,1.279999971,550,0.015,52.50567378,68.29985994,1001,0,Chalk,clay,clay
1715,Annual,455455,152955,51.27305,-1.20642,0.94143844,0.9428179,0.9706875,0.974873558,0.99835473,0.9509304,0.88910776,0.8672497,0.9752028,0.971482965,1.0146844,0.87041605,2.079025189,1.523330289,283.6073525,8.427272862,0.006727125,4.240662707,99881.39345,320.9818644,124.7468842,124.5908508,4.731775761,4.000007629,22,41,37,1.399999976,29,37,34,1.350000024,550,0.015,30.08610285,181.4745177,1,0,Chalk,loam,clay loam
1717,Annual,375635,260005,52.237683,-2.358208,0.8104347,0.8692552,0.903424,0.921700435,0.9972617,0.9119123,0.83619744,0.8392239,0.9163132,0.913919757,1.0007344,0.86272526,1.963033955,1.504736603,283.652745,7.772891658,0.006728723,4.505617676,100381.7575,323.7462765,120.4569826,76.48636627,3.616807461,12.09999847,22,41,37,1.399999976,29,37,34,1.350000024,33,0.01,0.056696102,72.83286465,101,0,Triassic Sandstone,loam,clay loam
1718,Annual,438304,479298,54.207985,-1.414222,0.7612347,0.7198491,0.88632643,0.89047882,1.0167141,0.7444954,0.4994505,0.6204496,0.87835646,0.867925139,0.8981047,0.65521395,1.797480829,1.393186564,283.070515,7.298685801,0.006436086,3.593036882,100880.8444,320.2986799,116.5604586,26.4545517,0.746531963,1.699998856,9,77,14,1.600000024,17,67,16,1.480000019,33,0.01,3.23491211,60.72989426,251,0,Triassic Sandstone,sandy loam,sandy loam
1720,Annual,640904,309543,52.630126,1.558395,0.7432359,0.7668361,0.8921745,0.88855862,1.1751887,0.8902345,0.8505262,0.8776034,0.9326525,0.936924939,1.0899915,0.9515551,1.688773275,1.619110138,283.9503611,6.690909165,0.006808363,5.664456283,101333.691,321.11402,124.6777841,0.218269527,0.083510652,0.899999976,49,19,32,1.24000001,47,21,32,1.24000001,400,0.075,111.3798755,114.6543589,1001,0,Crag,clay,clay
1727,Multiannual,606321,156838,51.27332,0.956551,0.7770577,0.7662215,0.8946744,0.857825995,0.9957814,0.7913354,0.43589818,0.44531828,0.7011768,0.620793455,0.9931682,0.5327425,1.881872947,1.477334276,283.9558424,7.604655088,0.006913345,4.518074151,100247.3926,320.7931847,120.9379912,84.27012634,4.13216877,25.60000229,24,48,28,1.399999976,34,41,25,1.330000043,90,0.001,27.84691476,196.7863589,251,0,Lower Greensand,sandy clay loam,clay loam
1731,Annual,597150,285332,52.430398,0.898493,0.923512,0.8476021,0.97472197,0.976914726,0.9720643,0.8523338,0.82976353,0.7685708,0.9277095,0.946023833,0.97503203,0.7815747,1.754600216,1.528328243,283.9815231,8.134556528,0.006745345,4.250377949,101349.1377,321.6366708,120.851811,18.83394623,1.484428763,4.800001144,5,90,5,1.710000038,8,87,5,1.629999995,550,0.015,70.39466847,54.48866713,5001,0,Chalk,sand,loamy sand
1737,Multiannual,445945,175525,51.476821,-1.339826,0.9631245,0.9462219,0.98195124,0.982701083,1.0033753,0.94945395,0.8297907,0.87606525,0.92091036,0.917496649,1.041705,0.9141787,1.860186199,1.459131225,283.6240632,8.427272862,0.006716227,3.523941037,100021.137,321.6259818,122.4386469,114.309845,0.981306732,0,24,48,28,1.399999976,34,41,25,1.330000043,550,0.015,27.21488952,62.69190431,51,5.540248871,Chalk,sandy clay loam,clay loam
1741,Annual,625875,329165,52.812675,1.350218,0.692608,0.6204748,0.85977185,0.869768958,1.0086213,0.6474387,0.7136675,0.5904193,0.8947419,0.882556146,0.9893601,0.60432065,1.799342827,1.585036285,283.7124701,7.324315532,0.006753493,5.564233821,101062.5732,320.5065567,124.7057192,22.12712479,5.686579227,0,19,37,44,1.409999967,31,31,38,1.330000043,400,0.075,96.04301674,235.7499102,1001,0,Crag,loam,clay loam
1745,Annual,556213,118826,50.947706,0.222406,0.8099865,0.7768672,0.9067335,0.920967487,0.9988667,0.7972982,0.73129135,0.5749316,0.92597187,0.91608081,1.008582,0.58151597,2.37535597,1.499634904,284.1331503,6.103997887,0.00701093,4.197993151,100641.4359,321.7078588,126.0424119,86.58694458,3.497899532,35.80000305,49,19,32,1.24000001,51,18,31,1.230000019,50,0.00014,3.789093325,203.4193028,1,0,Corallian Limestone,clay,clay
1753,Annual,463255,128155,51.049266,-1.098973,0.94167787,0.9207838,0.9714744,0.974110345,1.000569,0.92610055,0.9385638,0.9208811,0.9772897,0.978494026,1.0113283,0.9250623,2.532749175,1.473835203,283.7775885,8.427272862,0.006804903,4.20211777,100126.3682,321.1396681,121.2519857,106.949295,2.985681534,11.90000153,22,42,36,1.399999976,25,41,34,1.379999995,550,0.015,38.2974767,92.59865365,1,625.6021118,Chalk,loam,loam
1778,Decadal,444510,462273,54.054485,-1.321583,0.76297057,0.8746543,0.8965068,0.898133983,1.0187172,0.9318086,-0.56711245,0.5653274,0.86717135,0.754569523,1.0514219,1.4106805,1.874972615,1.444274212,283.1465866,7.298685801,0.006464218,4.37342617,100893.8236,320.6593655,116.1494918,23.9175663,9.974603653,3.799999237,22,41,37,1.399999976,29,37,34,1.350000024,33,0.01,4.272568574,69.06766559,251,0,Triassic Sandstone,loam,clay loam
1780,Annual,491819,459686,54.024997,-0.599884,0.8881442,0.8658847,0.94516635,0.959516838,0.99728435,0.8776368,0.8063643,0.8289302,0.9246486,0.912394195,0.976089,0.84829223,2.163800664,1.402340482,282.8181798,7.124206013,0.006428826,3.87598168,100160.1533,318.4651718,119.1550618,63.0193367,0.774588287,1,19,37,44,1.409999967,0,0,0,0,550,0.015,9.521945612,35.24018632,51,71.61538696,Chalk,loam,
1782,Annual,443505,135305,51.115387,-1.379846,0.891932,0.8446402,0.95183206,0.962718367,0.9950192,0.8523801,0.6882676,0.8614869,0.89394087,0.892289709,0.98218805,0.91270727,2.266484114,1.492514152,283.8424696,8.427272862,0.006820699,4.252070192,100285.7436,321.9504633,122.1127038,108.9103775,2.508900404,26.80000305,19,37,44,1.409999967,0,0,0,0,550,0.015,35.27971866,140.3321308,1,0,Chalk,loam,
1788,Annual,424905,125805,51.031071,-1.646215,0.8911637,0.8287016,0.9578228,0.961242138,0.9979622,0.8339881,0.79945135,0.7392514,0.92386043,0.925624891,0.99775493,0.7506261,2.447590362,1.532748811,283.7052925,8.146276078,0.006799527,4.296986432,99926.36294,321.4304773,127.2830886,143.6113739,4.39396286,94.20000458,19,37,44,1.409999967,0,0,0,0,550,0.015,16.58137366,84.93206978,1,0,Chalk,loam,
1789,Multiannual,571354,156528,51.282116,0.455641,0.7572217,0.77468073,0.877695,0.867058064,1.0261999,0.81258875,0.41519046,0.74962294,0.795793,0.797795479,0.9350163,0.87052405,1.860021905,1.43840464,284.1927775,8.545290384,0.006931326,3.58110421,100902.0284,322.1225845,120.1423747,41.81261826,1.120606184,0,22,42,36,1.399999976,25,41,34,1.379999995,270,0.0006,11.47231173,1181.934229,251,0,Lower Greensand,loam,loam
1791,Annual,519850,105990,50.841032,-0.299166,0.76484245,0.8006523,0.8753885,0.881053449,0.9991854,0.8444041,0.81319165,0.93159,0.9323894,0.933831101,1.0059988,1.0085328,2.154381162,1.542856101,284.3743914,6.292935412,0.007058527,4.133285834,101179.4334,322.8243305,128.359197,11.45721912,15.05022621,6.300000191,49,19,32,1.24000001,47,21,32,1.24000001,550,0.015,19.02135851,1358.719274,1,0,Chalk,clay,clay
1795,Multiannual,377465,338825,52.946322,-2.336804,0.85811347,0.87129986,0.9286941,0.928883138,1.0034916,0.8929175,0.36564958,0.6534416,0.6622786,0.774258649,1.0026104,0.92228466,2.222015332,1.425753815,283.1209842,7.783296916,0.006521804,4.424120146,99851.68389,321.6116713,114.3430819,121.4259796,5.778671265,14.5,5,89,6,1.700000048,5,89,6,1.700000048,33,0.01,0.116001256,81.33592406,1001,0,Unallocated to aquifers,sand,sand
1797,Multiannual,335005,324295,52.812254,-2.965719,0.4869144,0.7563899,0.76224136,0.767964219,1.0450329,0.9719183,0.2075172,0.59744185,0.72948754,0.738946418,0.99599063,1.298103,1.982803944,1.408788594,283.440768,7.561281574,0.006667112,3.844832735,100338.0962,323.3509037,117.4597095,79.1995163,1.608315229,0,10,80,10,1.590000033,22,65,13,1.440000057,33,0.01,0.524997528,67.84407498,251,0,Triassic Sandstone,loamy sand,sandy clay loam
1805,Annual,404186,192900,51.634888,-1.940907,0.6578839,0.5326177,0.8892717,0.908315377,1.0589544,0.54976827,0.55969167,0.46109998,0.9401041,0.950764163,1.1846435,0.4972756,1.864184011,1.444379065,283.7979979,7.806790904,0.006787927,3.651756229,100351.0259,323.3819532,119.9132025,83.71085358,0.975168824,1.599998474,22,42,36,1.399999976,25,41,34,1.379999995,0.1,0.06,6.91484633,111.5414277,251,0,Oolites,loam,loam
1809,Annual,365225,324185,52.814068,-2.517383,0.8380331,0.9147342,0.9174875,0.917778159,0.9992306,0.9785242,0.8131134,0.87416077,0.91399544,0.921800567,1.0230858,0.9110886,1.886527928,1.465757347,283.5166624,7.561281574,0.006654957,4.478159419,100523.9495,323.5388466,116.8880886,62.30638123,3.853850603,7.900001526,5,89,6,1.700000048,5,89,6,1.700000048,30,0.14,0.696429286,71.26973418,1001,0,Permian Sandstone,sand,sand
1810,Annual,498238,455196,53.983476,-0.503383,0.7809902,0.72981715,0.895684,0.909841164,0.98836535,0.7510402,0.77330285,0.7472644,0.88904953,0.910002363,1.034576,0.77556914,1.879025188,1.427173642,283.1274276,6.699781022,0.006524324,3.920863484,100771.7195,319.8525287,120.1608475,20.25468826,0.546952724,0,24,47,29,1.389999986,34,39,27,1.330000043,550,0.015,14.6312097,90.31944763,51,0,Chalk,loam,clay loam
1812,Multiannual,454645,169905,51.425522,-1.215433,0.8023933,0.85052145,0.9221601,0.934159399,0.99500746,0.87248695,-10.884899,0.7477424,0.8266204,0.801222355,0.9595004,1.1787014,1.904490691,1.459781351,283.7419686,8.427272862,0.006750877,4.256334898,100226.1376,321.923577,117.0004223,96.00782776,4.931013107,12.29999542,22,42,36,1.399999976,25,41,34,1.379999995,100,0.005,20.54692129,346.2659545,51,0,Chalk,loam,loam
1816,Annual,405026,195364,51.657035,-1.928735,-0.36999655,0.35419238,0.8704177,0.870641168,1.533778,1.3396637,-5.370941,-0.5523449,0.79133606,0.797775584,2.4418256,1.5361241,1.885487408,1.446732165,283.7986767,7.806790904,0.006785927,3.652599664,100369.1167,323.425303,120.0218677,86.52226257,1.451385856,4.300003052,19,41,40,1.419999957,19,44,37,1.419999957,0.1,0.06,4.829614112,118.6106593,251,0,Oolites,loam,loam
1820,Annual,467365,386475,53.370841,-0.98898,0.72833943,0.8496578,0.88619685,0.882061237,1.0071753,1.0979848,0.84544784,0.8118847,0.94864595,0.93072784,1.0010011,1.1809736,1.643373494,1.486261275,283.5648386,7.722836944,0.00659863,4.427597169,101304.8098,322.538112,117.0949374,12.24871063,1.472122669,3,10,76,14,1.580000043,26,60,14,1.409999967,33,0.01,4.036936907,147.1341745,2501,0,Triassic Sandstone,sandy loam,sandy clay loam
1821,Annual,425007,135427,51.117586,-1.644098,0.87911725,0.8788107,0.9398162,0.969802914,0.9960548,0.8948851,0.86909205,0.89890814,0.93349,0.943685087,0.99699473,0.9239283,2.196385541,1.516965987,283.7333528,8.146276078,0.006798392,4.305904741,100021.0825,321.7813356,124.90795,125.5464935,4.401920795,16.70000458,19,37,44,1.409999967,0,0,0,0,550,0.015,17.36122734,66.48386924,1,0,Chalk,loam,
1855,Annual,550746,249846,52.126362,0.200711,0.8582881,0.8443684,0.9322602,0.946404089,0.9948339,0.8599803,0.62333024,0.7982402,0.9201996,0.92277327,0.9760182,0.81625205,1.445892661,1.491526919,284.0414641,8.084611253,0.006744929,3.758998673,101177.6366,322.5056381,119.1702563,32.81933594,2.181215763,6.100000381,8,76,16,1.610000014,8,76,16,1.116897106,550,0.015,51.97945103,230.7007104,5001,0,Chalk,sandy loam,sandy loam
1857,Annual,599915,288303,52.456068,0.940883,0.8279652,0.774801,0.9214084,0.929421112,1.0084107,0.78912914,0.82627034,0.91548,0.95756596,0.94735221,1.0360135,0.9363938,1.709529029,1.54087137,283.9217995,8.134556528,0.006731516,4.284612549,101253.5179,321.3502819,122.4294511,24.31378937,15.54828167,1,9,80,11,1.600000024,25,63,12,1.419999957,550,0.015,72.301267,65.4812984,5001,0,Chalk,loamy sand,sandy clay loam
1861,Annual,551254,116146,50.924945,0.150755,0.765631,0.7324375,0.8838824,0.888707934,1.0013375,0.7589515,0.5721435,0.47665417,0.84944534,0.842674151,1.1324347,0.5165902,2.249561888,1.458027766,284.224393,6.103997887,0.007035739,4.183646599,100827.0714,322.1302238,121.6933888,53.39342117,1.736115336,8.900001526,19,37,44,1.409999967,31,31,38,1.330000043,50,0.00014,1.163400109,108.1917118,1,51.22916794,Corallian Limestone,loam,clay loam
1867,Annual,449015,356045,53.099352,-1.269416,0.7209166,0.7025428,0.85726184,0.901765682,1.0001134,0.7390287,0.6633321,0.71739864,0.84754264,0.917766395,0.98533434,0.76250345,2.101752466,1.459942177,282.7341306,7.156845677,0.006368105,4.365530501,99345.97377,318.9037216,118.6535283,167.3728638,2.311054468,30.8999939,22,42,36,1.399999976,25,41,34,1.379999995,260,0.01,2.551198664,1117.797127,1001,0,Carboniferous Limestone,loam,loam
1871,Annual,479680,112375,50.905356,-0.868151,0.9580893,0.930078,0.9799615,0.979570214,0.99818754,0.93303555,0.89262396,0.81979066,0.95891404,0.951557751,1.0272313,0.82666284,2.558324207,1.539969722,284.0086487,6.336254195,0.006900275,4.161052698,100487.6594,321.62184,128.0200222,62.3308754,3.792867661,0,22,41,37,1.399999976,29,37,34,1.350000024,550,0.015,25.24013652,88.87112896,1001,0,Chalk,loam,clay loam
1873,Annual,421825,360715,53.143128,-1.675166,0.8243077,0.85736847,0.9083884,0.917909304,0.9989227,0.89068514,0.8288974,0.80699587,0.91805667,0.907083657,0.9963378,0.8252938,2.867086528,1.3655499,282.0320573,6.480668222,0.006176873,4.346145361,97886.02274,315.9916446,112.4704671,278.7577515,3.457238436,60.80001831,24,48,28,1.399999976,34,41,25,1.330000043,20,0.01,1.723389803,92.04760844,1,0,Carboniferous Limestone,sandy clay loam,clay loam
1878,Annual,438255,131155,51.078445,-1.455284,0.9418537,0.93303484,0.9710036,0.974037072,0.9997625,0.93963915,0.88560903,0.86265534,0.95280844,0.935298296,0.99223983,0.87125146,2.31544359,1.40459346,284.0673856,8.427272862,0.006893629,3.50605241,100726.2304,323.019898,117.9666096,68.78948975,5.795218945,23.79999924,22,42,36,1.399999976,25,41,34,1.379999995,550,0.015,29.58551792,104.105716,1,34.41073227,Chalk,loam,loam
1880,Annual,439900,165520,51.387323,-1.427986,0.9434629,0.91603845,0.97295463,0.974008013,1.0061837,0.9207547,0.916845,0.8716642,0.96163696,0.975983593,1.0056369,0.87766236,2.106188389,1.434938837,283.6972902,8.427272862,0.006750512,3.530835955,100121.9343,321.910455,120.4094725,106.8883057,3.770567894,7.299995422,22,42,36,1.399999976,25,41,34,1.379999995,520,0.005,35.83389454,55.53962487,51,0,Chalk,loam,loam
1882,Annual,374483,95227,50.756071,-2.363102,0.2684043,0.54557055,0.8737574,0.879756854,1.2562447,1.353431,0.34968877,0.5573596,0.9080247,0.905091171,1.2209558,1.3723655,2.911719612,1.491056986,284.1011008,7.90585989,0.006980099,3.690024135,100545.7307,323.5742156,127.6954371,61.26390839,1.253742218,0,19,37,44,1.409999967,0,0,0,0,550,0.015,7.659405862,45.86190385,101,0.029876256,Corallian Limestone,loam,
1885,Multiannual,383645,268355,52.313049,-2.241321,0.70000184,0.67496485,0.8513664,0.82046573,0.99771553,0.7109491,-0.63306797,-0.069892645,0.036440603,0.075214786,1.0146112,0.5352317,1.920810516,1.46500693,283.5423032,7.772891658,0.006682741,4.47094402,100218.0607,323.2036182,116.7692403,97.73478699,1.536718369,29,20,42,38,1.409999967,20,45,35,1.419999957,33,0.01,1.445369095,288.3810205,1001,650.473938,Triassic Sandstone,loam,loam
1886,Annual,490093,101370,50.80489,-0.722799,0.7813508,0.66011995,0.9199146,0.927346636,1.070659,0.6773366,0.5256046,0.52061,0.86184686,0.873568885,1.3864318,0.75221044,1.952738226,1.502849654,284.4776065,6.336254195,0.00706738,4.138262033,101415.0832,323.4586776,123.5219462,5.027038097,1.115554333,2.099999905,24,47,29,1.389999986,34,39,27,1.330000043,550,0.015,25.84587143,1082.891781,1001,4704.42041,Chalk,loam,clay loam
1892,Decadal,470355,376585,53.28157,-0.946242,0.8945804,0.91277075,0.94769484,0.94512517,0.9954213,0.93034375,-6.7804666,0.6140835,0.7236841,0.750059243,1.0399702,1.2664346,1.762595839,1.446751678,283.5425085,7.722836944,0.006593567,3.673908017,101172.1882,322.3881792,118.2226457,25.01382828,1.226430893,10.39999962,22,41,37,1.399999976,29,37,34,1.350000024,33,0.01,2.801319215,231.3441188,2501,0,Triassic Sandstone,loam,clay loam
1893,Annual,419100,199350,51.692575,-1.725068,0.21942586,0.54865277,0.85626614,0.854552656,1.0663214,1.4226891,-1.5825706,0.52586216,0.8044766,0.812217069,1.1823692,1.3915727,1.798959476,1.448644501,283.8632746,7.806790904,0.006787477,3.604780765,100523.3603,323.5567898,119.5773809,73.71081543,4.076919079,2.799995422,11,80,9,1.570000052,19,72,9,1.480000019,0.1,0.06,2.61733892,131.6118668,251,0,Oolites,sandy loam,sandy loam
1898,Annual,432905,146255,51.21455,-1.530276,0.92154366,0.91798174,0.96059155,0.977518655,0.99894166,0.928078,0.85247254,0.8514886,0.92702276,0.926838757,1.0037581,0.87071097,2.024917851,1.455841289,283.9246879,8.146276078,0.006839529,3.535378127,100453.0746,322.7640172,122.297092,88.03330231,0.874383628,12.30000305,22,41,37,1.399999976,29,37,34,1.350000024,550,0.015,29.47100911,528.9057529,1,0,Chalk,loam,clay loam
1903,Annual,510555,106575,50.848139,-0.430949,0.81985825,0.7959138,0.9112923,0.921515247,0.9976474,0.8162162,0.6776919,0.56434834,0.9053102,0.913749224,1.0130835,0.5749648,2.184830234,1.511635018,284.1406299,6.292935412,0.006976785,4.132494206,100706.9671,321.7777901,126.4899861,61.96684647,5.727022648,35.00000381,51,17,32,1.220000029,52,19,29,1.230000019,550,0.015,19.00832544,1243.822183,1001,0,Chalk,clay,clay
1907,Annual,413185,174495,51.469266,-1.811566,0.7837375,0.7052548,0.9218979,0.916096135,0.9924034,0.71589255,0.81518906,0.6531134,0.954384,0.93908444,0.9964984,0.6561437,2.214348305,1.54652646,282.9622982,8.146276078,0.006547725,5.124221485,98650.16385,319.0249056,125.7858095,265.6378174,2.129617929,55.1000061,22,42,36,1.399999976,25,41,34,1.379999995,550,0.015,18.58457741,77.2836682,51,0,Chalk,loam,loam
1911,Multiannual,591032,287808,52.4548,0.810037,0.8682132,0.77265525,0.94845676,0.951413431,0.9786863,0.77960384,0.69981086,0.6177952,0.9251658,0.927484565,0.9240987,0.63295907,1.781161006,1.569050501,283.8446846,8.134556528,0.006702747,4.946349517,101097.1765,321.1415634,120.5835656,32.89945221,2.2053473,0,5,90,5,1.710000038,8,87,5,1.629999995,550,0.015,63.83014237,99.19762096,5001,0,Chalk,sand,loamy sand
1921,Annual,392285,201345,51.710778,-2.113052,0.8229209,0.8578752,0.91988766,0.949235236,0.9965651,0.8826561,0.77691936,0.71209043,0.90884167,0.930341295,0.99702513,0.7269193,2.402190579,1.477584633,283.2629155,7.50607898,0.006637233,4.45396125,99292.16345,321.1329802,120.9736195,175.8085175,0.862934828,18.5,22,42,36,1.399999976,0,0,0,0,184,0.02,0.580876954,192.0542417,251,0,Oolites,loam,
1922,Annual,442635,168294,51.412066,-1.388352,0.65360546,0.7730316,0.81134784,0.82965603,0.99883556,0.8738121,0.7586087,0.6553978,0.9077347,0.91696595,1.0031016,0.66799474,1.889813804,1.452491259,283.7215697,8.427272862,0.006752964,3.525684684,100184.4865,322.0240185,122.0055151,102.4285431,2.717182398,17.80000305,24,48,28,1.399999976,34,41,25,1.330000043,550,0.015,32.30292932,232.6308766,51,0,Chalk,sandy clay loam,clay loam
1928,Annual,504530,459412,54.02012,-0.406026,0.903396,0.89362943,0.9517683,0.95318647,1.0017661,0.9052099,0.5531982,0.80442107,0.8788286,0.877745826,1.0409418,0.8520399,1.799999999,1.458358274,283.1036022,6.475027417,0.006530721,4.728978217,100600.6078,319.6533961,119.4660708,31.12011719,0.969408095,4.5,22,41,37,1.399999976,29,37,34,1.350000024,550,0.015,14.41672103,165.4006873,51,1122.758545,Chalk,loam,clay loam
1937,Multiannual,308909,111826,50.898699,-3.296684,0.7904533,0.88811034,0.89355147,0.890332265,1.0026695,0.9656385,-1.5088537,0.40327913,0.5494294,0.522096328,1.0292612,1.3901418,2.606462215,1.422217206,283.8658784,7.064950844,0.00697833,4.03169826,99907.49443,323.9340054,122.1841597,109.975708,1.87446177,7.900001526,20,42,38,1.409999967,20,45,35,1.419999957,33,0.01,2.140748684,79.39084546,51,0,Triassic Sandstone,loam,loam
1948,Annual,548880,102726,50.804966,0.111545,-2.8317273,0.68379414,0.6838696,0.535208865,0.9933624,0.9980837,-1.2804608,0.14132106,0.28626543,0.416773398,0.9950672,0.52262485,2.081927706,1.468913336,283.9833114,6.103997887,0.007006896,4.153418502,100330.7399,320.8673695,126.613101,115.2001038,3.907377005,50.60000229,19,37,44,1.409999967,0,0,0,0,550,0.015,9.702675177,480.1515017,1,0,Chalk,loam,
1952,Multiannual,545340,226750,51.920304,0.112,0.86446226,0.80999917,0.94688666,0.941457436,0.99336135,0.8176951,0.73738754,0.7129773,0.92758775,0.906032287,0.9865609,0.7225875,1.597864184,1.511557133,283.6481584,8.170865377,0.006645202,4.42558863,100236.8845,320.5149455,118.4083662,110.9561157,1.434252858,9.199996948,49,19,32,1.24000001,51,18,31,1.230000019,520,0.005,43.89670377,192.302946,101,0,Chalk,clay,clay
1954,Annual,429571,178713,51.506575,-1.575319,0.92013514,0.8952095,0.9610074,0.969715353,0.9996092,0.9027352,0.91461945,0.89054936,0.9582212,0.959427085,1.0009351,0.89884144,2.082968237,1.477511271,283.2706628,7.806790904,0.006621836,4.321411152,99215.53122,320.2791842,120.7556293,163.2089691,2.640049934,8.100006104,22,42,36,1.399999976,25,41,34,1.379999995,550,0.015,24.93981947,59.95205823,51,0,Chalk,loam,loam
1955,Annual,359615,323015,52.803158,-2.600468,0.87914896,0.7667282,0.9587643,0.953767669,1.0097907,0.77061236,0.70026517,0.5829588,0.8849195,0.890960628,1.0051714,0.59918594,1.899178532,1.423332163,283.486302,7.561281574,0.006653126,3.744961122,100449.416,323.4347027,117.7078671,71.06117249,0.613132954,5.700004578,9,77,14,1.600000024,17,67,16,1.480000019,30,0.14,1.13551128,71.19730999,1001,0,Permian Sandstone,sandy loam,sandy loam
1956,Multiannual,451475,79785,50.61551,-1.273788,0.650972,0.82874227,0.8328781,0.818103505,1.0013229,1.0373912,0.52973485,0.89163476,0.8973952,0.894922989,1.0321016,0.9864103,2.443044906,1.405994178,284.2197184,6.406078896,0.007005664,3.421624004,100842.7816,322.1500582,121.3052558,42.23931122,0.083327457,0.199996948,5,90,5,1.710000038,8,87,5,1.629999995,270,0.0006,65.50432812,169.4790957,251,0,Lower Greensand,sand,loamy sand
1962,Annual,553810,163780,51.352279,0.207418,0.82183427,0.8242391,0.9084418,0.91785343,0.99970776,0.84997076,0.7683128,0.81079614,0.962336,0.934795777,1.0262489,0.8164507,1.811993431,1.368806248,283.824225,8.545290384,0.006788116,3.53550746,100207.7332,320.6118269,113.8869199,67.1762085,3.571174383,0,22,41,37,1.399999976,29,37,34,1.350000024,550,0.015,16.24837176,319.8147828,1,0,Chalk,loam,clay loam
1963,Annual,601285,277705,52.360416,0.954648,0.6934364,0.8360622,0.8905468,0.876490312,0.98972505,1.1216178,0.48671925,0.69974196,0.8718394,0.852258354,1.0121578,1.2712651,1.610186197,1.521467835,283.9342764,8.134556528,0.006730643,4.253625465,101171.7552,321.2490228,120.1784976,30.72333908,5.591773987,7.199998856,19,37,44,1.409999967,31,31,38,1.330000043,550,0.015,76.75882202,80.19675842,5001,0.300000042,Chalk,loam,clay loam
1964,Multiannual,582923,165092,51.355446,0.625737,0.87887424,0.85118794,0.94328463,0.932677482,0.9966039,0.86246204,0.6391422,0.5710808,0.8331091,0.801533824,1.00299,0.6048926,1.768784224,1.465992365,284.2645694,7.604655088,0.006940597,3.658135701,100944.3903,322.395645,121.1792592,34.03531265,0.68056792,0,9,77,14,1.600000024,17,67,16,1.480000019,90,0.001,25.00748446,1077.042372,251,0,Chalk,sandy loam,sandy loam
1970,Multiannual,440478,465078,54.080025,-1.382795,0.86788577,0.83977485,0.9372587,0.942076105,0.9978843,0.8525863,-1.3236895,0.25454593,0.33856818,0.141341126,0.9778741,0.65689796,1.894523552,1.430937288,283.0842096,7.298685801,0.006443751,4.357597648,100788.4339,320.4114451,115.0914782,40.53210449,2.989959955,8.199996948,19,37,44,1.409999967,31,31,38,1.330000043,33,0.01,1.412552317,93.44471789,251,0,Triassic Sandstone,loam,clay loam
1972,Annual,436550,173140,51.456061,-1.475342,0.8713507,0.7933592,0.94533646,0.953622648,0.9987911,0.80072457,0.6199272,0.6877905,0.7909825,0.841632772,1.0018473,0.7680887,1.925355967,1.484767,283.3748875,8.427272862,0.006651163,4.299528511,99512.24063,320.5713504,121.390686,165.987381,2.1448493,26.8999939,22,41,37,1.399999976,29,37,34,1.350000024,550,0.015,33.77417209,77.87529999,51,0,Chalk,loam,clay loam
1984,Annual,571064,325816,52.802761,0.53616,-0.11731613,0.50843805,0.6903963,0.711317974,1.0190014,1.3813499,-0.39160275,0.45696694,0.45912567,0.540405428,1.0368135,0.9686291,1.795618845,1.49678087,283.7956207,7.787020949,0.006702956,4.160581153,101217.8794,321.6607687,119.9389111,14.88070297,0.874269009,0,5,89,6,1.700000048,5,89,6,1.700000048,50,0.00014,46.30887408,67.55312162,1001,0,Oolites,sand,sand
1985,Annual,413570,208800,51.777699,-1.804706,0.49674702,0.7556675,0.75875235,0.812489895,1.0014741,1.0386776,0.5881995,0.687431,0.79967046,0.885206714,1.0182562,0.76076466,2.079572833,1.4211882,283.4577752,7.806790904,0.006668395,3.625790957,99757.00523,321.8431514,118.5682676,127.2141113,6.256939411,1.699996948,48,23,29,1.25,45,26,29,1.25999999,184,0.02,0.417077946,41.34935424,51,0,Oolites,clay,clay
1990,Annual,417440,200130,51.699641,-1.749045,0.707307,0.6667384,0.93128055,0.934171893,1.0119773,1.325887,0.101041734,0.55019844,0.8695638,0.869113399,1.0941323,1.4200653,1.880339538,1.447115084,283.8400621,7.806790904,0.006781806,3.611160313,100482.1349,323.4913511,119.5336275,78.45342255,2.519583702,4.600006104,19,45,36,1.419999957,27,39,34,1.360000014,0.1,0.06,1.500311616,129.7177478,251,0,Oolites,loam,loam
1991,Annual,453175,82465,50.639456,-1.249378,0.6767136,0.6063088,0.8500135,0.867900229,0.9993365,0.6360001,0.3020792,0.47513658,0.88934493,0.884472218,0.88090086,0.500949,2.293592558,1.48400495,284.3727071,6.406078896,0.00704764,4.176069672,101159.8259,322.9265363,122.8188233,28.43565559,5.054894447,9.700000763,11,80,9,1.570000052,19,72,9,1.480000019,270,0.0006,64.34026874,285.6685818,251,0,Lower Greensand,sandy loam,sandy loam
2006,Annual,544166,240235,52.041767,0.100602,0.8299909,0.77160585,0.9213245,0.927399799,0.9986172,0.78558916,0.6714996,0.74753153,0.86091125,0.824861849,0.98832184,0.7896239,1.55158817,1.507361225,283.5413442,8.084611253,0.006605576,4.459539347,100104.1859,320.1690242,117.7911881,113.0422821,1.101907849,4.599998474,49,19,32,1.24000001,51,18,31,1.230000019,550,0.015,54.2981267,109.2462947,5001,0,Chalk,clay,clay
2013,Annual,451095,132965,51.093722,-1.271752,0.68225473,0.7252679,0.9016502,0.925969291,0.99830353,1.2565244,-0.2986958,0.77245295,0.8255497,0.838276882,0.981988,1.1449897,2.236144579,1.465315866,283.999482,8.427272862,0.006866787,3.477987111,100595.202,322.5251001,123.8528172,52.61116791,1.068876743,10.79999924,19,37,44,1.409999967,0,0,0,0,550,0.015,42.52281067,272.6971725,1,0,Chalk,loam,
2014,Annual,426105,329695,52.8641,-1.613677,0.7464859,0.71226966,0.87429297,0.87631713,0.9973179,0.7411981,0.57585245,0.5967157,0.9222558,0.928049915,0.9136939,0.61380804,1.960186198,1.435474338,283.5680962,7.60476465,0.006619281,3.598029366,100751.3875,323.1208282,117.1032941,52.96136856,2.06524992,2.799999237,21,39,40,1.399999976,21,41,38,1.399999976,33,0.01,0.074502413,524.0922278,1001,0,Triassic Sandstone,loam,loam
2028,Annual,483527,114384,50.922874,-0.812992,0.94091743,0.8953953,0.97291076,0.976873405,1.0052885,0.89910233,0.87030494,0.80225533,0.95819646,0.963092262,1.057034,0.81533134,2.805805037,1.46210893,283.9734886,6.336254195,0.00688809,3.402798804,100420.969,321.4459331,125.686845,76.98816681,1.010550141,0,22,41,37,1.399999976,29,37,34,1.350000024,550,0.015,20.90247067,84.88453198,1001,124.6425171,Chalk,loam,clay loam
2031,Multiannual,352335,320515,52.780091,-2.708079,0.84885484,0.8349136,0.92408544,0.905187898,0.99966383,0.853406,-0.31490636,0.3007996,0.42459047,0.489210341,0.9836578,0.60311675,1.906297921,1.422651836,283.4790398,7.561281574,0.006660697,3.77571173,100405.0927,323.4327984,117.9194411,79.15325928,0.508554399,3.400001526,19,37,44,1.409999967,31,31,38,1.330000043,30,0.14,0.254590499,175.8418561,251,0,Triassic Sandstone,loam,clay loam
2035,Annual,402110,203120,51.726789,-1.970844,0.8697183,0.82866955,0.9376409,0.924475309,1.0006316,0.8404228,0.83703977,0.8358304,0.9363412,0.930225159,1.1341904,0.9300558,2.160405256,1.426503597,283.5357637,7.806790904,0.006705349,3.661491919,99883.67972,322.3112606,119.3128772,112.7326508,1.295816302,1.599998474,54,22,24,1.230000019,44,34,22,1.279999971,184,0.02,5.416338288,285.2649103,51,0,Oolites,clay,clay
2043,Annual,451155,122655,51.001016,-1.272349,0.949152,0.9326632,0.9754194,0.974187114,0.9970904,0.9373778,0.9249556,0.8982255,0.96439636,0.956133875,0.9973043,0.90469474,2.366045998,1.53049672,284.0085473,6.406078896,0.006882508,4.220984769,100523.074,322.3023386,125.7522114,76.77615356,6.297720909,7.599998474,22,41,37,1.399999976,29,37,34,1.350000024,550,0.015,42.96886635,319.2759315,1,0,Chalk,loam,clay loam
2048,Annual,453955,133055,51.09427,-1.230903,0.6592669,0.72111547,0.9009825,0.921244184,0.9973144,1.2607082,-0.012575388,0.7821339,0.8696841,0.833496847,0.9882683,1.174209,2.229189491,1.473746486,284.0292671,8.427272862,0.006874714,3.471316122,100655.0993,322.6128645,124.5359651,57.45245361,5.697706223,13,19,37,44,1.409999967,0,0,0,0,550,0.015,45.38057716,89.72347582,1,0,Chalk,loam,
2050,Annual,376645,311065,52.696745,-2.347012,0.9447854,0.9354973,0.9744759,0.972579951,1.0231239,0.9454628,-0.8379468,0.23289818,0.25310463,0.226779336,1.1518593,0.9132178,2.083680179,1.47555708,283.2656928,7.783296916,0.00658156,4.45806329,99935.49437,322.2058311,118.9756324,100.6879883,0.781339824,0,5,89,6,1.700000048,5,89,6,1.700000048,33,0.01,2.290457668,202.3952003,1001,0,Permian Sandstone,sand,sand
2053,Multiannual,452162,415252,53.631191,-1.212674,0.7922211,0.74887264,0.89955485,0.909349273,0.99947137,0.7698371,0.39638543,0.7627564,0.78209674,0.798301638,0.99096197,0.90661633,1.696111721,1.457658492,283.3630669,7.170043959,0.006534499,4.393569257,101139.5355,321.7583912,115.9113879,27.83276558,3.088986874,8.100000381,22,42,36,1.399999976,25,41,34,1.379999995,260,0.01,0.40694824,205.8324307,51,0,Magnesian Limestone,loam,loam
2067,Multiannual,370295,225234,51.924819,-2.433364,0.7386607,0.7704148,0.8608313,0.858460893,0.9986384,0.81740993,0.48476708,0.49732125,0.70992434,0.661783298,0.9964086,0.589478,2.030941946,1.429898545,283.9019861,7.50607898,0.006831876,3.787680541,100712.0061,324.6753644,117.8014136,64.04639435,2.484015703,15.50000381,19,37,44,1.409999967,31,31,38,1.330000043,33,0.01,0.338047434,116.6835168,101,5497.859375,Triassic Sandstone,loam,clay loam
2068,Annual,569264,329584,52.837168,0.511438,-1.5610857,0.3837223,0.46664184,0.478890834,0.9910048,0.6913839,-2.9637208,0.054507256,0.26529494,0.343871949,0.9902271,0.4049655,1.81204819,1.52044929,283.6537469,7.787020949,0.006665596,4.922191207,100968.4663,321.0428355,118.0549222,35.35186768,1.340121746,18.70000076,5,90,5,1.710000038,8,87,5,1.629999995,270,0.0006,46.56465744,79.75510246,1001,0,Oolites,sand,loamy sand
2082,Annual,623562,300292,52.554513,1.296371,0.7876251,0.86260134,0.8886391,0.883457912,0.98645854,0.92067164,0.749063,0.81914103,0.8669947,0.859744556,0.9805784,0.87899905,1.778148957,1.527410289,283.9255931,7.324315532,0.006765986,4.623050956,101179.303,321.1080591,119.9566022,9.899394989,0.367003858,3.5,19,37,44,1.409999967,31,31,38,1.330000043,550,0.015,94.0789733,161.2230227,1001,0,Chalk,loam,clay loam
2090,Multiannual,467845,407095,53.556092,-0.977324,0.8954709,0.8738758,0.95346206,0.932067508,0.9815898,0.8842317,0.28340542,0.71804357,0.71990895,0.773161893,0.9676683,1.0017639,1.726670319,1.483131748,283.4924904,7.297097527,0.006578513,4.443769688,101274.7886,322.1638205,117.4620139,3.983366966,1.399728298,2.299999952,19,37,44,1.409999967,31,31,38,1.330000043,33,0.01,0.703315027,354.0510416,2501,0,Triassic Sandstone,loam,clay loam
2100,Annual,564321,248478,52.110209,0.398177,0.56429374,0.8076974,0.8760132,0.905888848,0.9929655,0.853175,0.7195856,0.631762,0.87874645,0.856712772,0.99934936,0.6522996,1.619058048,1.549415072,283.5896003,8.084611253,0.006617539,4.59118942,100231.2985,320.0643658,120.9557838,104.2395325,1.621792793,12,47,31,22,1.25999999,53,27,20,1.24000001,550,0.015,62.34120129,341.9332073,1001,0,Chalk,clay,clay
2105,Annual,417775,377625,53.295277,-1.734776,0.7806801,0.77063715,0.8882141,0.887063554,1.0037526,0.7997574,0.7783858,0.8173919,0.88435864,0.897163775,0.9904216,0.8589999,3.064129239,1.361061677,281.8840509,6.480668222,0.006130951,3.582521407,97728.9452,315.3542178,117.6242153,302.2536621,2.844488382,11.70001221,24,48,28,1.399999976,34,41,25,1.330000043,20,0.01,8.75514422,70.41717161,1,0,Carboniferous Limestone,sandy clay loam,clay loam
2108,Annual,374385,229315,51.961713,-2.374195,0.6433159,0.7021128,0.80248284,0.856357634,1.0001802,0.77701396,-0.81608987,-0.100991726,0.073549524,0.111880519,1.0567055,0.40783796,1.900821463,1.47925408,283.9920452,7.50607898,0.006850602,3.769173876,100922.3475,325.1013142,121.6930849,50.66067505,9.425232887,34.5,22,41,37,1.399999976,29,37,34,1.350000024,33,0.01,0.795222581,102.8808902,101,0,Triassic Sandstone,loam,clay loam
2112,Annual,346783,357478,53.111807,-2.796462,0.9178642,0.8790324,0.9675559,0.96579009,1.0185177,0.8849475,0.7058579,0.85766727,0.87940586,0.873937166,0.9873528,1.0745428,1.767962762,1.40774455,283.6717298,6.877820409,0.006693821,3.73537652,101079.0964,324.5093156,115.6840595,23.08405495,1.99304533,10.80000114,19,37,44,1.409999967,31,31,38,1.330000043,30,0.14,1.688611164,63.62214601,1,0,Triassic Sandstone,loam,clay loam
2117,Annual,451255,130855,51.074736,-1.269766,0.8452722,0.8190172,0.92379653,0.950723993,1.0016553,0.83585113,0.8572285,0.84098387,0.92867875,0.950831366,0.99895304,0.85788,2.340635264,1.411316646,284.0033964,8.427272862,0.006871203,3.472970126,100592.125,322.4605631,118.7087949,59.19168472,1.641125083,4.100002289,22,42,36,1.399999976,25,41,34,1.379999995,550,0.015,42.5586151,448.4753169,1,0,Chalk,loam,loam
2125,Annual,414675,214053,51.824901,-1.788469,0.8538468,0.93269825,0.94708204,0.95244515,0.9961659,0.958594,0.89122635,0.9307526,0.9601487,0.959636184,0.9969762,0.9434505,2.107009855,1.438073485,283.2906857,7.806790904,0.006614737,4.379555477,99456.82102,321.1100139,115.6887242,185.6687775,1.000241399,58.5,22,42,36,1.399999976,0,0,0,0,184,0.02,0.889828149,34.13477331,51,0,Oolites,loam,
2134,Annual,444562,460685,54.040209,-1.321021,0.58450544,0.6808056,0.7670634,0.788433957,1.0092688,0.7819657,-0.16723621,0.7433817,0.76314044,0.760410474,1.0900269,0.9594354,1.896604595,1.440347204,283.101381,7.298685801,0.006452094,4.373295534,100784.0693,320.4566809,115.9572176,28.5947113,2.635253191,7.600000381,19,37,44,1.409999967,31,31,38,1.330000043,33,0.01,4.510872329,66.63873972,251,149.4469452,Triassic Sandstone,loam,clay loam
2137,Annual,494648,432706,53.782073,-0.565047,0.022985935,0.7798201,0.7806181,0.812573519,0.99575293,0.98176134,0.08942461,0.52399635,0.5441983,0.616670054,0.9982673,0.86281145,2.067415114,1.426309627,282.5764061,7.297097527,0.006355154,5.36907797,99668.67251,317.3915557,114.3148752,142.4079742,3.486482143,67.3999939,22,42,36,1.399999976,25,41,34,1.379999995,550,0.015,0.403000321,163.8536222,51,0,Chalk,loam,loam
2150,Multiannual,551040,168725,51.397453,0.16977,0.7440066,0.7349787,0.87554455,0.894376545,0.99630964,0.7660485,0.26200747,0.29921746,0.53716636,0.692896061,1.0048487,0.4738277,1.717634172,1.438903638,284.0187347,8.545290384,0.006832729,3.538475391,100625.9255,321.6174855,119.3204908,76.93886566,2.319236994,18.60000229,5,90,5,1.710000038,8,87,5,1.629999995,100,0.005,11.98127783,1220.373793,1,0,Lower Greensand,sand,loamy sand
2158,Annual,308856,113414,50.912966,-3.297835,0.8507205,0.83524406,0.9478637,0.94561087,1.0017805,1.1562837,-0.63386893,0.2786429,0.7485527,0.775073328,0.9863074,1.6759832,2.504654979,1.433000641,284.0214411,7.064950844,0.007024315,4.035697085,100229.088,324.6900601,122.5780095,98.34846497,1.935444474,4.300003052,20,42,38,1.409999967,20,45,35,1.419999957,33,0.01,0.822196797,84.16455698,51,0,Triassic Sandstone,loam,loam
2161,Multiannual,555672,242211,52.05641,0.269127,-0.27503347,0.40965503,0.56858504,0.569997862,0.9946361,0.59706306,-0.982914,0.42751878,0.61793053,0.633356808,0.9941335,0.57371217,1.486637458,1.539923775,283.6067816,8.084611253,0.00662382,4.519715806,100234.7552,320.2729521,120.5061858,99.78031158,2.063726425,15.90000153,49,19,32,1.24000001,51,18,31,1.230000019,550,0.015,59.23892855,185.4544924,5001,0,Lower Greensand,clay,clay
2166,Annual,397640,142283,51.179771,-2.035136,0.885198,0.88748145,0.94167453,0.914525987,1.0098605,0.90428543,0.8094774,0.70636076,0.9241905,0.920227557,0.9613002,0.7189678,2.154435925,1.495333326,283.7775294,7.812595891,0.006826621,3.651670686,100111.4957,322.6077845,126.7381605,88.43577576,5.17134428,0,22,41,37,1.399999976,29,37,34,1.350000024,550,0.015,9.814178452,31.402695,51,0,Chalk,loam,clay loam
2176,Annual,551132,241854,52.054458,0.202806,0.8236437,0.87344235,0.92620254,0.91437996,1.0039222,1.1027421,0.8125407,0.864524,0.9019022,0.836037984,0.9980322,0.9065854,1.488554216,1.473574296,283.9801657,8.084611253,0.006731121,3.740365579,100991.3384,322.1167391,117.8879619,43.36120987,2.922420263,6.5,8,76,16,1.610000014,8,76,16,1.116897106,550,0.015,58.62539156,138.6630497,5001,0,Chalk,sandy loam,sandy loam
2181,Multiannual,547809,167934,51.391196,0.123031,0.8935712,0.93218315,0.9457849,0.948494947,1.0007641,0.9592685,0.78226,0.90923285,0.91653013,0.884169577,1.0043856,0.96461713,1.778094198,1.442489804,284.1233103,8.545290384,0.006863626,3.527334514,100838.5033,322.1447881,119.2781341,57.08285141,1.59757483,8.099998474,10,75,15,1.580000043,15,68,17,1.50999999,90,0.001,12.1771169,1938.745513,1,0,Chalk,sandy loam,sandy loam
2187,Multiannual,611192,315762,52.698314,1.124083,0.8016646,0.78350717,0.9006178,0.886078461,0.9989591,0.8076705,-0.51560223,0.41123998,0.48229986,0.759537403,0.9796368,0.7203409,1.890635269,1.581715907,283.6938292,7.324315532,0.00670527,5.307015118,100875.9315,320.4069634,123.0546511,49.16068649,0.270636171,11.5,22,41,37,1.399999976,29,37,34,1.350000024,550,0.015,82.26629255,129.0816302,1001,2054.864502,Chalk,loam,clay loam
2193,Decadal,454192,435973,53.817208,-1.178359,0.8556446,0.86715096,0.92648154,0.911284535,1.0057111,0.88949686,0.4345736,0.66024125,0.7864934,0.859592288,1.0528,0.7410363,1.748357068,1.46473096,283.3715879,7.170043959,0.006536102,4.407718699,101337.0233,321.6973021,117.0860937,7.858382702,0.203367621,1.499999523,10,76,14,1.580000043,26,60,14,1.409999967,33,0.01,0.832141737,122.7780159,501,0,Triassic Sandstone,sandy loam,sandy clay loam
2203,Annual,540772,104189,50.820139,-0.002887,0.60501766,0.8032764,0.83000886,0.842949039,0.99714357,0.90103173,0.68499196,0.61757034,0.8539722,0.896252559,0.9995931,0.6465492,2.260843382,1.554081134,284.0531976,6.292935412,0.007003889,4.901283163,100521.4754,321.2116626,128.8202039,58.00866318,10.09917641,4,22,42,36,1.399999976,25,41,34,1.379999995,550,0.015,11.48212811,738.9184317,1,0,Chalk,loam,loam
2212,Multiannual,370175,334735,52.9092,-2.444913,0.8342563,0.8665647,0.9192157,0.923409741,1.0103768,0.89430785,-0.19874144,0.6735996,0.6918733,0.643898487,0.9480119,0.905703,2.121960571,1.375003595,283.2182917,7.783296916,0.006558279,3.693393085,100011.2406,322.1216172,114.1817353,96.44641113,5.12498045,6,9,77,14,1.600000024,17,67,16,1.480000019,33,0.01,1.534837739,221.3132577,1001,0,Permian Sandstone,sandy loam,sandy loam
2215,Annual,517205,109505,50.873168,-0.335591,0.8121978,0.8114047,0.90364146,0.912473207,0.99886054,0.8378832,0.9147492,0.8706151,0.9602218,0.946462716,0.99715835,0.8769146,2.568619929,1.503449748,284.137945,6.292935412,0.006977015,4.136709764,100704.6908,321.7698668,125.3579012,34.26308441,4.141681194,3.5,19,37,44,1.409999967,31,31,38,1.330000043,550,0.015,17.89079927,518.8802231,1,0,Chalk,loam,clay loam
2216,Multiannual,550927,167228,51.384032,0.167511,0.7939986,0.8359067,0.9149312,0.913090267,0.9950414,0.859768,0.744422,0.6215075,0.9137955,0.883014031,1.0023949,0.63146377,1.769715223,1.49625807,283.9741459,8.545290384,0.006821679,4.291572203,100531.4308,321.3968486,119.5279255,76.42666626,3.218298197,4.900001526,11,80,9,1.570000052,19,72,9,1.480000019,90,0.001,13.37942209,1080.084769,1,0,Lower Greensand,sandy loam,sandy loam
2219,Annual,396985,201645,51.713522,-2.045031,0.87906545,0.87025297,0.9392281,0.943294194,0.99932945,0.88536775,0.8717814,0.8309102,0.950467,0.952500035,0.9935675,0.83845633,2.278094196,1.491114539,283.4204777,7.50607898,0.006679166,4.438635097,99609.403,321.824528,121.4021018,156.5486908,0.170312494,24.69999695,22,42,36,1.399999976,0,0,0,0,184,0.02,3.945638769,182.7978381,251,0,Oolites,loam,
2220,Annual,451945,157315,51.31258,-1.256099,0.79492134,0.83141196,0.89208317,0.880940514,1.0023816,0.8705008,0.40826088,0.6095736,0.83958185,0.836036288,1.0633597,0.64973724,2.179299014,1.494973814,283.7184819,8.427272862,0.006757441,4.252300185,100124.429,321.6538674,121.3298727,111.3650436,1.459064126,5.800003052,21,44,35,1.409999967,25,40,35,1.370000005,550,0.015,29.38412761,94.47495101,51,0,Chalk,loam,loam
2222,Annual,600134,281844,52.397998,0.940238,0.77307737,0.76847464,0.8832619,0.923475899,0.9992711,0.8000617,0.33447826,0.6046221,0.6369784,0.710565134,0.9924413,0.8435345,1.692661552,1.538137362,283.9349172,8.134556528,0.006731968,4.262201545,101212.0521,321.3147003,122.0681074,37.18890762,0.55653888,13.79999924,19,37,44,1.409999967,31,31,38,1.330000043,550,0.015,74.28312272,63.84862507,5001,3.46503067,Chalk,loam,clay loam
2227,Annual,499018,485246,54.253306,-0.481657,0.7016331,0.6798426,0.8490358,0.85578263,1.016712,0.71816504,0.25696963,0.5444634,0.7535427,0.744903778,1.2546661,0.7137877,2.088554216,1.473066057,282.7766426,6.475027417,0.006441887,4.721637081,100161.863,318.0486529,123.9207802,35.21403503,0.793548107,0,9,77,14,1.600000024,17,67,16,1.480000019,700,0.0005,3.391440428,295.7658695,751,0,Corallian Limestone,sandy loam,sandy loam
2235,Multiannual,592832,163193,51.335117,0.766847,0.8383812,0.82894045,0.9197356,0.925483022,0.99224466,0.84914076,-0.4181422,0.77926993,0.9231523,0.896619522,1.1021041,1.1799775,1.504545452,1.471993453,284.3964994,7.604655088,0.006998358,3.704562304,101187.4241,322.9359336,121.5331785,10.02378845,1.270985007,0,24,48,28,1.399999976,34,41,25,1.330000043,90,0.001,26.55093477,618.9551235,251,57959.48828,Chalk,sandy clay loam,clay loam
2239,Multiannual,619194,156126,51.262125,1.14038,0.884871,0.87688315,0.9422261,0.943656886,0.9991564,0.891285,0.83723044,0.81731945,0.92893183,0.902141345,1.005551,0.83180296,1.810295731,1.497658422,284.3701726,6.701862052,0.007062813,3.851570002,100998.3479,322.7324505,125.5525474,29.68446159,1.959919572,13.79999924,22,41,37,1.399999976,29,37,34,1.350000024,550,0.015,36.11804973,483.5087837,1001,7.273854733,Oolites,loam,clay loam
2243,Annual,545079,111760,50.887115,0.061214,0.7918503,0.66175824,0.9259516,0.927506155,0.9985203,0.6699673,0.6951319,0.604475,0.8885807,0.892084233,1.1001073,0.6339347,2.44671413,1.393986449,284.2824181,6.103997887,0.007056984,3.407119551,100942.9273,322.3684698,120.4459119,19.72024155,1.63969934,1,22,41,37,1.399999976,29,37,34,1.350000024,300,0.03,2.859488953,237.2796859,1,0,Chalk,loam,clay loam
2248,Annual,499650,454124,53.973575,-0.482209,0.7412207,0.7464348,0.864614,0.908481215,0.99841636,0.7856102,0.44231778,0.6780954,0.80055904,0.844639293,1.0685791,0.7568081,1.833296822,1.417708632,283.1785073,6.699781022,0.006539721,3.926745543,100867.8962,320.0852375,119.0226135,22.38609314,0.675480604,1.699998856,24,47,29,1.389999986,34,39,27,1.330000043,550,0.015,15.3004907,111.8957236,51,1818.079468,Chalk,loam,clay loam
2251,Annual,474505,148375,51.229706,-0.934331,0.90826476,0.90319854,0.954324,0.960934673,0.99730426,0.91469526,0.7596104,0.8535815,0.87561166,0.874706511,0.9949459,0.9229266,2.030777663,1.498885002,283.7390431,8.449890581,0.006766115,4.205089998,100134.6366,321.1760868,122.2139634,117.5660477,1.232910991,10.5,19,37,44,1.409999967,0,0,0,0,550,0.015,24.29377291,208.5131866,251,0,Chalk,loam,
2252,Decadal,462846,432104,53.781466,-1.047721,0.98125154,0.96921754,0.99088526,0.93344524,1.0073031,0.9715196,0.35125256,0.78447056,0.794935,0.847340697,0.934106,1.0076982,1.733570648,1.460072534,283.3999923,7.170043959,0.006549842,4.439617135,101376.7767,321.7240403,116.5060724,3.771609306,1.683170319,1.900000334,10,76,14,1.580000043,26,60,14,1.409999967,33,0.01,9.131873156,362.2701687,51,22263.00977,Triassic Sandstone,sandy loam,sandy clay loam
2257,Annual,488115,109985,50.882645,-0.748793,0.92812407,0.88359314,0.96678406,0.963696564,0.9982912,0.888446,0.8915261,0.8054211,0.95608354,0.939055217,1.0024745,0.8104582,2.503285864,1.576548501,283.7626215,6.336254195,0.006835463,4.904316619,99985.02589,320.2955938,129.3817652,89.82711792,4.914658546,7,19,37,44,1.409999967,0,0,0,0,550,0.015,20.03826119,211.8743824,1001,2719.436523,Chalk,loam,
2260,Annual,421855,124055,51.015458,-1.689813,0.76977557,0.79431653,0.8787812,0.924495235,1.0028831,0.8338575,0.5982801,0.72001195,0.8111472,0.866463557,1.0291047,0.7953521,2.309529027,1.527798399,283.7687652,8.146276078,0.00682101,4.305580153,100049.9234,321.7641166,126.3875531,89.46980286,2.816470623,5.300003052,19,37,44,1.409999967,0,0,0,0,550,0.015,14.18485584,101.2814631,1,0,Chalk,loam,
2278,Annual,452085,366355,53.191729,-1.221898,0.8728359,0.84595025,0.93779266,0.935553632,1.0016989,0.8590797,0.8986559,0.7733692,0.96787035,0.920676391,0.99767166,0.77567095,2.034611171,1.462649027,282.9071633,7.156845677,0.00641439,4.373887391,99780.23154,319.6829657,117.9785664,121.0346909,6.991698265,10.40000153,22,42,36,1.399999976,25,41,34,1.379999995,260,0.01,1.584291734,805.8989566,2501,0,Magnesian Limestone,loam,loam
2288,Annual,504346,438565,53.832862,-0.415941,0.8038128,0.6943568,0.9238105,0.936735607,1.0190307,0.7046184,0.7765654,0.7079635,0.9020395,0.922085697,0.9706304,0.72645664,1.822891565,1.427709857,283.3304163,6.699781022,0.006581971,3.937190364,101036.5562,320.7968376,118.752203,7.341367245,0.541559398,4.300000668,22,41,37,1.399999976,29,37,34,1.350000024,550,0.015,11.70942987,502.4035376,51,171.7779083,Chalk,loam,clay loam
2289,Annual,528525,112885,50.901143,-0.173602,0.76421887,0.79637855,0.8769642,0.838086634,0.9970917,0.8377802,0.76068646,0.68593013,0.89199257,0.776899035,1.0001744,0.70508665,2.491894851,1.539236859,283.7953252,6.292935412,0.006881362,4.901754345,100013.6183,320.1318519,126.4810659,106.1384659,3.982127428,13.09999847,22,42,36,1.399999976,25,41,34,1.379999995,550,0.015,8.101770267,421.2726028,1,0,Chalk,loam,loam
2291,Annual,432855,195865,51.660608,-1.526404,0.8163976,0.90795124,0.90805316,0.901484859,0.9988414,0.99582887,0.04964447,0.54982567,0.90876114,0.907006311,1.0221846,1.4402782,1.607338439,1.510605205,283.7836312,7.806790904,0.006756007,4.322719894,100337.9318,322.9128598,120.6794386,98.64048004,3.375640392,8.900001526,22,42,36,1.399999976,0,0,0,0,700,0.0005,12.76770668,154.8219451,51,0,Corallian Limestone,loam,
2294,Multiannual,357765,326565,52.834927,-2.628368,0.90014803,0.84320295,0.9561405,0.955437174,0.9989548,0.84946764,0.21581888,0.6107088,0.6804683,0.703289801,0.9950793,0.77769077,1.97371303,1.447674983,283.3567702,7.561281574,0.006616051,4.503356799,100208.4278,322.8466756,116.1770154,90.9342804,1.89907074,6.799995422,4,86,10,1.730000019,5,85,10,1.700000048,33,0.01,0.305986809,58.43390808,1001,0,Triassic Sandstone,loamy sand,loamy sand
2315,Annual,518294,107410,50.854115,-0.320797,0.7551628,0.8283549,0.87649846,0.895734371,0.99659353,0.8808463,-0.026876569,0.7928824,0.8911777,0.846207191,0.9860253,1.1756727,2.356133626,1.52532123,284.2160026,6.292935412,0.007006985,4.134329804,100859.5551,322.0981357,127.5225975,35.32048035,3.320299387,10.20000076,19,37,44,1.409999967,31,31,38,1.330000043,550,0.015,19.23884314,1107.0193,1,0,Chalk,loam,clay loam
2330,Annual,543126,244026,52.076096,0.087037,0.8863849,0.78978384,0.9565165,0.949930749,0.99237335,0.7944722,0.59929335,0.6731801,0.7952211,0.858674997,0.9789891,0.74615926,1.415388828,1.480719366,284.0165262,8.084611253,0.006739809,3.710515483,101099.1481,322.4832675,118.5541721,35.62723541,0.789421022,5.400001526,10,82,8,1.590000033,17,75,8,1.5,550,0.015,51.23585498,136.4787972,5001,0,Chalk,loamy sand,sandy loam
2333,Annual,446589,435552,53.814159,-1.293893,0.7453143,0.78097975,0.8646047,0.885219769,0.9993249,0.8278479,0.7289413,0.85291135,0.87097436,0.901512559,0.99669504,0.9294598,1.851259581,1.478164118,283.162334,7.170043959,0.006473551,4.378142159,100901.4795,320.8300797,119.3925273,44.75619507,19.45184708,14.60000038,22,42,36,1.399999976,25,41,34,1.379999995,30,0.14,1.3898982,179.504861,501,0,Magnesian Limestone,loam,loam
2339,Annual,425695,160195,51.340262,-1.6325,0.9324175,0.9302443,0.9663764,0.97115951,0.99736726,0.93894,0.9269593,0.9065075,0.9772124,0.973529965,0.98769665,0.91016626,2.153395403,1.415647357,283.4934663,8.146276078,0.006704862,3.566340432,99646.03672,321.1035738,119.6325448,154.8286896,0.638451695,18.90000916,19,37,44,1.409999967,0,0,0,0,300,0.03,28.11868795,37.85702016,51,0,Lower Greensand,loam,
2340,Annual,445495,178875,51.506977,-1.345874,0.96105397,0.94595313,0.9809389,0.982345792,0.99808735,0.9494623,0.93288946,0.94163597,0.96635866,0.953741877,0.9977506,0.95236033,1.967853235,1.465366517,283.3883363,7.847316624,0.006644738,4.28162707,99507.93062,320.5582781,119.0745241,159.7948761,5.366020679,4.600006104,22,41,37,1.399999976,29,37,34,1.350000024,550,0.015,27.34095131,58.21754152,51,0,Chalk,loam,clay loam
2342,Annual,503077,116282,50.936779,-0.534398,0.8458792,0.8841147,0.92014045,0.921721882,0.99051243,0.9165646,0.72739977,0.7384902,0.9149432,0.931699983,1.1259521,0.7871895,2.429901422,1.471171546,284.4282873,6.336254195,0.007031379,3.39090521,101343.2916,323.4080394,124.6406609,2.216324329,2.280308962,0.800000012,49,19,32,1.24000001,47,21,32,1.24000001,270,0.0006,7.631057481,143.6334768,1001,54286.46875,Lower Greensand,clay,clay
2343,Annual,486207,434092,53.795991,-0.692726,0.77781796,0.6459522,0.92656887,0.932767756,1.0349827,0.65542364,0.8387933,0.73322606,0.93764025,0.941855764,1.0159438,0.7411092,1.792935377,1.421649105,283.3592575,7.297097527,0.006562774,3.81066972,101267.6494,321.1809503,118.0415304,2.676664114,1.071086884,2.100000143,10,76,14,1.580000043,26,60,14,1.409999967,33,0.01,5.161533992,91.33495005,51,0,Triassic Sandstone,sandy loam,sandy clay loam
2344,Multiannual,295544,79377,50.60473,-3.477457,0.969637,0.91980624,0.9870062,0.984585214,0.9982497,0.9208858,0.18776208,0.8958731,0.91463506,0.89879954,0.95162696,0.9651403,2.538280397,1.442791939,284.4757622,7.064950844,0.007200691,4.015960674,100991.7327,326.6703016,123.0346094,30.56669998,4.897844791,17.09999847,4,87,9,1.730000019,4,88,8,1.74000001,30,0.14,7.707242438,462.8420523,51,0,Permian Sandstone,sand,sand
2353,Annual,451705,146905,51.219005,-1.261044,0.9539375,0.96361023,0.97922087,0.978195827,0.9957784,0.9704266,0.8867367,0.8858064,0.9429211,0.924775866,0.99897736,0.90110123,2.122343923,1.407255429,283.7513371,8.427272862,0.006778625,3.487355235,100143.709,321.6005683,118.7719334,111.677948,2.228256464,4.900001526,24,48,28,1.399999976,34,41,25,1.330000043,550,0.015,37.16303417,91.23944314,1,0,Chalk,sandy clay loam,clay loam
2355,Multiannual,444065,460750,54.040836,-1.328601,0.858739,0.8379775,0.92978936,0.931433366,0.99964625,0.85398215,0.13195091,0.6521673,0.67700714,0.564293293,1.0205865,0.8725691,1.920262871,1.45787298,283.0213917,7.298685801,0.006429433,4.369330129,100620.1434,320.0948857,118.0893712,37.49137878,4.240950584,16.30000114,22,41,37,1.399999976,29,37,34,1.350000024,33,0.01,4.017310078,69.06395032,251,149.4469452,Triassic Sandstone,loam,clay loam
2369,Multiannual,478541,185540,51.563273,-0.868327,0.81802374,0.8667113,0.90527195,0.899555685,1.0038071,0.90631086,0.23027927,0.697064,0.72556376,0.680775692,0.97186977,0.8748483,1.807174146,1.401939841,284.1396768,8.154764635,0.006839538,2.730082387,101066.056,323.6310754,120.5287836,37.57532883,1.245411038,2.799999237,24,48,28,1.399999976,34,41,25,1.330000043,550,0.015,8.094516639,246.7183805,251,0,Chalk,sandy clay loam,clay loam
2370,Multiannual,486565,194065,51.638732,-0.750497,0.7671782,0.88458174,0.8853091,0.883902692,1.0034106,1.0124823,-0.609563,0.51819825,0.6252394,0.708371322,1.073936,1.2936391,1.968072289,1.45992144,283.7663293,8.154764635,0.006718899,3.493452741,100350.4389,321.8431097,121.322826,76.75639343,1.690615535,1.300003052,24,48,28,1.399999976,34,41,25,1.330000043,550,0.015,19.79965949,1440.661222,51,3639.177979,Chalk,sandy clay loam,clay loam
2373,Decadal,436244,104992,50.84332,-1.486587,0.8317435,0.89901745,0.9140407,0.896173098,1.0014467,0.9470277,0.39063537,0.40510327,0.65513283,0.640439192,1.0034878,0.51527864,2.458159909,1.469397507,284.3976278,6.406078896,0.00702187,3.486438026,101257.315,323.9865072,123.9995512,25.37182426,1.173018575,17.70000076,24,47,29,1.389999986,34,39,27,1.330000043,75,0.05,36.79524652,104.2194398,251,0,Chalk,loam,clay loam
2381,Annual,425435,318985,52.767858,-1.624459,0.75649893,0.7649652,0.87320673,0.881789004,0.99689156,0.80212504,0.59219325,0.7584584,0.83682543,0.824416122,0.97378975,0.82385063,1.911062434,1.425513122,283.5523845,7.60476465,0.00662009,3.600252444,100639.7875,323.0247497,116.3494874,61.43367386,2.124005556,4.400001526,49,19,32,1.24000001,47,21,32,1.24000001,33,0.01,1.805660524,922.3246688,501,0,Triassic Sandstone,clay,clay
2392,Annual,571054,271742,52.317121,0.508146,0.74225307,0.92506385,0.93405426,0.932048318,0.99170464,0.9653928,0.48972398,0.8453151,0.85908616,0.840293653,0.99131215,1.06321,1.461445782,1.507056447,284.0217455,8.134556528,0.006739111,3.957699941,101339.0023,322.211301,119.7676707,34.80934143,0.31717661,22.39999771,5,90,5,1.710000038,8,87,5,1.629999995,550,0.015,53.24815959,183.1385112,5001,3529.386475,Chalk,sand,loamy sand
2394,Annual,636652,321368,52.738098,1.504184,-0.27718675,0.39933705,0.90844065,0.906876236,1.5638897,0.81440365,0.27189547,0.6044942,0.81233394,0.842985009,1.2764165,0.7883397,1.736089811,1.596334079,283.8940345,6.690909165,0.006808037,5.676589352,101358.3158,321.1007063,123.9360666,0.907875061,0.751974642,1.299999952,32,35,33,0.230985165,25,52,23,0.237838149,400,0.075,108.2601082,96.36836838,1001,0,Crag,clay loam,sandy clay loam
2397,Annual,438155,153555,51.279862,-1.45434,0.890868,0.84771436,0.94855237,0.927230473,1.0359555,0.8612513,0.8514955,0.7576153,0.9403204,0.959751032,0.95823663,0.7688197,2.22502738,1.460143763,283.730102,8.427272862,0.006771894,3.524396277,100133.4129,321.8679031,123.5853042,100.5672379,0.412538797,0,19,37,44,1.409999967,0,0,0,0,550,0.015,38.06869705,136.5563096,1,0,Chalk,loam,
2404,Annual,416055,195785,51.660616,-1.769283,0.7521071,0.65123606,0.9312434,0.925437834,0.92481875,0.66645044,0.74207103,0.6156132,0.94948876,0.94704428,0.91929257,0.6275933,1.803943043,1.447080873,283.8679656,7.806790904,0.006795535,3.615653865,100510.3019,323.5874938,119.5895232,75.05867004,0.828880608,1.400001526,19,45,36,1.419999957,27,39,34,1.360000014,0.1,0.06,3.420491621,144.6632773,251,0,Oolites,loam,loam
2424,Annual,498163,462247,54.04684,-0.502253,0.8933714,0.8689798,0.9477377,0.963857442,1.0025672,0.87988216,0.8253627,0.7845242,0.91704804,0.891992987,0.99137425,0.8013186,2.121686747,1.479049397,282.8246118,6.475027417,0.006443898,4.687147285,100053.3643,318.3967806,123.1635295,49.11093903,3.036060095,1.200000763,19,37,44,1.409999967,0,0,0,0,550,0.015,10.86651884,47.61963702,51,0,Chalk,loam,
2431,Annual,639783,303318,52.574768,1.537357,0.007007003,0.5750879,0.81471694,0.80223845,1.376861,1.0648137,0.48843247,0.68735445,0.75534135,0.784650231,1.1456468,0.8708636,1.721029575,1.630920673,284.0003898,6.690909165,0.006811589,5.613945951,101369.2925,321.2661142,125.0852522,-0.065390624,0.380874068,1.100000143,22,41,37,1.399999976,29,37,34,1.350000024,400,0.075,110.1888252,108.9716568,1001,0,Crag,loam,clay loam
2444,Multiannual,506708,198436,51.674562,-0.458194,0.9106856,0.9299932,0.95816725,0.958414231,0.9950432,0.9440864,0.085403144,0.8680357,0.86943233,0.872043491,0.98174095,1.0057694,1.791511501,1.531322858,283.8153196,7.941128241,0.006723126,4.264649342,100445.252,321.7528476,121.3529812,84.57028198,2.013576269,5.899993896,24,48,28,1.399999976,34,41,25,1.330000043,550,0.015,32.9503063,1622.134049,101,0.034427084,Chalk,sandy clay loam,clay loam
2455,Annual,454665,133425,51.09753,-1.220709,0.88399786,0.93688047,0.9415675,0.95972127,1.0024838,0.9762625,0.49648768,0.89122283,0.8953097,0.884606307,1.0288535,0.9936864,2.222672503,1.474405666,284.0438206,8.427272862,0.006878749,3.469164492,100684.4032,322.6640924,124.5814326,62.84127045,1.593666434,0,22,41,37,1.399999976,29,37,34,1.350000024,550,0.015,46.11903811,85.22058816,1,0,Chalk,loam,clay loam
2464,Annual,570641,279452,52.386497,0.506009,0.7271061,0.8935067,0.9116099,0.926789155,1.0547544,0.9769813,0.5697848,0.88522094,0.91849077,0.931299962,1.0806788,0.99536544,1.496276012,1.513753918,284.0650139,8.134556528,0.006752572,3.987241915,101497.4315,322.4946888,120.0339088,3.254648447,2.514088154,2.5,10,76,14,1.580000043,26,60,14,1.409999967,550,0.015,48.42742845,186.5909275,5001,0,Chalk,sandy loam,sandy clay loam
2465,Annual,444115,192935,51.633496,-1.363995,0.70833117,0.82980067,0.875352,0.900999078,0.999548,1.1158956,0.60167146,0.6678885,0.7951135,0.859504649,0.9895692,0.7388318,1.594852135,1.447798001,283.9657729,7.847316624,0.006802175,3.537903015,100747.0579,323.5278847,119.126946,61.22138214,0.544545591,0.700000763,51,17,32,1.220000029,52,19,29,1.230000019,0.1,0.02,17.52811174,242.9930421,51,0,Corallian Limestone,clay,clay
2468,Annual,430555,152655,51.272226,-1.563376,0.93657345,0.91523755,0.96900296,0.969644611,0.9988432,0.9211172,0.8257772,0.8785266,0.909047,0.892644747,1.0019636,0.91950506,2.142771083,1.449740838,283.5373576,8.146276078,0.006721161,3.545766836,99697.8519,321.0793522,123.1575672,145.406601,6.322039127,5.099990845,19,37,44,1.409999967,0,0,0,0,550,0.015,31.88949767,132.2936046,1,0,Chalk,loam,
2478,Annual,400360,134540,51.110151,-1.996228,0.77111286,0.76361006,0.8882669,0.920190437,0.9971535,0.79170287,0.68037987,0.5660813,0.87521875,0.910006541,0.99898136,0.5844114,2.183515883,1.497996515,283.4870735,8.146276078,0.006744114,4.388805792,99514.2911,321.0304116,124.6997333,168.6642303,0.849621117,52.20000458,19,37,44,1.409999967,19,37,44,1.088913918,550,0.015,1.669654283,43.28357043,51,0,Lower Greensand,loam,loam
2481,Multiannual,438380,473342,54.154453,-1.413814,0.8089692,0.850145,0.89949703,0.917419961,1.0006391,0.8888479,0.7275132,0.8620951,0.89151436,0.862910314,0.97681856,1.081926,1.890909089,1.449889312,283.0877805,7.298685801,0.006441884,4.349165189,100863.5599,320.4153214,117.1696596,27.16055107,0.930552006,4.100000381,9,78,13,1.600000024,23,64,13,1.429999948,33,0.01,1.486411827,57.90722384,251,0,Triassic Sandstone,sandy loam,sandy clay loam
2483,Multiannual,383595,302455,52.619602,-2.243743,0.87660825,0.88213587,0.93747187,0.920956149,0.9993281,0.90009254,0.25504488,0.7323825,0.78695375,0.830501496,1.0054429,1.1618699,1.942716322,1.433730757,283.13246,7.783296916,0.006542736,4.445358824,99604.36885,321.4678638,115.1669922,151.5157013,1.65011847,24,9,78,13,1.600000024,23,64,13,1.429999948,33,0.01,0.429335683,368.5004364,251,0,Triassic Sandstone,sandy loam,sandy clay loam
2486,Multiannual,453405,77205,50.592137,-1.246882,0.5697271,0.72092307,0.7924499,0.781606947,0.99593323,0.81348026,0.5547422,0.44661236,0.8593268,0.831971559,0.99772364,0.46479702,2.374644028,1.542043514,283.7953453,6.406078896,0.0068826,4.926183126,99983.47133,320.0591582,128.0184391,108.899231,2.791321516,0,19,37,44,1.409999967,0,0,0,0,300,0.03,67.74649815,258.2615157,251,0,Unallocated to aquifers,loam,
2491,Annual,562481,159882,51.314847,0.330054,0.7663622,0.7780124,0.8884085,0.90438556,0.9971757,0.8081216,0.7454553,0.64354646,0.9100829,0.884308335,0.99761325,0.65508354,1.92212486,1.492074207,283.8333467,8.545290384,0.006807639,3.555215094,100197.8235,320.5217537,126.0903922,120.0963287,3.44813776,57.20000458,9,77,14,1.600000024,17,67,16,1.480000019,550,0.015,12.98471772,289.9344419,251,40507.78516,Chalk,sandy loam,sandy loam
2494,Decadal,439560,562024,54.951286,-1.383856,0.5398792,0.6440667,0.7967703,0.776981192,0.9971957,0.7078069,-0.21226537,0.4299786,0.53726846,0.540361319,1.0050828,0.66716975,1.728094194,1.461086727,282.6238785,6.11478648,0.006303325,5.101655345,100260.716,317.5850195,118.0647564,31.12601089,0.535960197,11.59999847,19,37,44,1.409999967,31,31,38,1.330000043,260,0.01,5.429233044,2648.685736,1,0,Magnesian Limestone,loam,clay loam
2498,Annual,416839,198800,51.687701,-1.757804,0.42703944,0.7324717,0.74218035,0.735296205,1.0653049,0.9710941,0.68107665,0.85587835,0.8674034,0.870488161,1.0529983,0.9804992,1.847535596,1.448542124,283.8579518,7.806790904,0.006789439,3.61356057,100506.9366,323.5650375,119.6524138,76.9644165,0.379564047,4.5,11,80,9,1.570000052,19,72,9,1.480000019,0.1,0.06,2.943254128,138.4750945,51,0,Oolites,sandy loam,sandy loam
2500,Annual,514712,438877,53.833483,-0.25839,0.6532422,0.64595723,0.8178585,0.847297932,1.0032345,0.6964213,0.66165006,0.59740245,0.845973,0.66634196,1.0098354,0.6281621,1.776560788,1.466407223,283.2903892,6.699781022,0.006588013,4.769910422,100968.9833,320.487716,119.0703461,15.94976616,0.792347431,4.499999046,19,37,44,1.409999967,31,31,38,1.330000043,550,0.015,21.32580878,87.39025623,51,0,Chalk,loam,clay loam
2506,Annual,431325,323985,52.812495,-1.536689,0.709615,0.62772226,0.86116797,0.872821734,1.3243487,0.8811824,0.37802655,0.44059056,0.63529027,0.652425299,1.2951467,0.69534194,1.987897044,1.435392377,283.3356987,7.60476465,0.006553209,4.352139235,100242.3445,321.9298582,112.7487864,114.8409348,3.787432194,48.5,20,42,38,1.409999967,20,45,35,1.419999957,33,0.01,3.037430847,554.2252628,1001,0,Triassic Sandstone,loam,loam
2509,Annual,410546,207983,51.770418,-1.848561,0.8769604,0.86237633,0.938636,0.940768487,1.0025872,0.876842,0.6851679,0.79242074,0.87128294,0.912295815,0.9597894,0.84219,2.101533414,1.477181248,283.4250981,7.806790904,0.006661729,4.390818121,99691.10379,321.7331428,119.5679268,120.9997177,3.640845537,4,48,23,29,1.25,45,26,29,1.25999999,184,0.02,2.339796804,36.68648793,51,0,Oolites,clay,clay
2519,Annual,403295,165405,51.387675,-1.954029,0.7902753,0.7876266,0.8923911,0.918385362,0.9979018,0.81692,0.8484558,0.78581464,0.93163097,0.917640876,0.9962419,0.79705465,2.14474261,1.479367554,283.3081649,8.146276078,0.006664963,4.399580887,99295.35983,320.6806134,122.0894649,184.4878845,1.971729875,6.600006104,19,37,44,1.409999967,0,0,0,0,550,0.015,6.04778866,189.4197458,51,0,Chalk,loam,
2520,Annual,604500,329600,52.825103,1.033826,0.9177557,0.8634106,0.97340727,0.97289219,0.91403586,0.8972432,0.5621447,0.7221105,0.9311047,0.943897229,1.2365906,0.8715436,1.91374589,1.561117573,283.5356857,7.324315532,0.00667168,5.291449191,100706.9584,319.9463236,123.0640906,56.25632858,1.813757181,3,19,45,36,1.419999957,27,39,34,1.360000014,550,0.015,77.54304118,59.00905501,1001,0,Chalk,loam,loam
2524,Annual,624590,299160,52.543931,1.310742,-1.6380553,0.77038145,0.82186055,0.84175896,1.1395689,1.038888,-3.1228218,0.6897937,0.92918205,0.925315381,1.1387753,1.2682538,1.762595838,1.533880307,283.8811218,7.324315532,0.006753165,4.630454825,101077.0462,320.8671774,120.5425286,17.89951515,5.895463943,4.799999237,22,41,37,1.399999976,29,37,34,1.350000024,550,0.015,95.17043434,146.1386001,1001,27.28352356,Chalk,loam,clay loam
2526,Annual,414395,196255,51.664887,-1.793262,0.66596586,0.6284018,0.84366906,0.824444838,1.0516564,0.6668688,0.7662824,0.64217174,0.9217912,0.921417519,1.0425489,0.6534269,1.820481924,1.448942286,283.8651215,7.806790904,0.006794896,3.619179072,100510.1261,323.6030817,119.7520559,75.68082428,1.656574607,0.799995422,22,42,36,1.399999976,25,41,34,1.379999995,0.1,0.06,1.768421178,116.5681482,251,0,Oolites,loam,loam
2528,Annual,430255,326405,52.83431,-1.55234,0.61953837,0.77654344,0.7989109,0.790485271,1.0162735,0.90392375,0.35435045,0.6281849,0.66891557,0.718668273,0.9555268,0.8367495,1.987130343,1.422413042,283.5426748,7.60476465,0.006611365,3.596839711,100677.0895,322.9325967,115.909857,53.50531006,1.748666525,0.099998474,20,42,38,1.409999967,20,45,35,1.419999957,33,0.01,1.426338326,487.6717723,1001,0,Triassic Sandstone,loam,loam
2531,Multiannual,463715,188625,51.592875,-1.081621,0.9033047,0.8807945,0.9526768,0.961698773,1.0026392,0.89062256,0.5606512,0.8953486,0.90778995,0.891431412,0.96559143,0.9644301,1.66621029,1.433250735,283.8085395,7.847316624,0.006747565,3.502894728,100397.48,322.3816408,118.5495722,95.85798645,1.053905606,31.40000153,19,37,44,1.409999967,0,0,0,0,550,0.015,12.67024903,185.7462529,251,0,Chalk,loam,
2538,Annual,275648,101592,50.800503,-3.765972,0.9402661,0.920044,0.97073334,0.975081508,1.0006404,0.9255963,0.8289436,0.86110467,0.9351851,0.904524142,1.0214139,0.8790365,2.345454543,1.518794137,283.9657654,6.870865304,0.007060209,4.937583284,99715.87765,324.7317468,128.5174598,104.6334076,4.224610806,5.900001526,20,42,38,1.409999967,20,45,35,1.419999957,30,0.14,5.991383986,39.89234852,51,524.0836792,Unallocated to aquifers,loam,loam
2539,Annual,506461,436432,53.81327,-0.384555,0.6597903,0.6203463,0.8309956,0.829332552,0.9736947,0.66105723,0.15691239,0.62087095,0.64407,0.638989964,0.9205027,0.89640146,1.791018618,1.473671173,283.3490638,6.699781022,0.006589287,4.703956366,101058.6617,320.8653382,118.8770112,1.291132808,0.289288759,0,22,39,39,1.389999986,28,37,35,1.350000024,550,0.015,12.72333205,1218.50974,51,4925.585449,Chalk,loam,clay loam
2540,Annual,453505,133675,51.099887,-1.237237,0.93945694,0.9540435,0.9703767,0.963039412,0.99817973,0.9649136,0.81590664,0.9294201,0.9446709,0.932358839,0.991512,0.9570112,2.229189491,1.473746486,284.0292671,8.427272862,0.006874714,3.471316122,100655.0993,322.6128645,124.5359651,69.81135559,4.05661869,4.100006104,22,41,37,1.399999976,29,37,34,1.350000024,550,0.015,44.98654816,89.96316426,1,0,Chalk,loam,clay loam
2543,Annual,427075,323175,52.805443,-1.599808,0.6623943,0.6511133,0.82499015,0.826011037,0.99846303,0.69818765,0.39722908,0.41075742,0.66497535,0.723830262,1.0051869,0.5152961,1.90958379,1.451996845,283.4493338,7.60476465,0.006588462,4.354485357,100462.8902,322.537082,113.8929026,101.9042206,3.925672054,41.30000305,19,45,36,1.419999957,27,39,34,1.360000014,33,0.01,1.244826232,1310.720598,501,0,Triassic Sandstone,loam,loam
2544,Multiannual,374055,228235,51.951988,-2.378916,0.510587,0.623535,0.78274345,0.783252139,0.9939614,0.6926103,0.10447717,0.26756525,0.7528906,0.772398481,1.0132369,0.31063667,1.967305589,1.524527973,283.8247727,7.50607898,0.006803664,4.529256465,100576.4143,324.3085305,122.3840133,70.72022247,4.081654549,25.19999695,22,41,37,1.399999976,29,37,34,1.350000024,33,0.01,0.639913642,110.4090967,101,0,Triassic Sandstone,loam,clay loam
2545,Annual,453075,83865,50.652054,-1.250592,0.8269146,0.81346256,0.91267276,0.931927661,0.99933434,0.8351696,0.7624001,0.7318948,0.8822485,0.930780513,0.9974193,0.75915277,2.370536691,1.467583024,284.3989013,6.406078896,0.007053495,3.42378526,101214.2821,323.0950523,125.9478931,23.27742577,2.773114443,7.699998856,10,75,15,1.580000043,15,68,17,1.50999999,270,0.0006,63.50615585,284.7290463,251,0,Lower Greensand,sandy loam,sandy loam
2547,Multiannual,461655,400955,53.501673,-1.071957,0.8517114,0.83442837,0.9313811,0.89946152,0.9953964,0.8493883,-10.013102,-0.15940273,-0.087983996,-0.200044753,0.9769839,1.3999808,1.718455637,1.484469514,283.4849328,7.156845677,0.006573488,4.416741106,101255.7676,322.2346262,117.7030018,20.62575722,1.891179442,15,51,17,32,1.220000029,52,19,29,1.230000019,33,0.01,2.186156691,1168.401817,2501,0,Triassic Sandstone,clay,clay
2552,Annual,476095,149065,51.235699,-0.911418,0.76370186,0.77807945,0.8762032,0.86585343,0.9983187,0.8158258,0.71303713,0.7675994,0.8950651,0.902031819,0.98097485,0.79351366,2.00618839,1.461859296,283.7742249,8.449890581,0.006775022,4.204915258,100209.1415,321.3442278,118.3471602,124.0067291,0.71415025,16.19999695,19,37,44,1.409999967,0,0,0,0,550,0.015,22.56261562,252.0755902,251,0,Chalk,loam,
2555,Multiannual,549574,154977,51.27431,0.142944,0.8781423,0.8675861,0.9404571,0.942868531,1.0128899,0.88243407,0.75133634,0.83626115,0.91848505,0.92176741,1.0287716,1.1390628,2.080887185,1.418830613,283.9384708,8.545290384,0.006836572,3.505175423,100415.311,321.1295309,119.0851111,94.48511505,5.385023594,4.199996948,10,75,15,1.580000043,15,68,17,1.50999999,270,0.0006,8.680010536,350.8713187,1,17.67124939,Lower Greensand,sandy loam,sandy loam
2560,Multiannual,646877,261150,52.193263,1.61079,0.5606822,0.73537755,0.76014054,0.715042094,0.9990197,0.88823897,-0.60913754,0.4719938,0.5647788,0.582913286,0.97296053,0.7022765,1.588554214,1.655437533,284.17139,6.899069073,0.006831279,5.456116573,101329.1868,321.3749165,125.0299094,6.95780468,1.020313501,0,5,89,6,1.700000048,5,89,6,1.700000048,400,0.075,123.8133574,203.8535468,2501,9452.5,Crag,sand,sand
2561,Multiannual,361515,315975,52.740015,-2.571457,0.7262336,0.6271982,0.88787985,0.891656532,1.0105492,0.6446158,0.09874457,0.64205146,0.8553128,0.870472728,1.1139433,0.6930662,1.757283681,1.431061755,283.5699052,7.561281574,0.006680026,3.747394469,100567.2869,323.787839,118.1030891,55.62187195,0.211372629,0,9,78,13,1.600000024,23,64,13,1.429999948,30,0.14,0.36470015,215.3767824,1001,0,Permian Sandstone,sandy loam,sandy clay loam
2564,Annual,453855,151155,51.257019,-1.229624,0.95085317,0.93633115,0.97573036,0.975148184,0.9999924,0.9411387,0.8978814,0.93046033,0.96579385,0.956917033,1.0177003,1.0579008,2.053066815,1.452869688,283.7555566,8.427272862,0.006773654,3.487462132,100172.4812,321.6815318,122.7472042,102.1416245,2.164087296,0,22,42,36,1.399999976,25,41,34,1.379999995,550,0.015,32.49136488,118.0646434,1,57.37416077,Chalk,loam,loam
2566,Annual,444394,464878,54.077906,-1.322974,0.72797674,0.7053548,0.8631573,0.915077217,0.9925458,0.7391678,0.7515376,0.68404627,0.885525,0.93396752,0.99731517,0.7055275,1.852738228,1.404066307,283.2082762,7.298685801,0.006480853,3.61804701,101037.2994,320.9396276,116.7078914,14.07970333,0.598420024,2.199999809,51,17,32,1.220000029,52,19,29,1.230000019,33,0.01,3.93617531,73.2324867,251,44618.38672,Triassic Sandstone,clay,clay
2567,Annual,448650,142050,51.175621,-1.305439,0.9458399,0.92743015,0.97357893,0.974180029,1.0014702,0.9324274,0.9311763,0.89016473,0.97023994,0.962605068,0.9952553,0.8943806,2.098028477,1.458633637,283.911477,8.427272862,0.006831383,3.490609413,100451.9564,322.3329311,123.098243,81.78151703,1.94844079,0,22,41,37,1.399999976,29,37,34,1.350000024,550,0.015,41.88128668,73.48046574,1,587.9335327,Chalk,loam,clay loam
2572,Multiannual,617322,154311,51.246545,1.112489,0.7585526,0.77808356,0.8905075,0.893616214,0.99608785,0.80701673,0.718812,0.63514453,0.87751704,0.846273381,1.0011793,0.6563208,2.017031768,1.497969318,284.2236687,6.701862052,0.007022947,3.828464625,100700.5672,322.0589112,126.4859774,52.18128586,10.34893322,21.59999847,9,77,14,1.600000024,17,67,16,1.480000019,550,0.015,33.51306032,513.6045555,1001,0,Lower Greensand,sandy loam,sandy loam
2577,Annual,409715,340005,52.957321,-1.856825,0.55436015,0.6178512,0.74538445,0.84387168,0.99908346,0.7150315,0.47825474,0.70043796,0.7203779,0.767811797,0.9961928,0.89260393,2.290744798,1.420679007,283.1128838,7.60476465,0.006495007,3.606953952,99911.23085,321.2256723,117.9722602,127.7371521,3.707337141,39.59999847,19,37,44,1.409999967,31,31,38,1.330000043,33,0.01,0.523528838,81.77948186,51,0,Triassic Sandstone,loam,clay loam
2580,Multiannual,566495,168737,51.39324,0.391738,0.6179642,0.65891325,0.8345368,0.810442871,0.9966787,0.7017541,0.29783678,0.23037994,0.6680907,0.700085909,0.9981446,0.30563167,1.714950712,1.488695984,283.8688102,8.545290384,0.006800327,4.350412975,100296.8277,320.7020517,119.4487513,92.56843567,4.033759117,15.90000153,22,42,36,1.399999976,25,41,34,1.379999995,90,0.001,21.40617466,910.9085275,251,0,Chalk,loam,loam
2595,Annual,424635,102875,50.824892,-1.651608,0.79274356,0.90296054,0.90360147,0.882251693,1.0078828,1.0078682,-0.08821571,0.6386127,0.7568923,0.781870189,1.0277556,1.2659578,2.427601311,1.498619858,284.1776785,7.617962865,0.006963263,4.273457937,100771.3954,323.0917028,122.8939827,52.04152298,3.238246918,21.69999886,4,87,9,1.730000019,4,88,8,1.74000001,75,0.05,30.94357282,105.0074133,251,0,Chalk,sand,sand
2603,Annual,405684,205445,51.747669,-1.919062,0.7564191,0.7506046,0.87437224,0.893014966,1.0021824,0.78456837,0.83167475,0.7848213,0.9201239,0.913244045,1.0081694,0.80036336,2.183187294,1.512422413,283.4383493,7.806790904,0.00667253,4.406884291,99699.71584,321.8316922,122.8769686,118.9909973,2.108321905,0,49,19,32,1.24000001,51,18,31,1.230000019,184,0.02,1.247910415,149.1301947,51,0,Oolites,clay,clay
2604,Multiannual,395495,320105,52.7785,-2.068218,0.84987944,0.84828675,0.9267228,0.925016565,0.9953161,0.8672398,-0.13320744,0.5718448,0.7666904,0.780425455,0.9835059,1.3586265,2.042825846,1.465528685,283.2407036,7.783296916,0.006552061,4.399171772,99965.34909,321.9342847,117.412109,115.292244,0.391160339,24,22,41,37,1.399999976,29,37,34,1.350000024,33,0.01,1.240848926,642.0853071,251,0,Triassic Sandstone,loam,clay loam
2612,Annual,426165,166655,51.398325,-1.62528,0.8812316,0.9133025,0.93909764,0.932954268,0.9981869,0.9383233,0.8307052,0.8156835,0.9217837,0.946801785,0.9948194,0.8331835,2.10071194,1.487707533,283.4993658,8.146276078,0.00670084,4.322768691,99686.24474,321.2172591,121.435826,155.1258392,4.08655405,14.8999939,24,48,28,1.399999976,34,41,25,1.330000043,550,0.015,28.66964427,44.7342133,51,0,Chalk,sandy clay loam,clay loam
2616,Multiannual,375575,297515,52.57489,-2.361838,0.7600809,0.88466936,0.8889945,0.878344666,1.0033942,1.0311075,-0.031525254,0.84137666,0.867025,0.821951628,1.0191478,1.0843419,1.849890467,1.446785472,283.6035381,7.783296916,0.006688731,3.720098765,100513.7876,323.7475688,119.128296,70.78164673,1.221858621,4.799995422,5,90,5,1.710000038,8,87,5,1.629999995,33,0.01,2.982788278,66.32300606,1001,0,Triassic Sandstone,sand,loamy sand
2622,Annual,546635,103913,50.816205,0.08018,0.6457168,0.84865016,0.8494873,0.82931955,0.9974065,0.98431873,0.6694591,0.6313268,0.85298437,0.778595499,1.0020485,0.66191524,2.105421693,1.465490779,284.1205667,6.103997887,0.007040252,4.152099829,100608.7208,321.5220044,125.488779,40.32903671,1.041985393,0,22,42,36,1.399999976,25,41,34,1.379999995,550,0.015,9.294624018,429.2519007,1,0,Chalk,loam,loam
2627,Annual,506055,345905,52.999965,-0.421127,0.55253416,0.648335,0.74369466,0.804749311,0.99517906,0.75927,0.55192024,0.6788148,0.74564576,0.777842138,0.99430084,0.803965,1.705202624,1.50136089,283.6816119,7.961938764,0.006641017,4.527837201,101250.2325,322.4006122,117.1110236,15.26543808,0.957268178,1.699999809,54,22,24,1.230000019,44,34,22,1.279999971,184,0.02,5.206250411,290.7978134,751,35.31599426,Oolites,clay,clay
2630,Multiannual,384785,267505,52.30544,-2.22456,0.8432343,0.8004577,0.92489636,0.935100675,1.0023572,0.8151471,0.7468769,0.8171306,0.87209696,0.878294801,0.9838208,0.8703087,1.889266155,1.505076097,283.7261073,7.772891658,0.006735407,4.46804595,100583.7074,324.05771,119.6314396,54.59759521,0.964940548,12.20000076,19,45,36,1.419999957,27,39,34,1.360000014,33,0.01,0.633326991,172.2133161,1001,0,Triassic Sandstone,loam,loam
2636,Annual,550027,248528,52.114717,0.189636,0.8644271,0.92051536,0.9327948,0.927901574,0.98412526,0.960642,0.13438243,0.565943,0.56613344,0.659464185,1.0112019,0.9936892,1.446276014,1.491096682,284.0683106,8.084611253,0.00675297,3.750886696,101226.2434,322.644237,119.0255481,23.53162956,1.555488467,2.5,8,76,16,1.610000014,8,76,16,1.116897106,550,0.015,52.56990194,215.3698737,5001,0,Chalk,sandy loam,sandy loam
2642,Multiannual,529260,229430,51.948347,-0.120671,0.894359,0.83823854,0.95204973,0.947815469,0.9977028,0.8455264,0.81174904,0.75579166,0.9207846,0.924167167,0.9920279,0.76913464,1.596878423,1.480041246,283.6605164,7.941128241,0.00664743,3.618407257,100293.8759,320.9284345,121.1655029,107.2390289,3.935944796,13.5,49,19,32,1.24000001,51,18,31,1.230000019,550,0.015,42.88239833,234.2900812,101,0,Chalk,clay,clay
2643,Multiannual,430185,500446,54.39858,-1.536567,-0.039527893,0.5415703,0.5785099,0.602176352,1.021769,1.1789757,-15.457422,0.044207513,0.3545155,0.400519034,0.68688965,1.6315593,1.816374588,1.426269377,282.8918949,6.891018672,0.006376816,4.310967044,100716.3693,319.4589384,116.4949099,39.95726776,1.276362658,4.200000763,19,37,44,1.409999967,31,31,38,1.330000043,33,0.01,3.836485527,70.0254192,251,0,Triassic Sandstone,loam,clay loam
2649,Annual,521730,110030,50.876952,-0.271136,0.84033555,0.83469194,0.925704,0.949969974,0.9959687,0.85238385,0.77756,0.7073206,0.9105612,0.924383374,0.9954591,0.7213583,2.494797373,1.371162569,283.796874,6.292935412,0.006877616,4.894833199,100016.2217,320.1485509,110.503099,141.5724945,7.221812725,24.1000061,19,37,44,1.409999967,0,0,0,0,550,0.015,14.91919878,650.0079087,1,0,Chalk,loam,
2660,Multiannual,557260,249241,52.119114,0.295508,0.82571906,0.7981651,0.91511834,0.929993482,0.9976955,0.81689626,0.7410009,0.6520142,0.8931589,0.828481397,0.9963797,0.6688418,1.57201533,1.523018476,283.6361726,8.084611253,0.006629488,4.552725112,100343.854,320.4380453,118.3851027,89.71354675,2.531382799,11.29999542,9,77,14,1.600000024,17,67,16,1.480000019,550,0.015,56.7414724,81.71491049,5001,0,Chalk,sandy loam,sandy loam
2662,Annual,572421,301015,52.579599,0.543286,0.8677658,0.79519904,0.9418629,0.948908512,0.99442714,0.8037043,0.8299644,0.74216795,0.94005775,0.948141394,0.95401764,0.7534856,1.715717412,1.5120674,283.952721,7.787020949,0.006730563,4.08635179,101304.4845,322.1390631,119.983939,7.143085957,2.605255127,6.300000191,5,90,5,1.710000038,8,87,5,1.629999995,550,0.015,43.01279393,41.37559212,5001,0,Chalk,sand,loamy sand
2666,Annual,452525,380175,53.315898,-1.213038,0.8202121,0.7841811,0.9123951,0.914084812,1.0031701,0.80278695,0.7516053,0.7486497,0.8736864,0.737940866,0.98950714,0.7829479,1.88625411,1.472521235,283.038288,7.156845677,0.006448783,4.381213265,100165.915,320.2863917,118.4471557,95.50093079,1.832235217,12.8999939,22,42,36,1.399999976,25,41,34,1.379999995,260,0.01,1.493167791,437.9721556,2501,0,Magnesian Limestone,loam,loam
2669,Multiannual,453525,174395,51.465997,-1.230862,0.766011,0.82583934,0.8783089,0.89730384,1.0349303,0.8804065,0.0735392,0.4664715,0.77165866,0.827736992,1.029551,1.4812981,1.890744796,1.473387391,283.8529947,8.427272862,0.006779144,3.506832032,100475.5595,322.5517891,122.722182,78.66268158,1.461915135,1.100006104,24,48,28,1.399999976,34,41,25,1.330000043,550,0.015,20.04130199,132.2317482,51,0,Chalk,sandy clay loam,clay loam
2673,Annual,448555,137755,51.137011,-1.307376,0.9063114,0.84917307,0.95749164,0.970775465,0.9994026,0.855289,0.7362343,0.8514442,0.90494496,0.905940879,0.9749192,0.88862604,2.219934286,1.43091871,283.9567026,8.427272862,0.006850256,3.486202848,100523.9275,322.4435044,120.4122241,75.58653259,1.98036468,0,19,37,44,1.409999967,0,0,0,0,550,0.015,40.69835857,89.13778663,1,0,Chalk,loam,
2676,Multiannual,430500,517401,54.550929,-1.529973,0.8047707,0.78710043,0.9021964,0.890568787,1.0024952,0.8109121,0.3702137,0.57524043,0.63142,0.51419997,1.0031778,0.78891003,1.751861992,1.413577348,282.6910323,7.009857702,0.006318675,4.305678786,100302.1605,318.4012962,116.2428831,63.10109329,1.282402277,9.000003815,19,37,44,1.409999967,31,31,38,1.330000043,260,0.01,3.12557887,1128.374701,251,126.5104141,Magnesian Limestone,loam,clay loam
2677,Multiannual,480425,138285,51.138193,-0.851819,0.699695,0.80690086,0.8431325,0.81377373,0.9961226,0.887464,-0.43345034,0.33157718,0.6358939,0.612298293,0.9600717,0.4408752,2.182201539,1.425859507,284.0199722,8.449890581,0.006862227,3.43194345,100662.4509,322.2141422,120.0037799,76.04123688,6.86354208,7.800003052,19,37,44,1.409999967,31,31,38,1.330000043,270,0.0006,23.34369737,342.5616559,501,0,Lower Greensand,loam,clay loam
2679,Annual,405000,193150,51.637129,-1.929142,0.71253264,0.6286379,0.8743111,0.892330388,0.98577183,0.65084606,0.69960785,0.58342576,0.9309528,0.938293289,1.0771006,0.59648913,1.860186198,1.440753148,283.800845,7.806790904,0.006788026,3.652046548,100362.2999,323.4089062,119.5111818,83.32987976,1.781763315,0,22,42,36,1.399999976,25,41,34,1.379999995,0.1,0.06,6.096411197,114.7241497,251,0,Oolites,loam,loam
2680,Multiannual,568422,170672,51.410055,0.420327,0.71330065,0.77745444,0.87795365,0.849546227,0.99554956,0.81395954,0.31401008,0.24821478,0.6293782,0.64026189,1.0009226,0.3459211,1.679134723,1.479939268,283.9074387,8.545290384,0.006808801,4.36439776,100379.6186,320.8732598,118.109776,68.55554199,3.358971119,4,10,75,15,1.580000043,15,68,17,1.50999999,520,0.005,21.6948982,1189.721232,251,0,Chalk,sandy loam,sandy loam
2681,Annual,506921,466010,54.078907,-0.367225,0.9338607,0.92769134,0.96738815,0.965322416,1.020477,0.9387981,0.8345397,0.8123479,0.9187773,0.903506721,0.97601837,0.83254564,1.989156627,1.43768473,282.9229651,6.475027417,0.006488683,4.001708269,100301.0458,318.7512743,122.6701657,32.3237381,1.607780457,1.199996948,19,37,44,1.409999967,0,0,0,0,550,0.015,7.901484017,35.23626714,51,0,Corallian Limestone,loam,
2684,Annual,529025,240625,52.048998,-0.119878,0.8370737,0.84135014,0.91665804,0.918203667,0.99700195,0.865038,0.6943897,0.70578206,0.8390571,0.821229226,0.99428546,0.7537712,1.497590362,1.468557844,283.9108414,8.083954113,0.006712674,3.640556892,100849.7756,322.2516155,118.3458339,55.46868896,0.85294354,2.800003052,9,77,14,1.600000024,17,67,16,1.480000019,550,0.015,41.25264882,78.12251613,5001,464.9776306,Chalk,sandy loam,sandy loam
2690,Multiannual,507450,212720,51.802802,-0.443062,0.82987875,0.8097869,0.9180622,0.903270546,0.9968865,0.8283685,0.68674123,0.89702064,0.8985436,0.879758076,0.9935036,1.0164069,1.712924427,1.513796063,283.4787003,7.941128241,0.006612508,4.289341049,99846.30116,320.3146604,120.7503879,144.9932098,1.871750593,20.90000916,11,35,54,1.49000001,20,37,43,1.399999976,550,0.015,29.71045069,507.0621665,101,0,Chalk,silt loam,loam
2697,Annual,405770,196920,51.671019,-1.917955,-0.07617283,0.27924645,0.85545254,0.862544328,1.0153133,1.7059591,-1.5767717,0.46415198,0.60510063,0.781017493,1.0783173,1.3536394,1.870974811,1.44746056,283.8074543,7.806790904,0.006786765,3.649339532,100392.6599,323.4654591,120.000745,87.36624908,1.095777631,0,22,41,37,1.399999976,29,37,34,1.350000024,0.1,0.06,3.10736249,135.7368698,251,324.1458435,Oolites,loam,clay loam
2716,Annual,398685,195735,51.660391,-2.020402,0.86377954,0.8139218,0.9359661,0.953317376,1.0003566,0.8252874,0.81704634,0.7117288,0.9282099,0.940525606,0.99229,0.7209179,2.061719605,1.500967831,283.6804327,7.50607898,0.006757405,4.429985587,100099.0891,322.9516184,121.0555577,107.9853821,1.386519909,3.900001526,19,37,44,1.409999967,31,31,38,1.330000043,184,0.02,5.777405386,121.8428655,251,0,Oolites,loam,clay loam
2718,Multiannual,373125,226365,51.935132,-2.392301,0.66193396,0.7263634,0.8140868,0.823998544,0.9991298,0.7992221,0.6801209,0.7996205,0.8418834,0.715241804,1.0038259,0.8769729,1.976341726,1.471371478,284.0604555,7.50607898,0.006873928,3.774357474,101041.725,325.4072153,120.8741587,37.48213959,4.131948948,8.899999619,20,42,38,1.409999967,20,45,35,1.419999957,33,0.01,0.537091967,121.0267404,101,0,Triassic Sandstone,loam,loam
2721,Multiannual,486785,190355,51.605349,-0.748237,0.96816933,0.9406426,0.98656994,0.985487917,0.9932772,0.9425743,0.1094892,0.62070435,0.88098305,0.817012538,0.97514474,1.3592814,1.925465499,1.557601619,283.7260532,8.154764635,0.006711094,4.243955226,100247.3325,321.5947184,125.0390485,74.24344635,2.047568798,2.900001526,24,48,28,1.399999976,34,41,25,1.330000043,550,0.015,17.49694156,1429.896267,251,0,Chalk,sandy clay loam,clay loam
2723,Annual,419730,199220,51.691384,-1.715961,0.25684345,0.42053944,0.8696417,0.871461548,1.0176257,1.5643464,0.4504295,0.69590926,0.8469617,0.853136169,1.0467609,1.2585908,1.798959476,1.448644501,283.8632746,7.806790904,0.006787477,3.604780765,100523.3603,323.5567898,119.5773809,73.27336121,0.344581157,0.5,11,80,9,1.570000052,19,72,9,1.480000019,0.1,0.06,3.088791548,128.394797,251,0,Oolites,sandy loam,sandy loam
2724,Decadal,461405,349185,53.036416,-1.085703,0.8786071,0.8292069,0.9440178,0.92140503,1.0024107,0.83866155,-7.989667,0.44254553,0.575991,0.622565354,1.037007,1.3600129,1.992880613,1.440347151,283.4296757,7.156845677,0.006563289,3.629115956,100697.5656,321.9750134,117.894855,55.11922073,0.690033138,1.900001526,9,77,14,1.600000024,17,67,16,1.480000019,33,0.01,4.263306852,539.5499485,1001,0,Triassic Sandstone,loam,clay loam
2726,Annual,453905,136405,51.124396,-1.231117,0.85243744,0.8816862,0.93198264,0.944733474,0.9964447,0.90325814,0.85602456,0.84731185,0.954612,0.923346259,0.99538964,0.85428774,2.212814892,1.470376082,283.8128145,8.427272862,0.006807257,4.22957562,100228.1367,321.6519316,119.9718967,106.3993835,1.127379179,1.400001526,19,37,44,1.409999967,0,0,0,0,550,0.015,44.91799077,80.82275272,1,0,Chalk,loam,
2731,Annual,460706,141856,51.172726,-1.133031,0.9460843,0.94931626,0.9744664,0.97770243,1.0147785,0.958788,0.83449566,0.93399537,0.96620345,0.968524347,1.0553572,1.012248,2.160295728,1.500156355,283.8122518,8.427272862,0.006799229,4.220092535,100244.1876,321.6290817,122.6598096,100.2900696,1.033420563,0,19,37,44,1.409999967,0,0,0,0,550,0.015,37.15328405,75.44839403,1,0,Chalk,loam,
2734,Multiannual,397185,319125,52.769702,-2.043155,0.8339155,0.78990304,0.9203824,0.917350014,1.0000706,0.8055742,-0.108695984,0.5598874,0.582693,0.520602953,0.9956868,1.1397718,2.071193867,1.403055967,283.0145574,7.783296916,0.006486829,4.395681102,99503.08451,320.8374365,111.98066,155.9155273,3.964823246,38.59999847,5,89,6,1.700000048,5,89,6,1.700000048,33,0.01,0.384492583,405.5662714,251,0,Triassic Sandstone,sand,sand
2740,Annual,459195,135365,51.114524,-1.155707,0.9444296,0.9337057,0.97258556,0.973315153,1.0032547,0.93972796,0.9114335,0.89626604,0.962588,0.956382242,1.0117917,0.9039694,2.275903613,1.409507173,283.8670602,8.427272862,0.006822937,3.460845609,100332.6744,321.7820522,119.1829476,85.46225739,1.348477244,0,19,37,44,1.409999967,0,0,0,0,550,0.015,42.93289833,85.42680571,1,0,Chalk,loam,
2741,Multiannual,620737,158298,51.281031,1.1638,0.80159104,0.85509634,0.9021293,0.888917015,0.9973036,0.8931789,0.57049,0.77589965,0.84566456,0.785526403,0.9936222,0.83764195,1.734173056,1.487589028,284.3441529,6.701862052,0.007048858,3.867817401,100948.5079,322.5876965,124.4624802,29.50727844,2.287804604,19.70000076,24,47,29,1.389999986,34,39,27,1.330000043,90,0.001,38.71533825,331.6391236,1001,0.141666666,Chalk,loam,clay loam
2742,Annual,468036,474647,54.163115,-0.959492,0.6920269,0.6877066,0.8452208,0.853778045,0.99548954,0.72879887,0.6760844,0.65290344,0.83551675,0.845482296,0.9976794,0.6943602,2.075191676,1.390651801,282.8558724,7.124206013,0.006407842,4.491734996,100337.2498,318.877219,112.8674843,64.2545166,6.864360332,24.5,9,77,14,1.600000024,17,67,16,1.480000019,700,0.0005,0.613563939,28.55253245,751,1193.255249,Corallian Limestone,sandy loam,sandy loam
2743,Annual,412015,378805,53.306044,-1.821148,0.78655446,0.80407715,0.88855076,0.925808261,1.0033138,0.83889896,0.5118761,0.83926064,0.8506773,0.873267897,1.0541954,0.9754505,3.312924424,1.303454537,281.7736649,6.480668222,0.006101673,3.58160638,97514.75329,314.9149731,112.2497855,337.8613892,4.364373684,36.90002441,22,42,36,1.399999976,25,41,34,1.379999995,0.6,0.0004,7.168028417,62.20842103,1,0,Carboniferous Limestone,loam,loam
2744,Multiannual,452937,176325,51.483404,-1.239038,0.9128178,0.91155666,0.95638496,0.941076985,1.0133286,0.9242229,0.65723217,0.8335186,0.8391855,0.814988029,1.0417331,0.989366,1.88258489,1.477666371,283.7594298,8.427272862,0.006750529,3.510334281,100296.7316,322.1590662,123.3693307,85.58724976,1.196710348,2.400001526,24,48,28,1.399999976,34,41,25,1.330000043,550,0.015,20.18659437,121.5589942,51,0,Chalk,sandy clay loam,clay loam
2748,Multiannual,350605,322305,52.796025,-2.733996,0.8905034,0.8457725,0.95310855,0.940640314,1.0028614,0.85310346,0.3454808,0.423716,0.6393864,0.667676689,0.99505436,0.5505169,1.996002189,1.47058332,283.3928455,7.561281574,0.006636732,4.536038028,100243.9141,323.0446285,118.5763292,82.52000427,0.753203928,0,5,90,5,1.710000038,8,87,5,1.629999995,33,0.01,1.891377786,68.67492365,251,0,Triassic Sandstone,sand,loamy sand
2749,Annual,597273,290738,52.478891,0.903493,0.6710789,0.51528156,0.86601394,0.928030657,1.2541275,0.6095901,0.41538823,0.07369006,0.77344084,0.831831511,1.8637784,0.7537968,1.759474259,1.528227601,283.9315609,8.134556528,0.006734147,4.273339252,101295.1622,321.4561572,121.1820791,22.1407032,1.399921179,3.600000381,5,89,6,1.700000048,5,89,6,1.700000048,550,0.015,69.18616029,69.86700716,5001,2288.762939,Chalk,sand,sand
2753,Annual,624592,299162,52.543948,1.310773,-2.720141,0.5673697,0.8424748,0.856457836,0.9027189,1.3910252,-3.8959274,0.688545,0.8730676,0.917244268,0.88367754,1.2595514,1.762595838,1.533880307,283.8811218,7.324315532,0.006753165,4.630454825,101077.0462,320.8671774,120.5425286,18.21378136,5.57332325,4.799999237,22,41,37,1.399999976,29,37,34,1.350000024,550,0.015,95.17230397,146.1564134,1001,27.28352356,Chalk,loam,clay loam
2759,Annual,465052,423106,53.700334,-1.016138,0.52574134,0.67629415,0.7365103,0.730490902,1.0121602,0.81235725,-0.27699184,0.7251127,0.7364539,0.717288789,0.92715484,0.9717197,1.727984666,1.472356939,283.4308893,7.170043959,0.006559782,4.442669091,101361.1627,321.8726772,117.3783622,3.865753889,0.491740912,0,21,39,40,1.399999976,21,41,38,1.399999976,33,0.01,3.027171408,130.6233245,251,0,Triassic Sandstone,loam,loam
2764,Annual,593630,313170,52.681602,0.863022,0.67180187,0.8289373,0.84906876,0.865062136,1.0720403,1.03596,0.114165306,0.48059237,0.77264583,0.731672479,1.0116751,1.4668686,1.905640743,1.517668647,283.5972187,7.787020949,0.006655729,4.336491468,100682.8282,320.2103332,122.1727232,52.99570465,1.864273429,7.099998474,19,45,36,1.419999957,27,39,34,1.360000014,550,0.015,64.5175029,131.6322588,1001,0,Chalk,loam,loam
2776,Annual,492907,101615,50.806648,-0.682813,0.73650277,0.7888298,0.85866535,0.879030555,0.9958461,0.8431579,0.75616246,0.84703857,0.88299483,0.900941215,1.0219281,0.9039498,1.96708653,1.501125834,284.4911655,6.336254195,0.0070741,4.135539079,101442.7429,323.4911416,123.4062919,1.81372261,2.005316973,0,49,19,32,1.24000001,47,21,32,1.24000001,550,0.015,24.36646685,1210.379307,1001,0,Chalk,clay,clay
2777,Annual,410035,195355,51.656888,-1.856326,0.71249557,0.635387,0.87094116,0.912327686,1.008186,0.65909225,0.84164816,0.7182773,0.9511173,0.952895678,1.0226256,0.72347695,1.830065716,1.447918844,283.8407451,7.806790904,0.006793301,3.635286095,100454.8883,323.5503825,119.8827937,81.80992126,0.242420495,2.199996948,22,42,36,1.399999976,25,41,34,1.379999995,0.1,0.06,0.675371084,96.67961064,51,0,Oolites,loam,loam
2778,Annual,442055,139055,51.149213,-1.400123,0.88513136,0.88425267,0.9431788,0.938921877,0.9971034,0.89920163,0.9081211,0.8979308,0.96076113,0.964886107,0.99482507,0.9059173,2.180777658,1.432637506,284.049621,8.427272862,0.006878469,3.505135498,100720.901,323.0520122,120.0144261,84.91960144,0.050947733,17.40000153,19,37,44,1.409999967,0,0,0,0,550,0.015,34.70075638,70.91104268,1,62.4662056,Chalk,loam,
2781,Multiannual,383675,265345,52.28599,-2.240734,0.7997054,0.7976941,0.8971029,0.903006614,1.0003699,0.8258182,0.6640775,0.84215534,0.9190729,0.888247879,0.9567587,0.8715653,1.878368024,1.506575369,283.6455717,7.772891658,0.006714584,4.472742605,100406.1148,323.6715168,120.3041479,72.60495758,7.454365253,35.39999771,19,45,36,1.419999957,27,39,34,1.360000014,33,0.01,2.415859512,126.4423673,1001,0,Triassic Sandstone,loam,loam
2782,Multiannual,438221,458289,54.019184,-1.418143,0.8045168,0.8886275,0.8990885,0.893826082,1.001654,0.9529071,0.41043603,0.6416131,0.6731734,0.63229895,0.9949226,0.8530336,1.960460019,1.445552261,283.0459567,7.298685801,0.006433201,4.35063907,100646.7846,320.2988369,116.6410736,44.20663071,4.634225845,4.399997711,19,37,44,1.409999967,31,31,38,1.330000043,260,0.01,2.21620256,216.0810933,251,0,Magnesian Limestone,loam,clay loam
2784,Annual,398824,143816,51.193559,-2.018203,0.9214275,0.9078501,0.96102464,0.951713666,0.9903822,0.91705436,0.8381598,0.7294601,0.9403102,0.94091862,0.9446745,0.74199235,2.167141291,1.49388193,283.8137623,7.812595891,0.006835656,3.648559713,100189.4053,322.780541,126.3535878,95.98522949,1.748156428,0,19,37,44,1.409999967,0,0,0,0,550,0.015,10.91444302,36.8216936,51,317.8641663,Chalk,loam,
2799,Annual,452455,135055,51.112392,-1.252031,0.87234503,0.8762848,0.94576067,0.953925035,0.99505544,0.88891906,0.76249826,0.8440794,0.95965695,0.948182143,0.98917323,0.84977925,2.237458923,1.471681821,283.8316945,8.427272862,0.006814294,4.230840701,100262.7441,321.7379213,120.0685204,104.2891235,2.957059622,9.600006104,19,37,44,1.409999967,0,0,0,0,550,0.015,44.09664274,85.71508831,1,0,Chalk,loam,
2800,Annual,478065,146645,51.213677,-0.883732,0.9291272,0.9114384,0.9650734,0.971931502,1.0013425,0.9186277,0.90559226,0.87327784,0.9560628,0.958855679,1.0063999,0.8813113,2.102409637,1.458511627,283.5298513,8.449890581,0.006706828,4.199401101,99703.32206,320.097395,119.4651042,146.6971436,4.786902905,30.30000305,19,37,44,1.409999967,0,0,0,0,550,0.015,21.76812251,299.4993064,251,0,Chalk,loam,
2809,Annual,403410,164286,51.377612,-1.952387,0.88769567,0.8740121,0.9441339,0.944179042,1.0113283,0.88764566,0.87753415,0.7965607,0.948496,0.956308297,1.0165521,0.80388594,2.096878421,1.468968469,283.4839621,8.146276078,0.006717479,3.643518393,99643.37426,321.4963015,124.6279397,139.2126923,1.256531239,3,22,42,36,1.399999976,25,41,34,1.379999995,550,0.015,5.819358724,228.475933,51,0,Lower Greensand,loam,loam
2811,Decadal,440545,462323,54.05526,-1.382139,0.78947115,0.8116907,0.8903606,0.887829655,1.0038419,0.84694946,-0.02808404,0.60031617,0.6433498,0.523245743,1.0374717,0.8235265,1.942661564,1.431998176,282.9832398,7.298685801,0.006416586,4.357728803,100556.673,319.9512261,115.7404222,48.75991058,3.550174952,4.600002289,19,37,44,1.409999967,31,31,38,1.330000043,33,0.01,0.441713915,93.37524337,251,40.00677109,Triassic Sandstone,loam,clay loam
2818,Multiannual,491690,138410,51.137626,-0.690814,0.83253664,0.8080704,0.91799486,0.862447039,0.9978455,0.82648563,0.38342917,0.34071898,0.77215767,0.768203407,0.9859911,0.38149956,2.375301211,1.444779659,283.7854806,8.449890581,0.006794448,4.178126754,100181.476,320.9313295,117.5733339,118.4669037,2.375631094,32.19999695,5,89,6,1.700000048,5,89,6,1.700000048,270,0.0006,14.08318534,191.0763459,501,0,Lower Greensand,sand,sand
2820,Multiannual,441224,453303,53.974143,-1.372987,0.60691786,0.55077213,0.8130735,0.818485803,1.1826385,0.6346133,-0.13187969,0.13883287,0.26807153,0.394274208,0.76987636,0.6089364,1.925136914,1.44894915,283.2096935,7.170043959,0.006480881,4.361673324,101151.7862,321.0496391,116.6725902,22.72541428,0.692401171,2.400001526,19,37,44,1.409999967,31,31,38,1.330000043,33,0.01,0.832862333,128.9726783,251,0,Triassic Sandstone,loam,clay loam
2826,Annual,390310,185982,51.572616,-2.141205,0.90554893,0.8901719,0.9534308,0.943933027,1.0266764,0.9041782,0.7590305,0.75165635,0.89227605,0.888035155,1.1610191,0.8446198,2.088061335,1.466173382,283.8709476,7.50607898,0.006828221,3.703405455,100431.4413,323.848277,121.9165234,76.36371613,3.102371693,2.299995422,22,42,36,1.399999976,0,0,0,0,184,0.02,6.055821376,86.66520295,51,0,Oolites,loam,
2828,Annual,425455,145155,51.205039,-1.637012,0.93716353,0.915204,0.9694947,0.970528897,1.0029389,0.920936,0.88627005,0.8407792,0.95989954,0.947076186,0.98224133,0.84693867,2.109364734,1.501380409,283.7262893,8.146276078,0.006786495,4.310949003,100047.9914,321.9307429,122.6956408,113.838768,2.039695024,3.099998474,19,37,44,1.409999967,0,0,0,0,550,0.015,22.97510681,178.3360488,1,25.18505287,Chalk,loam,
2832,Annual,507285,437161,53.819651,-0.371792,0.78060365,0.74271387,0.8926767,0.90068013,0.97870004,0.7671403,0.556185,0.6066688,0.8307782,0.863336363,1.3086107,0.82440484,1.76823658,1.468493516,283.3512211,6.699781022,0.006592115,4.713286397,101073.7585,320.8605121,118.4187208,1.746210933,1.313423991,0.399999976,22,39,39,1.389999986,28,37,35,1.350000024,550,0.015,13.74290989,1117.099848,51,0,Chalk,loam,clay loam
2833,Annual,506761,464214,54.062805,-0.370302,0.87976277,0.831466,0.9435463,0.949576281,0.9926711,0.8413723,0.7481261,0.6995631,0.8850676,0.890632217,1.0881432,0.73678255,1.936637462,1.422257064,283.0734351,6.475027417,0.006529197,3.998235807,100588.0755,319.4678071,120.2966261,23.34078217,2.61051631,0,24,47,29,1.389999986,34,39,27,1.330000043,550,0.015,9.691203429,45.3700896,51,48774.55859,Chalk,loam,clay loam
2840,Annual,598710,321850,52.757691,0.943312,0.8665153,0.83289146,0.9413625,0.955363607,0.9973612,0.84354085,0.8530873,0.81963146,0.9383062,0.906480811,0.997118,0.83053666,1.858817083,1.532686076,283.6768006,7.787020949,0.006693145,4.427889853,100924.7892,320.6013644,123.4129204,46.86855698,1.317611337,25.69999886,19,37,44,1.409999967,31,31,38,1.330000043,550,0.015,71.08375473,63.73546883,1001,0,Chalk,loam,clay loam
2843,Multiannual,363225,319295,52.769978,-2.546504,0.82999134,0.8737875,0.9117263,0.910148098,0.9982049,0.90981346,-0.68781924,0.8066274,0.83722603,0.81616548,1.0466884,0.9066345,1.731872946,1.415834163,283.5749159,7.561281574,0.006677205,3.736223594,100602.0041,323.8098505,116.6057824,57.7231369,0.862104475,6.600002289,49,19,32,1.24000001,47,21,32,1.24000001,30,0.14,0.152327616,84.26217313,1001,0,Permian Sandstone,clay,clay
2853,Annual,365650,147870,51.228973,-2.493316,0.6475102,0.6272603,0.81722116,0.874530723,0.9984522,0.6751553,0.5837835,0.6628377,0.8149096,0.844158895,1.0285195,0.7196319,2.911938667,1.44227097,283.3015967,7.812595891,0.006714787,4.549243824,99155.55103,320.948367,120.2478363,160.5161438,10.14789486,18.5,19,37,44,1.409999967,31,31,38,1.330000043,20,0.01,2.592369785,110.2023159,51,0,Carboniferous Limestone,loam,clay loam
2854,Annual,391064,649153,55.735669,-2.143864,0.78999877,0.6921389,0.92244565,0.933424736,1.0184771,0.70264304,0.6517993,0.6152113,0.84667397,0.799305274,1.0287719,0.6482552,1.916703178,1.39977057,282.3919968,6.225136983,0.006166866,4.038533115,100069.0078,317.1130646,115.7011466,8.583436966,2.538173914,1.399999619,9,77,14,1.600000024,17,67,16,1.480000019,1,0.06,6.531221556,33,1,0,Unallocated to aquifers,sandy loam,sandy loam
2855,Annual,551342,245280,52.08518,0.207384,0.8258785,0.8351659,0.92501664,0.922167723,0.99552506,0.8532772,0.7630255,0.8038183,0.940689,0.89715361,0.99263126,0.81314474,1.475301201,1.507860929,283.7315304,8.084611253,0.006657882,4.507768171,100515.7618,320.9756577,116.598566,72.47827911,5.387790203,15.79999924,9,77,14,1.600000024,17,67,16,1.480000019,550,0.015,55.95543531,124.5462155,5001,0,Chalk,sandy loam,sandy loam
2862,Annual,593419,281203,52.394655,0.841302,0.8969795,0.87048477,0.95094824,0.943021645,0.99634457,0.8801905,0.7122202,0.8463563,0.9264017,0.903805487,0.97286737,0.86789024,1.713964949,1.521797254,283.989139,8.134556528,0.006742932,4.19306092,101331.9856,321.7045358,120.3026494,21.45855331,1.561214685,12.19999981,5,90,5,1.710000038,8,87,5,1.629999995,550,0.015,68.16344072,62.72956647,5001,0,Chalk,sand,loamy sand
2868,Annual,504379,437457,53.822901,-0.415815,0.8134824,0.7559444,0.9128794,0.910328071,1.002849,0.7720425,0.5944519,0.6866331,0.8094721,0.830179979,1.1078492,0.77579886,1.824096392,1.471099317,283.326,6.699781022,0.006580198,4.690942728,101018.2597,320.7789001,118.7002988,6.840507507,0.77275604,0.900000095,24,47,29,1.389999986,34,39,27,1.330000043,550,0.015,11.1944206,712.9858516,51,28.46854401,Chalk,loam,clay loam
2876,Annual,447965,360215,53.136928,-1.284474,0.68610257,0.71488523,0.8305327,0.855911797,0.9987184,0.77072066,0.55664253,0.61206,0.7774007,0.883374985,0.97503966,0.6832616,2.156243159,1.428302343,282.7855172,7.156845677,0.006381774,4.36523917,99482.46203,319.166344,115.1319432,173.0986023,5.478103161,7.699996948,19,37,44,1.409999967,31,31,38,1.330000043,260,0.01,1.338426516,1135.263854,2501,0,Carboniferous Limestone,loam,clay loam
2878,Annual,546235,244708,52.081412,0.13266,0.88945067,0.8288642,0.95047355,0.950482575,0.99785554,0.83620185,0.5234579,0.7042942,0.74265003,0.712752421,0.99335253,0.8545058,1.45125958,1.515287902,283.8730777,8.084611253,0.00669871,4.480024063,100802.9617,321.740662,116.4657368,46.28495026,1.634345651,4.899997711,9,77,14,1.600000024,17,67,16,1.480000019,550,0.015,53.46345876,136.1084292,5001,6628.411621,Chalk,sandy loam,sandy loam
2895,Multiannual,352085,322955,52.802001,-2.712144,0.92466235,0.8857312,0.9696803,0.954799062,1.0039006,0.8898978,0.1417008,0.8227054,0.82329094,0.814023862,0.98968625,1.0100514,1.956407447,1.418018646,283.4282266,7.561281574,0.006645763,3.776590016,100316.441,323.2064423,117.788898,82.00376892,3.043102264,0,9,77,14,1.600000024,17,67,16,1.480000019,33,0.01,0.639339617,58.81657547,251,0,Triassic Sandstone,sandy loam,sandy loam
2897,Annual,567282,270541,52.307495,0.452266,0.737288,0.85043156,0.8666005,0.884992847,0.9941199,0.9326175,0.59528595,0.57681394,0.7900133,0.843851324,0.9957044,0.63261384,1.482584883,1.508197153,284.0606928,8.084611253,0.006749262,3.932327565,101363.1872,322.4472046,119.553779,16.0115242,3.127803326,5.400000572,5,90,5,1.710000038,8,87,5,1.629999995,550,0.015,51.1731117,100.6439633,5001,172.6553497,Chalk,sand,loamy sand
2902,Annual,494776,448078,53.920167,-0.558367,0.8325691,0.82485735,0.91785926,0.927181313,0.9957084,0.8453736,0.74838376,0.7008339,0.88063896,0.888058325,1.003413,0.7256982,1.985925522,1.423589867,282.9476531,7.297097527,0.006464844,4.637095143,100566.9782,319.0847217,116.8008923,70.00681305,0.713142693,33.79999924,19,37,44,1.409999967,0,0,0,0,550,0.015,8.756796813,51.02314947,51,29.76890564,Chalk,loam,
2909,Annual,354345,318655,52.763546,-2.678023,0.7292339,0.8486281,0.8606186,0.874035204,1.0046829,0.9411444,0.5493428,0.67874,0.79736435,0.798283526,0.98292685,0.75129557,1.836692222,1.422025897,283.5289213,7.561281574,0.006674286,3.77088922,100492.892,323.6484706,117.6039519,69.53405762,0.88627249,2.700004578,9,77,14,1.600000024,17,67,16,1.480000019,30,0.14,0.623830373,240.9937353,1001,0,Permian Sandstone,sandy loam,sandy loam
2916,Annual,459655,138855,51.145855,-1.148559,0.91959757,0.9341399,0.9591931,0.964895405,0.99909014,0.948314,0.77403975,0.94089687,0.9468944,0.930904649,1.0110098,1.023491,2.265881708,1.45746442,283.7098093,8.427272862,0.006772887,4.219174321,100026.2683,321.1003351,118.8090661,111.2533875,3.382926226,4.400001526,19,37,44,1.409999967,0,0,0,0,550,0.015,40.33110892,79.24602708,1,0,Chalk,loam,
2918,Annual,421245,199115,51.690385,-1.69405,0.6279181,0.69422567,0.8067168,0.81757129,0.9772529,0.7641594,0.67196023,0.70118135,0.82373106,0.84093978,1.0074031,0.75882435,1.766265063,1.450692703,283.8795671,7.806790904,0.006790411,3.598889104,100556.2069,323.6024904,119.6749351,72.79414368,1.364383101,2.700004578,11,80,9,1.570000052,19,72,9,1.480000019,0.1,0.06,4.280700439,117.0308351,251,0,Oolites,sandy loam,sandy loam
2924,Annual,421769,610333,55.386467,-1.657933,0.9161012,0.90038,0.96632737,0.949192166,0.99574274,0.90634054,0.7297788,0.63170075,0.9252608,0.89608416,0.99234295,0.6394454,2.083899228,1.373582056,282.204884,6.438061395,0.006158171,4.980801513,99753.18234,315.6397975,111.0597403,109.6207047,4.477843761,38.5,21,40,39,1.399999976,25,41,34,1.379999995,2,0.18,0.819239756,92.58552851,1,0,Fell Sandstone& Border Group,loam,loam
2927,Annual,470971,147802,51.225004,-0.985049,0.96167487,0.9792009,0.98187065,0.981741827,0.99723625,0.9901877,0.9347939,0.9584164,0.96819746,0.964085202,1.0022413,0.9733028,2.095783134,1.413339915,283.7537814,8.449890581,0.006772408,3.45390425,100162.5205,321.2958245,119.1755357,122.1610413,0.582094908,22.40000153,19,37,44,1.409999967,0,0,0,0,550,0.015,27.81091381,126.6744003,251,0.791145802,Chalk,loam,
2928,Multiannual,346525,564265,54.970103,-2.836846,0.60509723,0.80490476,0.82592475,0.792094711,1.0058553,1.0879003,-1.4815361,0.2178914,0.6556126,0.638118978,1.0368794,1.7012469,2.703669222,1.353883477,282.6295107,6.999397718,0.006260621,4.04113499,100633.0478,319.560047,111.2232043,44.85356522,1.746085763,7.699996948,19,37,44,1.409999967,31,31,38,1.330000043,33,0.01,2.411057079,34.04066656,1,0,Triassic Sandstone,loam,clay loam
2935,Annual,547228,104307,50.819595,0.08875,0.6472112,0.76239777,0.83865595,0.806743754,0.99539393,0.8256399,0.68711394,0.65211856,0.89236844,0.836211219,0.99617046,0.6692103,2.154874046,1.507407102,283.9520596,6.103997887,0.006987919,4.910762535,100268.6687,320.7367771,126.1385718,58.84360123,4.846669197,1,19,37,44,1.409999967,0,0,0,0,550,0.015,8.717423987,355.3764702,1,0,Chalk,loam,loam
2939,Decadal,441120,474034,54.160461,-1.371767,0.77180016,0.8061858,0.88017094,0.881121722,0.99543214,0.8477386,-1.2538397,0.7401167,0.87955064,0.883310997,0.9309654,1.2196994,1.832146768,1.44924074,283.1336664,7.298685801,0.006456573,4.361320847,100969.471,320.578024,116.9563629,20.6264267,2.906737804,4.899999619,10,76,14,1.580000043,26,60,14,1.409999967,33,0.01,0.421724794,62.50092892,251,0,Triassic Sandstone,sandy loam,sandy clay loam
2944,Annual,589652,278116,52.368252,0.784264,0.22645086,0.510436,0.55077016,0.513190348,1.0128082,0.8058334,0.16223824,0.5153451,0.56729794,0.540170664,1.0400627,0.7853992,1.695454548,1.543910657,283.9752812,8.134556528,0.006735489,4.142486542,101281.1201,321.6839591,122.6197118,24.07164001,1.214719892,7.799999237,5,90,5,1.710000038,8,87,5,1.629999995,550,0.015,65.85770646,69.98397967,5001,0,Chalk,sand,loamy sand
2949,Annual,628804,144041,51.149863,1.270187,0.79543376,0.85112035,0.89913565,0.924444906,1.0132356,0.8912997,0.6001776,0.7734645,0.8711357,0.922866104,1.0513802,0.8209146,2.475465503,1.518270001,284.1549565,6.701862052,0.007074754,3.864385042,100525.1363,321.8832416,131.6038994,31.75413895,21.90936852,0,24,48,28,1.399999976,34,41,25,1.330000043,550,0.015,37.10249353,590.7416061,1001,0,Chalk,sandy clay loam,clay loam
2955,Annual,537638,103235,50.812318,-0.047708,0.59347105,0.62981457,0.78322136,0.738688534,0.9978298,0.6999348,0.7434219,0.7820205,0.86911476,0.838940968,1.0013087,0.8256957,2.052190576,1.495961915,284.068279,6.292935412,0.007005888,4.140891222,100551.8504,321.2725078,127.6833154,54.33853912,5.396810055,9.200000763,21,44,35,1.409999967,25,40,35,1.370000005,550,0.015,14.16680296,1191.19258,1,0,Chalk,loam,loam
2961,Decadal,493825,104015,50.828077,-0.669176,0.7512556,0.692621,0.8847568,0.882272903,1.0076039,0.71514493,-4.1963162,0.40633953,0.6163869,0.610824512,1.1847253,0.5862983,2.071686747,1.4491106,284.4580518,6.336254195,0.007058613,3.382430985,101380.7567,323.3924567,123.5084073,8.732954025,0.552020371,7.000000477,22,41,37,1.399999976,29,37,34,1.350000024,100,0.005,21.80053789,886.4898112,1001,0,Chalk,loam,clay loam
2966,Multiannual,486427,194964,51.646835,-0.752269,0.7933104,0.70968175,0.9122914,0.923148438,1.0295285,0.7248284,0.54808235,0.6538848,0.7478268,0.730162533,1.0287975,0.76468253,1.994523549,1.461030595,283.6770541,8.154764635,0.00669204,3.494708139,100175.5392,321.4339343,121.8348354,81.92473602,2.090798616,0,24,48,28,1.399999976,34,41,25,1.330000043,550,0.015,20.36378542,1412.995338,51,3639.177979,Chalk,sandy clay loam,clay loam
2985,Annual,447250,162670,51.361136,-1.322746,0.82185984,0.7922562,0.91218436,0.89626167,0.9990719,0.81173164,-0.868631,0.40570593,0.73383176,0.701711174,1.0719274,0.4735343,2.087951802,1.431917807,283.7055188,8.427272862,0.006750823,3.509572011,100122.2695,321.7544535,120.2247461,108.2316208,7.615492821,7.200004578,19,37,44,1.409999967,31,31,38,1.330000043,100,0.005,30.3063105,449.063915,51,0,Chalk,loam,clay loam
2986,Multiannual,507720,217690,51.847418,-0.437603,0.9386137,0.92922515,0.969391,0.96871727,0.9995527,0.9361883,0.40101647,0.62067354,0.7219502,0.825732407,1.0686587,0.75127774,1.665498357,1.531422385,283.3935141,7.941128241,0.006583912,4.297932734,99705.51806,319.9712424,122.550422,135.0083008,4.180710316,3.800003052,24,48,28,1.399999976,34,41,25,1.330000043,550,0.015,29.99749914,1141.591689,101,0,Chalk,sandy clay loam,clay loam
2988,Annual,394264,648285,55.727919,-2.092885,0.8582311,0.92929316,0.92937875,0.939189179,0.99902767,1.0033416,0.6137002,0.8084104,0.8088665,0.82340145,0.98872757,0.99311155,1.959583793,1.348143493,282.2967169,6.225136983,0.006145162,4.058441587,99870.5779,316.5566634,111.0522343,45.02320099,0.337518543,5,21,40,39,1.399999976,25,41,34,1.379999995,500,0.05,4.896321505,33,1,0,Unallocated to aquifers,loam,loam
2990,Multiannual,553400,154009,51.264596,0.197336,0.87526464,0.86695385,0.94353855,0.930215479,0.9966433,0.87957597,0.32923955,0.6726961,0.78533167,0.765369057,0.98913336,0.7531665,2.07048193,1.44335942,283.6177,8.545290384,0.006747754,4.269431442,99758.86976,319.558267,117.6717517,152.547699,1.621265531,18.1000061,5,90,5,1.710000038,8,87,5,1.629999995,270,0.0006,6.507177827,430.1296967,1,0,Lower Greensand,sand,loamy sand
2992,Annual,407395,168005,51.411015,-1.895055,0.9385932,0.92220557,0.96970767,0.970794557,1.0017906,0.9283682,0.9483603,0.9301674,0.9766834,0.972408453,1.0174631,0.93653387,2.201916757,1.483060517,283.4179936,8.146276078,0.00669136,4.386543286,99531.32033,321.1834817,121.7027401,161.9763641,1.122145057,5,19,37,44,1.409999967,0,0,0,0,550,0.015,10.86552123,52.02707342,51,0,Chalk,loam,
3000,Annual,443511,464268,54.072499,-1.336556,0.75768787,0.71757376,0.8819026,0.893232579,1.0765194,0.7551289,0.7039548,0.4510193,0.90528184,0.946686386,1.4966005,0.7859827,1.864129242,1.40006768,283.1943964,7.298685801,0.006476286,3.613974091,101007.8102,320.8897303,116.3860801,13.89502335,2.058180809,0,19,37,44,1.409999967,31,31,38,1.330000043,33,0.01,3.462122633,77.83103773,251,22309.19336,Triassic Sandstone,loam,clay loam
3009,Multiannual,398825,316625,52.747234,-2.018838,0.8086331,0.7820024,0.90817964,0.891506636,1.0055153,0.8023608,-0.83590686,0.21007395,0.21093208,0.323604992,0.97547066,0.9725563,2.168619933,1.47678665,282.7342214,7.783296916,0.006408098,5.151257508,98918.34854,319.4879543,116.7721919,177.3587036,4.709746361,3.199996948,5,89,6,1.700000048,5,89,6,1.700000048,33,0.01,2.474579501,594.1038682,251,0,Triassic Sandstone,sand,sand
3024,Annual,577067,271693,52.314776,0.596242,0.8150208,0.77548134,0.94555694,0.943414763,1.0037981,1.2177892,0.34240007,0.71292686,0.74635595,0.809968913,1.0114102,1.1339656,1.523986855,1.510051783,284.0197418,8.134556528,0.006740645,4.003415968,101326.8658,322.0808356,119.7422799,19.80327988,1.392458081,11.70000076,4,87,9,1.730000019,4,88,8,1.74000001,550,0.015,58.07933536,108.0845586,5001,0,Chalk,sand,sand
3026,Annual,374412,257253,52.212887,-2.375908,0.8039991,0.75021404,0.9089662,0.923670367,0.99650896,0.76741993,0.7613353,0.76171005,0.8830751,0.851196039,0.9937541,0.7924634,1.921686744,1.533142783,283.5613121,7.772891658,0.006705443,4.511437873,100175.8207,323.29941,123.7776903,95.53804016,1.599717498,30.70000458,22,41,37,1.399999976,29,37,34,1.350000024,33,0.01,0.263820828,78.2366578,101,0,Triassic Sandstone,loam,clay loam
3029,Annual,450027,460361,54.036798,-1.237632,0.68484455,0.730127,0.82865846,0.837392807,1.0306706,0.7937671,0.44129556,-0.38961303,0.7704227,0.811278414,2.329314,0.66637236,1.819386638,1.458446229,283.2496467,7.298685801,0.006496673,4.394075519,101092.277,321.0792458,117.046023,9.54569149,2.381342173,2.5,21,39,40,1.399999976,21,41,38,1.399999976,33,0.01,4.54359742,53.01882548,251,0,Triassic Sandstone,loam,loam
3030,Multiannual,620681,151935,51.223925,1.159078,0.46767992,0.74889565,0.85237813,0.903927539,0.99304885,0.79699147,0.5351867,0.5727967,0.80622977,0.841165332,0.996145,0.6192897,2.115991239,1.43595035,284.1183208,6.701862052,0.0070107,3.836912118,100475.7146,321.5928864,122.3963713,93.65719604,1.170999527,26.69999695,8,76,16,1.610000014,8,76,16,1.116897106,550,0.015,34.68314144,133.5369178,1001,0,Chalk,sandy loam,sandy loam
3031,Multiannual,468545,395125,53.448428,-0.969371,0.7322202,0.76617956,0.8592002,0.853514538,0.9963754,0.8133623,0.08910549,0.5679531,0.60471433,0.312589565,0.987387,0.8260651,1.674534498,1.487613042,283.5468287,7.722836944,0.006593971,4.438291332,101349.1427,322.4276199,117.5352114,7.575624943,1.761096239,5.800000191,10,76,14,1.580000043,26,60,14,1.409999967,33,0.01,4.545692588,138.7355485,2501,0,Triassic Sandstone,sandy loam,sandy clay loam
3032,Multiannual,361505,325605,52.826578,-2.572741,0.7915455,0.70956296,0.908643,0.901500568,1.0015745,0.72431123,0.23347747,0.41327852,0.76847136,0.805393498,0.92301327,0.4664191,1.941347207,1.463751222,283.4528193,7.561281574,0.006640066,4.490514199,100398.7615,323.2699541,117.1304563,73.3243103,3.686261177,3.800003052,9,78,13,1.600000024,23,64,13,1.429999948,30,0.14,1.722539619,67.53943909,1001,0,Permian Sandstone,sandy loam,sandy clay loam
3033,Annual,572680,284406,52.430351,0.538492,-2.23341,-0.056370378,0.15696064,0.136759501,0.9814568,1.6362973,-3.0995007,-0.06371367,0.2153824,0.244794708,0.9398065,1.715722,1.615607886,1.510600094,284.0540808,8.134556528,0.00675158,4.021553452,101517.5402,322.4519736,119.6648814,2.00665617,2.340559006,0,10,76,14,1.580000043,26,60,14,1.409999967,550,0.015,47.81610577,129.9470363,5001,1637.346313,Chalk,sandy loam,sandy clay loam
3063,Annual,503278,431204,53.76694,-0.434627,0.8476639,0.80164397,0.9288369,0.938048469,1.0158871,0.81553334,0.82498956,0.7455166,0.9274007,0.940591912,0.9774321,0.75714004,1.905859808,1.480636799,283.3302106,6.699781022,0.006576616,4.673229965,100969.7272,320.8273913,119.2589045,13.85523415,1.329273224,5.5,9,77,14,1.600000024,17,67,16,1.480000019,550,0.015,8.960620827,1808.531198,51,0,Oolites,sandy loam,sandy loam
3064,Annual,457872,439356,53.847214,-1.121835,0.7383857,0.8643825,0.878518,0.89400726,1.0026054,1.0602326,0.7026598,0.86075306,0.8747281,0.87509779,1.0342373,0.94975954,1.756024095,1.470762592,283.3539132,7.170043959,0.006533156,4.421631265,101339.901,321.5521425,118.0002128,8.517266273,4.119613171,3,21,39,40,1.399999976,21,41,38,1.399999976,33,0.01,3.766664286,93.46122428,501,0,Unallocated to aquifers,loam,loam
3104,Annual,492475,451495,53.951285,-0.592358,0.8706312,0.86880493,0.9352553,0.955002946,0.99737877,0.88592404,0.7831359,0.8250366,0.89697,0.875770771,1.0091584,0.85888636,2.056352686,1.452377193,282.8981422,7.297097527,0.006449311,4.627503541,100490.9326,318.8646387,120.0873584,61.32804489,7.539357662,0,19,37,44,1.409999967,0,0,0,0,550,0.015,7.784462748,49.97519727,51,0,Chalk,loam,
3115,Annual,446892,467067,54.097357,-1.28446,0.7703813,0.6368276,0.9194421,0.929155886,1.0028601,0.6458879,0.78155947,0.69409657,0.90590096,0.906307429,0.99621207,0.7089555,1.809419501,1.439042123,283.1653985,7.298685801,0.006470324,4.382237437,100978.615,320.6895812,115.6461225,16.54359818,5.09868145,3.800001144,5,89,6,1.700000048,5,89,6,1.700000048,33,0.01,0.842955568,59.85165744,251,243.125,Triassic Sandstone,sand,sand
3129,Annual,445931,461686,54.049085,-1.299967,0.68664396,0.6242218,0.8513704,0.889514079,1.0435464,0.65762347,0.7738211,0.6864955,0.9010638,0.920956775,1.0541807,0.70749223,1.870974811,1.459312997,283.1737386,7.298685801,0.006472555,4.377416926,100941.5475,320.7772953,117.4626753,20.42849159,0.75800091,5.600000381,19,37,44,1.409999967,31,31,38,1.330000043,33,0.01,5.693214356,61.93260928,251,0,Triassic Sandstone,loam,clay loam
3144,Multiannual,309406,86495,50.671044,-3.283367,-0.03185308,0.50452214,0.66810673,0.642591604,0.9951769,0.63214076,-30.188194,-2.7433324,-0.65342844,-0.754070176,0.98760086,4.3583746,2.286692227,1.53583441,284.240384,7.064950844,0.00710536,5.478594838,100571.2355,325.3856501,125.6878226,56.47127533,3.491305351,14.90000153,5,89,6,1.700000048,5,89,6,1.700000048,33,0.01,4.19168893,305.6741691,51,0,Unallocated to aquifers,sand,sand
3145,Multiannual,308940,84030,50.64881,-3.289353,-0.003392816,0.36744213,0.6034726,0.60277733,0.99507546,0.5071823,-4.775052,-0.15497768,-0.13481766,-0.131493404,0.9860066,0.78560513,2.224315447,1.504638256,284.4006481,7.064950844,0.007156716,4.722496508,100886.7908,326.1344614,125.2278493,33.19869232,4.4403615,7.299999237,5,89,6,1.700000048,5,89,6,1.700000048,33,0.01,5.323912583,273.6381836,51,46152.34375,Unallocated to aquifers,sand,sand
3146,Annual,308466,85990,50.666357,-3.296541,0.5402738,0.75537235,0.78852797,0.78955079,0.99785143,0.8770522,0.47107017,0.6569028,0.6997135,0.707267554,1.000123,0.8340452,2.293154442,1.502047552,284.5035544,7.064950844,0.007186926,3.972484167,101102.6023,326.6486072,127.9258083,26.12343597,9.413635254,13.90000153,5,89,6,1.700000048,5,89,6,1.700000048,33,0.01,3.746839844,271.5716652,51,0,Triassic Sandstone,sand,sand
3149,Decadal,462915,377375,53.289603,-1.057656,0.8264361,0.79048175,0.92417514,0.912820268,0.99671036,0.80471236,-4.285623,0.6600186,0.6906028,0.662144667,1.0162792,0.86001945,1.759200435,1.466122741,283.3196604,7.156845677,0.006529249,4.405474782,100716.5147,321.4611821,116.2290017,58.03504181,0.455902547,9.900001526,5,89,6,1.700000048,5,89,6,1.700000048,33,0.01,4.318094355,286.2661072,2501,0,Triassic Sandstone,sand,sand
3178,Multiannual,396305,270275,52.330544,-2.055638,0.8631028,0.90078443,0.93367743,0.935360646,1.006645,0.9265111,-0.4822377,0.4910007,0.5010444,0.54772578,1.0289418,1.0963669,1.903231104,1.4431757,283.5510622,7.772891658,0.0066709,3.672110608,100255.4774,323.1179535,119.0662107,85.49984741,2.683519602,9.599998474,20,42,38,1.409999967,20,45,35,1.419999957,33,0.01,1.684158593,714.2582737,1001,0,Triassic Sandstone,loam,loam
3179,Multiannual,396295,270265,52.330454,-2.055784,0.45697278,0.46354163,0.68768156,0.701029297,1.0027022,0.5638384,-0.19839394,0.035838008,0.15842539,0.377952106,1.0255944,0.5302078,1.903231104,1.4431757,283.5510622,7.772891658,0.0066709,3.672110608,100255.4774,323.1179535,119.0662107,85.63944244,3.220622063,9.599998474,20,42,38,1.409999967,20,45,35,1.419999957,33,0.01,1.671057944,714.4617888,1001,0,Triassic Sandstone,loam,loam
3204,Multiannual,437735,482155,54.233702,-1.422587,0.8689924,0.90226036,0.93344855,0.926406641,1.001688,0.92844135,-1.026303,0.5738294,0.69631445,0.613940431,0.97142994,1.29763,1.78280394,1.38386329,283.0757972,7.298685801,0.006436188,3.588550536,100916.6218,320.3216909,115.7294127,29.44619942,1.866076231,4.199998856,9,77,14,1.600000024,17,67,16,1.480000019,33,0.01,6.057899174,57.60041101,251,62.9375,Triassic Sandstone,sandy loam,sandy loam
3205,Multiannual,437736,482155,54.233702,-1.422572,0.8332537,0.90294254,0.9379018,0.933502548,1.0075489,0.9257942,-0.17119277,0.7292421,0.76855516,0.704873123,0.97479665,1.1382357,1.78280394,1.38386329,283.0757972,7.298685801,0.006436188,3.588550536,100916.6218,320.3216909,115.7294127,29.44619942,1.866076231,4.199998856,9,77,14,1.600000024,17,67,16,1.480000019,33,0.01,6.057890099,57.60333639,251,62.9375,Triassic Sandstone,sandy loam,sandy loam
3247,Annual,440420,472600,54.147629,-1.382678,0.5371934,0.6176453,0.74844015,0.726250835,1.0397437,0.7148126,-2.3175118,0.52933764,0.79002213,0.837938728,1.3928285,1.1520576,1.857886094,1.398475491,283.1502102,7.298685801,0.006460638,3.601763316,100984.4733,320.6836169,116.5601803,17.38323975,1.106615782,1.200000763,9,77,14,1.600000024,17,67,16,1.480000019,33,0.01,0.469220808,64.38352399,251,15949.33496,Triassic Sandstone,sandy loam,sandy loam
3271,Annual,294414,88985,50.690899,-3.496162,0.48643106,0.62610096,0.7901012,0.833522549,1.3018274,1.0681859,0.5631101,0.59818876,0.8366624,0.882636073,1.3662573,1.025206,2.213691126,1.492590622,284.5817437,7.064950844,0.007228813,4.050574372,101239.7572,327.2969368,126.7907239,0.819261789,0.855387628,1.600000143,49,19,32,1.24000001,47,21,32,1.24000001,30,0.14,6.594723068,1257.980131,51,0,Permian Sandstone,clay,clay
3272,Annual,294412,88985,50.690899,-3.49619,0.7012237,0.60305667,0.86619806,0.87777633,1.1595658,0.66206425,0.6825974,0.54892373,0.87589014,0.895954119,1.1731439,0.60239667,2.213691126,1.492590622,284.5817437,7.064950844,0.007228813,4.050574372,101239.7572,327.2969368,126.7907239,0.819261789,0.855387628,1.600000143,49,19,32,1.24000001,47,21,32,1.24000001,30,0.14,6.593246082,1258.367018,51,0,Permian Sandstone,clay,clay
3277,Multiannual,311125,97442,50.769728,-3.261688,0.81845295,0.90943,0.90945804,0.897446757,1.0001265,1.002252,-1.0276098,0.33466142,0.3724636,0.352119958,0.9855465,0.77940285,2.611500548,1.418298792,284.1095999,7.064950844,0.007056483,3.985556989,100350.6538,324.8781653,121.3094374,66.63765717,4.043552876,8.400001526,9,77,14,1.600000024,17,67,16,1.480000019,33,0.01,3.318954755,145.7939955,51,0,Triassic Sandstone,sandy loam,sandy loam
3290,Multiannual,306612,85454,50.661243,-3.322631,0.9528869,0.921999,0.9791029,0.971281699,1.0096518,0.9254735,0.4817925,0.74452007,0.7762919,0.747111512,1.0018532,1.1233764,2.38713034,1.500720032,284.3817052,7.064950844,0.007153138,3.979555459,100847.3756,326.0959606,128.2897571,35.59071732,2.758574963,20.90000153,5,89,6,1.700000048,5,89,6,1.700000048,33,0.01,2.644383927,331.0601607,51,0,Triassic Sandstone,sand,sand
3291,Multiannual,307767,86052,50.666804,-3.306444,0.870906,0.85409355,0.93684006,0.925790712,1.0015637,0.8684837,-0.029322505,0.4537961,0.4566449,0.480170741,0.9998862,0.9442915,2.349123764,1.505666286,284.42674,7.064950844,0.007164904,3.977395788,100944.3956,326.3038139,128.4341772,22.81185913,1.049821258,8,5,89,6,1.700000048,5,89,6,1.700000048,33,0.01,3.156470576,266.7455519,51,0,Triassic Sandstone,sand,sand
3312,Annual,452558,452558,53.966423,-1.200335,0.43024725,0.7308778,0.7469351,0.73341351,1.0077485,1.0912454,-0.3217659,0.44253737,0.6235325,0.658438364,0.9806762,1.4106944,1.840361446,1.450019359,283.2418188,7.170043959,0.006497648,4.405020346,101221.0646,321.0377759,116.7437241,14.23112106,0.463621497,0.200000763,19,37,44,1.409999967,31,31,38,1.330000043,33,0.01,3.503366592,267.6717729,251,0,Triassic Sandstone,loam,clay loam
3315,Annual,507701,462199,54.044507,-0.356661,-1.356889,-0.23904645,0.8197316,0.85125866,1.050456,2.2248433,-1.0367947,0.034136117,0.7368687,0.8132823,1.1000558,1.923944,1.856900328,1.430155729,283.1235904,6.475027417,0.006543924,4.002950566,100673.3466,319.7017756,120.7842017,16.68035126,0.803036273,1.700000763,22,41,37,1.399999976,29,37,34,1.350000024,550,0.015,11.73621513,53.20840302,51,0,Chalk,loam,clay loam
3318,Annual,502245,458248,54.01012,-0.441278,0.678169,0.71527076,0.9130651,0.919276449,0.8136961,0.80301553,0.7640387,0.7722109,0.8798615,0.880799645,1.0279862,0.80850434,1.78176342,1.427700926,283.1087267,6.475027417,0.006527827,3.956069905,100598.8327,319.7044457,120.2647055,17.31167984,1.587447405,0,22,41,37,1.399999976,29,37,34,1.350000024,550,0.015,15.50444484,163.3454887,51,0,Chalk,loam,clay loam
3319,Annual,502231,458262,54.010248,-0.441487,0.63143975,0.47969764,0.920663,0.940509024,1.4643378,0.7790635,-0.8075862,-0.40499198,0.84566545,0.866947294,2.3771207,0.76818,1.78176342,1.427700926,283.1087267,6.475027417,0.006527827,3.956069905,100598.8327,319.7044457,120.2647055,16.89171982,1.306918979,0,22,41,37,1.399999976,29,37,34,1.350000024,550,0.015,15.48998908,163.2344101,51,0,Chalk,loam,clay loam
3320,Annual,502289,458234,54.009985,-0.440612,0.81656003,0.8344737,0.90667963,0.917635334,1.0203036,0.8648056,0.47386587,0.7236947,0.9071022,0.907686328,1.1578463,0.793122,1.78176342,1.427700926,283.1087267,6.475027417,0.006527827,3.956069905,100598.8327,319.7044457,120.2647055,17.73671913,4.542966843,0,22,41,37,1.399999976,29,37,34,1.350000024,550,0.015,15.51989366,163.6535726,51,0,Chalk,loam,clay loam
3321,Multiannual,382165,270795,52.334938,-2.26316,0.89456475,0.94513714,0.9497304,0.953977803,1.0073985,0.9793103,0.1998089,0.8609233,0.8982217,0.90151319,1.043402,1.0842646,1.946440302,1.440805205,283.8860693,7.772891658,0.006781572,3.717697049,100928.3817,324.8579631,117.9241205,25.01218796,0.247539505,9.800001144,9,78,13,1.600000024,23,64,13,1.429999948,33,0.01,2.191932553,562.4893831,251,0,Triassic Sandstone,sandy loam,sandy clay loam
3328,Annual,585292,294975,52.521133,0.72965,0.90565044,0.8270006,0.9606595,0.958774453,0.9726363,0.8337721,0.90836024,0.8964871,0.9565294,0.955200152,1.0784601,0.9483342,1.846385539,1.509010548,283.8678863,7.787020949,0.00671024,4.173802235,101053.1233,321.4214177,119.5866258,21.32089806,6.672028065,6.700000763,5,90,5,1.710000038,8,87,5,1.629999995,550,0.015,56.60865171,27.48952027,5001,0,Chalk,sand,loamy sand
3340,Annual,509539,469935,54.113618,-0.325809,0.9555527,0.94645697,0.9779725,0.978107675,1.0061731,0.95159024,0.85371065,0.89710283,0.9314655,0.87794865,0.95709246,0.9363625,1.957776561,1.419461011,283.0190381,6.475027417,0.006523483,4.032256135,100528.0271,319.1575869,120.668435,32.83867264,1.755868793,2.200000763,19,37,44,1.409999967,0,0,0,0,550,0.015,4.382189074,75.42428246,51,2380.562256,Corallian Limestone,loam,
3348,Annual,509486,449441,53.929516,-0.333994,0.0710333,0.38310218,0.6916688,0.693744596,1.4609623,1.2702321,-0.27577233,-17.582565,0.5577433,0.761807604,19.577326,0.7412906,1.701095292,1.460379941,283.2822569,6.699781022,0.006583812,4.751083502,101047.8149,320.4757915,118.8646166,1.472304702,1.079181552,1.599999905,22,39,39,1.389999986,28,37,35,1.350000024,550,0.015,22.76822778,54.38268267,51,0,Chalk,loam,clay loam
3349,Annual,509498,449458,53.929666,-0.333805,0.6377231,0.7045025,0.8158351,0.824803695,0.9373358,0.77757215,0.6241089,0.62319684,0.8165958,0.834939445,1.0634422,0.67701775,1.701095292,1.460379941,283.2822569,6.699781022,0.006583812,4.751083502,101047.8149,320.4757915,118.8646166,1.511445284,0.568996072,0,22,39,39,1.389999986,28,37,35,1.350000024,550,0.015,22.78891119,54.35981915,51,0,Chalk,loam,clay loam
3356,Multiannual,414465,304645,52.639351,-1.78767,0.9128334,0.91734076,0.9571955,0.952195135,1.008792,0.92983675,-0.066215515,0.76029956,0.8556842,0.852208003,0.89341944,0.8410365,1.918565169,1.418491602,283.3753351,7.60476465,0.006584832,3.616820745,100162.3751,322.2695653,116.7830414,95.43954468,1.195394516,7.700004578,5,89,6,1.700000048,5,89,6,1.700000048,33,0.01,2.542499769,365.2967464,501,984.463562,Triassic Sandstone,sand,sand
3382,Annual,419290,199450,51.693467,-1.722314,-3.1877213,0.228446,0.82796645,0.801700507,1.7492621,0.93434113,-4.4573846,0.22796029,0.868591,0.871674098,1.7594897,0.95575994,1.798959476,1.448644501,283.8632746,7.806790904,0.006787477,3.604780765,100523.3603,323.5567898,119.5773809,74.07702637,0.811033905,1.600006104,11,80,9,1.570000052,19,72,9,1.480000019,0.1,0.06,2.637734763,129.1117254,251,0,Oolites,sandy loam,sandy loam
3387,Annual,419281,199444,51.693414,-1.722444,-0.32112634,0.79460573,0.91455007,0.921125709,0.81339175,0.9921194,-0.9822545,0.7691406,0.8898633,0.906760747,0.7995867,0.96838,1.798959476,1.448644501,283.8632746,7.806790904,0.006787477,3.604780765,100523.3603,323.5567898,119.5773809,73.92803955,0.463717759,1.600006104,11,80,9,1.570000052,19,72,9,1.480000019,0.1,0.06,2.637408502,129.2466197,251,0,Oolites,sandy loam,sandy loam
3398,Annual,304697,507680,54.455518,-3.471513,0.8198709,0.8008122,0.9138087,0.909609366,1.0407451,0.82511103,0.7362608,0.8342125,0.8605452,0.862848421,1.0184323,0.91226315,3.707502741,1.341824242,282.5937724,6.53439218,0.006320805,4.250536229,99925.48028,320.0146894,111.2430899,92.51306915,15.47659588,2,20,42,38,1.409999967,20,45,35,1.419999957,33,0.01,0.676888071,43.95008061,1,0,Triassic Sandstone,loam,loam
3403,Annual,339145,567905,55.00196,-2.952885,0.7917162,0.7715941,0.8964652,0.895856638,1.0090499,0.7966112,0.83494514,0.8217138,0.9240805,0.936975773,0.9793908,0.8400106,2.768236585,1.299444489,282.803406,6.999397718,0.006308232,3.278894491,101003.4277,320.5193068,110.1121789,19.88345718,0.372649014,0.099998474,19,37,44,1.409999967,31,31,38,1.330000043,33,0.01,5.325804173,16.1,1,0,Triassic Sandstone,loam,clay loam
3423,Annual,435855,179275,51.511265,-1.484724,0.87479615,0.88561636,0.93614155,0.937838517,0.9948927,0.90523934,0.88776225,0.9083814,0.9452015,0.942926445,1.009391,0.92717934,1.992332963,1.457977517,283.425537,7.847316624,0.006661773,3.550454581,99590.66893,320.9251807,122.8543709,137.6077576,2.658284187,0,19,37,44,1.409999967,0,0,0,0,550,0.015,28.7365328,62.13044435,51,10.37968349,Chalk,loam,
3426,Multiannual,483855,194305,51.6413,-0.78959,0.88110757,0.8983363,0.94001985,0.942617531,1.0109512,0.9186512,-1.2913499,0.55568844,0.6459248,0.66364619,1.1475611,1.2242142,1.946440306,1.350886303,283.7792738,8.154764635,0.006723845,2.738392778,100379.325,321.9607018,116.5835661,82.28295135,4.379404068,6.5,19,37,44,1.409999967,19,37,44,1.088913918,550,0.015,18.21455369,1128.610936,51,0,Chalk,loam,loam
3436,Annual,401010,195750,51.660527,-1.986789,0.7823751,0.79927903,0.88613355,0.913058165,1.0062112,0.83482206,0.70695484,0.6369402,0.8694986,0.908565002,1.0354536,0.66306746,1.980175245,1.45011928,283.7632782,7.806790904,0.00677961,3.66705483,100296.7687,323.3156445,120.5422865,91.46542358,0.273845166,0.300003052,51,17,32,1.220000029,52,19,29,1.230000019,0.1,0.06,7.360596195,130.832804,251,0,Oolites,clay,clay
3439,Annual,477551,114895,50.928302,-0.897889,0.8965162,0.8006761,0.9593756,0.964623101,0.99928886,0.80486125,0.8336072,0.7048702,0.94527614,0.927090767,1.0148497,0.7103687,2.661445779,1.455006731,284.0015301,6.336254195,0.006893974,4.165772585,100478.6659,321.6621924,120.0419568,80.57378387,1.928063393,16.09999847,22,42,36,1.399999976,25,41,34,1.379999995,550,0.015,26.06670778,118.7165568,1001,0,Chalk,loam,loam
3458,Annual,411402,204667,51.740588,-1.836264,0.7565408,0.77070355,0.8778173,0.896769606,0.9948865,0.8060363,0.6800406,0.6487832,0.8771363,0.867931161,0.98840487,0.6711792,2.060843376,1.491319153,283.4875722,7.806790904,0.006681769,4.386672948,99793.61743,321.9640718,120.5263203,136.4480438,1.210498691,16.90000153,49,19,32,1.24000001,51,18,31,1.230000019,184,0.02,0.512528623,56.3367604,251,0,Oolites,clay,clay
